tool,attribute,level,metric,value,lo,hi,se,n_rep,ci_method
PCE,Overall,All,n,18511.0,9042.85,9642.175,150.16364239551265,200,percentile
PCE,Overall,All,events,185.0,80.0,106.025,7.204128841283243,200,percentile
PCE,Overall,All,observed,0.007058649758562692,0.005644956483087861,0.00857607183560686,0.0007733632523905439,200,percentile
PCE,Overall,All,expected,0.08213389595564424,0.0801429205583802,0.08408679537056321,0.001050044443799614,200,percentile
PCE,Overall,All,OE,0.08594076387627661,0.06803964020410029,0.10484750229001874,0.009351464662379579,200,percentile
PCE,Overall,All,cal_intercept,-2.6973349959079456,-2.9416374502437574,-2.490434827017775,0.11301654641758721,200,percentile
PCE,Overall,All,cal_slope,0.8472517052730828,0.7041348637244176,1.024768901899712,0.08472648131557438,200,percentile
PCE,Overall,All,AUC,0.7833038951874179,0.7448230171787804,0.8233735243546401,0.022144217921458997,200,percentile
PCE,Overall,All,brier,0.020454214757485396,0.01913762444440151,0.021787875149764577,0.0006739376688119345,200,percentile
PCE,Overall,All,scaled_brier,-1.9183513797501894,-2.538620946495419,-1.50557800241884,0.2561510039303498,200,percentile
PCE,Overall,All,pct_flagged_7.5,0.35035657859532954,0.3394120085560741,0.3606297640187538,0.005303068024649953,200,percentile
PCE,Overall,All,TPR_7.5,0.7492573901092451,0.6576849201335371,0.8472354659089792,0.04709710354740705,200,percentile
PCE,Overall,All,FPR_7.5,0.3475690831983469,0.3370492757885827,0.35762730838695467,0.005217136597316724,200,percentile
PCE,Overall,All,pct_flagged_20,0.10742420355918302,0.10277173653921695,0.11268421226235376,0.0026605639842748182,200,percentile
PCE,Overall,All,TPR_20,0.41846769112265686,0.32382719585988723,0.5298536013721735,0.052023940113691935,200,percentile
PCE,Overall,All,FPR_20,0.10516213619675563,0.10051705989415305,0.11055803655495551,0.0026031436296918985,200,percentile
PCE,Overall,All,rel_OE,1.0,1.0,1.0,0.0,200,percentile
PCE,sex,Female,n,9527.0,4643.95,4978.3,85.12720307585363,200,percentile
PCE,sex,Female,events,73.0,28.975,45.0,4.05242033268562,200,percentile
PCE,sex,Female,observed,0.00495433887458683,0.003458059308126401,0.0064024979972890595,0.0007281744237619684,200,percentile
PCE,sex,Female,expected,0.06311529113038979,0.06099935344989519,0.06550129551874623,0.001149887767864023,200,percentile
PCE,sex,Female,OE,0.07849664931991945,0.055046883609831676,0.100413874545449,0.011511978688772375,200,percentile
PCE,sex,Female,cal_intercept,-2.782706896534015,-3.147362180263933,-2.5313371050375624,0.15374300154556134,200,percentile
PCE,sex,Female,cal_slope,0.8037258194308772,0.5703688993640293,1.0668660806204748,0.12765671603729423,200,percentile
PCE,sex,Female,AUC,0.7894288748219085,0.7109893744516635,0.8634954876410182,0.04039803039853812,200,percentile
PCE,sex,Female,brier,0.014985941198867009,0.013816737950301323,0.01652071333356413,0.0006747042752706016,200,percentile
PCE,sex,Female,scaled_brier,-2.0398720555151986,-3.118774490751408,-1.4883924560719113,0.3872348712203906,200,percentile
PCE,sex,Female,pct_flagged_7.5,0.2513314189269148,0.24152621291893123,0.2616555451997766,0.0052638032821734305,200,percentile
PCE,sex,Female,TPR_7.5,0.6800342347812433,0.5682546005127684,0.8393561168795423,0.07060972133550247,200,percentile
PCE,sex,Female,FPR_7.5,0.24883925867985474,0.23870138062866883,0.2591326275558605,0.005146382261428553,200,percentile
PCE,sex,Female,pct_flagged_20,0.07671870041832085,0.07154920946402925,0.08247720458440468,0.002965326861365578,200,percentile
PCE,sex,Female,TPR_20,0.42370135835132994,0.26433013345184064,0.5645227919628006,0.08434056780579263,200,percentile
PCE,sex,Female,FPR_20,0.07484328226905168,0.06957759537556323,0.08076398524291388,0.002940748666714988,200,percentile
PCE,sex,Female,rel_OE,0.9133808658359848,0.7013725096060929,1.1773666328425385,0.12509654408452403,200,percentile
PCE,sex,Male,n,8984.0,4368.6,4676.025,74.56247186792626,200,percentile
PCE,sex,Male,events,112.0,45.0,67.025,6.1528254734335395,200,percentile
PCE,sex,Male,observed,0.009398629394121427,0.006701938597085476,0.012460564230645595,0.0014068879366879,200,percentile
PCE,sex,Male,expected,0.10330115373299499,0.10021853194129271,0.10584057188353552,0.001387562779905718,200,percentile
PCE,sex,Male,OE,0.09098281146418068,0.06425117323187172,0.11941556580215704,0.013702152226583957,200,percentile
PCE,sex,Male,cal_intercept,-2.6437067490849695,-2.9996815868373914,-2.363510136728136,0.16024221916425335,200,percentile
PCE,sex,Male,cal_slope,0.8728226666169491,0.6670785350668754,1.1503096228258791,0.1261372475589966,200,percentile
PCE,sex,Male,AUC,0.7572576113549859,0.7057735498559445,0.8218085811559178,0.03266512944518831,200,percentile
PCE,sex,Male,brier,0.026534898398989603,0.024567833856535843,0.02871075396912474,0.0010762544399667941,200,percentile
PCE,sex,Male,scaled_brier,-1.8500598470859306,-2.6963814050312136,-1.3330754248468089,0.3624941059197245,200,percentile
PCE,sex,Male,pct_flagged_7.5,0.4605692414275312,0.4448330021852592,0.47331227525185376,0.007699092661547288,200,percentile
PCE,sex,Male,TPR_7.5,0.7898339058308379,0.6735188588232072,0.9215405265761889,0.06601990496973113,200,percentile
PCE,sex,Male,FPR_7.5,0.4578485422842556,0.44305938719653865,0.4705747727157358,0.007617725222321354,200,percentile
PCE,sex,Male,pct_flagged_20,0.14159870301052158,0.1332447884551734,0.1486321741867377,0.003992673170661659,200,percentile
PCE,sex,Male,TPR_20,0.41539987400886585,0.2997151884212373,0.5539342087323095,0.06493606341929441,200,percentile
PCE,sex,Male,FPR_20,0.13902775712293913,0.1309300728826447,0.1462945254460684,0.00395448499948879,200,percentile
PCE,sex,Male,rel_OE,1.0586688709814447,0.8792268672156353,1.2069970227338673,0.08539915874035686,200,percentile
PCE,race,Mexican American,n,3402.0,1453.0,1918.05,124.43597281999403,200,percentile
PCE,race,Mexican American,events,29.0,8.0,20.0,3.173219438998854,200,percentile
PCE,race,Mexican American,observed,0.00585160301417802,0.0029088099100715538,0.008772496105491944,0.0015815212678945167,200,percentile
PCE,race,Mexican American,expected,0.07219498046815055,0.066750737966887,0.0760510943295029,0.0022605886409059533,200,percentile
PCE,race,Mexican American,OE,0.08105276815968537,0.04126410406065949,0.12110373487420806,0.021434310310751995,200,percentile
PCE,race,Mexican American,cal_intercept,-2.7529937211375377,-3.43655236417755,-2.352578727211443,0.29448127781132977,200,percentile
PCE,race,Mexican American,cal_slope,0.7092441951873577,0.4661027870861236,1.1021069283747411,0.16854695205449916,200,percentile
PCE,race,Mexican American,AUC,0.7574877753529171,0.677728575758182,0.863808881812514,0.051758042029826125,200,percentile
PCE,race,Mexican American,brier,0.017952494888052915,0.014791674486340362,0.020780581431669554,0.0016262618320566663,200,percentile
PCE,race,Mexican American,scaled_brier,-2.0860200276319216,-4.133583735581081,-1.3642544530217595,0.7995284337159976,200,percentile
PCE,race,Mexican American,pct_flagged_7.5,0.29004832770705397,0.26780137855643366,0.310234584034157,0.011266750561617416,200,percentile
PCE,race,Mexican American,TPR_7.5,0.6943301150575942,0.4761431451787151,0.9122394258540332,0.12078027409170905,200,percentile
PCE,race,Mexican American,FPR_7.5,0.28708562419009837,0.2657538855707446,0.30688865180345587,0.011056337535676983,200,percentile
PCE,race,Mexican American,pct_flagged_20,0.09493887593234364,0.08131276083129897,0.1049640225096372,0.006089935494303049,200,percentile
PCE,race,Mexican American,TPR_20,0.3086639524112753,0.12489572943975843,0.5351896680369125,0.10517062428690922,200,percentile
PCE,race,Mexican American,FPR_20,0.09295743221370852,0.08040534650061205,0.10264606980472848,0.0058427572854934185,200,percentile
PCE,race,Mexican American,rel_OE,0.9431236645321401,0.4746914333423363,1.4612517677462742,0.2616282988204172,200,percentile
PCE,race,NH Black,n,3771.0,1715.925,2075.775,97.26591226345542,200,percentile
PCE,race,NH Black,events,59.0,21.975,39.0,4.548673118138782,200,percentile
PCE,race,NH Black,observed,0.013577366759849318,0.009621913306319306,0.01740271100552537,0.0019254969734894337,200,percentile
PCE,race,NH Black,expected,0.1023035100653119,0.09847651283122977,0.10597190384862931,0.0019365989009906815,200,percentile
PCE,race,NH Black,OE,0.13271652899476616,0.09437549583349777,0.17145098882192045,0.01813985549343846,200,percentile
PCE,race,NH Black,cal_intercept,-2.2748908194856727,-2.6214621527014783,-2.017172150627041,0.142583100993615,200,percentile
PCE,race,NH Black,cal_slope,0.9619958858444736,0.6872071344476894,1.3942033860906753,0.18082359896600586,200,percentile
PCE,race,NH Black,AUC,0.7759643537775209,0.7037507967255423,0.859245871142844,0.04062282225477401,200,percentile
PCE,race,NH Black,brier,0.02852922396209438,0.025191826252445496,0.03176127588830856,0.0016648560306642191,200,percentile
PCE,race,NH Black,scaled_brier,-1.1301558554413886,-1.6672752138878315,-0.8087137751952422,0.21150844183047157,200,percentile
PCE,race,NH Black,pct_flagged_7.5,0.46116883213453713,0.4450295602966046,0.47944481290494184,0.009170533058571077,200,percentile
PCE,race,NH Black,TPR_7.5,0.8194739267107753,0.716789519003224,0.933168473475995,0.05870881987542321,200,percentile
PCE,race,NH Black,FPR_7.5,0.4565812092890878,0.4399174871276847,0.474413785420173,0.009062020886396576,200,percentile
PCE,race,NH Black,pct_flagged_20,0.1433192411849885,0.13217592226996505,0.1550316019937462,0.00610008479206695,200,percentile
PCE,race,NH Black,TPR_20,0.5122739306802864,0.3772968541966916,0.6918095543928574,0.0845468371435541,200,percentile
PCE,race,NH Black,FPR_20,0.13846035044280475,0.12695552442908947,0.15079700695324288,0.0061199217249036895,200,percentile
PCE,race,NH Black,rel_OE,1.5442791407559469,1.1169235270303244,2.1618516387750124,0.2556487371522555,200,percentile
PCE,race,NH White,n,8634.0,4016.35,4657.025,178.93987641624005,200,percentile
PCE,race,NH White,events,82.0,30.975,52.0,5.228523913262499,200,percentile
PCE,race,NH White,observed,0.006613868217302638,0.004815998124406924,0.008448335401856716,0.0009701259634394466,200,percentile
PCE,race,NH White,expected,0.08130149533387375,0.07875120992597841,0.08393667512473364,0.0013237241248244699,200,percentile
PCE,race,NH White,OE,0.08134989633514172,0.05762677283508468,0.10235527241932887,0.011841035263639582,200,percentile
PCE,race,NH White,cal_intercept,-2.7508911955059023,-3.096999315484483,-2.5063750881600932,0.15333376314157293,200,percentile
PCE,race,NH White,cal_slope,0.8551551455582374,0.691516413899439,1.0587505769444043,0.10034559250244242,200,percentile
PCE,race,NH White,AUC,0.7937243405138493,0.7485990863000687,0.8472361466907458,0.025970817829730687,200,percentile
PCE,race,NH White,brier,0.020021988618688674,0.018437699371146796,0.021839044009228512,0.0008621319019010535,200,percentile
PCE,race,NH White,scaled_brier,-2.0474288886210994,-2.9714873792156253,-1.5330732954326114,0.3742858744579982,200,percentile
PCE,race,NH White,pct_flagged_7.5,0.3447209556987707,0.3311716220016703,0.35912750184296793,0.006680149557381445,200,percentile
PCE,race,NH White,TPR_7.5,0.7598887722222684,0.6375046470742813,0.8937556886267588,0.06471050462131338,200,percentile
PCE,race,NH White,FPR_7.5,0.34197645591784565,0.3284711883277196,0.35575108200546995,0.006564276009009045,200,percentile
PCE,race,NH White,pct_flagged_20,0.10565081141584322,0.0998804368924315,0.1118375229081265,0.003211654411709786,200,percentile
PCE,race,NH White,TPR_20,0.41606619032272674,0.29602056486742045,0.5676941276646071,0.06842524960469731,200,percentile
PCE,race,NH White,FPR_20,0.10354367268690204,0.09803939555784262,0.10994262888295578,0.0031649342116711453,200,percentile
PCE,race,NH White,rel_OE,0.9465810247190255,0.8345755917576243,1.0359590582268656,0.055952965425793505,200,percentile
PCE,race,Other Hispanic,n,1471.0,615.95,881.325,69.82482586109803,200,percentile
PCE,race,Other Hispanic,events,6.0,1.0,6.0,1.409862960659367,200,percentile
PCE,race,Other Hispanic,observed,0.0022833153649808487,0.00047788978797049783,0.00417895688473461,0.0010733920518442885,200,percentile
PCE,race,Other Hispanic,expected,0.07663012262637833,0.06931042124193178,0.08309425757142347,0.003603791300816037,200,percentile
PCE,race,Other Hispanic,OE,0.029796577203895332,0.006038265882158384,0.055614969335814834,0.014095948710453434,200,percentile
PCE,race,Other Hispanic,cal_intercept,-3.7633688809496153,-5.361943406019326,-3.144487386833409,3.067420600313894,200,percentile
PCE,race,Other Hispanic,cal_slope,1.6639142492383778,0.8908898554189417,3.688278752519678,0.7679483637298679,200,percentile
PCE,race,Other Hispanic,AUC,0.9124043965576722,0.8037872972077801,0.997085226930885,0.05644297994305847,196,percentile
PCE,race,Other Hispanic,brier,0.015392784565516928,0.012600313738352936,0.017986377184304136,0.0013857628941123603,200,percentile
PCE,race,Other Hispanic,scaled_brier,-5.756846565319403,-28.60336170794104,-2.8137595908653967,6.700000668482774,196,percentile
PCE,race,Other Hispanic,pct_flagged_7.5,0.33029756822389117,0.30113998868763,0.3575447693295539,0.01487207558601181,200,percentile
PCE,race,Other Hispanic,TPR_7.5,0.8811615263702635,0.5953856751168999,1.0,0.11697695467642988,196,percentile
PCE,race,Other Hispanic,FPR_7.5,0.3291596662676839,0.2996370937151915,0.3560167051159242,0.01486823582245284,200,percentile
PCE,race,Other Hispanic,pct_flagged_20,0.09405901744403199,0.07516045618648923,0.11259475626983803,0.010520160983520065,200,percentile
PCE,race,Other Hispanic,TPR_20,0.7222694119919966,0.31877197425051396,1.0,0.2081176950756494,196,percentile
PCE,race,Other Hispanic,FPR_20,0.09277154162093296,0.07398956570343483,0.11149394833406316,0.010565388488028972,200,percentile
PCE,race,Other Hispanic,rel_OE,0.3467106395143467,0.07123315853801411,0.6728428333691859,0.17166977871314437,200,percentile
PCE,race,Other/Multiracial,n,1233.0,536.0,705.025,45.186881351019935,200,percentile
PCE,race,Other/Multiracial,events,9.0,1.0,7.025000000000006,1.6642184699064875,200,percentile
PCE,race,Other/Multiracial,observed,0.0069298635233422876,0.0009811895941340399,0.012440049155856088,0.0030806361514186557,200,percentile
PCE,race,Other/Multiracial,expected,0.07307891162116667,0.06745841150308458,0.07972735415876699,0.003353849761710401,200,percentile
PCE,race,Other/Multiracial,OE,0.09482713096858866,0.013047568983822729,0.17230086128661729,0.042596907793048276,200,percentile
PCE,race,Other/Multiracial,cal_intercept,-2.5810418951394016,-4.587190261143749,-1.9588205839910064,2.33167527035875,200,percentile
PCE,race,Other/Multiracial,cal_slope,0.28099693277982657,-0.5717814473695768,1.6154668744939318,18.89254175704794,200,percentile
PCE,race,Other/Multiracial,AUC,0.5961779968625738,0.2781243484480651,0.9257383731032135,0.20249887982836676,198,percentile
PCE,race,Other/Multiracial,brier,0.01902466797681218,0.013847751314286977,0.024279991990093543,0.0028647397445973706,200,percentile
PCE,race,Other/Multiracial,scaled_brier,-1.7644738258099388,-8.542091923561882,-0.9000321475813867,2.660376020830461,198,percentile
PCE,race,Other/Multiracial,pct_flagged_7.5,0.3132626768010348,0.2812659903810451,0.3452190369869934,0.017316784981213685,200,percentile
PCE,race,Other/Multiracial,TPR_7.5,0.3716120143256946,0.09299390432169595,1.0,0.28172346260459435,198,percentile
PCE,race,Other/Multiracial,FPR_7.5,0.3136780001022162,0.28093090887766886,0.3465610789238064,0.017621211386159064,200,percentile
PCE,race,Other/Multiracial,pct_flagged_20,0.09261768163669706,0.07028328618798096,0.11143801275881345,0.010519273905507413,200,percentile
PCE,race,Other/Multiracial,TPR_20,0.13565827011070827,0.0,0.5800788578129514,0.16623461441463114,198,percentile
PCE,race,Other/Multiracial,FPR_20,0.09230194373967172,0.06994099125150764,0.11148544663298147,0.010575164365435916,200,percentile
PCE,race,Other/Multiracial,rel_OE,1.1034010717557174,0.1682782539302278,2.1014798212536574,0.49318996230574763,200,percentile
PCE,age_group,40-49,n,6020.0,2921.95,3138.5,60.3421715164161,200,percentile
PCE,age_group,40-49,events,20.0,6.0,14.0,2.2349215583235353,200,percentile
PCE,age_group,40-49,observed,0.0025668456574225876,0.0011434078557405218,0.0038557507777777426,0.000765887741165619,200,percentile
PCE,age_group,40-49,expected,0.028661539375759736,0.02763988466167393,0.029798171499953775,0.0005716079415044154,200,percentile
PCE,age_group,40-49,OE,0.08955714568469678,0.03869517152101661,0.13487104906466701,0.026682653585811397,200,percentile
PCE,age_group,40-49,cal_intercept,-2.486864870854559,-3.3306861440979127,-2.073451698034014,0.34656779953712225,200,percentile
PCE,age_group,40-49,cal_slope,1.0848542169834725,0.7721889516938532,1.510311260577709,0.181028938209223,200,percentile
PCE,age_group,40-49,AUC,0.8297948771999942,0.7396954432295129,0.9186934825183518,0.043674575437175026,200,percentile
PCE,age_group,40-49,brier,0.004244384512414064,0.002889512182251484,0.005463065140263559,0.0006804230482924444,200,percentile
PCE,age_group,40-49,scaled_brier,-0.6577962983444074,-1.7288591259553165,-0.38161912221599176,0.39449373935549803,200,percentile
PCE,age_group,40-49,pct_flagged_7.5,0.07921863629391901,0.07090092594846535,0.08715739413460223,0.0042829186085383344,200,percentile
PCE,age_group,40-49,TPR_7.5,0.21414062166218897,0.0680396125817088,0.463523244796545,0.1027674463941283,200,percentile
PCE,age_group,40-49,FPR_7.5,0.079114955528736,0.07075023679759557,0.08726360181025591,0.0043188252479999046,200,percentile
PCE,age_group,40-49,pct_flagged_20,0.005160379386574548,0.0031483970248705317,0.0070349051226096795,0.0009663475733578289,200,percentile
PCE,age_group,40-49,TPR_20,0.03277348168325431,0.0,0.10356972775346732,0.03678710957141902,200,percentile
PCE,age_group,40-49,FPR_20,0.0050976252003578516,0.0031681855888558816,0.0069313107243252825,0.0009553293229820888,200,percentile
PCE,age_group,40-49,rel_OE,1.0420799355894304,0.5007961475231613,1.5548684016354017,0.2894522775678189,200,percentile
PCE,age_group,50-59,n,4853.0,2352.9,2546.1,51.50544660665275,200,percentile
PCE,age_group,50-59,events,32.0,11.0,21.025000000000006,2.8720801209411855,200,percentile
PCE,age_group,50-59,observed,0.005256059623114469,0.0029391966820478017,0.0075929686436780755,0.0012005674656899838,200,percentile
PCE,age_group,50-59,expected,0.059606668694728616,0.05751650232269026,0.06170503530840354,0.0012320823162902828,200,percentile
PCE,age_group,50-59,OE,0.08817905342157285,0.05022698220080456,0.12791210544431775,0.020127416215598826,200,percentile
PCE,age_group,50-59,cal_intercept,-2.5490247884675554,-3.114789723754652,-2.16202181259573,0.24530050846903984,200,percentile
PCE,age_group,50-59,cal_slope,0.6572598600261055,0.09209604363943698,1.1977670498495048,0.2877791166812726,200,percentile
PCE,age_group,50-59,AUC,0.6740561629879216,0.5418844427892409,0.7968379315732523,0.07005023155425921,200,percentile
PCE,age_group,50-59,brier,0.010831428981878282,0.008741048208950396,0.012890674498346924,0.0010647337729779592,200,percentile
PCE,age_group,50-59,scaled_brier,-1.0716394430594018,-1.9679876382135975,-0.679945449770816,0.34103333761089344,200,percentile
PCE,age_group,50-59,pct_flagged_7.5,0.2602664092971638,0.24629984306270855,0.2760426078584766,0.008303585461514355,200,percentile
PCE,age_group,50-59,TPR_7.5,0.4932875214465816,0.2630222043381924,0.7604802330376527,0.13728810411200265,200,percentile
PCE,age_group,50-59,FPR_7.5,0.2588692496866698,0.2443208960120193,0.2743505302381512,0.008047433176520551,200,percentile
PCE,age_group,50-59,pct_flagged_20,0.02605495655724429,0.020627590741272687,0.03166768325558661,0.002982968141419524,200,percentile
PCE,age_group,50-59,TPR_20,0.09872764194497767,0.0,0.22529807126926865,0.05683615685579773,200,percentile
PCE,age_group,50-59,FPR_20,0.025695440080036394,0.02043431916462794,0.031484810821935744,0.0029211486265610037,200,percentile
PCE,age_group,50-59,rel_OE,1.0260445619091607,0.6615319816979276,1.3924116013447507,0.19008194085371796,200,percentile
PCE,age_group,60-69,n,4785.0,2301.9,2518.0,56.787073870679095,200,percentile
PCE,age_group,60-69,events,47.0,17.0,32.0,3.8531329026947843,200,percentile
PCE,age_group,60-69,observed,0.010109367250397527,0.006729859314879694,0.014142501326475543,0.0019762491375010364,200,percentile
PCE,age_group,60-69,expected,0.12445316642289114,0.12172491964106294,0.12733560886995962,0.0015172693479567128,200,percentile
PCE,age_group,60-69,OE,0.08123029361941628,0.05326729834528778,0.11381784349619327,0.01586742431653983,200,percentile
PCE,age_group,60-69,cal_intercept,-2.7119669655838323,-3.14237066904698,-2.3689661173851944,0.20596952733077578,200,percentile
PCE,age_group,60-69,cal_slope,0.8991570836766845,0.3874900557296416,1.2738658160139094,0.23925191232977164,200,percentile
PCE,age_group,60-69,AUC,0.6984062643376194,0.5932682055211024,0.7818380438381483,0.05267844552634383,200,percentile
PCE,age_group,60-69,brier,0.028774796316941787,0.026184699085502052,0.03195713973935267,0.0014633450943275935,200,percentile
PCE,age_group,60-69,scaled_brier,-1.8754185477256962,-3.105904464599922,-1.2615925978740061,0.49895440810637415,200,percentile
PCE,age_group,60-69,pct_flagged_7.5,0.6773686458577022,0.6631703849378102,0.6928356962083347,0.007819915222469337,200,percentile
PCE,age_group,60-69,TPR_7.5,0.9201200862603952,0.8093866050790302,1.0,0.04996004847188036,200,percentile
PCE,age_group,60-69,FPR_7.5,0.6752105292760533,0.6610016756532351,0.6907068076206342,0.008011861742804901,200,percentile
PCE,age_group,60-69,pct_flagged_20,0.14693408348909848,0.13370004062124952,0.16009136434448681,0.006626568719871312,200,percentile
PCE,age_group,60-69,TPR_20,0.3117893817472857,0.10080677996260066,0.5050611127140439,0.09867271178378016,200,percentile
PCE,age_group,60-69,FPR_20,0.14541710559080215,0.13250254982079177,0.1589372168134961,0.0066491659633727,200,percentile
PCE,age_group,60-69,rel_OE,0.9451893368827662,0.6767724909691906,1.241327456545942,0.14658572536676212,200,percentile
PCE,age_group,70-79,n,2853.0,1368.875,1513.075,37.10977874350586,200,percentile
PCE,age_group,70-79,events,86.0,33.975,53.0,4.745563916377285,200,percentile
PCE,age_group,70-79,observed,0.022824554760039518,0.016880561623969774,0.028842584685122408,0.0032874809807074672,200,percentile
PCE,age_group,70-79,expected,0.26188697463915356,0.25736809865835836,0.2674870395690916,0.0028021675380327338,200,percentile
PCE,age_group,70-79,OE,0.08715421907289894,0.06457015560061485,0.11035730643821812,0.012561359081433101,200,percentile
PCE,age_group,70-79,cal_intercept,-2.8488159421233163,-3.169817433689759,-2.5970792284540463,0.15538236656934354,200,percentile
PCE,age_group,70-79,cal_slope,0.8748238355964391,0.5987880212166995,1.1790354483519985,0.1541857540733037,200,percentile
PCE,age_group,70-79,AUC,0.6771657030809434,0.6184984216991845,0.739370939985048,0.02999966540152457,200,percentile
PCE,age_group,70-79,brier,0.09142736649079429,0.08782506931700382,0.0958361419103637,0.0022084944907059378,200,percentile
PCE,age_group,70-79,scaled_brier,-3.0992211661029225,-4.422949052783667,-2.2942491197813197,0.583749030105544,200,percentile
PCE,age_group,70-79,pct_flagged_7.5,0.9871661449617415,0.9820246703066107,0.9920468752283175,0.0026514252703151112,200,percentile
PCE,age_group,70-79,TPR_7.5,1.0,1.0,1.0,0.0,200,percentile
PCE,age_group,70-79,FPR_7.5,0.9867771437568367,0.9814298801652279,0.9918327907995559,0.002737342711388366,200,percentile
PCE,age_group,70-79,pct_flagged_20,0.638891075185804,0.6233083837966616,0.6588322163447602,0.009086676606953488,200,percentile
PCE,age_group,70-79,TPR_20,0.8757915136799399,0.7923094294023397,0.9400806736321954,0.04052479934113842,200,percentile
PCE,age_group,70-79,FPR_20,0.6332915419560158,0.6182225008544019,0.6529287375624541,0.009211491190057241,200,percentile
PCE,age_group,70-79,rel_OE,1.0141196696642034,0.7621123337009473,1.309920239157396,0.14065751894152315,200,percentile
PCE,income,PIR 1.3-3.5,n,6093.0,2941.95,3185.225,59.52340023788453,200,percentile
PCE,income,PIR 1.3-3.5,events,68.0,26.975,44.0,4.9006178463926275,200,percentile
PCE,income,PIR 1.3-3.5,observed,0.008886390823754045,0.006097653697838443,0.011835972319225225,0.0014911249799512529,200,percentile
PCE,income,PIR 1.3-3.5,expected,0.0978649268765337,0.09421899155596214,0.10214241956780284,0.0019936155402665713,200,percentile
PCE,income,PIR 1.3-3.5,OE,0.09080261036688975,0.06250718707907424,0.12068328318984543,0.014968342555482494,200,percentile
PCE,income,PIR 1.3-3.5,cal_intercept,-2.666194056726885,-3.037878775023045,-2.3724467693773517,0.17477060482028364,200,percentile
PCE,income,PIR 1.3-3.5,cal_slope,0.8473994067824622,0.6506094709881357,1.1770846222991902,0.1499738326612426,200,percentile
PCE,income,PIR 1.3-3.5,AUC,0.7784687778177847,0.7166633805059177,0.8564693681258672,0.03876265463751317,200,percentile
PCE,income,PIR 1.3-3.5,brier,0.0262146110032409,0.023613848179367732,0.029027966213004405,0.0013211380916589776,200,percentile
PCE,income,PIR 1.3-3.5,scaled_brier,-1.9764224285368512,-2.997081280242568,-1.3905494276241677,0.42302606813926585,200,percentile
PCE,income,PIR 1.3-3.5,pct_flagged_7.5,0.41911778929230514,0.4014617983527374,0.43552884490688165,0.009440230875560122,200,percentile
PCE,income,PIR 1.3-3.5,TPR_7.5,0.7918259511958229,0.638045381089957,0.9649632098550214,0.08651284477646211,200,percentile
PCE,income,PIR 1.3-3.5,FPR_7.5,0.41581924519536406,0.3978406582950702,0.4319635891662342,0.00919470378749277,200,percentile
PCE,income,PIR 1.3-3.5,pct_flagged_20,0.14728869933991118,0.13710850596261792,0.1582707325296704,0.00574705416987409,200,percentile
PCE,income,PIR 1.3-3.5,TPR_20,0.5134599005959073,0.3683708078673313,0.6869993180031481,0.08696565179298453,200,percentile
PCE,income,PIR 1.3-3.5,FPR_20,0.1438281730186143,0.13401034242703852,0.15446416944187097,0.00556820644913265,200,percentile
PCE,income,PIR 1.3-3.5,rel_OE,1.0565720651216508,0.8045874550183112,1.3422293606324054,0.14553949845945732,200,percentile
PCE,income,PIR<1.3,n,4506.0,2136.95,2412.2,74.19791390016076,200,percentile
PCE,income,PIR<1.3,events,78.0,31.0,47.0,4.1582242779495004,200,percentile
PCE,income,PIR<1.3,observed,0.015298893676155044,0.01089733097823048,0.019734087528471198,0.002506415583655011,200,percentile
PCE,income,PIR<1.3,expected,0.09960879466723778,0.0949163679506668,0.10404501960961587,0.002335396208529659,200,percentile
PCE,income,PIR<1.3,OE,0.15358978820358105,0.10804096502334022,0.19872292385214094,0.024616203164761312,200,percentile
PCE,income,PIR<1.3,cal_intercept,-2.131695305934272,-2.5109588084582395,-1.8644814024307528,0.17340550142468103,200,percentile
PCE,income,PIR<1.3,cal_slope,0.7132607135004009,0.5695759257506187,0.9056502316281729,0.09197308851360958,200,percentile
PCE,income,PIR<1.3,AUC,0.746684879258662,0.7037641772589774,0.799821170824034,0.0242922910123577,200,percentile
PCE,income,PIR<1.3,brier,0.031469200784374776,0.02745160178362794,0.03536330801922855,0.002183956684759892,200,percentile
PCE,income,PIR<1.3,scaled_brier,-1.0889173696672403,-1.6763358935750194,-0.7643519107073147,0.24789412385211756,200,percentile
PCE,income,PIR<1.3,pct_flagged_7.5,0.42761868642316825,0.4107764029393414,0.44640168648461165,0.008946369512754192,200,percentile
PCE,income,PIR<1.3,TPR_7.5,0.7730980621085553,0.6493040700186151,0.9007540628593788,0.06925772711663779,200,percentile
PCE,income,PIR<1.3,FPR_7.5,0.4221811973586966,0.4066803104021105,0.4404211930405056,0.008783822461965685,200,percentile
PCE,income,PIR<1.3,pct_flagged_20,0.14568868487073283,0.1299864230300561,0.1587755053816407,0.007359947509728253,200,percentile
PCE,income,PIR<1.3,TPR_20,0.38055795200343767,0.277475814847335,0.5312979273551371,0.06793670123331585,200,percentile
PCE,income,PIR<1.3,FPR_20,0.14226525888370872,0.12602878322060904,0.15529124274696252,0.0075444013434687795,200,percentile
PCE,income,PIR<1.3,rel_OE,1.787158750702919,1.362487286775614,2.277808129306489,0.23846558495936881,200,percentile
PCE,income,PIR>3.5,n,6387.0,3056.325,3399.025,100.26195639173167,200,percentile
PCE,income,PIR>3.5,events,24.0,7.0,17.0,2.654847656721948,200,percentile
PCE,income,PIR>3.5,observed,0.0035296881220717473,0.0018313679997801306,0.005194860954661932,0.0008172376681171629,200,percentile
PCE,income,PIR>3.5,expected,0.06552201100237967,0.06324696241652329,0.06815178867696275,0.0012925223625463724,200,percentile
PCE,income,PIR>3.5,OE,0.05387026539743345,0.028048894325979224,0.0786011420088941,0.012670904621407264,200,percentile
PCE,income,PIR>3.5,cal_intercept,-3.129071792108473,-3.801970752065688,-2.7461022659923278,0.25903462135236066,200,percentile
PCE,income,PIR>3.5,cal_slope,0.8539338636717761,0.4451330766211044,1.3924109530915603,0.2531321940452201,200,percentile
PCE,income,PIR>3.5,AUC,0.7737475803798243,0.6495059832904543,0.9152141191467099,0.06952754630699103,200,percentile
PCE,income,PIR>3.5,brier,0.01313524986301391,0.011967352718445175,0.014464599580172781,0.0006368956149131181,200,percentile
PCE,income,PIR>3.5,scaled_brier,-2.7345445179122545,-5.673779345814658,-1.7679099388973076,0.9427647302473626,200,percentile
PCE,income,PIR>3.5,pct_flagged_7.5,0.2762080233012027,0.2615498906770151,0.28940740743395577,0.00734439450107001,200,percentile
PCE,income,PIR>3.5,TPR_7.5,0.7018471027820428,0.4682888681215266,0.9834083164747244,0.12746950215356048,200,percentile
PCE,income,PIR>3.5,FPR_7.5,0.2747189482512383,0.26050115569947613,0.2878027218607138,0.0073380166684147525,200,percentile
PCE,income,PIR>3.5,pct_flagged_20,0.06606703188474203,0.059660973808023016,0.07375086088458371,0.0035697449662332402,200,percentile
PCE,income,PIR>3.5,TPR_20,0.3411590683229125,0.051782012758181825,0.6192148504596313,0.1342172046355537,200,percentile
PCE,income,PIR>3.5,FPR_20,0.06505413220390374,0.058285235701507745,0.07280323969430254,0.003582161608238813,200,percentile
PCE,income,PIR>3.5,rel_OE,0.626830190559942,0.3654361657149288,0.8788981588892666,0.12033572784688314,200,percentile
PCE,education,<HS,n,5308.0,2530.875,2839.0,76.97219216596447,200,percentile
PCE,education,<HS,events,86.0,33.0,51.025000000000006,4.5226148659962915,200,percentile
PCE,education,<HS,observed,0.013345028923801577,0.009175460431664213,0.01706638628472439,0.002048273475880992,200,percentile
PCE,education,<HS,expected,0.1134150683571317,0.10852584149822476,0.11745451569992003,0.002339390752013542,200,percentile
PCE,education,<HS,OE,0.11766539593997806,0.08294477215635676,0.14827191961446887,0.01743185186988492,200,percentile
PCE,education,<HS,cal_intercept,-2.429642496525724,-2.788988598282147,-2.1767910889708824,0.1575468582386263,200,percentile
PCE,education,<HS,cal_slope,0.8394307628676803,0.6371509209707313,1.107279732619868,0.12549493729087038,200,percentile
PCE,education,<HS,AUC,0.770558661843863,0.7033931547930526,0.8255125664965017,0.030502323616837735,200,percentile
PCE,education,<HS,brier,0.03375783744328411,0.030028017008699226,0.037414755675436805,0.0018605523107983039,200,percentile
PCE,education,<HS,scaled_brier,-1.5638333342417163,-2.3201036622418925,-1.1310118336475956,0.30943111470455276,200,percentile
PCE,education,<HS,pct_flagged_7.5,0.4797624533389735,0.4595926210625301,0.5011164942679844,0.010208835865041623,200,percentile
PCE,education,<HS,TPR_7.5,0.8634268834630117,0.7764491580696694,0.9413189233893788,0.04334802703708539,200,percentile
PCE,education,<HS,FPR_7.5,0.4741601605834177,0.4553485644296309,0.49510077614920983,0.010058225191931907,200,percentile
PCE,education,<HS,pct_flagged_20,0.18111441629021935,0.1679074180925148,0.19350919271201436,0.0065535681946191325,200,percentile
PCE,education,<HS,TPR_20,0.49823956551302,0.3496125534519134,0.6823834021317298,0.08141948850533337,200,percentile
PCE,education,<HS,FPR_20,0.1767775411931068,0.16405179778076748,0.1889206593711831,0.006506656126924821,200,percentile
PCE,education,<HS,rel_OE,1.3691453349120024,1.0319103262702436,1.7112760336380664,0.17456167694435928,200,percentile
PCE,education,College+,n,4141.0,1949.775,2219.025,71.40429445300651,200,percentile
PCE,education,College+,events,22.0,6.0,16.0,2.446698113436036,200,percentile
PCE,education,College+,observed,0.004027443647182348,0.0018968958386931085,0.006163630045642492,0.0011062539242685837,200,percentile
PCE,education,College+,expected,0.06307348303215678,0.059843023230276585,0.06609194667503238,0.0016086244434303828,200,percentile
PCE,education,College+,OE,0.06385319873851004,0.02910802965127654,0.09758748635866366,0.017721950649010894,200,percentile
PCE,education,College+,cal_intercept,-2.959330046094829,-3.7669795628158713,-2.531165836572705,0.31365021372552604,200,percentile
PCE,education,College+,cal_slope,0.9008865306622359,0.4579445548268585,1.5355553424680566,0.3045724698044019,200,percentile
PCE,education,College+,AUC,0.7827926107689058,0.6498814157635706,0.9299858711123791,0.08120726555478593,200,percentile
PCE,education,College+,brier,0.013035430846754494,0.011316791470127366,0.014822084890966257,0.0008968394195703849,200,percentile
PCE,education,College+,scaled_brier,-2.249739474987604,-5.396804953570506,-1.3333566942294401,1.0635603022035178,200,percentile
PCE,education,College+,pct_flagged_7.5,0.2578664480815025,0.24011879784101162,0.2748855149470195,0.009117189141976446,200,percentile
PCE,education,College+,TPR_7.5,0.8011548899322737,0.556959581501494,1.0,0.12380860034963104,200,percentile
PCE,education,College+,FPR_7.5,0.25557596445548075,0.23749705742275848,0.27245747800354725,0.00914625099386911,200,percentile
PCE,education,College+,pct_flagged_20,0.0698343672685386,0.061986099655405,0.07734702208506136,0.00406915042484027,200,percentile
PCE,education,College+,TPR_20,0.4075597707026985,0.14101520735278683,0.7162441820292179,0.1392239577801617,200,percentile
PCE,education,College+,FPR_20,0.06825785909336853,0.06071783340267765,0.07590914588934598,0.00403382979015801,200,percentile
PCE,education,College+,rel_OE,0.7429908213340457,0.37523430623448606,1.125774678897455,0.18910229341954904,200,percentile
PCE,education,HS/GED,n,4214.0,2032.95,2229.125,55.42173076696568,200,percentile
PCE,education,HS/GED,events,38.0,13.0,25.0,3.2118460071848633,200,percentile
PCE,education,HS/GED,observed,0.006604142168953903,0.0031713692739783854,0.00959034263445987,0.001551995152325472,200,percentile
PCE,education,HS/GED,expected,0.09147029761830029,0.08781642154520412,0.09548609617526248,0.0018786164958806164,200,percentile
PCE,education,HS/GED,OE,0.07219985438893581,0.03481966027853041,0.1056951769145514,0.0170217431521179,200,percentile
PCE,education,HS/GED,cal_intercept,-2.8854990823667146,-3.641659064115783,-2.4843771786313282,0.2752760350549206,200,percentile
PCE,education,HS/GED,cal_slope,0.8655588291892193,0.6053808347014028,1.287244262062122,0.17674232996363626,200,percentile
PCE,education,HS/GED,AUC,0.7882215600587914,0.7105389268656752,0.8864169854932819,0.046953234000676004,200,percentile
PCE,education,HS/GED,brier,0.02269546369288065,0.020214864266034218,0.025065027372381726,0.0012256167364191708,200,percentile
PCE,education,HS/GED,scaled_brier,-2.459396180991663,-5.638489618959602,-1.6168667192291395,0.9799461563536408,200,percentile
PCE,education,HS/GED,pct_flagged_7.5,0.39474430765719226,0.37368668455129805,0.4170738752166066,0.010552219725821647,200,percentile
PCE,education,HS/GED,TPR_7.5,0.7183719453374356,0.5134981226289169,1.0,0.14099983363407964,200,percentile
PCE,education,HS/GED,FPR_7.5,0.3924989692344321,0.3722268997961845,0.4152448091717639,0.010573534227249264,200,percentile
PCE,education,HS/GED,pct_flagged_20,0.12602773720251007,0.11470127512984965,0.13657662396307657,0.005757228382987035,200,percentile
PCE,education,HS/GED,TPR_20,0.503235488445538,0.30687218283751244,0.7887307191566896,0.1272418333889173,200,percentile
PCE,education,HS/GED,FPR_20,0.12363068478511259,0.1121369461518976,0.13389282791624038,0.005564519544894738,200,percentile
PCE,education,HS/GED,rel_OE,0.8401118530070002,0.4887850076979247,1.1034654530487162,0.173456519516172,200,percentile
PCE,education,Some college,n,4833.0,2332.975,2539.125,55.33961932771744,200,percentile
PCE,education,Some college,events,37.0,12.0,24.025000000000006,3.2807915149890454,200,percentile
PCE,education,Some college,observed,0.0067594161332692965,0.0037287246881860655,0.009373953083479427,0.0014716190150646448,200,percentile
PCE,education,Some college,expected,0.07570434586392794,0.07326062736461307,0.07898106412778186,0.0014464895155321498,200,percentile
PCE,education,Some college,OE,0.08928702911479834,0.04980046461356424,0.12191761584974065,0.019153528910033638,200,percentile
PCE,education,Some college,cal_intercept,-2.630929431752168,-3.221360165041689,-2.3071190431758546,0.23752683451017026,200,percentile
PCE,education,Some college,cal_slope,0.6846466340639829,0.45702861429732383,0.9458534806750911,0.13740313846655186,200,percentile
PCE,education,Some college,AUC,0.7387538580070692,0.6558618148916608,0.8189931152611852,0.042422489873744966,200,percentile
PCE,education,Some college,brier,0.018414275897900827,0.01585791719331345,0.0207417844608595,0.001309049073866693,200,percentile
PCE,education,Some college,scaled_brier,-1.7427801979503106,-3.276485126879181,-1.2053853783053372,0.536116459800186,200,percentile
PCE,education,Some college,pct_flagged_7.5,0.33325375637410093,0.3193345143933083,0.35062305928458937,0.007963021151962362,200,percentile
PCE,education,Some college,TPR_7.5,0.6073038962163704,0.42198195829290314,0.8294683773157635,0.09893246743772627,200,percentile
PCE,education,Some college,FPR_7.5,0.33203508750795624,0.3184699310199893,0.34892511289478984,0.007864646552853126,200,percentile
PCE,education,Some college,pct_flagged_20,0.08753909112032351,0.07893391633005506,0.09638810053256194,0.0043736566527028745,200,percentile
PCE,education,Some college,TPR_20,0.2554800090834078,0.09562909335523662,0.454332287049732,0.09445371386319411,200,percentile
PCE,education,Some college,FPR_20,0.08639961849048607,0.07813457768016056,0.0949283786557743,0.0042665192297118675,200,percentile
PCE,education,Some college,rel_OE,1.0389368803300274,0.6356013688418147,1.388244271679197,0.19513710842705076,200,percentile
PCE,sex,GAP(max-min),OE,0.012486162144261223,0.0,0.024354398455229027,0.012784296863060372,200,basic
PCE,sex,GAP(max-min),AUC,0.03217126346692256,0.0,0.06317395623348726,0.03659162117766802,200,basic
PCE,sex,GAP(max-min),cal_slope,0.0690968471860719,0.0,0.12822087435407914,0.1089577030822852,200,basic
PCE,sex,GAP(max-min),TPR_7.5,0.10979967104959465,0.0,0.20924699950686645,0.07650202824107939,200,basic
PCE,sex,GAP(max-min),FPR_7.5,0.20900928360440085,0.19603038735318973,0.2242482157167058,0.0076875401598183605,200,basic
PCE,sex,GAP(max-min),pct_flagged_7.5,0.2092378225006164,0.1959243612396693,0.22487282030502623,0.007748390306105317,200,basic
PCE,sex,GAP(max/min),OE,1.1590661799253732,1.0,1.3104073690691636,0.20472486832586204,200,basic
PCE,race,GAP(max-min),OE,0.051663760835080785,0.0,0.08484013544349742,0.024057078044009004,200,basic
PCE,race,GAP(max-min),AUC,0.03623656516093221,0.0,0.06533477651317017,0.03909365933658108,200,basic
PCE,race,GAP(max-min),cal_slope,0.2527516906571159,0.0,0.45681802095430957,0.189911414344516,200,basic
PCE,race,GAP(max-min),TPR_7.5,0.12514381165318111,0.0,0.2319827379048836,0.1004028518663687,200,basic
PCE,race,GAP(max-min),FPR_7.5,0.16949558509898943,0.1424677733386253,0.2291947605696234,0.020900271033526593,200,basic
PCE,race,GAP(max-min),pct_flagged_7.5,0.17112050442748317,0.14553602742323823,0.23018218665739446,0.020923610626101107,200,basic
PCE,race,GAP(max/min),OE,1.6374089621873975,1.0,2.04693336180775,0.5116183853008869,200,basic
PCE,age_group,GAP(max-min),OE,0.008326852065280499,0.0,0.007900730060229658,0.016783462734249497,200,basic
PCE,age_group,GAP(max-min),AUC,0.15573871421207264,0.024478533736727925,0.28146659574396127,0.07497695770098291,200,basic
PCE,age_group,GAP(max-min),cal_slope,0.42759435695736703,0.0,0.753295142393119,0.25992306048479535,200,basic
PCE,age_group,GAP(max-min),TPR_7.5,0.785859378337811,0.6695269901884463,1.29968425455196,0.181716686287783,200,basic
PCE,age_group,GAP(max-min),FPR_7.5,0.9076621882281006,0.899242119492694,1.0985166235708974,0.08911554548061841,200,basic
PCE,age_group,GAP(max-min),pct_flagged_7.5,0.9079475086678225,0.8994940460652326,1.100823971264311,0.08978691840317332,200,basic
PCE,age_group,GAP(max/min),OE,1.102509195698514,1.0,1.0959244371866597,0.30181769148759613,200,basic
PCE,income,GAP(max-min),OE,0.0997195228061476,0.05993235044715747,0.16712396800131768,0.02805581460655331,200,basic
PCE,income,GAP(max-min),AUC,0.03178389855912267,0.0,0.04988176111722435,0.04221753249601391,200,basic
PCE,income,GAP(max-min),cal_slope,0.14067315017137527,0.0,0.2173146207677732,0.17357745816985007,200,basic
PCE,income,GAP(max-min),TPR_7.5,0.08997884841378012,0.0,0.1554261376569864,0.09440051065834898,200,basic
PCE,income,GAP(max-min),FPR_7.5,0.14746224910745825,0.12685193569467676,0.2908689794839912,0.05455970012413899,200,basic
PCE,income,GAP(max-min),pct_flagged_7.5,0.15141066312196555,0.13012327820682748,0.29929701417449606,0.05567615367648534,200,basic
PCE,income,GAP(max/min),OE,2.8511050961129767,1.6490119625802793,4.389602826471645,0.6998705927675242,200,basic
PCE,education,GAP(max-min),OE,0.053812197201468015,0.016826524370309348,0.08840803622187733,0.01937611471516938,200,basic
PCE,education,GAP(max-min),AUC,0.04946770205172224,0.0,0.0713379802804339,0.05056274792202271,200,basic
PCE,education,GAP(max-min),cal_slope,0.21623989659825305,0.0,0.36106008878758394,0.20037002154058667,200,basic
PCE,education,GAP(max-min),TPR_7.5,0.2561229872466413,0.0,0.34977010194024427,0.10032117811792896,200,basic
PCE,education,GAP(max-min),FPR_7.5,0.21858419612793695,0.19364895632079485,0.3047991135606217,0.035328283314120176,200,basic
PCE,education,GAP(max-min),pct_flagged_7.5,0.221896005257471,0.198255183749586,0.3080199307337553,0.03493634429489404,200,basic
PCE,education,GAP(max/min),OE,1.8427486526060868,1.0,2.428805562562691,0.5468432481303707,200,basic
PCE-revised,Overall,All,n,18511.0,9042.85,9642.175,150.16364239551265,200,percentile
PCE-revised,Overall,All,events,185.0,80.0,106.025,7.204128841283243,200,percentile
PCE-revised,Overall,All,observed,0.007058649758562692,0.005644956483087861,0.00857607183560686,0.0007733632523905439,200,percentile
PCE-revised,Overall,All,expected,0.058423098503397795,0.05684076542594898,0.05999086125694983,0.0008256613174975018,200,percentile
PCE-revised,Overall,All,OE,0.12081950357617839,0.09568332869084417,0.14703800453751645,0.013005421931715642,200,percentile
PCE-revised,Overall,All,cal_intercept,-2.2821266458549547,-2.519161809388186,-2.083722620837991,0.11145624017842538,200,percentile
PCE-revised,Overall,All,cal_slope,0.8953027679641394,0.7505020621945657,1.0788192305130657,0.08639736979232919,200,percentile
PCE-revised,Overall,All,AUC,0.7912561010559604,0.7516362891663763,0.8316765031272919,0.02237272568587795,200,percentile
PCE-revised,Overall,All,brier,0.01372725038588731,0.012449278883646777,0.015015280106299033,0.0006651843718713104,200,percentile
PCE-revised,Overall,All,scaled_brier,-0.958566514472031,-1.2695237812127973,-0.7309626599403817,0.1362550587867709,200,percentile
PCE-revised,Overall,All,pct_flagged_7.5,0.2474307615729846,0.23801424405266963,0.25519088126381706,0.004350820426046779,200,percentile
PCE-revised,Overall,All,TPR_7.5,0.6933209278714884,0.5971940687426438,0.7905666014324161,0.05246468664986233,200,percentile
PCE-revised,Overall,All,FPR_7.5,0.24440986714588459,0.2353618572704455,0.2517775782157968,0.004310049152742992,200,percentile
PCE-revised,Overall,All,pct_flagged_20,0.05559896347240483,0.0519387232466117,0.05962206231544966,0.001994297293033064,200,percentile
PCE-revised,Overall,All,TPR_20,0.28975361842910624,0.19474161089061132,0.3710626918991113,0.04525133807516366,200,percentile
PCE-revised,Overall,All,FPR_20,0.05403585451443879,0.05060332551209704,0.058108522848123303,0.0019166230745169763,200,percentile
PCE-revised,Overall,All,rel_OE,1.0,1.0,1.0,0.0,200,percentile
PCE-revised,sex,Female,n,9527.0,4643.95,4978.3,85.12720307585363,200,percentile
PCE-revised,sex,Female,events,73.0,28.975,45.0,4.05242033268562,200,percentile
PCE-revised,sex,Female,observed,0.00495433887458683,0.003458059308126401,0.0064024979972890595,0.0007281744237619684,200,percentile
PCE-revised,sex,Female,expected,0.04054963306344807,0.03906253701865809,0.042191745498046176,0.0007827109837501607,200,percentile
PCE-revised,sex,Female,OE,0.12217962285465737,0.08607373209431893,0.15649641918113563,0.017789397773309644,200,percentile
PCE-revised,sex,Female,cal_intercept,-2.255702713784944,-2.6111923361026994,-2.0071626773156472,0.15184183582679966,200,percentile
PCE-revised,sex,Female,cal_slope,0.8718338294122114,0.6169810784870448,1.1186302046980634,0.13242941293120422,200,percentile
PCE-revised,sex,Female,AUC,0.8056277731034013,0.728955940224547,0.873657457835232,0.040050290525474846,200,percentile
PCE-revised,sex,Female,brier,0.009154516588955459,0.007907219578464525,0.01040584658096845,0.0006260718805579038,200,percentile
PCE-revised,sex,Female,scaled_brier,-0.8569777360810646,-1.3225373978224857,-0.6101766096879544,0.17750016691593778,200,percentile
PCE-revised,sex,Female,pct_flagged_7.5,0.1528566481503168,0.1457146881748925,0.16090379765918614,0.004298140140659295,200,percentile
PCE-revised,sex,Female,TPR_7.5,0.563889648605321,0.4158735112109997,0.7477723801190572,0.08328437913845943,200,percentile
PCE-revised,sex,Female,FPR_7.5,0.1508138554993151,0.14357397836704092,0.15893936441598536,0.004265493069947118,200,percentile
PCE-revised,sex,Female,pct_flagged_20,0.03382086660486875,0.029675300614720648,0.03718562295335688,0.0019325222381378672,200,percentile
PCE-revised,sex,Female,TPR_20,0.2867272775794121,0.1650054788638248,0.3921890804278449,0.06119171520264889,200,percentile
PCE-revised,sex,Female,FPR_20,0.032647706757131134,0.029004011620691512,0.03589151439540454,0.001918549513944151,200,percentile
PCE-revised,sex,Female,rel_OE,1.0112574479965597,0.7751182743926592,1.30814329616171,0.13793489747230073,200,percentile
PCE-revised,sex,Male,n,8984.0,4368.6,4676.025,74.56247186792626,200,percentile
PCE-revised,sex,Male,events,112.0,45.0,67.025,6.1528254734335395,200,percentile
PCE-revised,sex,Male,observed,0.009398629394121427,0.006701938597085476,0.012460564230645595,0.0014068879366879,200,percentile
PCE-revised,sex,Male,expected,0.0783158432035561,0.07565689971769722,0.08043570021962931,0.0011966283455472893,200,percentile
PCE-revised,sex,Male,OE,0.12000929837009866,0.08494128692448004,0.15711904860993797,0.017921286680694825,200,percentile
PCE-revised,sex,Male,cal_intercept,-2.2973383182691847,-2.645519544761182,-2.028197083811034,0.15864660397883032,200,percentile
PCE-revised,sex,Male,cal_slope,0.9181177946055644,0.7162844137676531,1.1846172766939915,0.12905172531224185,200,percentile
PCE-revised,sex,Male,AUC,0.7600975105218444,0.7040227995430697,0.8265152007228945,0.0333720373252351,200,percentile
PCE-revised,sex,Male,brier,0.018812099799123735,0.016555123055219355,0.02122764234167505,0.0011372934733328865,200,percentile
PCE-revised,sex,Male,scaled_brier,-1.0205696464583953,-1.481811582536094,-0.7123376778905711,0.21128810714118124,200,percentile
PCE-revised,sex,Male,pct_flagged_7.5,0.3526895151080371,0.3387627671546724,0.3629221996618185,0.006648771396014802,200,percentile
PCE-revised,sex,Male,TPR_7.5,0.7691896211306227,0.6363949123302599,0.9051332719079376,0.06783402981227514,200,percentile
PCE-revised,sex,Male,FPR_7.5,0.3489549485062677,0.33564413160061296,0.35918625786432073,0.006531655771333448,200,percentile
PCE-revised,sex,Male,pct_flagged_20,0.07983747068840846,0.07286775454622055,0.08658690055253994,0.0032366819320001437,200,percentile
PCE-revised,sex,Male,TPR_20,0.29152756771651817,0.17344162701359625,0.40050412713378647,0.0595744593770841,200,percentile
PCE-revised,sex,Male,FPR_20,0.07792603538965753,0.07170020755610639,0.0844338718169988,0.003086472237298499,200,percentile
PCE-revised,sex,Male,rel_OE,0.9932940859538553,0.8227316609045593,1.1318566290933882,0.07948012294007639,200,percentile
PCE-revised,race,Mexican American,n,3402.0,1453.0,1918.05,124.43597281999403,200,percentile
PCE-revised,race,Mexican American,events,29.0,8.0,20.0,3.173219438998854,200,percentile
PCE-revised,race,Mexican American,observed,0.00585160301417802,0.0029088099100715538,0.008772496105491944,0.0015815212678945167,200,percentile
PCE-revised,race,Mexican American,expected,0.05529477965612531,0.05126841086121189,0.05806892719212045,0.0017643277136769715,200,percentile
PCE-revised,race,Mexican American,OE,0.10582559602495506,0.05380819915410802,0.15899327633716157,0.028192934573223402,200,percentile
PCE-revised,race,Mexican American,cal_intercept,-2.422719952496008,-3.1087655239528065,-2.0102143346598105,0.2974868731098636,200,percentile
PCE-revised,race,Mexican American,cal_slope,0.6381243926734502,0.36972173176010714,1.0386295726857433,0.18023612971200417,200,percentile
PCE-revised,race,Mexican American,AUC,0.7305817594648326,0.6289184408333548,0.8602782735820449,0.06118784790912368,200,percentile
PCE-revised,race,Mexican American,brier,0.013156654446671264,0.010408996769578351,0.0158724129665309,0.00148132838349407,200,percentile
PCE-revised,race,Mexican American,scaled_brier,-1.2616187539526806,-2.5201204228394154,-0.8047757978204214,0.5018462916180209,200,percentile
PCE-revised,race,Mexican American,pct_flagged_7.5,0.22611073998059839,0.20689523228713383,0.24274121484978328,0.010091206597910561,200,percentile
PCE-revised,race,Mexican American,TPR_7.5,0.5918604489978937,0.3806911409586444,0.8023044462866622,0.11529071586430203,200,percentile
PCE-revised,race,Mexican American,FPR_7.5,0.22368868442640635,0.2040091609054298,0.24089793284963504,0.010001940871602088,200,percentile
PCE-revised,race,Mexican American,pct_flagged_20,0.0622998389796234,0.051931601272379405,0.07037051975612914,0.004900480628166647,200,percentile
PCE-revised,race,Mexican American,TPR_20,0.22956741871076042,0.04684555710028802,0.41695104886724327,0.09286621716854106,200,percentile
PCE-revised,race,Mexican American,FPR_20,0.06109492434941154,0.05133830810306044,0.06927519170571003,0.004864714040921716,200,percentile
PCE-revised,race,Mexican American,rel_OE,0.8758982853975272,0.440150938535592,1.3515778443409192,0.24398681492707788,200,percentile
PCE-revised,race,NH Black,n,3771.0,1715.925,2075.775,97.26591226345542,200,percentile
PCE-revised,race,NH Black,events,59.0,21.975,39.0,4.548673118138782,200,percentile
PCE-revised,race,NH Black,observed,0.013577366759849318,0.009621913306319306,0.01740271100552537,0.0019254969734894337,200,percentile
PCE-revised,race,NH Black,expected,0.07442411540182238,0.07162992788659796,0.07701261308647604,0.0013548713214417754,200,percentile
PCE-revised,race,NH Black,OE,0.18243235658958007,0.12956989147001596,0.23750231420360082,0.02524030937624833,200,percentile
PCE-revised,race,NH Black,cal_intercept,-1.869036657127708,-2.220270095926055,-1.5961599897581586,0.14591160863999783,200,percentile
PCE-revised,race,NH Black,cal_slope,0.9814593180497795,0.7277805040342309,1.3662865745856123,0.16807008934659895,200,percentile
PCE-revised,race,NH Black,AUC,0.7746583107374767,0.7044745412962211,0.8606034760116561,0.03904648729690741,200,percentile
PCE-revised,race,NH Black,brier,0.0207414681249501,0.01730115526099529,0.0239356850057198,0.0016076544999115011,200,percentile
PCE-revised,race,NH Black,scaled_brier,-0.548677238312439,-0.8318897575481382,-0.3701596250683631,0.11823872164004942,200,percentile
PCE-revised,race,NH Black,pct_flagged_7.5,0.3340466667265371,0.3205845454261304,0.3502134239637906,0.007784020920920966,200,percentile
PCE-revised,race,NH Black,TPR_7.5,0.7245690118525163,0.6053093666248264,0.8753086910712456,0.067524545301305,200,percentile
PCE-revised,race,NH Black,FPR_7.5,0.3288780752147081,0.3148722310254917,0.3449105363816276,0.007799804417583368,200,percentile
PCE-revised,race,NH Black,pct_flagged_20,0.07993549847762123,0.07267807560638875,0.08718502068010857,0.0038770541048248797,200,percentile
PCE-revised,race,NH Black,TPR_20,0.4102676670162875,0.25705190839358516,0.597482522149441,0.0806399516772358,200,percentile
PCE-revised,race,NH Black,FPR_20,0.07568312505187269,0.0688614904349024,0.08245343901207061,0.0037736366790070298,200,percentile
PCE-revised,race,NH Black,rel_OE,1.5099578395019138,1.0881624361255033,2.0903083553123163,0.2514108518518015,200,percentile
PCE-revised,race,NH White,n,8634.0,4016.35,4657.025,178.93987641624005,200,percentile
PCE-revised,race,NH White,events,82.0,30.975,52.0,5.228523913262499,200,percentile
PCE-revised,race,NH White,observed,0.006613868217302638,0.004815998124406924,0.008448335401856716,0.0009701259634394466,200,percentile
PCE-revised,race,NH White,expected,0.056914394324155196,0.054966101551047745,0.058861662176267794,0.0010500985280735436,200,percentile
PCE-revised,race,NH White,OE,0.11620730213930482,0.08297139432376331,0.14640704929960566,0.016749895398925924,200,percentile
PCE-revised,race,NH White,cal_intercept,-2.318805535150886,-2.6530626741091026,-2.0803215469326317,0.15157214864707727,200,percentile
PCE-revised,race,NH White,cal_slope,0.9282111279139261,0.738572762686947,1.15241289420085,0.10449441047633908,200,percentile
PCE-revised,race,NH White,AUC,0.8035525451587775,0.756187555470882,0.854280701568694,0.026040691563504515,200,percentile
PCE-revised,race,NH White,brier,0.013054982863246871,0.011479194573902203,0.01478360201230192,0.0008458667276636992,200,percentile
PCE-revised,race,NH White,scaled_brier,-0.987022002438714,-1.4680381645290541,-0.7024485940842072,0.19133488235007245,200,percentile
PCE-revised,race,NH White,pct_flagged_7.5,0.23957234155276597,0.22767129051902335,0.24949102683467644,0.005649427471245098,200,percentile
PCE-revised,race,NH White,TPR_7.5,0.6885715441518393,0.5449999381877799,0.8143831571208747,0.0714666507952814,200,percentile
PCE-revised,race,NH White,FPR_7.5,0.23674193309786784,0.22494555524098148,0.24625413610030383,0.0055734299681883415,200,percentile
PCE-revised,race,NH White,pct_flagged_20,0.05191436673683485,0.04682115690420251,0.05642241170573788,0.002440003976464195,200,percentile
PCE-revised,race,NH White,TPR_20,0.268169424309786,0.14103938350873307,0.3639992922609203,0.055579196663090046,200,percentile
PCE-revised,race,NH White,FPR_20,0.05057094846941242,0.046066433347686446,0.05556836795905674,0.002319753213821483,200,percentile
PCE-revised,race,NH White,rel_OE,0.9618256879033978,0.8491049340357476,1.0476292233016735,0.05663888842100654,200,percentile
PCE-revised,race,Other Hispanic,n,1471.0,615.95,881.325,69.82482586109803,200,percentile
PCE-revised,race,Other Hispanic,events,6.0,1.0,6.0,1.409862960659367,200,percentile
PCE-revised,race,Other Hispanic,observed,0.0022833153649808487,0.00047788978797049783,0.00417895688473461,0.0010733920518442885,200,percentile
PCE-revised,race,Other Hispanic,expected,0.05783830757314012,0.052139815296004276,0.0631199115817638,0.0028876764862472426,200,percentile
PCE-revised,race,Other Hispanic,OE,0.03947756185800311,0.00798104299022401,0.07459322861372643,0.01873578024680537,200,percentile
PCE-revised,race,Other Hispanic,cal_intercept,-3.4326558032375445,-5.042304295932006,-2.7905033563987263,3.1065910382419806,200,percentile
PCE-revised,race,Other Hispanic,cal_slope,1.4309166022723316,0.7322612543129137,2.6772221554709357,0.5715536046417221,200,percentile
PCE-revised,race,Other Hispanic,AUC,0.8982192110700752,0.7728126443319825,0.9938779457776564,0.06336507198340909,196,percentile
PCE-revised,race,Other Hispanic,brier,0.010362214772815433,0.008324819384449523,0.012225142318263146,0.0010427731419964188,200,percentile
PCE-revised,race,Other Hispanic,scaled_brier,-3.548617892934736,-18.09975117387705,-1.6424432136873137,4.245882487827707,196,percentile
PCE-revised,race,Other Hispanic,pct_flagged_7.5,0.24466438840100715,0.21093532730108142,0.271308464450001,0.015889960602409423,200,percentile
PCE-revised,race,Other Hispanic,TPR_7.5,0.8811615263702635,0.5953856751168999,1.0,0.11697695467642988,196,percentile
PCE-revised,race,Other Hispanic,FPR_7.5,0.24322356974425408,0.2097417949432741,0.2702690885612472,0.0158862875434718,200,percentile
PCE-revised,race,Other Hispanic,pct_flagged_20,0.06075301924726391,0.04499582775131731,0.07744237330164193,0.008056102052863154,200,percentile
PCE-revised,race,Other Hispanic,TPR_20,0.7222694119919966,0.31877197425051396,1.0,0.2081176950756494,196,percentile
PCE-revised,race,Other Hispanic,FPR_20,0.05929337283858188,0.04360448633957485,0.07488307323870612,0.008147034402100923,200,percentile
PCE-revised,race,Other Hispanic,rel_OE,0.3267482541269668,0.06782528489364727,0.6456219131060184,0.16192874032467308,200,percentile
PCE-revised,race,Other/Multiracial,n,1233.0,536.0,705.025,45.186881351019935,200,percentile
PCE-revised,race,Other/Multiracial,events,9.0,1.0,7.025000000000006,1.6642184699064875,200,percentile
PCE-revised,race,Other/Multiracial,observed,0.0069298635233422876,0.0009811895941340399,0.012440049155856088,0.0030806361514186557,200,percentile
PCE-revised,race,Other/Multiracial,expected,0.05459276992917823,0.04932410672178909,0.060353247866100114,0.0030201661912735486,200,percentile
PCE-revised,race,Other/Multiracial,OE,0.12693738625704867,0.017161478674978574,0.23691652771821775,0.056922164573091266,200,percentile
PCE-revised,race,Other/Multiracial,cal_intercept,-2.231293428698081,-4.271385467221134,-1.5702297098687128,2.3595318183419893,200,percentile
PCE-revised,race,Other/Multiracial,cal_slope,0.34068819658427413,-0.5620910782202019,1.339099899228214,0.5562986573574342,200,percentile
PCE-revised,race,Other/Multiracial,AUC,0.6371595961344826,0.28847362053673253,0.9099025839490716,0.1933208362968608,198,percentile
PCE-revised,race,Other/Multiracial,brier,0.013977568359733768,0.008420679893983027,0.019202632758851486,0.002888462275541607,200,percentile
PCE-revised,race,Other/Multiracial,scaled_brier,-1.031079960294155,-4.903649921423493,-0.47524732968504324,1.6115018745501923,198,percentile
PCE-revised,race,Other/Multiracial,pct_flagged_7.5,0.22694809581668257,0.19399491631992613,0.26125586727547834,0.017333056336788263,200,percentile
PCE-revised,race,Other/Multiracial,TPR_7.5,0.6893892885712779,0.2110195987643621,1.0,0.26536178510564284,198,percentile
PCE-revised,race,Other/Multiracial,FPR_7.5,0.22440301814673716,0.19055455081064823,0.25986548563797873,0.01766272917799774,200,percentile
PCE-revised,race,Other/Multiracial,pct_flagged_20,0.05127776322913474,0.03508575670667364,0.07014266589111728,0.008644639917309781,200,percentile
PCE-revised,race,Other/Multiracial,TPR_20,0.08620027129270726,0.0,0.34787226634014173,0.1182894238676352,198,percentile
PCE-revised,race,Other/Multiracial,FPR_20,0.05131002303935187,0.03496218362691155,0.0703305988682668,0.008697605471794547,200,percentile
PCE-revised,race,Other/Multiracial,rel_OE,1.0506365487341442,0.15700770398357045,1.9854341078711635,0.4685743522834104,200,percentile
PCE-revised,age_group,40-49,n,6020.0,2921.95,3138.5,60.3421715164161,200,percentile
PCE-revised,age_group,40-49,events,20.0,6.0,14.0,2.2349215583235353,200,percentile
PCE-revised,age_group,40-49,observed,0.0025668456574225876,0.0011434078557405218,0.0038557507777777426,0.000765887741165619,200,percentile
PCE-revised,age_group,40-49,expected,0.022279703514727807,0.02147246994991601,0.023193028737678784,0.0004419201917392268,200,percentile
PCE-revised,age_group,40-49,OE,0.11521004557918808,0.050004198131952136,0.17423252275338705,0.03425363810797018,200,percentile
PCE-revised,age_group,40-49,cal_intercept,-2.216354808900566,-3.0572746041668912,-1.7972824871224509,0.345507843307217,200,percentile
PCE-revised,age_group,40-49,cal_slope,1.1683224350426635,0.8601482850072814,1.582467445157633,0.18625713607491076,200,percentile
PCE-revised,age_group,40-49,AUC,0.8437409982061633,0.7742226202315436,0.9123020236586277,0.03574327110777885,200,percentile
PCE-revised,age_group,40-49,brier,0.003531334412549622,0.0022133490572053376,0.004759496700195681,0.0006967203424715949,200,percentile
PCE-revised,age_group,40-49,scaled_brier,-0.3792890583354085,-1.0038060531513053,-0.20814914678334506,0.24044640600672956,200,percentile
PCE-revised,age_group,40-49,pct_flagged_7.5,0.04742756257113584,0.04174826969689552,0.0535103599059112,0.0032086985633931037,200,percentile
PCE-revised,age_group,40-49,TPR_7.5,0.317224583567128,0.0976894981341158,0.7185240382020458,0.15267953971714618,200,percentile
PCE-revised,age_group,40-49,FPR_7.5,0.04688579708065476,0.04110836008079645,0.052550616410287194,0.003171343399866492,200,percentile
PCE-revised,age_group,40-49,pct_flagged_20,0.002797566483160502,0.0015108335187020508,0.00408477164011001,0.0007120787759787862,200,percentile
PCE-revised,age_group,40-49,TPR_20,0.0,0.0,0.0,0.0,200,percentile
PCE-revised,age_group,40-49,FPR_20,0.0028090544962096164,0.0015186972215298902,0.004112487686627442,0.0007145046591156988,200,percentile
PCE-revised,age_group,40-49,rel_OE,0.9535715854563708,0.46104336887096087,1.4222294777420836,0.2651414512311242,200,percentile
PCE-revised,age_group,50-59,n,4853.0,2352.9,2546.1,51.50544660665275,200,percentile
PCE-revised,age_group,50-59,events,32.0,11.0,21.025000000000006,2.8720801209411855,200,percentile
PCE-revised,age_group,50-59,observed,0.005256059623114469,0.0029391966820478017,0.0075929686436780755,0.0012005674656899838,200,percentile
PCE-revised,age_group,50-59,expected,0.04694188609413334,0.044916687728792294,0.049081594254268224,0.0011960767278063349,200,percentile
PCE-revised,age_group,50-59,OE,0.11196950230279214,0.06406630898586242,0.16414465613561915,0.02559765873939982,200,percentile
PCE-revised,age_group,50-59,cal_intercept,-2.3067185069851392,-2.8785138978943996,-1.8995137331018503,0.24878093926250258,200,percentile
PCE-revised,age_group,50-59,cal_slope,0.6288698116708015,0.17672694079262719,1.0425357685032668,0.22833775445456322,200,percentile
PCE-revised,age_group,50-59,AUC,0.682541768734236,0.5605628604839039,0.80495861495566,0.07040925359903227,200,percentile
PCE-revised,age_group,50-59,brier,0.009327378476967432,0.007150514713879396,0.011412081231519048,0.0010988699840966247,200,percentile
PCE-revised,age_group,50-59,scaled_brier,-0.7839719196384611,-1.4834994910655575,-0.46326874291272163,0.26255835097854724,200,percentile
PCE-revised,age_group,50-59,pct_flagged_7.5,0.17500081404441126,0.16370851304393044,0.18571474957605597,0.00638257185922398,200,percentile
PCE-revised,age_group,50-59,TPR_7.5,0.3710695750577233,0.1781637377509849,0.6315171482554364,0.11523796366333214,200,percentile
PCE-revised,age_group,50-59,FPR_7.5,0.17398426923260435,0.16257268917349385,0.1845470554008282,0.006265778204385147,200,percentile
PCE-revised,age_group,50-59,pct_flagged_20,0.021296293473380662,0.01696794513410048,0.02592355431234946,0.0025442619058110637,200,percentile
PCE-revised,age_group,50-59,TPR_20,0.09648448548807191,0.020771702228354977,0.22544450029248253,0.05517348181267479,200,percentile
PCE-revised,age_group,50-59,FPR_20,0.020897318339491006,0.016660746031070366,0.025536806019672294,0.0024900764789524883,200,percentile
PCE-revised,age_group,50-59,rel_OE,0.926750226483043,0.6016858338291246,1.2556297975082023,0.17170835433755585,200,percentile
PCE-revised,age_group,60-69,n,4785.0,2301.9,2518.0,56.787073870679095,200,percentile
PCE-revised,age_group,60-69,events,47.0,17.0,32.0,3.8531329026947843,200,percentile
PCE-revised,age_group,60-69,observed,0.010109367250397527,0.006729859314879694,0.014142501326475543,0.0019762491375010364,200,percentile
PCE-revised,age_group,60-69,expected,0.090542360672379,0.08802200665047874,0.09331839869859508,0.001458582183872177,200,percentile
PCE-revised,age_group,60-69,OE,0.11165345342582289,0.07330466027181733,0.15604007523059882,0.02186001505787256,200,percentile
PCE-revised,age_group,60-69,cal_intercept,-2.3615369069459113,-2.789866182003919,-2.0172902753903985,0.20788501152371,200,percentile
PCE-revised,age_group,60-69,cal_slope,0.7634531974555665,0.3099813637821186,1.0821134739469158,0.21305529869177653,200,percentile
PCE-revised,age_group,60-69,AUC,0.6971909750486269,0.5836659467656189,0.7787094805850907,0.05179903676495224,200,percentile
PCE-revised,age_group,60-69,brier,0.02127223810990848,0.01855193910029035,0.024755496051398672,0.0015314268385928577,200,percentile
PCE-revised,age_group,60-69,scaled_brier,-1.1257001210067679,-1.9166148303605361,-0.7501799157973679,0.32210026908789474,200,percentile
PCE-revised,age_group,60-69,pct_flagged_7.5,0.45293479283313925,0.4323111218815272,0.4715028051482288,0.01032219039613942,200,percentile
PCE-revised,age_group,60-69,TPR_7.5,0.7981786584307845,0.5972535265512627,0.934724857879976,0.08376107133431344,200,percentile
PCE-revised,age_group,60-69,FPR_7.5,0.4494253976691861,0.42744894247879245,0.46904690104042895,0.010619720844118332,200,percentile
PCE-revised,age_group,60-69,pct_flagged_20,0.09159154002161934,0.08016397388973444,0.10154572780486594,0.005441232336812674,200,percentile
PCE-revised,age_group,60-69,TPR_20,0.1946443732382318,0.03905598042018867,0.3373210753539274,0.08301948111548864,200,percentile
PCE-revised,age_group,60-69,FPR_20,0.09060972762331766,0.08031205495009335,0.09998247320535553,0.005364512062069237,200,percentile
PCE-revised,age_group,60-69,rel_OE,0.9241343501748773,0.6606414115560548,1.2158701156055167,0.14408640936153816,200,percentile
PCE-revised,age_group,70-79,n,2853.0,1368.875,1513.075,37.10977874350586,200,percentile
PCE-revised,age_group,70-79,events,86.0,33.975,53.0,4.745563916377285,200,percentile
PCE-revised,age_group,70-79,observed,0.022824554760039518,0.016880561623969774,0.028842584685122408,0.0032874809807074672,200,percentile
PCE-revised,age_group,70-79,expected,0.16253521714288308,0.15815311703038615,0.16666980690682592,0.002280709843009959,200,percentile
PCE-revised,age_group,70-79,OE,0.1404283647646324,0.10399268786415447,0.1774910031062351,0.02006499301048245,200,percentile
PCE-revised,age_group,70-79,cal_intercept,-2.221921947856779,-2.54608758722188,-1.9826967950406473,0.15304984092572946,200,percentile
PCE-revised,age_group,70-79,cal_slope,0.9485355277782566,0.5767341159229752,1.2916938216536342,0.16943229926190587,200,percentile
PCE-revised,age_group,70-79,AUC,0.7104429853770756,0.6345964902896485,0.77602559383477,0.03431030266624071,200,percentile
PCE-revised,age_group,70-79,brier,0.04929827903308264,0.045641862243537716,0.05296247901867235,0.0021361674991860176,200,percentile
PCE-revised,age_group,70-79,scaled_brier,-1.2103288831490944,-1.7943783584577577,-0.8544614106500265,0.2584654694889059,200,percentile
PCE-revised,age_group,70-79,pct_flagged_7.5,0.7994372386236549,0.7855449316919999,0.8154646008429653,0.008010858559337234,200,percentile
PCE-revised,age_group,70-79,TPR_7.5,0.9785145086639482,0.9440012103140072,1.0,0.01758283365216118,200,percentile
PCE-revised,age_group,70-79,FPR_7.5,0.7965074148504697,0.7821664665721175,0.8131544814616761,0.00810539536326824,200,percentile
PCE-revised,age_group,70-79,pct_flagged_20,0.2790783500524733,0.26158453677482224,0.29921332116873833,0.00978262126792569,200,percentile
PCE-revised,age_group,70-79,TPR_20,0.6134539224964807,0.4598858716093044,0.744500817310263,0.0668221243713408,200,percentile
PCE-revised,age_group,70-79,FPR_20,0.2724009562293467,0.25597300357918285,0.2927745825005107,0.009852179032006924,200,percentile
PCE-revised,age_group,70-79,rel_OE,1.1622988061367954,0.8764091386633953,1.5155657982774522,0.16134805607493763,200,percentile
PCE-revised,income,PIR 1.3-3.5,n,6093.0,2941.95,3185.225,59.52340023788453,200,percentile
PCE-revised,income,PIR 1.3-3.5,events,68.0,26.975,44.0,4.9006178463926275,200,percentile
PCE-revised,income,PIR 1.3-3.5,observed,0.008886390823754045,0.006097653697838443,0.011835972319225225,0.0014911249799512529,200,percentile
PCE-revised,income,PIR 1.3-3.5,expected,0.06839578033640478,0.06574603084714896,0.0713048473353194,0.0014538183785780692,200,percentile
PCE-revised,income,PIR 1.3-3.5,OE,0.12992600976326776,0.08847454444846785,0.1729829142625837,0.021481176951516297,200,percentile
PCE-revised,income,PIR 1.3-3.5,cal_intercept,-2.216967616609,-2.6009519880745695,-1.9218487217032258,0.1748511578966801,200,percentile
PCE-revised,income,PIR 1.3-3.5,cal_slope,0.8520364212358523,0.6311370095731228,1.1755347633327415,0.14468678952235925,200,percentile
PCE-revised,income,PIR 1.3-3.5,AUC,0.7677720789143377,0.7071472231363124,0.8392101206427922,0.036548733763462626,200,percentile
PCE-revised,income,PIR 1.3-3.5,brier,0.017054938883016006,0.014574844934132606,0.0194134220656749,0.0012686445390778657,200,percentile
PCE-revised,income,PIR 1.3-3.5,scaled_brier,-0.936427841803882,-1.4387899111008757,-0.6449482526958661,0.21736711579096107,200,percentile
PCE-revised,income,PIR 1.3-3.5,pct_flagged_7.5,0.30910620061281624,0.2944587511616652,0.3243346709093964,0.007623073507222695,200,percentile
PCE-revised,income,PIR 1.3-3.5,TPR_7.5,0.6873734637529242,0.5297905594706702,0.8601641661763824,0.08819672631061208,200,percentile
PCE-revised,income,PIR 1.3-3.5,FPR_7.5,0.305776617272909,0.29233604098309174,0.31980558223347566,0.007383775181281127,200,percentile
PCE-revised,income,PIR 1.3-3.5,pct_flagged_20,0.07104642569055745,0.06470064243906354,0.07820465985685503,0.003670460831462361,200,percentile
PCE-revised,income,PIR 1.3-3.5,TPR_20,0.29440423707283636,0.18847277596639908,0.4438952212484135,0.06897167475139883,200,percentile
PCE-revised,income,PIR 1.3-3.5,FPR_20,0.06921361215640424,0.06251981742656995,0.07580472214279758,0.003582613662639787,200,percentile
PCE-revised,income,PIR 1.3-3.5,rel_OE,1.0753728157916789,0.8192336956052487,1.36610020654779,0.14835404309251823,200,percentile
PCE-revised,income,PIR<1.3,n,4506.0,2136.95,2412.2,74.19791390016076,200,percentile
PCE-revised,income,PIR<1.3,events,78.0,31.0,47.0,4.1582242779495004,200,percentile
PCE-revised,income,PIR<1.3,observed,0.015298893676155044,0.01089733097823048,0.019734087528471198,0.002506415583655011,200,percentile
PCE-revised,income,PIR<1.3,expected,0.07365941066235723,0.06986195548559376,0.07702939475970369,0.001833804355511459,200,percentile
PCE-revised,income,PIR<1.3,OE,0.20769774749193537,0.1465026107135098,0.26847104207128764,0.033424001462568825,200,percentile
PCE-revised,income,PIR<1.3,cal_intercept,-1.7666937827289915,-2.151505189650016,-1.4980734597349663,0.1761145677124672,200,percentile
PCE-revised,income,PIR<1.3,cal_slope,0.7748785802583066,0.6256172925672183,0.9474912708404761,0.0866686254062613,200,percentile
PCE-revised,income,PIR<1.3,AUC,0.7710308713299993,0.7239970758342297,0.8149146222790183,0.022656269614624813,200,percentile
PCE-revised,income,PIR<1.3,brier,0.023867801105130336,0.02019837583396959,0.027641349312304577,0.002096618863257421,200,percentile
PCE-revised,income,PIR<1.3,scaled_brier,-0.5843384344551055,-0.9443075108428179,-0.3871736107481884,0.15958970446259557,200,percentile
PCE-revised,income,PIR<1.3,pct_flagged_7.5,0.3113696650512027,0.29538869524666084,0.3262215199506656,0.008045657003045107,200,percentile
PCE-revised,income,PIR<1.3,TPR_7.5,0.7218619933594972,0.5808792568628781,0.8549476594535593,0.0743210995646783,200,percentile
PCE-revised,income,PIR<1.3,FPR_7.5,0.3051747090744676,0.2897703780389006,0.32135889222028385,0.008068118531974934,200,percentile
PCE-revised,income,PIR<1.3,pct_flagged_20,0.08696508800656626,0.07619239310192578,0.09716615056866001,0.0055300291726033115,200,percentile
PCE-revised,income,PIR<1.3,TPR_20,0.3124819651457272,0.1878711143275403,0.46510703047200075,0.0652612589010766,200,percentile
PCE-revised,income,PIR<1.3,FPR_20,0.08368566559808785,0.07254003553056244,0.09362804283039114,0.005603247652755293,200,percentile
PCE-revised,income,PIR<1.3,rel_OE,1.7190746638102103,1.3033994904371702,2.192234925123817,0.23208512289237482,200,percentile
PCE-revised,income,PIR>3.5,n,6387.0,3056.325,3399.025,100.26195639173167,200,percentile
PCE-revised,income,PIR>3.5,events,24.0,7.0,17.0,2.654847656721948,200,percentile
PCE-revised,income,PIR>3.5,observed,0.0035296881220717473,0.0018313679997801306,0.005194860954661932,0.0008172376681171629,200,percentile
PCE-revised,income,PIR>3.5,expected,0.046474099018565335,0.04458140726174167,0.04835621290942284,0.0009872633243037888,200,percentile
PCE-revised,income,PIR>3.5,OE,0.07594957614265352,0.03940023641560131,0.11104003796961916,0.017843969735328695,200,percentile
PCE-revised,income,PIR>3.5,cal_intercept,-2.717800915899955,-3.3875221727644442,-2.3396220138065247,0.25720202993590136,200,percentile
PCE-revised,income,PIR>3.5,cal_slope,0.9087712695741713,0.46804554293629447,1.4543073658855348,0.2729834282352365,200,percentile
PCE-revised,income,PIR>3.5,AUC,0.7768716533175404,0.6448211703236557,0.9129551973927521,0.06946496457387238,200,percentile
PCE-revised,income,PIR>3.5,brier,0.008363970884501522,0.007070977682889486,0.009626302538848457,0.000643751479653259,200,percentile
PCE-revised,income,PIR>3.5,scaled_brier,-1.3779998051385216,-2.9795962301997863,-0.834735302286553,0.5019188491609252,200,percentile
PCE-revised,income,PIR>3.5,pct_flagged_7.5,0.18419366138337886,0.1714435774145661,0.19607434506637758,0.006413933225331261,200,percentile
PCE-revised,income,PIR>3.5,TPR_7.5,0.675307142616769,0.4120760522833702,0.9447902346861019,0.1291548838077942,200,percentile
PCE-revised,income,PIR>3.5,FPR_7.5,0.18265547977863125,0.16957703132334218,0.194497917699706,0.0064539891872256215,200,percentile
PCE-revised,income,PIR>3.5,pct_flagged_20,0.034577371572577925,0.02952985139990361,0.040056496683737314,0.0026848137606867895,200,percentile
PCE-revised,income,PIR>3.5,TPR_20,0.25251767712216844,0.0,0.4660430406246614,0.12398308804538986,200,percentile
PCE-revised,income,PIR>3.5,FPR_20,0.03382155818061297,0.028621450648047574,0.03895082223742556,0.0026746195402089605,200,percentile
PCE-revised,income,PIR>3.5,rel_OE,0.628620163918868,0.36647991913408867,0.8840267180311285,0.12112368206823765,200,percentile
PCE-revised,education,<HS,n,5308.0,2530.875,2839.0,76.97219216596447,200,percentile
PCE-revised,education,<HS,events,86.0,33.0,51.025000000000006,4.5226148659962915,200,percentile
PCE-revised,education,<HS,observed,0.013345028923801577,0.009175460431664213,0.01706638628472439,0.002048273475880992,200,percentile
PCE-revised,education,<HS,expected,0.08303994582846329,0.07942267144933814,0.0862839827249942,0.001772799577376656,200,percentile
PCE-revised,education,<HS,OE,0.16070613715679175,0.11227128597536565,0.20110699634721466,0.023706692137255476,200,percentile
PCE-revised,education,<HS,cal_intercept,-2.0330343128679633,-2.4003902175965046,-1.7899080926906512,0.15621130747640397,200,percentile
PCE-revised,education,<HS,cal_slope,0.8771742919430207,0.6967094567967422,1.1137322761171013,0.11276364807287163,200,percentile
PCE-revised,education,<HS,AUC,0.7803651427527966,0.7350743745034909,0.831572360893524,0.026032083345671576,200,percentile
PCE-revised,education,<HS,brier,0.023861983425485296,0.02016579571234902,0.0267952936836324,0.0017529780299526247,200,percentile
PCE-revised,education,<HS,scaled_brier,-0.812265037124098,-1.254330135992459,-0.557652893671347,0.17505911305862318,200,percentile
PCE-revised,education,<HS,pct_flagged_7.5,0.37370713429060953,0.3577030467486933,0.38996633025109656,0.008540096175350958,200,percentile
PCE-revised,education,<HS,TPR_7.5,0.8099270497774331,0.7042821163319891,0.8948388866400431,0.05042536809412989,200,percentile
PCE-revised,education,<HS,FPR_7.5,0.3678169425723744,0.35185792751430134,0.3839223104261002,0.00848459829407022,200,percentile
PCE-revised,education,<HS,pct_flagged_20,0.10610092363844993,0.09560372656508698,0.1159025068022628,0.005418653626456901,200,percentile
PCE-revised,education,<HS,TPR_20,0.39345685409477527,0.2560990798567934,0.5505336440771583,0.07618139621177498,200,percentile
PCE-revised,education,<HS,FPR_20,0.10231850947613888,0.09231755871830259,0.11145923985662548,0.0051974838443238315,200,percentile
PCE-revised,education,<HS,rel_OE,1.3301340627961136,1.0010232466221645,1.6581108026690823,0.16922772869598302,200,percentile
PCE-revised,education,College+,n,4141.0,1949.775,2219.025,71.40429445300651,200,percentile
PCE-revised,education,College+,events,22.0,6.0,16.0,2.446698113436036,200,percentile
PCE-revised,education,College+,observed,0.004027443647182348,0.0018968958386931085,0.006163630045642492,0.0011062539242685837,200,percentile
PCE-revised,education,College+,expected,0.0428321414729883,0.040651000223468584,0.04489282333537074,0.0010792438692525364,200,percentile
PCE-revised,education,College+,OE,0.0940285381183245,0.0435128419066947,0.14329400419945762,0.02595662684769891,200,percentile
PCE-revised,education,College+,cal_intercept,-2.491330753969858,-3.2698474556384896,-2.065752114761187,0.31044074283327444,200,percentile
PCE-revised,education,College+,cal_slope,1.0729081948610553,0.4926397842900582,1.8461839358210757,0.3641851534120071,200,percentile
PCE-revised,education,College+,AUC,0.7917390711066076,0.6335694445388419,0.939461266138179,0.08327558425518355,200,percentile
PCE-revised,education,College+,brier,0.0077295031548999206,0.005990827573935298,0.009324659091339362,0.0008553420604164697,200,percentile
PCE-revised,education,College+,scaled_brier,-0.9269690292418287,-2.383207711417634,-0.4865795962979115,0.49392796390822163,200,percentile
PCE-revised,education,College+,pct_flagged_7.5,0.16963490434114906,0.15408393246203866,0.18544654416819017,0.008306828054575877,200,percentile
PCE-revised,education,College+,TPR_7.5,0.6986948388327714,0.4423921880976451,1.0,0.1358493162216757,200,percentile
PCE-revised,education,College+,FPR_7.5,0.1678060425197159,0.1516839832624587,0.18361107698034432,0.008489310440528895,200,percentile
PCE-revised,education,College+,pct_flagged_20,0.028586402437396616,0.023902432562711372,0.03418513533805814,0.002637204651424339,200,percentile
PCE-revised,education,College+,TPR_20,0.29866677577747686,0.077116543807837,0.5973744535542125,0.12449869885563349,200,percentile
PCE-revised,education,College+,FPR_20,0.02745260156250472,0.022728988285584274,0.03290198445096975,0.002574789027501124,200,percentile
PCE-revised,education,College+,rel_OE,0.7782562859070034,0.39197843331550336,1.1850415258595814,0.19733010999775538,200,percentile
PCE-revised,education,HS/GED,n,4214.0,2032.95,2229.125,55.42173076696568,200,percentile
PCE-revised,education,HS/GED,events,38.0,13.0,25.0,3.2118460071848633,200,percentile
PCE-revised,education,HS/GED,observed,0.006604142168953903,0.0031713692739783854,0.00959034263445987,0.001551995152325472,200,percentile
PCE-revised,education,HS/GED,expected,0.06546683681799563,0.06265294982233413,0.0687553295052004,0.0015410914903609514,200,percentile
PCE-revised,education,HS/GED,OE,0.10087767318457865,0.04836567491256373,0.14995686608602268,0.02394462255183802,200,percentile
PCE-revised,education,HS/GED,cal_intercept,-2.4831228946350503,-3.253951892576152,-2.058129615123373,0.2798146891724325,200,percentile
PCE-revised,education,HS/GED,cal_slope,0.8511339292411851,0.6042703453141698,1.1947825869737556,0.15061347983003517,200,percentile
PCE-revised,education,HS/GED,AUC,0.7916741722354881,0.7193469249081458,0.8767341156195981,0.044883532526488946,200,percentile
PCE-revised,education,HS/GED,brier,0.015216808012623326,0.012831797728233814,0.01745643337626226,0.0012028118342324397,200,percentile
PCE-revised,education,HS/GED,scaled_brier,-1.3194488659980732,-3.1491076167539775,-0.801670929043812,0.5651007208525968,200,percentile
PCE-revised,education,HS/GED,pct_flagged_7.5,0.27852391721709663,0.26367677275088325,0.2933764162129379,0.00793526409782753,200,percentile
PCE-revised,education,HS/GED,TPR_7.5,0.6753657084460001,0.4770165018806873,0.9309783331525245,0.1324925623509335,200,percentile
PCE-revised,education,HS/GED,FPR_7.5,0.2757390240377755,0.2607488743537301,0.2902538491911234,0.007888186948583207,200,percentile
PCE-revised,education,HS/GED,pct_flagged_20,0.06547073963941924,0.05875651782684282,0.07247573838635937,0.0038705609969001873,200,percentile
PCE-revised,education,HS/GED,TPR_20,0.2665100702491324,0.10827880017074021,0.4781571771083475,0.09216325128210773,200,percentile
PCE-revised,education,HS/GED,FPR_20,0.06432581664211673,0.05791353344680727,0.07202782619456714,0.0038696054371107663,200,percentile
PCE-revised,education,HS/GED,rel_OE,0.8349452712406972,0.4808262727850993,1.0983178908392688,0.17329337826093721,200,percentile
PCE-revised,education,Some college,n,4833.0,2332.975,2539.125,55.33961932771744,200,percentile
PCE-revised,education,Some college,events,37.0,12.0,24.025000000000006,3.2807915149890454,200,percentile
PCE-revised,education,Some college,observed,0.0067594161332692965,0.0037287246881860655,0.009373953083479427,0.0014716190150646448,200,percentile
PCE-revised,education,Some college,expected,0.05420512821272886,0.05212976788115536,0.0567128204541373,0.0011895819068142516,200,percentile
PCE-revised,education,Some college,OE,0.12470067604566608,0.06948201302494543,0.1704180450772576,0.026491944287065784,200,percentile
PCE-revised,education,Some college,cal_intercept,-2.2278223005152498,-2.8178954353370402,-1.9060695853512388,0.23506484103322392,200,percentile
PCE-revised,education,Some college,cal_slope,0.7189447594935867,0.47647984193970444,1.0038524506616249,0.15179565049324134,200,percentile
PCE-revised,education,Some college,AUC,0.7436332524157447,0.6641106652903893,0.8231853647105546,0.04291757357950553,200,percentile
PCE-revised,education,Some college,brier,0.012676686926308708,0.009974546376046936,0.015114797739098386,0.0013424919333794136,200,percentile
PCE-revised,education,Some college,scaled_brier,-0.8881744832040188,-1.6846174679393764,-0.6159093123350228,0.28105617609338923,200,percentile
PCE-revised,education,Some college,pct_flagged_7.5,0.22800143263376418,0.21485132673239188,0.24360818439349027,0.006911276109240877,200,percentile
PCE-revised,education,Some college,TPR_7.5,0.5654083006844535,0.35458275284191626,0.7881502396220982,0.11556329819112271,200,percentile
PCE-revised,education,Some college,FPR_7.5,0.2260618281618391,0.2131159616727156,0.2399665137091939,0.006717135969192983,200,percentile
PCE-revised,education,Some college,pct_flagged_20,0.045435078175413667,0.039275866199669884,0.051552856776334414,0.00306662959561362,200,percentile
PCE-revised,education,Some college,TPR_20,0.1712390957033287,0.026907696965386287,0.3570579523349922,0.0906277518362118,200,percentile
PCE-revised,education,Some college,FPR_20,0.044766750408461696,0.03907401285668789,0.0500871768613225,0.0028646491299977404,200,percentile
PCE-revised,education,Some college,rel_OE,1.032123724685233,0.6297428014391161,1.3747815249124604,0.1930206643528144,200,percentile
PCE-revised,sex,GAP(max-min),OE,0.002170324484558714,0.0,0.0032532949933029532,0.015347183950726354,200,basic
PCE-revised,sex,GAP(max-min),AUC,0.0455302625815569,0.0,0.08767863121446687,0.03905120942976186,200,basic
PCE-revised,sex,GAP(max-min),cal_slope,0.04628396519335298,0.0,0.08474240009648165,0.10518322884826826,200,basic
PCE-revised,sex,GAP(max-min),TPR_7.5,0.20529997252530174,0.008371692064504332,0.3984323846988219,0.09823242967955857,200,basic
PCE-revised,sex,GAP(max-min),FPR_7.5,0.19814109300695257,0.18621769457366927,0.21212214617840133,0.007015507251241508,200,basic
PCE-revised,sex,GAP(max-min),pct_flagged_7.5,0.1998328669577203,0.1882482885264641,0.21522324492566522,0.007150413208411798,200,basic
PCE-revised,sex,GAP(max/min),OE,1.018084636057663,1.0,1.027521726585189,0.1710317485192587,200,basic
PCE-revised,race,GAP(max-min),OE,0.07660676056462501,0.0,0.1327071570261284,0.03453556005049487,200,basic
PCE-revised,race,GAP(max-min),AUC,0.07297078569394488,0.0,0.12366332723935121,0.04965322802038116,200,basic
PCE-revised,race,GAP(max-min),cal_slope,0.34333492537632926,0.0,0.6049237227121252,0.2022327731863538,200,basic
PCE-revised,race,GAP(max-min),TPR_7.5,0.13270856285462262,0.0,0.24288090173285123,0.09746825190135831,200,basic
PCE-revised,race,GAP(max-min),FPR_7.5,0.10518939078830172,0.08304458671091847,0.1301731806694218,0.01264757488572825,200,basic
PCE-revised,race,GAP(max-min),pct_flagged_7.5,0.10793592674593872,0.08480693831513533,0.1330697361695001,0.01255318673405545,200,basic
PCE-revised,race,GAP(max/min),OE,1.7238963298308296,1.0,2.276920517646226,0.5593668587822277,200,basic
PCE-revised,age_group,GAP(max-min),OE,0.028774911338809522,0.0,0.0458388468126996,0.023819372703521923,200,basic
PCE-revised,age_group,GAP(max-min),AUC,0.16119922947192733,0.02787350497474661,0.2920625102741407,0.0762906989366358,200,basic
PCE-revised,age_group,GAP(max-min),cal_slope,0.5394526233718621,0.008726443942145945,0.9640365254644854,0.26739917357613197,200,basic
PCE-revised,age_group,GAP(max-min),TPR_7.5,0.6612899250968202,0.45111016652842273,0.9343308585559489,0.12323916294036336,200,basic
PCE-revised,age_group,GAP(max-min),FPR_7.5,0.749621617769815,0.733642705997177,0.894504332064039,0.06343965090765381,200,basic
PCE-revised,age_group,GAP(max-min),pct_flagged_7.5,0.752009676052519,0.7367866124714028,0.8973977229715568,0.06398647249591632,200,basic
PCE-revised,age_group,GAP(max/min),OE,1.2577162681128011,1.0,1.4104910709967104,0.3574996472240703,200,basic
PCE-revised,income,GAP(max-min),OE,0.13174817134928185,0.08021984266571214,0.22773966604724802,0.03910545351866265,200,basic
PCE-revised,income,GAP(max-min),AUC,0.009099574403202637,0.0,0.013519315163402424,0.04050809376734699,200,basic
PCE-revised,income,GAP(max-min),cal_slope,0.13389268931586473,0.0,0.2354443342421247,0.18643976002337745,200,basic
PCE-revised,income,GAP(max-min),TPR_7.5,0.04655485074272814,0.0,0.07384114344144795,0.09376092781152,200,basic
PCE-revised,income,GAP(max-min),FPR_7.5,0.12312113749427775,0.10474205677750342,0.24461016602196786,0.04648915985815018,200,basic
PCE-revised,income,GAP(max-min),pct_flagged_7.5,0.12717600366782386,0.11012077679149529,0.25171974041207607,0.047447401247388915,200,basic
PCE-revised,income,GAP(max/min),OE,2.7346794813156525,1.5768369928976909,4.242702262843093,0.6807351018251868,200,basic
PCE-revised,education,GAP(max-min),OE,0.06667759903846725,0.00962782303684502,0.10851182851367724,0.026548159715781575,200,basic
PCE-revised,education,GAP(max-min),AUC,0.048105818690862834,0.0,0.07807402246141913,0.05188531688220077,200,basic
PCE-revised,education,GAP(max-min),cal_slope,0.35396343536746855,0.0,0.6238658619849354,0.2617560222307704,200,basic
PCE-revised,education,GAP(max-min),TPR_7.5,0.24451874909297966,0.0,0.3822467906108447,0.10615202825650578,200,basic
PCE-revised,education,GAP(max-min),FPR_7.5,0.2000109000526585,0.1805792589733393,0.2689956669211091,0.027226817337033894,200,basic
PCE-revised,education,GAP(max-min),pct_flagged_7.5,0.20407222994946048,0.18452642032201122,0.27369990567622204,0.027337951754243382,200,basic
PCE-revised,education,GAP(max/min),OE,1.7091208730115626,1.0,2.2169173248371328,0.5367886695532486,200,basic
PREVENT-CVD,Overall,All,n,18511.0,9042.85,9642.175,150.16364239551265,200,percentile
PREVENT-CVD,Overall,All,events,185.0,80.0,106.025,7.204128841283243,200,percentile
PREVENT-CVD,Overall,All,observed,0.007058649758562692,0.005644956483087861,0.00857607183560686,0.0007733632523905439,200,percentile
PREVENT-CVD,Overall,All,expected,0.06830674253720091,0.0667403455756455,0.06994296164512408,0.0007629754228981002,200,percentile
PREVENT-CVD,Overall,All,OE,0.10333752564351084,0.0816801589952362,0.12561111926246257,0.011247474324933254,200,percentile
PREVENT-CVD,Overall,All,cal_intercept,-2.409372661717694,-2.648215898199671,-2.2098164245853025,0.1114199114793314,200,percentile
PREVENT-CVD,Overall,All,cal_slope,1.1919490273664186,0.9365048053076027,1.5047603232939737,0.15009138338321254,200,percentile
PREVENT-CVD,Overall,All,AUC,0.7943691574844558,0.7473724731058391,0.8443909797864408,0.026583477810485725,200,percentile
PREVENT-CVD,Overall,All,brier,0.013912575539039814,0.012839047123180592,0.015023566731727866,0.0005884702217055516,200,percentile
PREVENT-CVD,Overall,All,scaled_brier,-0.985008200101009,-1.3357178317459832,-0.7585847074415207,0.14497489644716255,200,percentile
PREVENT-CVD,Overall,All,pct_flagged_7.5,0.3126117793769472,0.3020563068617834,0.32239959340071467,0.004999871104942821,200,percentile
PREVENT-CVD,Overall,All,TPR_7.5,0.7393920171069551,0.6466059194144553,0.8316369510542648,0.04871690347158092,200,percentile
PREVENT-CVD,Overall,All,FPR_7.5,0.3095268135829257,0.2996101596230115,0.319942875093074,0.004942231230038454,200,percentile
PREVENT-CVD,Overall,All,pct_flagged_20,0.06215579137725939,0.057618723746539285,0.06586471449694356,0.002028860320280085,200,percentile
PREVENT-CVD,Overall,All,TPR_20,0.33818427779423255,0.24436418468864823,0.44496816540361733,0.049807103457715614,200,percentile
PREVENT-CVD,Overall,All,FPR_20,0.06022112056429303,0.05588967624762961,0.06382899219461997,0.0020487112500072167,200,percentile
PREVENT-CVD,Overall,All,rel_OE,1.0,1.0,1.0,0.0,200,percentile
PREVENT-CVD,sex,Female,n,9527.0,4643.95,4978.3,85.12720307585363,200,percentile
PREVENT-CVD,sex,Female,events,73.0,28.975,45.0,4.05242033268562,200,percentile
PREVENT-CVD,sex,Female,observed,0.00495433887458683,0.003458059308126401,0.0064024979972890595,0.0007281744237619684,200,percentile
PREVENT-CVD,sex,Female,expected,0.061223672575633374,0.059475810653897544,0.0631129979698988,0.0009236364596573382,200,percentile
PREVENT-CVD,sex,Female,OE,0.08092194842552822,0.05670458175172901,0.10351680029428,0.01175222558867761,200,percentile
PREVENT-CVD,sex,Female,cal_intercept,-2.651494256323388,-3.006127148454873,-2.4027615442753314,0.14955640541091822,200,percentile
PREVENT-CVD,sex,Female,cal_slope,1.3071562883066443,0.8171967310696172,1.8897384706552223,0.2762432067593854,200,percentile
PREVENT-CVD,sex,Female,AUC,0.8165229999850656,0.7197454337903542,0.8959896857680106,0.04602898305007209,200,percentile
PREVENT-CVD,sex,Female,brier,0.011129905214116186,0.01021040943089371,0.012338888183929742,0.0005329790670610638,200,percentile
PREVENT-CVD,sex,Female,scaled_brier,-1.2576818760961528,-1.9773753840952222,-0.8914439275728073,0.2595255414862123,200,percentile
PREVENT-CVD,sex,Female,pct_flagged_7.5,0.27879166532110716,0.2675647983801385,0.29248872947734816,0.006097246311376741,200,percentile
PREVENT-CVD,sex,Female,TPR_7.5,0.7536751231368695,0.6201646690066159,0.8780112625212022,0.07290166556960474,200,percentile
PREVENT-CVD,sex,Female,FPR_7.5,0.2760247908305437,0.26439596237827334,0.2895999689882912,0.006053929355116845,200,percentile
PREVENT-CVD,sex,Female,pct_flagged_20,0.05118797546217702,0.04629067411441086,0.0560255577221028,0.0023876684388411747,200,percentile
PREVENT-CVD,sex,Female,TPR_20,0.4254408107811573,0.21078198932583217,0.5816580954966614,0.09699845635213046,200,percentile
PREVENT-CVD,sex,Female,FPR_20,0.04928669244315578,0.04487710317089378,0.05375625996983463,0.0023353075319414735,200,percentile
PREVENT-CVD,sex,Female,rel_OE,0.7830838596299385,0.6016195077843955,1.0101277865242384,0.10678876060110089,200,percentile
PREVENT-CVD,sex,Male,n,8984.0,4368.6,4676.025,74.56247186792626,200,percentile
PREVENT-CVD,sex,Male,events,112.0,45.0,67.025,6.1528254734335395,200,percentile
PREVENT-CVD,sex,Male,observed,0.009398629394121427,0.006701938597085476,0.012460564230645595,0.0014068879366879,200,percentile
PREVENT-CVD,sex,Male,expected,0.07619003203761798,0.07422369449251837,0.07787423424875459,0.000940075800674526,200,percentile
PREVENT-CVD,sex,Male,OE,0.12335772991250296,0.0873408883371771,0.1619572546249254,0.018577473173959188,200,percentile
PREVENT-CVD,sex,Male,cal_intercept,-2.23412272652311,-2.5863685210535943,-1.9534772082001253,0.15861987583307227,200,percentile
PREVENT-CVD,sex,Male,cal_slope,1.1008135564687715,0.8223990110449652,1.492868311178265,0.17373929427459725,200,percentile
PREVENT-CVD,sex,Male,AUC,0.7667829917237982,0.7072586672052575,0.8341726982739944,0.03411270608270443,200,percentile
PREVENT-CVD,sex,Male,brier,0.01700688633806602,0.015048109854938855,0.019318374134623555,0.0010581247693498654,200,percentile
PREVENT-CVD,sex,Male,scaled_brier,-0.8266753144199681,-1.2509772221495665,-0.5671614885293438,0.17993661212278866,200,percentile
PREVENT-CVD,sex,Male,pct_flagged_7.5,0.35025276718109805,0.3366325837584701,0.3627328710543437,0.006749647870071791,200,percentile
PREVENT-CVD,sex,Male,TPR_7.5,0.731019693227324,0.5978553328933917,0.8808425492923724,0.0695198542104092,200,percentile
PREVENT-CVD,sex,Male,FPR_7.5,0.3469479775061382,0.33342027981643896,0.3601762355188433,0.006734361757353125,200,percentile
PREVENT-CVD,sex,Male,pct_flagged_20,0.07436271133075671,0.06860220774557778,0.07975846973939917,0.0029842714349503406,200,percentile
PREVENT-CVD,sex,Male,TPR_20,0.28703714262278074,0.2117390149154782,0.4009731885818558,0.05197657562570262,200,percentile
PREVENT-CVD,sex,Male,FPR_20,0.07243468241851175,0.06618418493567237,0.07797674139255785,0.003012997425789953,200,percentile
PREVENT-CVD,sex,Male,rel_OE,1.1937360522648561,0.9911220441692786,1.3615904204939464,0.09597987011944116,200,percentile
PREVENT-CVD,race,Mexican American,n,3402.0,1453.0,1918.05,124.43597281999403,200,percentile
PREVENT-CVD,race,Mexican American,events,29.0,8.0,20.0,3.173219438998854,200,percentile
PREVENT-CVD,race,Mexican American,observed,0.00585160301417802,0.0029088099100715538,0.008772496105491944,0.0015815212678945167,200,percentile
PREVENT-CVD,race,Mexican American,expected,0.0624308007495974,0.05872796033742807,0.06530690103642652,0.0017663756275090854,200,percentile
PREVENT-CVD,race,Mexican American,OE,0.09372942432130756,0.04725044402237003,0.14029852799897255,0.025040331407082266,200,percentile
PREVENT-CVD,race,Mexican American,cal_intercept,-2.510279929089776,-3.200809523286196,-2.094003059682155,0.2980546964650948,200,percentile
PREVENT-CVD,race,Mexican American,cal_slope,0.9107341446830368,0.5817853078096149,1.4265742116125713,0.2184452683342766,200,percentile
PREVENT-CVD,race,Mexican American,AUC,0.7738344571076234,0.694034726887974,0.8863474560662733,0.05195215250234295,200,percentile
PREVENT-CVD,race,Mexican American,brier,0.012729847354958771,0.009885981332567318,0.015253136919526565,0.0013856811052250643,200,percentile
PREVENT-CVD,race,Mexican American,scaled_brier,-1.188250944009082,-2.487244970637537,-0.7235630641220693,0.49663649137197197,200,percentile
PREVENT-CVD,race,Mexican American,pct_flagged_7.5,0.2744539219368997,0.25066678947883436,0.2914457068752583,0.010630386305615797,200,percentile
PREVENT-CVD,race,Mexican American,TPR_7.5,0.7082873576036357,0.49055740346226684,1.0,0.12419267733404261,200,percentile
PREVENT-CVD,race,Mexican American,FPR_7.5,0.2709644162143591,0.24707116261859505,0.28773408108229104,0.01037073771678689,200,percentile
PREVENT-CVD,race,Mexican American,pct_flagged_20,0.05318993570782667,0.044525101061299636,0.06046380952579312,0.003973157650407308,200,percentile
PREVENT-CVD,race,Mexican American,TPR_20,0.1613859878294906,0.02014094758055455,0.36110943646153165,0.09067778290456387,200,percentile
PREVENT-CVD,race,Mexican American,FPR_20,0.05204839840406182,0.04376323659388593,0.05944569036443484,0.003958973009057637,200,percentile
PREVENT-CVD,race,Mexican American,rel_OE,0.907022146481919,0.4597050284333582,1.401806749810347,0.2536444621771138,200,percentile
PREVENT-CVD,race,NH Black,n,3771.0,1715.925,2075.775,97.26591226345542,200,percentile
PREVENT-CVD,race,NH Black,events,59.0,21.975,39.0,4.548673118138782,200,percentile
PREVENT-CVD,race,NH Black,observed,0.013577366759849318,0.009621913306319306,0.01740271100552537,0.0019254969734894337,200,percentile
PREVENT-CVD,race,NH Black,expected,0.07677072772643816,0.07369432159922797,0.07969398730344386,0.0014863251786907223,200,percentile
PREVENT-CVD,race,NH Black,OE,0.17685603825758148,0.12645936263000288,0.22949707920972942,0.024234586572218057,200,percentile
PREVENT-CVD,race,NH Black,cal_intercept,-1.8885941865353724,-2.229472558164528,-1.6170515662414418,0.14386665814718108,200,percentile
PREVENT-CVD,race,NH Black,cal_slope,1.3236689115435605,1.0326160149241808,1.6968274668048096,0.19741270515441245,200,percentile
PREVENT-CVD,race,NH Black,AUC,0.8352311390243187,0.7786192253524231,0.8945268326359737,0.03161545334840209,200,percentile
PREVENT-CVD,race,NH Black,brier,0.020191824538003916,0.017204261785189107,0.023110053335792337,0.0015209362265658196,200,percentile
PREVENT-CVD,race,NH Black,scaled_brier,-0.5076376885968612,-0.8317212275138635,-0.32558797471937856,0.1203665814939625,200,percentile
PREVENT-CVD,race,NH Black,pct_flagged_7.5,0.3480557829369793,0.3313178996221756,0.366290495392529,0.009367180671616909,200,percentile
PREVENT-CVD,race,NH Black,TPR_7.5,0.8059054982103261,0.7002622947909103,0.9227018665202791,0.059077768311606466,200,percentile
PREVENT-CVD,race,NH Black,FPR_7.5,0.3421957050300218,0.32456256055589255,0.35853922617029815,0.009375774894799703,200,percentile
PREVENT-CVD,race,NH Black,pct_flagged_20,0.08684132801318586,0.07760952793341086,0.09712444490374346,0.004891679375885639,200,percentile
PREVENT-CVD,race,NH Black,TPR_20,0.4722401957798725,0.32069589195430637,0.6368857743871943,0.08227460136693956,200,percentile
PREVENT-CVD,race,NH Black,FPR_20,0.08187984232938875,0.0724940545069959,0.09189329629356048,0.004822815056896526,200,percentile
PREVENT-CVD,race,NH Black,rel_OE,1.7114406132356168,1.2416595387727456,2.398498856370836,0.28435174159331156,200,percentile
PREVENT-CVD,race,NH White,n,8634.0,4016.35,4657.025,178.93987641624005,200,percentile
PREVENT-CVD,race,NH White,events,82.0,30.975,52.0,5.228523913262499,200,percentile
PREVENT-CVD,race,NH White,observed,0.006613868217302638,0.004815998124406924,0.008448335401856716,0.0009701259634394466,200,percentile
PREVENT-CVD,race,NH White,expected,0.06816327383176453,0.0662846536764416,0.07003336910448742,0.0009486726504761264,200,percentile
PREVENT-CVD,race,NH White,OE,0.09702979105179851,0.06881302426909153,0.1225957322077334,0.01410167741622329,200,percentile
PREVENT-CVD,race,NH White,cal_intercept,-2.4693913900062037,-2.8171791351791873,-2.2334473436003996,0.15090951123199153,200,percentile
PREVENT-CVD,race,NH White,cal_slope,1.2183641120476587,0.8785578286238678,1.6388991054459112,0.20225080183439667,200,percentile
PREVENT-CVD,race,NH White,AUC,0.7938871964759304,0.733820007065244,0.8576324605511695,0.03314236054283056,200,percentile
PREVENT-CVD,race,NH White,brier,0.013457550932670531,0.012016999364525757,0.014884159018111687,0.0007573093942978156,200,percentile
PREVENT-CVD,race,NH White,scaled_brier,-1.04829451576204,-1.5885284323290458,-0.7688118929171106,0.20876183171404175,200,percentile
PREVENT-CVD,race,NH White,pct_flagged_7.5,0.31232986635697935,0.3006577924247599,0.32450050074179804,0.006332100536066755,200,percentile
PREVENT-CVD,race,NH White,TPR_7.5,0.7247250724606563,0.5972405876171221,0.8520808375488222,0.06648188863857632,200,percentile
PREVENT-CVD,race,NH White,FPR_7.5,0.30950352617964005,0.29825873344319104,0.3214941734460037,0.0062670888414408975,200,percentile
PREVENT-CVD,race,NH White,pct_flagged_20,0.06139832996951483,0.05536878967795668,0.06620207580598925,0.002570080136511249,200,percentile
PREVENT-CVD,race,NH White,TPR_20,0.3258833446816347,0.19455487018731749,0.450253569126076,0.06975470108037893,200,percentile
PREVENT-CVD,race,NH White,FPR_20,0.059696548455792704,0.05418723329835239,0.06483852884041143,0.0025872831359645236,200,percentile
PREVENT-CVD,race,NH White,rel_OE,0.9389598836198917,0.8283521596809738,1.0300503307284057,0.05547755698141787,200,percentile
PREVENT-CVD,race,Other Hispanic,n,1471.0,615.95,881.325,69.82482586109803,200,percentile
PREVENT-CVD,race,Other Hispanic,events,6.0,1.0,6.0,1.409862960659367,200,percentile
PREVENT-CVD,race,Other Hispanic,observed,0.0022833153649808487,0.00047788978797049783,0.00417895688473461,0.0010733920518442885,200,percentile
PREVENT-CVD,race,Other Hispanic,expected,0.0670439247941122,0.06123590844434548,0.07216689617216195,0.0028342573426363947,200,percentile
PREVENT-CVD,race,Other Hispanic,OE,0.03405700623871247,0.006957516929100817,0.06371796790306161,0.01614750422522997,200,percentile
PREVENT-CVD,race,Other Hispanic,cal_intercept,-3.5307686894091703,-5.132188015623908,-2.89451618679236,3.081497984124113,200,percentile
PREVENT-CVD,race,Other Hispanic,cal_slope,2.1525641315548567,1.2913141056280264,4.942316568480083,1.0016090067790482,200,percentile
PREVENT-CVD,race,Other Hispanic,AUC,0.9163560288326551,0.8211170895183733,0.9969396340500246,0.04948684176996788,196,percentile
PREVENT-CVD,race,Other Hispanic,brier,0.01019353035681966,0.008207669082315176,0.01214075042772873,0.0009762335681884792,200,percentile
PREVENT-CVD,race,Other Hispanic,scaled_brier,-3.4745718545462507,-17.45506273681365,-1.6279334686241955,4.094090072866158,196,percentile
PREVENT-CVD,race,Other Hispanic,pct_flagged_7.5,0.3242290273753575,0.2839971217643172,0.35745014394550684,0.019213411933866872,200,percentile
PREVENT-CVD,race,Other Hispanic,TPR_7.5,0.8811615263702635,0.5953856751168999,1.0,0.11697695467642988,196,percentile
PREVENT-CVD,race,Other Hispanic,FPR_7.5,0.32312228577560825,0.2825460166535934,0.35598058488967743,0.019195945786841632,200,percentile
PREVENT-CVD,race,Other Hispanic,pct_flagged_20,0.055328617522450246,0.04108896809263461,0.06890882666016074,0.007144900742185651,200,percentile
PREVENT-CVD,race,Other Hispanic,TPR_20,0.7222694119919966,0.31877197425051396,1.0,0.2081176950756494,196,percentile
PREVENT-CVD,race,Other Hispanic,FPR_20,0.053876263757429474,0.03956059067643495,0.06809996496340637,0.007200301668612539,200,percentile
PREVENT-CVD,race,Other Hispanic,rel_OE,0.32957056041965627,0.06849036849587105,0.6611892807354137,0.16312466002199502,200,percentile
PREVENT-CVD,race,Other/Multiracial,n,1233.0,536.0,705.025,45.186881351019935,200,percentile
PREVENT-CVD,race,Other/Multiracial,events,9.0,1.0,7.025000000000006,1.6642184699064875,200,percentile
PREVENT-CVD,race,Other/Multiracial,observed,0.0069298635233422876,0.0009811895941340399,0.012440049155856088,0.0030806361514186557,200,percentile
PREVENT-CVD,race,Other/Multiracial,expected,0.06263498474065735,0.05839520729153124,0.06696437555668845,0.0023430234579281135,200,percentile
PREVENT-CVD,race,Other/Multiracial,OE,0.11063886344086558,0.015126329400821032,0.2014384645676033,0.04940559478831856,200,percentile
PREVENT-CVD,race,Other/Multiracial,cal_intercept,-2.328880293040408,-4.332411725933873,-1.717181760923793,2.3425021290798167,200,percentile
PREVENT-CVD,race,Other/Multiracial,cal_slope,0.3582808626375633,-0.9455330766007857,2.0138962960468634,0.8935878555068351,200,percentile
PREVENT-CVD,race,Other/Multiracial,AUC,0.6140974772232642,0.257294668534178,0.9163530324926178,0.20984886761158966,198,percentile
PREVENT-CVD,race,Other/Multiracial,brier,0.013431163288265604,0.008380433085507837,0.018185257652357942,0.002703319774893445,200,percentile
PREVENT-CVD,race,Other/Multiracial,scaled_brier,-0.9516818588290141,-4.494404755035007,-0.4562695898900298,1.5046086519054533,198,percentile
PREVENT-CVD,race,Other/Multiracial,pct_flagged_7.5,0.2851683759355607,0.2531407774120252,0.3182601340656287,0.017020173465289352,200,percentile
PREVENT-CVD,race,Other/Multiracial,TPR_7.5,0.6893892885712779,0.2110195987643621,1.0,0.26536178510564284,198,percentile
PREVENT-CVD,race,Other/Multiracial,FPR_7.5,0.2826815819963461,0.24854273940544672,0.31486188664552217,0.017103804945793038,200,percentile
PREVENT-CVD,race,Other/Multiracial,pct_flagged_20,0.043882804448521745,0.032032771886201766,0.05710850251006792,0.0067999759976827365,200,percentile
PREVENT-CVD,race,Other/Multiracial,TPR_20,0.08620027129270726,0.0,0.34787226634014173,0.1182894238676352,198,percentile
PREVENT-CVD,race,Other/Multiracial,FPR_20,0.04320818977873126,0.03130338530290694,0.05596219003420372,0.006808606965405987,200,percentile
PREVENT-CVD,race,Other/Multiracial,rel_OE,1.0706552411806585,0.16182945841786442,2.0060393074219443,0.47502529590788306,200,percentile
PREVENT-CVD,age_group,40-49,n,6020.0,2921.95,3138.5,60.3421715164161,200,percentile
PREVENT-CVD,age_group,40-49,events,20.0,6.0,14.0,2.2349215583235353,200,percentile
PREVENT-CVD,age_group,40-49,observed,0.0025668456574225876,0.0011434078557405218,0.0038557507777777426,0.000765887741165619,200,percentile
PREVENT-CVD,age_group,40-49,expected,0.02560996379102479,0.024857587829931787,0.02659285685345859,0.0004666251826280985,200,percentile
PREVENT-CVD,age_group,40-49,OE,0.10022839853924974,0.04292881605182876,0.15222882921360908,0.029969844862589037,200,percentile
PREVENT-CVD,age_group,40-49,cal_intercept,-2.3540958171413418,-3.2102861733522783,-1.9307625597047207,0.3464115207293675,200,percentile
PREVENT-CVD,age_group,40-49,cal_slope,1.3619337256922857,0.9233616247069094,1.8487247054235103,0.23550219632905206,200,percentile
PREVENT-CVD,age_group,40-49,AUC,0.8322782302450232,0.7269537489254408,0.9462002235858324,0.059424845280760766,200,percentile
PREVENT-CVD,age_group,40-49,brier,0.0035314364579389843,0.002196591081590722,0.004774635454064094,0.0007032804335376613,200,percentile
PREVENT-CVD,age_group,40-49,scaled_brier,-0.37932891581492134,-0.9679817210185748,-0.20807879404632282,0.2435678599250861,200,percentile
PREVENT-CVD,age_group,40-49,pct_flagged_7.5,0.038014783165579866,0.03199066258668206,0.04379864893009939,0.0030665316714672645,200,percentile
PREVENT-CVD,age_group,40-49,TPR_7.5,0.3135852354939371,0.07650773415890638,0.6535012472989696,0.15027131320931916,200,percentile
PREVENT-CVD,age_group,40-49,FPR_7.5,0.03742429364913241,0.031112526158625902,0.043070203843835975,0.0030532620626190165,200,percentile
PREVENT-CVD,age_group,40-49,pct_flagged_20,0.0032966662553953045,0.0020079371008052786,0.004821741946726415,0.0007928046669995274,200,percentile
PREVENT-CVD,age_group,40-49,TPR_20,0.038575741026705294,0.0,0.15472027464880475,0.04909648765843049,200,percentile
PREVENT-CVD,age_group,40-49,FPR_20,0.0032158768758687364,0.0018430811579491534,0.004837407607789229,0.0007932296315478014,200,percentile
PREVENT-CVD,age_group,40-49,rel_OE,0.9699128938408412,0.4701418627812604,1.4566483010349363,0.2698254485533436,200,percentile
PREVENT-CVD,age_group,50-59,n,4853.0,2352.9,2546.1,51.50544660665275,200,percentile
PREVENT-CVD,age_group,50-59,events,32.0,11.0,21.025000000000006,2.8720801209411855,200,percentile
PREVENT-CVD,age_group,50-59,observed,0.005256059623114469,0.0029391966820478017,0.0075929686436780755,0.0012005674656899838,200,percentile
PREVENT-CVD,age_group,50-59,expected,0.05407922197108045,0.052548946750689954,0.055694476737938974,0.0008747913549877543,200,percentile
PREVENT-CVD,age_group,50-59,OE,0.09719184987397218,0.05515094020800487,0.1397003488542775,0.02189560626430404,200,percentile
PREVENT-CVD,age_group,50-59,cal_intercept,-2.413057333918244,-2.9819843727456625,-2.0474227589308893,0.23963704389230944,200,percentile
PREVENT-CVD,age_group,50-59,cal_slope,1.2040793042644515,0.31370709222114895,2.0162952365629754,0.45015903363635473,200,percentile
PREVENT-CVD,age_group,50-59,AUC,0.7073020866328652,0.5609349820142814,0.8509409103311003,0.08139363614515653,200,percentile
PREVENT-CVD,age_group,50-59,brier,0.008601009401762222,0.006643439794046964,0.010637554705576919,0.001014023578030931,200,percentile
PREVENT-CVD,age_group,50-59,scaled_brier,-0.6450452065582866,-1.2668820489827939,-0.3837475537107996,0.22654866547682398,200,percentile
PREVENT-CVD,age_group,50-59,pct_flagged_7.5,0.18615456007379722,0.17376432574892683,0.19871615662391823,0.00654146736749449,200,percentile
PREVENT-CVD,age_group,50-59,TPR_7.5,0.47838436729914086,0.2581435746171397,0.725218775588229,0.12274217938727332,200,percentile
PREVENT-CVD,age_group,50-59,FPR_7.5,0.1845969069505485,0.17301048906954924,0.19716355876333908,0.006475979151316022,200,percentile
PREVENT-CVD,age_group,50-59,pct_flagged_20,0.011387756048692558,0.007590010222798403,0.015386894158961512,0.00196193566782523,200,percentile
PREVENT-CVD,age_group,50-59,TPR_20,0.19277902483706866,0.026965704127076037,0.3571335189165402,0.09432998237005516,200,percentile
PREVENT-CVD,age_group,50-59,FPR_20,0.010445865375324418,0.006518811133646637,0.014154286680367754,0.0018918283230835368,200,percentile
PREVENT-CVD,age_group,50-59,rel_OE,0.9405281311772479,0.6025355750686162,1.26622516002274,0.17301045620635397,200,percentile
PREVENT-CVD,age_group,60-69,n,4785.0,2301.9,2518.0,56.787073870679095,200,percentile
PREVENT-CVD,age_group,60-69,events,47.0,17.0,32.0,3.8531329026947843,200,percentile
PREVENT-CVD,age_group,60-69,observed,0.010109367250397527,0.006729859314879694,0.014142501326475543,0.0019762491375010364,200,percentile
PREVENT-CVD,age_group,60-69,expected,0.10664215724956269,0.1045772523654597,0.10873497740399853,0.0010687299138911173,200,percentile
PREVENT-CVD,age_group,60-69,OE,0.09479710005058982,0.06285547869261748,0.1326786912299247,0.018624970778985214,200,percentile
PREVENT-CVD,age_group,60-69,cal_intercept,-2.4941678618029983,-2.910030538939961,-2.152142043868089,0.2068789797553559,200,percentile
PREVENT-CVD,age_group,60-69,cal_slope,1.1748358314081395,0.38885186387257176,1.719132435194635,0.34963570708769337,200,percentile
PREVENT-CVD,age_group,60-69,AUC,0.6734185513442167,0.5566265526502636,0.7612474674647511,0.05682640278622068,200,percentile
PREVENT-CVD,age_group,60-69,brier,0.021457782719287676,0.019194399786317057,0.024419626087455654,0.0014060183508924665,200,percentile
PREVENT-CVD,age_group,60-69,scaled_brier,-1.1442412917369786,-1.9319413089102935,-0.7515296714765611,0.3268672187933603,200,percentile
PREVENT-CVD,age_group,60-69,pct_flagged_7.5,0.6848468855110798,0.6685702906645156,0.703226437293466,0.009234036403107713,200,percentile
PREVENT-CVD,age_group,60-69,TPR_7.5,0.847810907319368,0.6682261780106807,0.9476121199316072,0.0689332752939298,200,percentile
PREVENT-CVD,age_group,60-69,FPR_7.5,0.683065403861433,0.6661619077785433,0.7017480452539866,0.009485196211734917,200,percentile
PREVENT-CVD,age_group,60-69,pct_flagged_20,0.06549743236017867,0.055942136414902456,0.07363445102008224,0.004513624330656211,200,percentile
PREVENT-CVD,age_group,60-69,TPR_20,0.16844854277442659,0.0467053165006734,0.31474602444575744,0.0684616264272982,200,percentile
PREVENT-CVD,age_group,60-69,FPR_20,0.0645356846957873,0.05543030690957964,0.07305229311896803,0.004573357776800251,200,percentile
PREVENT-CVD,age_group,60-69,rel_OE,0.9173540730752215,0.6563706933105654,1.19904957396718,0.14189134537897177,200,percentile
PREVENT-CVD,age_group,70-79,n,2853.0,1368.875,1513.075,37.10977874350586,200,percentile
PREVENT-CVD,age_group,70-79,events,86.0,33.975,53.0,4.745563916377285,200,percentile
PREVENT-CVD,age_group,70-79,observed,0.022824554760039518,0.016880561623969774,0.028842584685122408,0.0032874809807074672,200,percentile
PREVENT-CVD,age_group,70-79,expected,0.19254112782021116,0.18984816730626128,0.19562084803265395,0.0014519916314809154,200,percentile
PREVENT-CVD,age_group,70-79,OE,0.11854378863591351,0.08758024368293729,0.14899925311578577,0.01702047701100763,200,percentile
PREVENT-CVD,age_group,70-79,cal_intercept,-2.3554702679023727,-2.6641954744009007,-2.119406951155257,0.1514659712091854,200,percentile
PREVENT-CVD,age_group,70-79,cal_slope,1.9762682364400481,1.5240804640092482,2.5754987790714763,0.28062480598112904,200,percentile
PREVENT-CVD,age_group,70-79,AUC,0.7250491122427838,0.6736953483137602,0.7849445498103438,0.028576614603719054,200,percentile
PREVENT-CVD,age_group,70-79,brier,0.052832407229513934,0.049521129298996484,0.05608650781688497,0.001802805208334339,200,percentile
PREVENT-CVD,age_group,70-79,scaled_brier,-1.368784427288507,-2.014351923426407,-0.9969341540679479,0.2828587937904843,200,percentile
PREVENT-CVD,age_group,70-79,pct_flagged_7.5,0.986837256070887,0.9821242593193563,0.991878999067509,0.0026665982876047435,200,percentile
PREVENT-CVD,age_group,70-79,TPR_7.5,1.0,1.0,1.0,0.0,200,percentile
PREVENT-CVD,age_group,70-79,FPR_7.5,0.9864530484404889,0.9814568529017863,0.9916741433551024,0.002757384099628073,200,percentile
PREVENT-CVD,age_group,70-79,pct_flagged_20,0.41476124209497023,0.39468412806921627,0.4369646318254043,0.011329551211356986,200,percentile
PREVENT-CVD,age_group,70-79,TPR_20,0.693276471620447,0.587303424608127,0.7881568528829318,0.0529827862608338,200,percentile
PREVENT-CVD,age_group,70-79,FPR_20,0.4088385616455951,0.38728335890295745,0.4328842950788601,0.011585802365076957,200,percentile
PREVENT-CVD,age_group,70-79,rel_OE,1.1471514137551595,0.8606992920495732,1.4791268365009673,0.15803269744108342,200,percentile
PREVENT-CVD,income,PIR 1.3-3.5,n,6093.0,2941.95,3185.225,59.52340023788453,200,percentile
PREVENT-CVD,income,PIR 1.3-3.5,events,68.0,26.975,44.0,4.9006178463926275,200,percentile
PREVENT-CVD,income,PIR 1.3-3.5,observed,0.008886390823754045,0.006097653697838443,0.011835972319225225,0.0014911249799512529,200,percentile
PREVENT-CVD,income,PIR 1.3-3.5,expected,0.07990711981022126,0.07747305923167597,0.08241130487721722,0.001315247672824413,200,percentile
PREVENT-CVD,income,PIR 1.3-3.5,OE,0.1112089992088208,0.07658993996774986,0.14849829570047712,0.01835092880483232,200,percentile
PREVENT-CVD,income,PIR 1.3-3.5,cal_intercept,-2.3495689216803943,-2.724157785389389,-2.053079301961076,0.17265948102523013,200,percentile
PREVENT-CVD,income,PIR 1.3-3.5,cal_slope,1.122284591373568,0.7749545556338409,1.7793638835358374,0.2807067510398759,200,percentile
PREVENT-CVD,income,PIR 1.3-3.5,AUC,0.7735207544698436,0.6998479163771903,0.8679445281339275,0.04630144390458854,200,percentile
PREVENT-CVD,income,PIR 1.3-3.5,brier,0.017640747955530518,0.015447721620100177,0.020017744552617574,0.0011855263033295875,200,percentile
PREVENT-CVD,income,PIR 1.3-3.5,scaled_brier,-1.0029409501638344,-1.5625503323069014,-0.6681340864462083,0.2331015371370034,200,percentile
PREVENT-CVD,income,PIR 1.3-3.5,pct_flagged_7.5,0.3851057327040935,0.3675329035714817,0.40138231221869497,0.00888874907307611,200,percentile
PREVENT-CVD,income,PIR 1.3-3.5,TPR_7.5,0.6993770384550049,0.5504450653714433,0.8903419380255339,0.08940059071531911,200,percentile
PREVENT-CVD,income,PIR 1.3-3.5,FPR_7.5,0.38228869501153806,0.3659703155447869,0.39747670361586,0.00868147811559433,200,percentile
PREVENT-CVD,income,PIR 1.3-3.5,pct_flagged_20,0.08905913921689088,0.08109016142860606,0.097015011272302,0.004157273567536747,200,percentile
PREVENT-CVD,income,PIR 1.3-3.5,TPR_20,0.4362564209495144,0.2957523738271345,0.5912972067884894,0.07779191427700881,200,percentile
PREVENT-CVD,income,PIR 1.3-3.5,FPR_20,0.08606774124984222,0.07836987588069161,0.09391934686539725,0.00408757623224559,200,percentile
PREVENT-CVD,income,PIR 1.3-3.5,rel_OE,1.0761724602586733,0.8183012546397171,1.3653906002328633,0.14762463326234096,200,percentile
PREVENT-CVD,income,PIR<1.3,n,4506.0,2136.95,2412.2,74.19791390016076,200,percentile
PREVENT-CVD,income,PIR<1.3,events,78.0,31.0,47.0,4.1582242779495004,200,percentile
PREVENT-CVD,income,PIR<1.3,observed,0.015298893676155044,0.01089733097823048,0.019734087528471198,0.002506415583655011,200,percentile
PREVENT-CVD,income,PIR<1.3,expected,0.08048843282542435,0.07735382848458193,0.08349966531536912,0.001590696672694958,200,percentile
PREVENT-CVD,income,PIR<1.3,OE,0.19007568092843388,0.1342807306151068,0.24793895051394008,0.030633996910538728,200,percentile
PREVENT-CVD,income,PIR<1.3,cal_intercept,-1.8085559104437472,-2.1685592142183876,-1.5329474260505158,0.17114835566073663,200,percentile
PREVENT-CVD,income,PIR<1.3,cal_slope,1.1242773205000691,0.8527972223028312,1.4479750195994592,0.16247943951952706,200,percentile
PREVENT-CVD,income,PIR<1.3,AUC,0.7925148489112991,0.738261440880071,0.8449448103744834,0.0287666942145733,200,percentile
PREVENT-CVD,income,PIR<1.3,brier,0.022460745529642712,0.0190583432679147,0.02603904362106376,0.0018882382257855608,200,percentile
PREVENT-CVD,income,PIR<1.3,scaled_brier,-0.49093845102805167,-0.814248669784951,-0.31118163286510586,0.13711888731098804,200,percentile
PREVENT-CVD,income,PIR<1.3,pct_flagged_7.5,0.37734778858931867,0.35898404928487726,0.3956629919782189,0.009930052964212257,200,percentile
PREVENT-CVD,income,PIR<1.3,TPR_7.5,0.8418745357471406,0.7407712860746042,0.930606230561835,0.04839947880341849,200,percentile
PREVENT-CVD,income,PIR<1.3,FPR_7.5,0.3702511453393185,0.35228567060696964,0.38895381218935005,0.009830307702796547,200,percentile
PREVENT-CVD,income,PIR<1.3,pct_flagged_20,0.09329582492178268,0.08289859876476859,0.10305663403171832,0.004858206305684856,200,percentile
PREVENT-CVD,income,PIR<1.3,TPR_20,0.34110032658394623,0.18877606062479485,0.49436498790780564,0.08058299648845815,200,percentile
PREVENT-CVD,income,PIR<1.3,FPR_20,0.08966855203250122,0.08104354649771224,0.09938335789092202,0.0046977339162803935,200,percentile
PREVENT-CVD,income,PIR<1.3,rel_OE,1.8393674489957157,1.4039125202532081,2.3169660717577534,0.2457323950856002,200,percentile
PREVENT-CVD,income,PIR>3.5,n,6387.0,3056.325,3399.025,100.26195639173167,200,percentile
PREVENT-CVD,income,PIR>3.5,events,24.0,7.0,17.0,2.654847656721948,200,percentile
PREVENT-CVD,income,PIR>3.5,observed,0.0035296881220717473,0.0018313679997801306,0.005194860954661932,0.0008172376681171629,200,percentile
PREVENT-CVD,income,PIR>3.5,expected,0.05627819726797464,0.05458140423889445,0.05816274678021267,0.0009603334936157129,200,percentile
PREVENT-CVD,income,PIR>3.5,OE,0.06271857119489384,0.03255888096812342,0.091666759295049,0.014662134670007336,200,percentile
PREVENT-CVD,income,PIR>3.5,cal_intercept,-2.8878057253891267,-3.550769916905209,-2.508743605462942,0.2544609406287446,200,percentile
PREVENT-CVD,income,PIR>3.5,cal_slope,1.1247750809569477,0.48450870499056303,2.1502652775634794,0.42265847928276556,200,percentile
PREVENT-CVD,income,PIR>3.5,AUC,0.761892672995453,0.619962147348168,0.930822902481777,0.07568329250354802,200,percentile
PREVENT-CVD,income,PIR>3.5,brier,0.008812328938926117,0.007597832016039627,0.010067453805029299,0.0006180334271284289,200,percentile
PREVENT-CVD,income,PIR>3.5,scaled_brier,-1.5054745872458621,-3.210631332763641,-0.9389660247445775,0.5368782287551933,200,percentile
PREVENT-CVD,income,PIR>3.5,pct_flagged_7.5,0.23942683987749297,0.22674905493793757,0.2528104807369412,0.00687704719492846,200,percentile
PREVENT-CVD,income,PIR>3.5,TPR_7.5,0.6357711009251841,0.3811252922508725,0.9215315206962322,0.12980806546139367,200,percentile
PREVENT-CVD,income,PIR>3.5,FPR_7.5,0.23781956252539266,0.22543427295014984,0.25118065978617704,0.006870848412045518,200,percentile
PREVENT-CVD,income,PIR>3.5,pct_flagged_20,0.03455499452577364,0.029527987426177356,0.04006590440153468,0.002788282419166835,200,percentile
PREVENT-CVD,income,PIR>3.5,TPR_20,0.19942399827049934,0.012729950791171424,0.41455941067005575,0.10290873096543449,200,percentile
PREVENT-CVD,income,PIR>3.5,FPR_20,0.033901926030267406,0.028861049466540677,0.03928652598164472,0.0028142878659055855,200,percentile
PREVENT-CVD,income,PIR>3.5,rel_OE,0.6069292912166055,0.3548857523433619,0.8506586592434033,0.11596802026742291,200,percentile
PREVENT-CVD,education,<HS,n,5308.0,2530.875,2839.0,76.97219216596447,200,percentile
PREVENT-CVD,education,<HS,events,86.0,33.0,51.025000000000006,4.5226148659962915,200,percentile
PREVENT-CVD,education,<HS,observed,0.013345028923801577,0.009175460431664213,0.01706638628472439,0.002048273475880992,200,percentile
PREVENT-CVD,education,<HS,expected,0.08995762892671229,0.0869018651244444,0.09250032626592779,0.0014777106411067457,200,percentile
PREVENT-CVD,education,<HS,OE,0.14834793983591607,0.10428516805905583,0.18838911890943627,0.022270015789311332,200,percentile
PREVENT-CVD,education,<HS,cal_intercept,-2.0710712961146696,-2.4319859384278564,-1.8221883802277945,0.1585270975440848,200,percentile
PREVENT-CVD,education,<HS,cal_slope,1.1928855634184516,0.9006491807408126,1.6427939162934349,0.18627263836948554,200,percentile
PREVENT-CVD,education,<HS,AUC,0.7891942033388698,0.7354713839697168,0.8483575689835375,0.028831980306347163,200,percentile
PREVENT-CVD,education,<HS,brier,0.022931706811675008,0.01954288374906465,0.025800301904051037,0.0015589199723497894,200,percentile
PREVENT-CVD,education,<HS,scaled_brier,-0.7416125791116603,-1.195411540599459,-0.5048140510535283,0.16846154064894275,200,percentile
PREVENT-CVD,education,<HS,pct_flagged_7.5,0.43182998319254606,0.4124817058397031,0.4516430352837393,0.009987038740488896,200,percentile
PREVENT-CVD,education,<HS,TPR_7.5,0.8639696507398181,0.7864902038094193,0.9614730781637454,0.04367311439896726,200,percentile
PREVENT-CVD,education,<HS,FPR_7.5,0.42584522724263174,0.40706549081838544,0.4454357864735088,0.009864652399633408,200,percentile
PREVENT-CVD,education,<HS,pct_flagged_20,0.11266011260895821,0.10288900094950634,0.12196128242318537,0.00514460162691391,200,percentile
PREVENT-CVD,education,<HS,TPR_20,0.4221995320439059,0.30243140134673946,0.5805077471924754,0.0712069725406547,200,percentile
PREVENT-CVD,education,<HS,FPR_20,0.10848107095875668,0.09882116165087507,0.11767072835375589,0.004999933867175174,200,percentile
PREVENT-CVD,education,<HS,rel_OE,1.4355669821985106,1.0759970528809673,1.7953180869308543,0.18593981061407638,200,percentile
PREVENT-CVD,education,College+,n,4141.0,1949.775,2219.025,71.40429445300651,200,percentile
PREVENT-CVD,education,College+,events,22.0,6.0,16.0,2.446698113436036,200,percentile
PREVENT-CVD,education,College+,observed,0.004027443647182348,0.0018968958386931085,0.006163630045642492,0.0011062539242685837,200,percentile
PREVENT-CVD,education,College+,expected,0.05479268771588411,0.052440894992941293,0.057108093437728207,0.0011579414663737766,200,percentile
PREVENT-CVD,education,College+,OE,0.0735033051867396,0.03407135410855175,0.11247320691675351,0.02028150143219223,200,percentile
PREVENT-CVD,education,College+,cal_intercept,-2.728258747445892,-3.5031189522849235,-2.2953300723234245,0.31046968349295545,200,percentile
PREVENT-CVD,education,College+,cal_slope,1.2930329808873124,0.5773147781784063,2.4151885126617287,0.534313334605471,200,percentile
PREVENT-CVD,education,College+,AUC,0.7828331460127559,0.6443697166748843,0.932992348989493,0.08099211496605532,200,percentile
PREVENT-CVD,education,College+,brier,0.008864876883090365,0.007350949043366136,0.010474021108016996,0.0008403441149926892,200,percentile
PREVENT-CVD,education,College+,scaled_brier,-1.2100182714755805,-2.9930238957487485,-0.6609922840242051,0.627401489348667,200,percentile
PREVENT-CVD,education,College+,pct_flagged_7.5,0.23604220753702318,0.2197362287943601,0.2542842341145536,0.009456675607546445,200,percentile
PREVENT-CVD,education,College+,TPR_7.5,0.6048858890683931,0.34585426245568507,0.9001992997717542,0.14335391747283924,200,percentile
PREVENT-CVD,education,College+,FPR_7.5,0.23416128443665918,0.21824741089505256,0.252721224448534,0.009464462397063163,200,percentile
PREVENT-CVD,education,College+,pct_flagged_20,0.03732957528392215,0.032719448309953235,0.042779733288896525,0.0026455076063603,200,percentile
PREVENT-CVD,education,College+,TPR_20,0.34799439496361617,0.1385018600001658,0.5973744535542125,0.12305494843966669,200,percentile
PREVENT-CVD,education,College+,FPR_20,0.035749499710464705,0.030809983833722906,0.041369446125779016,0.002693839754790065,200,percentile
PREVENT-CVD,education,College+,rel_OE,0.7112934505545256,0.3607820333798369,1.0880514327666762,0.18076885587018207,200,percentile
PREVENT-CVD,education,HS/GED,n,4214.0,2032.95,2229.125,55.42173076696568,200,percentile
PREVENT-CVD,education,HS/GED,events,38.0,13.0,25.0,3.2118460071848633,200,percentile
PREVENT-CVD,education,HS/GED,observed,0.006604142168953903,0.0031713692739783854,0.00959034263445987,0.001551995152325472,200,percentile
PREVENT-CVD,education,HS/GED,expected,0.07460182119984209,0.07191512196765901,0.0770297560205281,0.0013073606643896494,200,percentile
PREVENT-CVD,education,HS/GED,OE,0.0885252137647262,0.04299303455442474,0.12858220402509407,0.020633273498390725,200,percentile
PREVENT-CVD,education,HS/GED,cal_intercept,-2.573746277459323,-3.3071723659296675,-2.1941569679386617,0.26795629802843884,200,percentile
PREVENT-CVD,education,HS/GED,cal_slope,1.399061752580571,0.8843540069699927,2.0030388718371626,0.31613392707214455,200,percentile
PREVENT-CVD,education,HS/GED,AUC,0.8296197149691444,0.733692232503613,0.9080791997129097,0.04745287277191551,200,percentile
PREVENT-CVD,education,HS/GED,brier,0.014724610961245109,0.012442621063582158,0.016914116133340106,0.001112047778487714,200,percentile
PREVENT-CVD,education,HS/GED,scaled_brier,-1.244424860193456,-3.0199139016754977,-0.7834206741669018,0.545902668048605,200,percentile
PREVENT-CVD,education,HS/GED,pct_flagged_7.5,0.3427113616519853,0.3252379389326548,0.35963227007404425,0.008528037728044243,200,percentile
PREVENT-CVD,education,HS/GED,TPR_7.5,0.796844408883198,0.5791280075432997,0.9795958184264142,0.1130583004018588,200,percentile
PREVENT-CVD,education,HS/GED,FPR_7.5,0.33955925530118264,0.32169629235409714,0.3562257585463591,0.008402769224451021,200,percentile
PREVENT-CVD,education,HS/GED,pct_flagged_20,0.0752846843728687,0.0657799496887131,0.08346806914526925,0.004384876190929731,200,percentile
PREVENT-CVD,education,HS/GED,TPR_20,0.50572539237571,0.2349270085806394,0.7224346195046807,0.1195580496546293,200,percentile
PREVENT-CVD,education,HS/GED,FPR_20,0.07265158592377724,0.06453620586120165,0.0803055287491511,0.004228061530653219,200,percentile
PREVENT-CVD,education,HS/GED,rel_OE,0.8566608617097773,0.49912353754406075,1.1141163811098855,0.17501878715540375,200,percentile
PREVENT-CVD,education,Some college,n,4833.0,2332.975,2539.125,55.33961932771744,200,percentile
PREVENT-CVD,education,Some college,events,37.0,12.0,24.025000000000006,3.2807915149890454,200,percentile
PREVENT-CVD,education,Some college,observed,0.0067594161332692965,0.0037287246881860655,0.009373953083479427,0.0014716190150646448,200,percentile
PREVENT-CVD,education,Some college,expected,0.06436107573335169,0.06260609186279692,0.06669243107807706,0.0010108128296974059,200,percentile
PREVENT-CVD,education,Some college,OE,0.10502335544038445,0.05780512744514135,0.14438706443739682,0.02260968909227917,200,percentile
PREVENT-CVD,education,Some college,cal_intercept,-2.3820686685829524,-2.9878622886570887,-2.059496711079098,0.2374812350041962,200,percentile
PREVENT-CVD,education,Some college,cal_slope,0.8568503523050977,0.5167396718211089,1.310313690705902,0.22859205286631,200,percentile
PREVENT-CVD,education,Some college,AUC,0.7266175062047375,0.6341719595095365,0.834656431961927,0.05450402242621267,200,percentile
PREVENT-CVD,education,Some college,brier,0.013099613274429038,0.010617664248400153,0.01537103650931957,0.0012443464903906492,200,percentile
PREVENT-CVD,education,Some college,scaled_brier,-0.9511687610810065,-1.887283007271134,-0.6249961038926073,0.31029763729833554,200,percentile
PREVENT-CVD,education,Some college,pct_flagged_7.5,0.2969256714966911,0.28232461521419455,0.311386667626212,0.007628546133740811,200,percentile
PREVENT-CVD,education,Some college,TPR_7.5,0.6277447324996803,0.43984921100323204,0.8362961847409971,0.10482833406225668,200,percentile
PREVENT-CVD,education,Some college,FPR_7.5,0.29513668133359877,0.2813993529053915,0.3090005889115933,0.0074627291997971575,200,percentile
PREVENT-CVD,education,Some college,pct_flagged_20,0.04743448197192247,0.04187116779578574,0.053337384386666346,0.0028586288890728156,200,percentile
PREVENT-CVD,education,Some college,TPR_20,0.10381786400453287,0.03537985959828904,0.22696890699209044,0.04887702588142862,200,percentile
PREVENT-CVD,education,Some college,FPR_20,0.04730087913257207,0.04178548746174348,0.05321589566963922,0.002867048697338652,200,percentile
PREVENT-CVD,education,Some college,rel_OE,1.0163138200414175,0.6245603055360907,1.360917187006247,0.19008396789442752,200,percentile
PREVENT-CVD,sex,GAP(max-min),OE,0.042435781486974744,0.0,0.08236129182450583,0.02108058492560191,200,basic
PREVENT-CVD,sex,GAP(max-min),AUC,0.049740008261267454,0.0,0.09684400309859025,0.042057427477125306,200,basic
PREVENT-CVD,sex,GAP(max-min),cal_slope,0.20634273183787277,0.0,0.40747632865240735,0.2280163975443341,200,basic
PREVENT-CVD,sex,GAP(max-min),TPR_7.5,0.0226554299095455,0.0,0.04222072393197161,0.06317294006047112,200,basic
PREVENT-CVD,sex,GAP(max-min),FPR_7.5,0.0709231866755945,0.05609600676105517,0.0884716628996067,0.008164349529404202,200,basic
PREVENT-CVD,sex,GAP(max-min),pct_flagged_7.5,0.07146110185999088,0.0568794741319561,0.09002487365174117,0.008116174613291534,200,basic
PREVENT-CVD,sex,GAP(max/min),OE,1.5244038522629992,1.0,2.0192141093526645,0.32672317205860496,200,basic
PREVENT-CVD,race,GAP(max-min),OE,0.08312661393627392,0.005447198876578019,0.13037837093079196,0.03180155581754956,200,basic
PREVENT-CVD,race,GAP(max-min),AUC,0.06139668191669523,0.0,0.10938953248734555,0.04494426167840421,200,basic
PREVENT-CVD,race,GAP(max-min),cal_slope,0.41293476686052366,0.0,0.7410707867313373,0.25558033839981364,200,basic
PREVENT-CVD,race,GAP(max-min),TPR_7.5,0.09761814060669038,0.0,0.17386204434201663,0.09368566793448788,200,basic
PREVENT-CVD,race,GAP(max-min),FPR_7.5,0.07123128881566265,0.047426914845365875,0.11909331159911646,0.01879474376038672,200,basic
PREVENT-CVD,race,GAP(max-min),pct_flagged_7.5,0.0736018610000796,0.04616703569010504,0.12214391754413903,0.018790870296879595,200,basic
PREVENT-CVD,race,GAP(max/min),OE,1.886878528681806,1.0,2.4170439852824366,0.599596059764358,200,basic
PREVENT-CVD,age_group,GAP(max-min),OE,0.023746688585323694,0.0,0.037154936087218024,0.02045948312146157,200,basic
PREVENT-CVD,age_group,GAP(max-min),AUC,0.15885967890080654,0.00158203756085451,0.2773936992661761,0.0777461232222044,200,basic
PREVENT-CVD,age_group,GAP(max-min),cal_slope,0.8014324050319086,0.0,1.232574229240817,0.41805068126087,200,basic
PREVENT-CVD,age_group,GAP(max-min),TPR_7.5,0.686414764506063,0.5092105521226414,1.0845685063096162,0.1455637071079924,200,basic
PREVENT-CVD,age_group,GAP(max-min),FPR_7.5,0.9490287547913565,0.9426053512016763,1.1061549006509446,0.072916474754866,200,basic
PREVENT-CVD,age_group,GAP(max-min),pct_flagged_7.5,0.9488224729053072,0.9423360860071639,1.107136190690189,0.07333886632462296,200,basic
PREVENT-CVD,age_group,GAP(max/min),OE,1.2505001584716298,1.0,1.398838168860272,0.35023985557329407,200,basic
PREVENT-CVD,income,GAP(max-min),OE,0.12735710973354003,0.07957251852713049,0.2090286624157856,0.035063212798047486,200,basic
PREVENT-CVD,income,GAP(max-min),AUC,0.03062217591584604,0.0,0.05229607001490677,0.045168316213240765,200,basic
PREVENT-CVD,income,GAP(max-min),cal_slope,0.002490489583379718,0.0,-0.0262770184822506,0.290424397905584,200,basic
PREVENT-CVD,income,GAP(max-min),TPR_7.5,0.20610343482195648,0.0,0.3911163138330362,0.10461061966530279,200,basic
PREVENT-CVD,income,GAP(max-min),FPR_7.5,0.1444691324861454,0.12483032348544493,0.2818553767039168,0.05129255518202337,200,basic
PREVENT-CVD,income,GAP(max-min),pct_flagged_7.5,0.14567889282660051,0.125903288757799,0.2876442096264853,0.05309393289263199,200,basic
PREVENT-CVD,income,GAP(max/min),OE,3.030612421602944,1.7945165133995964,4.7267536458736705,0.7566389752304911,200,basic
PREVENT-CVD,education,GAP(max-min),OE,0.07484463464917647,0.02910780714378991,0.12462210716459007,0.025268348673799783,200,basic
PREVENT-CVD,education,GAP(max-min),AUC,0.10300220876440691,0.0,0.16657220300884223,0.05779002586596459,200,basic
PREVENT-CVD,education,GAP(max-min),cal_slope,0.5422114002754734,0.0,0.8926815412845222,0.37641115834081945,200,basic
PREVENT-CVD,education,GAP(max-min),TPR_7.5,0.259083761671425,0.0,0.3804995945157451,0.10647580130676854,200,basic
PREVENT-CVD,education,GAP(max-min),FPR_7.5,0.19168394280597256,0.17202533770469627,0.2644862027510657,0.028595368084108477,200,basic
PREVENT-CVD,education,GAP(max-min),pct_flagged_7.5,0.19578777565552288,0.1760992144152297,0.2690428906463346,0.02876352062108155,200,basic
PREVENT-CVD,education,GAP(max/min),OE,2.0182485598304614,1.0,2.7950366413897885,0.5727437245437843,200,basic
PREVENT-ASCVD,Overall,All,n,18511.0,9042.85,9642.175,150.16364239551265,200,percentile
PREVENT-ASCVD,Overall,All,events,185.0,80.0,106.025,7.204128841283243,200,percentile
PREVENT-ASCVD,Overall,All,observed,0.007058649758562692,0.005644956483087861,0.00857607183560686,0.0007733632523905439,200,percentile
PREVENT-ASCVD,Overall,All,expected,0.042588222920783424,0.0417180945227915,0.043486160585841184,0.0004655187653674345,200,percentile
PREVENT-ASCVD,Overall,All,OE,0.16574182425249798,0.13104830226232786,0.2012551156546154,0.018041264380199273,200,percentile
PREVENT-ASCVD,Overall,All,cal_intercept,-1.870928740189664,-2.109007037526983,-1.6736732782617354,0.11128424379381961,200,percentile
PREVENT-ASCVD,Overall,All,cal_slope,1.2565505007310025,0.9849998234736,1.5958928585554712,0.16802914036118605,200,percentile
PREVENT-ASCVD,Overall,All,AUC,0.7893411979449497,0.7406971760820934,0.8380235400897896,0.027016586105920126,200,percentile
PREVENT-ASCVD,Overall,All,brier,0.009129354926678912,0.008001402242235528,0.010382380211229255,0.00064496922493452,200,percentile
PREVENT-ASCVD,Overall,All,scaled_brier,-0.3025513744912882,-0.4321646522092734,-0.2139215572856009,0.05477219120181147,200,percentile
PREVENT-ASCVD,Overall,All,pct_flagged_7.5,0.17601634921889028,0.16880839650055804,0.18251696094122635,0.003688442386337094,200,percentile
PREVENT-ASCVD,Overall,All,TPR_7.5,0.6152581482424568,0.5169129626738415,0.7293462968709632,0.05606546337572301,200,percentile
PREVENT-ASCVD,Overall,All,FPR_7.5,0.1727254647960992,0.16596359141417663,0.17968889839570132,0.003682767795180791,200,percentile
PREVENT-ASCVD,Overall,All,pct_flagged_20,0.00506667640856002,0.0040670156819650576,0.006039014444426938,0.0005196157682237324,200,percentile
PREVENT-ASCVD,Overall,All,TPR_20,0.06344136102598182,0.020822565952936082,0.10802501097303344,0.021851252820781496,200,percentile
PREVENT-ASCVD,Overall,All,FPR_20,0.004664743289729462,0.003739749244938762,0.005530296300623336,0.0004902787331005353,200,percentile
PREVENT-ASCVD,Overall,All,rel_OE,1.0,1.0,1.0,0.0,200,percentile
PREVENT-ASCVD,sex,Female,n,9527.0,4643.95,4978.3,85.12720307585363,200,percentile
PREVENT-ASCVD,sex,Female,events,73.0,28.975,45.0,4.05242033268562,200,percentile
PREVENT-ASCVD,sex,Female,observed,0.00495433887458683,0.003458059308126401,0.0064024979972890595,0.0007281744237619684,200,percentile
PREVENT-ASCVD,sex,Female,expected,0.03688304282718132,0.03588183631477078,0.03793504661050986,0.0005352786247144317,200,percentile
PREVENT-ASCVD,sex,Female,OE,0.13432565468637747,0.09398808592127209,0.17188532482548388,0.019546673789355245,200,percentile
PREVENT-ASCVD,sex,Female,cal_intercept,-2.077297523682423,-2.4359422737628718,-1.8276881385705381,0.14984144938271296,200,percentile
PREVENT-ASCVD,sex,Female,cal_slope,1.390406824604291,0.831895967147391,2.149062934634118,0.3371765864173043,200,percentile
PREVENT-ASCVD,sex,Female,AUC,0.8123718412190818,0.714347605346916,0.8894179859506031,0.048243903470994914,200,percentile
PREVENT-ASCVD,sex,Female,brier,0.006715317516665379,0.0056122832948870315,0.007961991624422798,0.0005730083701622884,200,percentile
PREVENT-ASCVD,sex,Female,scaled_brier,-0.3621904551691524,-0.624677857238243,-0.22704742229300995,0.09563773271195966,200,percentile
PREVENT-ASCVD,sex,Female,pct_flagged_7.5,0.14789148659699705,0.14063912418925073,0.15566144928763953,0.004039811052427954,200,percentile
PREVENT-ASCVD,sex,Female,TPR_7.5,0.650707172175716,0.47479044444855456,0.784946700091549,0.08897949289973787,200,percentile
PREVENT-ASCVD,sex,Female,FPR_7.5,0.1451202562252052,0.13831687174136192,0.15282201903292378,0.003959016764008533,200,percentile
PREVENT-ASCVD,sex,Female,pct_flagged_20,0.0026822433706794897,0.0018714658813813478,0.00358707180984155,0.0004396370693961953,200,percentile
PREVENT-ASCVD,sex,Female,TPR_20,0.034651779979406654,0.0,0.0759787268341689,0.02018729471085228,200,percentile
PREVENT-ASCVD,sex,Female,FPR_20,0.002537025211212417,0.0017782914121140597,0.003353290638829104,0.00042808359190291253,200,percentile
PREVENT-ASCVD,sex,Female,rel_OE,0.8104511657947012,0.6231150046210282,1.0456742797210645,0.11070814200305874,200,percentile
PREVENT-ASCVD,sex,Male,n,8984.0,4368.6,4676.025,74.56247186792626,200,percentile
PREVENT-ASCVD,sex,Male,events,112.0,45.0,67.025,6.1528254734335395,200,percentile
PREVENT-ASCVD,sex,Male,observed,0.009398629394121427,0.006701938597085476,0.012460564230645595,0.0014068879366879,200,percentile
PREVENT-ASCVD,sex,Male,expected,0.04893795355649896,0.047729990081512956,0.04999760675889438,0.0005923351652390444,200,percentile
PREVENT-ASCVD,sex,Male,OE,0.19205194968503725,0.136444748600122,0.25212153739007387,0.028960119300610866,200,percentile
PREVENT-ASCVD,sex,Male,cal_intercept,-1.7263168275368561,-2.073011536907509,-1.448759845909924,0.15859394115646508,200,percentile
PREVENT-ASCVD,sex,Male,cal_slope,1.1446381205409848,0.8466918756159655,1.6089692245217233,0.19219282382516448,200,percentile
PREVENT-ASCVD,sex,Male,AUC,0.757177668216759,0.7006871425510247,0.8293994812016009,0.03475912545049726,200,percentile
PREVENT-ASCVD,sex,Male,brier,0.01181374838865437,0.009379186878183609,0.014407668610421268,0.0011815939587854667,200,percentile
PREVENT-ASCVD,sex,Male,scaled_brier,-0.26889085534851787,-0.43240341808253924,-0.168834825776668,0.07023921751595956,200,percentile
PREVENT-ASCVD,sex,Male,pct_flagged_7.5,0.20731865675091646,0.19761166912080735,0.2159005911856874,0.005171304946634537,200,percentile
PREVENT-ASCVD,sex,Male,TPR_7.5,0.5944790047589292,0.48591838923730735,0.7503696662360856,0.0694866927794654,200,percentile
PREVENT-ASCVD,sex,Male,FPR_7.5,0.20355999209318448,0.1937422595592533,0.21284974487000285,0.005250850555394488,200,percentile
PREVENT-ASCVD,sex,Male,pct_flagged_20,0.007720494037633844,0.005796897829213298,0.009828850492702046,0.001028913138378955,200,percentile
PREVENT-ASCVD,sex,Male,TPR_20,0.08031694091567662,0.011625436623234012,0.14569917797120543,0.034438352308984094,200,percentile
PREVENT-ASCVD,sex,Male,FPR_20,0.007041366563704999,0.005212999365250808,0.008830845618727533,0.0009803702228652665,200,percentile
PREVENT-ASCVD,sex,Male,rel_OE,1.1587416184852493,0.9624485270987164,1.3223329943498376,0.09327430390512849,200,percentile
PREVENT-ASCVD,race,Mexican American,n,3402.0,1453.0,1918.05,124.43597281999403,200,percentile
PREVENT-ASCVD,race,Mexican American,events,29.0,8.0,20.0,3.173219438998854,200,percentile
PREVENT-ASCVD,race,Mexican American,observed,0.00585160301417802,0.0029088099100715538,0.008772496105491944,0.0015815212678945167,200,percentile
PREVENT-ASCVD,race,Mexican American,expected,0.03993797454547391,0.03777654421823353,0.04168918246663675,0.0010805671027199607,200,percentile
PREVENT-ASCVD,race,Mexican American,OE,0.14651727036170317,0.07400070570712543,0.21955355895236112,0.03924332484504869,200,percentile
PREVENT-ASCVD,race,Mexican American,cal_intercept,-1.9971899633522958,-2.6839830085613974,-1.5781116391796217,0.2980284564371038,200,percentile
PREVENT-ASCVD,race,Mexican American,cal_slope,0.9294509223662946,0.5865070242622658,1.5045232224210174,0.24515224589247547,200,percentile
PREVENT-ASCVD,race,Mexican American,AUC,0.7588280586962466,0.6688161249595215,0.8708311103277872,0.05457847485839834,200,percentile
PREVENT-ASCVD,race,Mexican American,brier,0.008262505533474254,0.0055338401552099065,0.01080436018669485,0.001425331329924079,200,percentile
PREVENT-ASCVD,race,Mexican American,scaled_brier,-0.42031832977653627,-0.9102617119365155,-0.2508564072216108,0.19173023061364497,200,percentile
PREVENT-ASCVD,race,Mexican American,pct_flagged_7.5,0.1595340506682656,0.14158877316278298,0.1737313970653349,0.008766100023636866,200,percentile
PREVENT-ASCVD,race,Mexican American,TPR_7.5,0.5751071878225057,0.3806911409586444,0.7682502163661327,0.10485767154765474,200,percentile
PREVENT-ASCVD,race,Mexican American,FPR_7.5,0.156635737897005,0.1400447638142692,0.17035991097450084,0.00846223110681671,200,percentile
PREVENT-ASCVD,race,Mexican American,pct_flagged_20,0.007173520992122522,0.004021708499564474,0.009682512521489625,0.0014932774481721217,200,percentile
PREVENT-ASCVD,race,Mexican American,TPR_20,0.033771567417213225,0.0,0.10699060615513296,0.03203749767638118,200,percentile
PREVENT-ASCVD,race,Mexican American,FPR_20,0.007047942169511874,0.004056135254875848,0.009492683216493662,0.0014994641195598803,200,percentile
PREVENT-ASCVD,race,Mexican American,rel_OE,0.8840090364788834,0.44784670266413557,1.3691444582835084,0.24778712916108586,200,percentile
PREVENT-ASCVD,race,NH Black,n,3771.0,1715.925,2075.775,97.26591226345542,200,percentile
PREVENT-ASCVD,race,NH Black,events,59.0,21.975,39.0,4.548673118138782,200,percentile
PREVENT-ASCVD,race,NH Black,observed,0.013577366759849318,0.009621913306319306,0.01740271100552537,0.0019254969734894337,200,percentile
PREVENT-ASCVD,race,NH Black,expected,0.04622734347912174,0.04455729630804994,0.04787450325133938,0.0008450754134614546,200,percentile
PREVENT-ASCVD,race,NH Black,OE,0.2937085659266023,0.20890755849898407,0.3816237372999255,0.0405709491926319,200,percentile
PREVENT-ASCVD,race,NH Black,cal_intercept,-1.2976282602291467,-1.6447880230156204,-1.025499269428026,0.14493420770458537,200,percentile
PREVENT-ASCVD,race,NH Black,cal_slope,1.3894749221269738,1.0449860592721583,1.8461038051387264,0.22324251773180998,200,percentile
PREVENT-ASCVD,race,NH Black,AUC,0.8242982490369227,0.767007037533419,0.8870282225351087,0.033197328248522825,200,percentile
PREVENT-ASCVD,race,NH Black,brier,0.014726361651199841,0.011416528868401485,0.018037687264374446,0.0016229694537776155,200,percentile
PREVENT-ASCVD,race,NH Black,scaled_brier,-0.09955481236819375,-0.20790144836787994,-0.0395374029751208,0.041801907922138996,200,percentile
PREVENT-ASCVD,race,NH Black,pct_flagged_7.5,0.2016508952005811,0.187164092442258,0.21472814881882815,0.007189329877218605,200,percentile
PREVENT-ASCVD,race,NH Black,TPR_7.5,0.7091719617522283,0.587153776408879,0.8415178915936662,0.06210592637476755,200,percentile
PREVENT-ASCVD,race,NH Black,FPR_7.5,0.19491679367945827,0.181677509635496,0.20872571114764227,0.007217757119620653,200,percentile
PREVENT-ASCVD,race,NH Black,pct_flagged_20,0.009280029508548567,0.007035006555091087,0.011729383631149106,0.0012466991818576513,200,percentile
PREVENT-ASCVD,race,NH Black,TPR_20,0.06433586519049318,0.02367855001276088,0.11298245009088594,0.02499944016441118,200,percentile
PREVENT-ASCVD,race,NH Black,FPR_20,0.008560069279438889,0.006217887364938078,0.01089452500715713,0.0012047485141390571,200,percentile
PREVENT-ASCVD,race,NH Black,rel_OE,1.7720847906147967,1.284002273739243,2.4860997699351826,0.2960231822902834,200,percentile
PREVENT-ASCVD,race,NH White,n,8634.0,4016.35,4657.025,178.93987641624005,200,percentile
PREVENT-ASCVD,race,NH White,events,82.0,30.975,52.0,5.228523913262499,200,percentile
PREVENT-ASCVD,race,NH White,observed,0.006613868217302638,0.004815998124406924,0.008448335401856716,0.0009701259634394466,200,percentile
PREVENT-ASCVD,race,NH White,expected,0.04252893401288293,0.04132303839169916,0.043692590242611316,0.0005775470600099963,200,percentile
PREVENT-ASCVD,race,NH White,OE,0.15551455428671584,0.11022941532892884,0.19606689264716737,0.02261765276250306,200,percentile
PREVENT-ASCVD,race,NH White,cal_intercept,-1.9338615532243748,-2.2823084352540963,-1.700217082054744,0.1509546381812546,200,percentile
PREVENT-ASCVD,race,NH White,cal_slope,1.3017515038066543,0.9546607913295991,1.7780241645459138,0.2225145168661228,200,percentile
PREVENT-ASCVD,race,NH White,AUC,0.7910474941754186,0.7323797651232846,0.8548162767787814,0.033586256736486214,200,percentile
PREVENT-ASCVD,race,NH White,brier,0.008714797984844114,0.007226952303222777,0.01025577013040449,0.0008170588895758372,200,percentile
PREVENT-ASCVD,race,NH White,scaled_brier,-0.32642804085512833,-0.5290926441300798,-0.22349823628228438,0.07841098091996962,200,percentile
PREVENT-ASCVD,race,NH White,pct_flagged_7.5,0.1754519624472353,0.16637457587603988,0.18384728627399471,0.00440076888370694,200,percentile
PREVENT-ASCVD,race,NH White,TPR_7.5,0.6057826071291301,0.4647858515398883,0.7645133267327061,0.07619628059875333,200,percentile
PREVENT-ASCVD,race,NH White,FPR_7.5,0.17235480043257204,0.16341957600996398,0.18052441362782976,0.004332026209257256,200,percentile
PREVENT-ASCVD,race,NH White,pct_flagged_20,0.004143929354035202,0.002881156408325203,0.005352559426635278,0.0006273627910508004,200,percentile
PREVENT-ASCVD,race,NH White,TPR_20,0.06676689116394201,0.007334957733383802,0.13037164208652322,0.031497099835058016,200,percentile
PREVENT-ASCVD,race,NH White,FPR_20,0.00373730770455173,0.0025974705784607937,0.004875716043781518,0.0005747739781134199,200,percentile
PREVENT-ASCVD,race,NH White,rel_OE,0.9382939700832453,0.8276869530562911,1.0280366790710458,0.05555484011635457,200,percentile
PREVENT-ASCVD,race,Other Hispanic,n,1471.0,615.95,881.325,69.82482586109803,200,percentile
PREVENT-ASCVD,race,Other Hispanic,events,6.0,1.0,6.0,1.409862960659367,200,percentile
PREVENT-ASCVD,race,Other Hispanic,observed,0.0022833153649808487,0.00047788978797049783,0.00417895688473461,0.0010733920518442885,200,percentile
PREVENT-ASCVD,race,Other Hispanic,expected,0.042886200196242924,0.03923747748758809,0.04608945665416308,0.0017609911132675745,200,percentile
PREVENT-ASCVD,race,Other Hispanic,OE,0.053241260697674965,0.010815970888600633,0.09924655884104196,0.025220946503278843,200,percentile
PREVENT-ASCVD,race,Other Hispanic,cal_intercept,-3.0198969493931607,-4.624504411889586,-2.3882720507601096,3.139413184495131,200,percentile
PREVENT-ASCVD,race,Other Hispanic,cal_slope,2.492428794730596,1.4197637773880218,5.175140486984087,1.0489412902926567,200,percentile
PREVENT-ASCVD,race,Other Hispanic,AUC,0.9188243699553122,0.8227698037150509,0.9958305398789581,0.04969130548855448,196,percentile
PREVENT-ASCVD,race,Other Hispanic,brier,0.005198830283644114,0.0034593628660570604,0.0066099521158651305,0.0008324177225557738,200,percentile
PREVENT-ASCVD,race,Other Hispanic,scaled_brier,-1.2820886238096683,-6.871339617615186,-0.5286742603681748,1.6397305598400331,196,percentile
PREVENT-ASCVD,race,Other Hispanic,pct_flagged_7.5,0.18818961296635162,0.1546998059166781,0.21711407013900405,0.015563639115973969,200,percentile
PREVENT-ASCVD,race,Other Hispanic,TPR_7.5,0.8811615263702635,0.5953856751168999,1.0,0.11697695467642988,196,percentile
PREVENT-ASCVD,race,Other Hispanic,FPR_7.5,0.1868193090275098,0.1539792059288998,0.21532415533090138,0.01552478620510821,200,percentile
PREVENT-ASCVD,race,Other Hispanic,pct_flagged_20,0.008739483321331783,0.003625757784068457,0.013985767445074555,0.0029097250521106835,200,percentile
PREVENT-ASCVD,race,Other Hispanic,TPR_20,0.1273098298401407,0.0,1.0,0.2164344913571543,196,percentile
PREVENT-ASCVD,race,Other Hispanic,FPR_20,0.008470616554183982,0.0036264634566199605,0.01335233345637294,0.0028790880374971474,200,percentile
PREVENT-ASCVD,race,Other Hispanic,rel_OE,0.32123008744349896,0.06695292741580096,0.6441224127159969,0.1590249686902378,200,percentile
PREVENT-ASCVD,race,Other/Multiracial,n,1233.0,536.0,705.025,45.186881351019935,200,percentile
PREVENT-ASCVD,race,Other/Multiracial,events,9.0,1.0,7.025000000000006,1.6642184699064875,200,percentile
PREVENT-ASCVD,race,Other/Multiracial,observed,0.0069298635233422876,0.0009811895941340399,0.012440049155856088,0.0030806361514186557,200,percentile
PREVENT-ASCVD,race,Other/Multiracial,expected,0.039536957565790856,0.03710937095067424,0.04232594269677296,0.001480933469863158,200,percentile
PREVENT-ASCVD,race,Other/Multiracial,OE,0.17527558896788548,0.024255021562539024,0.31720904990892324,0.07815777281646248,200,percentile
PREVENT-ASCVD,race,Other/Multiracial,cal_intercept,-1.8099551866809966,-3.7999531024288173,-1.2014063840151585,2.3833949698849373,200,percentile
PREVENT-ASCVD,race,Other/Multiracial,cal_slope,0.36176093620932737,-1.067359005750454,2.1276180830996734,0.9657466911624396,200,percentile
PREVENT-ASCVD,race,Other/Multiracial,AUC,0.6126127919790627,0.24054157358735825,0.9129675396931843,0.2123913668320125,198,percentile
PREVENT-ASCVD,race,Other/Multiracial,brier,0.009142641842281585,0.0037680372987472883,0.014109273255685471,0.002816389902994631,200,percentile
PREVENT-ASCVD,race,Other/Multiracial,scaled_brier,-0.32851696032475397,-1.6577412120976804,-0.1395373885622523,0.5717497634570318,198,percentile
PREVENT-ASCVD,race,Other/Multiracial,pct_flagged_7.5,0.14552511629617543,0.11932354207922276,0.17117659499489915,0.014001051247614917,200,percentile
PREVENT-ASCVD,race,Other/Multiracial,TPR_7.5,0.3716120143256946,0.09299390432169595,1.0,0.28172346260459435,198,percentile
PREVENT-ASCVD,race,Other/Multiracial,FPR_7.5,0.14392437925315646,0.11763822464730879,0.1693342203618634,0.014111727194554065,200,percentile
PREVENT-ASCVD,race,Other/Multiracial,pct_flagged_20,0.0048849004923584224,0.0,0.009535182537594417,0.003152775681915292,200,percentile
PREVENT-ASCVD,race,Other/Multiracial,TPR_20,0.025757331046127364,0.0,0.13441126621297042,0.04500678658836896,198,percentile
PREVENT-ASCVD,race,Other/Multiracial,FPR_20,0.0047407716525868435,0.0,0.009390421362318258,0.003160904056139426,200,percentile
PREVENT-ASCVD,race,Other/Multiracial,rel_OE,1.0575217797824126,0.16157649618414516,1.9844543412049263,0.4686861366024022,200,percentile
PREVENT-ASCVD,age_group,40-49,n,6020.0,2921.95,3138.5,60.3421715164161,200,percentile
PREVENT-ASCVD,age_group,40-49,events,20.0,6.0,14.0,2.2349215583235353,200,percentile
PREVENT-ASCVD,age_group,40-49,observed,0.0025668456574225876,0.0011434078557405218,0.0038557507777777426,0.000765887741165619,200,percentile
PREVENT-ASCVD,age_group,40-49,expected,0.017170526202521196,0.016610976835918077,0.01784191506219701,0.0003038056353458302,200,percentile
PREVENT-ASCVD,age_group,40-49,OE,0.14949138000474851,0.06392449852387168,0.22621714030832274,0.04470902394345259,200,percentile
PREVENT-ASCVD,age_group,40-49,cal_intercept,-1.9322955363938155,-2.7881792498389415,-1.5138765454812835,0.34635147476619427,200,percentile
PREVENT-ASCVD,age_group,40-49,cal_slope,1.4020135592460574,0.9240237597401939,1.9236959289996467,0.2677619980820153,200,percentile
PREVENT-ASCVD,age_group,40-49,AUC,0.8239359973510101,0.7265154358982977,0.941701211053278,0.05894642922819644,200,percentile
PREVENT-ASCVD,age_group,40-49,brier,0.0029200229040172113,0.0016047037950837075,0.004171302014709849,0.0007202465938076592,200,percentile
PREVENT-ASCVD,age_group,40-49,scaled_brier,-0.14051946688669203,-0.3783218722483169,-0.06629238950582152,0.10657125988371682,200,percentile
PREVENT-ASCVD,age_group,40-49,pct_flagged_7.5,0.014023638725686391,0.010857399284110072,0.01711115619015486,0.0016472671130122647,200,percentile
PREVENT-ASCVD,age_group,40-49,TPR_7.5,0.1021140480399602,0.0,0.28065171508808195,0.07211535432497322,200,percentile
PREVENT-ASCVD,age_group,40-49,FPR_7.5,0.01383295420891267,0.01071659460435703,0.016849363888259066,0.00163719592502663,200,percentile
PREVENT-ASCVD,age_group,40-49,pct_flagged_20,0.0002853826320666133,0.0,0.0005847250074921972,0.000180858537885442,200,percentile
PREVENT-ASCVD,age_group,40-49,TPR_20,0.038575741026705294,0.0,0.15472027464880475,0.04909648765843049,200,percentile
PREVENT-ASCVD,age_group,40-49,FPR_20,0.00018988446426125566,0.0,0.0003915469814829344,0.00014057039141407063,200,percentile
PREVENT-ASCVD,age_group,40-49,rel_OE,0.9019532678547518,0.43772839531421387,1.3578052574501591,0.25085371477238677,200,percentile
PREVENT-ASCVD,age_group,50-59,n,4853.0,2352.9,2546.1,51.50544660665275,200,percentile
PREVENT-ASCVD,age_group,50-59,events,32.0,11.0,21.025000000000006,2.8720801209411855,200,percentile
PREVENT-ASCVD,age_group,50-59,observed,0.005256059623114469,0.0029391966820478017,0.0075929686436780755,0.0012005674656899838,200,percentile
PREVENT-ASCVD,age_group,50-59,expected,0.034814281409365266,0.03387380016784899,0.03591982953048386,0.0006022924043098131,200,percentile
PREVENT-ASCVD,age_group,50-59,OE,0.15097423845435326,0.08586739259428637,0.21696688194486385,0.034165016991101034,200,percentile
PREVENT-ASCVD,age_group,50-59,cal_intercept,-1.9389397052090427,-2.5056701472746554,-1.5701071068022179,0.24059684035043472,200,percentile
PREVENT-ASCVD,age_group,50-59,cal_slope,1.105761521044237,0.13622615294388613,1.9644950232876945,0.47625324138980785,200,percentile
PREVENT-ASCVD,age_group,50-59,AUC,0.6905810720199337,0.5393654421195879,0.8350249257040455,0.08052951150250905,200,percentile
PREVENT-ASCVD,age_group,50-59,brier,0.006452723309996941,0.004443232063071439,0.008600571672907143,0.0010630899503789699,200,percentile
PREVENT-ASCVD,age_group,50-59,scaled_brier,-0.23415997524459442,-0.4957299603563883,-0.12303912804584576,0.09806468975822183,200,percentile
PREVENT-ASCVD,age_group,50-59,pct_flagged_7.5,0.06532036576390178,0.05685696737781096,0.07399502901272166,0.004870104775517108,200,percentile
PREVENT-ASCVD,age_group,50-59,TPR_7.5,0.36012199631071584,0.15978613122827115,0.5743954637648462,0.10936635836297535,200,percentile
PREVENT-ASCVD,age_group,50-59,FPR_7.5,0.06371926842051995,0.055635239082792574,0.07224192869901883,0.004793604069498763,200,percentile
PREVENT-ASCVD,age_group,50-59,pct_flagged_20,0.0020943919865048324,0.00044161089792753506,0.0042598030460273386,0.0010235196089157122,200,percentile
PREVENT-ASCVD,age_group,50-59,TPR_20,0.0,0.0,0.0,0.0,200,percentile
PREVENT-ASCVD,age_group,50-59,FPR_20,0.002104336839226094,0.0004434868694810914,0.004287892829779414,0.001027076518782061,200,percentile
PREVENT-ASCVD,age_group,50-59,rel_OE,0.9109000648161857,0.5852645915171166,1.2231131876830228,0.16761763205449628,200,percentile
PREVENT-ASCVD,age_group,60-69,n,4785.0,2301.9,2518.0,56.787073870679095,200,percentile
PREVENT-ASCVD,age_group,60-69,events,47.0,17.0,32.0,3.8531329026947843,200,percentile
PREVENT-ASCVD,age_group,60-69,observed,0.010109367250397527,0.006729859314879694,0.014142501326475543,0.0019762491375010364,200,percentile
PREVENT-ASCVD,age_group,60-69,expected,0.06541287805113924,0.0640891080075539,0.06670009019984982,0.0006508204014809353,200,percentile
PREVENT-ASCVD,age_group,60-69,OE,0.15454704870949276,0.10209930430497474,0.2158953417184611,0.030250434306832198,200,percentile
PREVENT-ASCVD,age_group,60-69,cal_intercept,-1.943042985970402,-2.362671338178473,-1.6037537203755357,0.20585327870866943,200,percentile
PREVENT-ASCVD,age_group,60-69,cal_slope,1.2299870544314726,0.33589317111812783,1.8623493955196389,0.40039519288706216,200,percentile
PREVENT-ASCVD,age_group,60-69,AUC,0.6776178668033461,0.5400148881399741,0.7697126902570173,0.06251105335735291,200,percentile
PREVENT-ASCVD,age_group,60-69,brier,0.013693898149421931,0.01099720806677414,0.01700481113834581,0.0016225176091054414,200,percentile
PREVENT-ASCVD,age_group,60-69,scaled_brier,-0.3684089470454779,-0.6585020333069044,-0.22678971958314267,0.1230185651072563,200,percentile
PREVENT-ASCVD,age_group,60-69,pct_flagged_7.5,0.30404274287440847,0.28697106533906536,0.32166327462864114,0.009051978411085052,200,percentile
PREVENT-ASCVD,age_group,60-69,TPR_7.5,0.6344679753045982,0.41839634595053576,0.8248309766691484,0.10628281387318066,200,percentile
PREVENT-ASCVD,age_group,60-69,FPR_7.5,0.3002061349747011,0.2835354670043592,0.3186379979329287,0.009101650368923821,200,percentile
PREVENT-ASCVD,age_group,60-69,pct_flagged_20,0.005092165840486361,0.003269105468600024,0.006873375370258241,0.0009858530349163388,200,percentile
PREVENT-ASCVD,age_group,60-69,TPR_20,0.052126409107017296,0.0,0.12396020328389609,0.0434618984291133,200,percentile
PREVENT-ASCVD,age_group,60-69,FPR_20,0.004623935963991021,0.0027654676526217676,0.006390283833577345,0.0008891039283250657,200,percentile
PREVENT-ASCVD,age_group,60-69,rel_OE,0.9324565444268875,0.6673748573978516,1.2172699720421851,0.14394534185602786,200,percentile
PREVENT-ASCVD,age_group,70-79,n,2853.0,1368.875,1513.075,37.10977874350586,200,percentile
PREVENT-ASCVD,age_group,70-79,events,86.0,33.975,53.0,4.745563916377285,200,percentile
PREVENT-ASCVD,age_group,70-79,observed,0.022824554760039518,0.016880561623969774,0.028842584685122408,0.0032874809807074672,200,percentile
PREVENT-ASCVD,age_group,70-79,expected,0.11449220394788319,0.11291492704617556,0.11613865969097921,0.0008004836307478472,200,percentile
PREVENT-ASCVD,age_group,70-79,OE,0.19935466322605902,0.14774061686474685,0.2507133514775063,0.028595926845371007,200,percentile
PREVENT-ASCVD,age_group,70-79,cal_intercept,-1.7260628081153249,-2.031810191841374,-1.4900012522725483,0.15130841286908375,200,percentile
PREVENT-ASCVD,age_group,70-79,cal_slope,2.042921866090051,1.4338105642298966,2.6502697430621107,0.315513875291256,200,percentile
PREVENT-ASCVD,age_group,70-79,AUC,0.709193499513629,0.6488905670220527,0.7659291976546617,0.0294648669998151,200,percentile
PREVENT-ASCVD,age_group,70-79,brier,0.03083872580366192,0.026606575404434642,0.03494182588491347,0.002327553294262596,200,percentile
PREVENT-ASCVD,age_group,70-79,scaled_brier,-0.38267963304776864,-0.6161193883836719,-0.2543040500777638,0.1000154203137726,200,percentile
PREVENT-ASCVD,age_group,70-79,pct_flagged_7.5,0.8458206628679314,0.8316941277785384,0.8600372812281591,0.007736287673779274,200,percentile
PREVENT-ASCVD,age_group,70-79,TPR_7.5,0.9785145086639482,0.9440012103140072,1.0,0.01758283365216118,200,percentile
PREVENT-ASCVD,age_group,70-79,FPR_7.5,0.8429170188839146,0.8275277564025006,0.8571020694384787,0.007956701508416587,200,percentile
PREVENT-ASCVD,age_group,70-79,pct_flagged_20,0.030765869758688873,0.023810065515044315,0.03742802342074397,0.0033059224688590325,200,percentile
PREVENT-ASCVD,age_group,70-79,TPR_20,0.12559231398938137,0.03847530390602742,0.2182256995000716,0.05072202254721911,200,percentile
PREVENT-ASCVD,age_group,70-79,FPR_20,0.02868260034673209,0.02179408863402633,0.03428861550712752,0.0030667953175918957,200,percentile
PREVENT-ASCVD,age_group,70-79,rel_OE,1.2028023953830378,0.902380372757213,1.5520839412133738,0.1659743758906984,200,percentile
PREVENT-ASCVD,income,PIR 1.3-3.5,n,6093.0,2941.95,3185.225,59.52340023788453,200,percentile
PREVENT-ASCVD,income,PIR 1.3-3.5,events,68.0,26.975,44.0,4.9006178463926275,200,percentile
PREVENT-ASCVD,income,PIR 1.3-3.5,observed,0.008886390823754045,0.006097653697838443,0.011835972319225225,0.0014911249799512529,200,percentile
PREVENT-ASCVD,income,PIR 1.3-3.5,expected,0.04947126937373381,0.048000600192213146,0.051086226224655244,0.0008011210556265717,200,percentile
PREVENT-ASCVD,income,PIR 1.3-3.5,OE,0.17962730563109766,0.12363531799126788,0.23922230128088018,0.02972598166440177,200,percentile
PREVENT-ASCVD,income,PIR 1.3-3.5,cal_intercept,-1.7964819795310996,-2.1729507251703626,-1.5042223826880046,0.17301573135551027,200,percentile
PREVENT-ASCVD,income,PIR 1.3-3.5,cal_slope,1.1552896918702569,0.7926503802086694,1.8216383904594633,0.2928072079322571,200,percentile
PREVENT-ASCVD,income,PIR 1.3-3.5,AUC,0.7637746804815089,0.6921410049171396,0.8543220489896621,0.04526685476643486,200,percentile
PREVENT-ASCVD,income,PIR 1.3-3.5,brier,0.011474784732088543,0.009067435627178128,0.013936915902874523,0.0012681967371255276,200,percentile
PREVENT-ASCVD,income,PIR 1.3-3.5,scaled_brier,-0.30285384112692526,-0.5041028731854741,-0.18547868438147072,0.08561974588388989,200,percentile
PREVENT-ASCVD,income,PIR 1.3-3.5,pct_flagged_7.5,0.2337457691656562,0.2221009737595057,0.24540411713460164,0.006262939241908147,200,percentile
PREVENT-ASCVD,income,PIR 1.3-3.5,TPR_7.5,0.6410076390318112,0.5077259646336301,0.8318651697996435,0.08779352236731487,200,percentile
PREVENT-ASCVD,income,PIR 1.3-3.5,FPR_7.5,0.22986604759746562,0.21824440139565007,0.2408249688469254,0.006101559493151064,200,percentile
PREVENT-ASCVD,income,PIR 1.3-3.5,pct_flagged_20,0.006507354208353404,0.0044742516143901545,0.008463887471485106,0.0010467390539616202,200,percentile
PREVENT-ASCVD,income,PIR 1.3-3.5,TPR_20,0.06837029683979473,0.0,0.14950722243299272,0.041230604336873686,200,percentile
PREVENT-ASCVD,income,PIR 1.3-3.5,FPR_20,0.005971908136841099,0.00426001935992729,0.007769624686278263,0.0009259823697885622,200,percentile
PREVENT-ASCVD,income,PIR 1.3-3.5,rel_OE,1.0837777757136664,0.82356597809213,1.3782525218782453,0.14887388087420994,200,percentile
PREVENT-ASCVD,income,PIR<1.3,n,4506.0,2136.95,2412.2,74.19791390016076,200,percentile
PREVENT-ASCVD,income,PIR<1.3,events,78.0,31.0,47.0,4.1582242779495004,200,percentile
PREVENT-ASCVD,income,PIR<1.3,observed,0.015298893676155044,0.01089733097823048,0.019734087528471198,0.002506415583655011,200,percentile
PREVENT-ASCVD,income,PIR<1.3,expected,0.05015970037488272,0.048086143224856846,0.05203636264184075,0.0010094259549501311,200,percentile
PREVENT-ASCVD,income,PIR<1.3,OE,0.3050036894521784,0.2161576704851613,0.3970056481303285,0.049479197757507254,200,percentile
PREVENT-ASCVD,income,PIR<1.3,cal_intercept,-1.2603799334944537,-1.6189078165530875,-0.9877128898144683,0.17172013562247126,200,percentile
PREVENT-ASCVD,income,PIR<1.3,cal_slope,1.2083596998978448,0.888834670764337,1.615126893403649,0.19429807236527402,200,percentile
PREVENT-ASCVD,income,PIR<1.3,AUC,0.789998425609311,0.7281684339772891,0.8470746975452547,0.03151208740742141,200,percentile
PREVENT-ASCVD,income,PIR<1.3,brier,0.016800161086937125,0.013050872604585746,0.02036168762518346,0.002064691842405583,200,percentile
PREVENT-ASCVD,income,PIR<1.3,scaled_brier,-0.11519032682697561,-0.24585709414904214,-0.04556891963102721,0.05317557976133543,200,percentile
PREVENT-ASCVD,income,PIR<1.3,pct_flagged_7.5,0.22909935917449897,0.21210449616652086,0.2454765488229491,0.008969598212925416,200,percentile
PREVENT-ASCVD,income,PIR<1.3,TPR_7.5,0.6485520466048048,0.5118705001531944,0.8085773239641262,0.0794810841973069,200,percentile
PREVENT-ASCVD,income,PIR<1.3,FPR_7.5,0.2227519416163026,0.20651661027676024,0.23981232963127108,0.008830672764349012,200,percentile
PREVENT-ASCVD,income,PIR<1.3,pct_flagged_20,0.012238784555814411,0.007881266218330107,0.016573053785242015,0.002384693616461461,200,percentile
PREVENT-ASCVD,income,PIR<1.3,TPR_20,0.07822113645801312,0.023800161505090022,0.15452211233533264,0.0329501190707383,200,percentile
PREVENT-ASCVD,income,PIR<1.3,FPR_20,0.011236691854984783,0.007023775136794341,0.015394282419782723,0.00234226968749048,200,percentile
PREVENT-ASCVD,income,PIR<1.3,rel_OE,1.8402336937448154,1.3939344227033221,2.315032607252917,0.24746939231255152,200,percentile
PREVENT-ASCVD,income,PIR>3.5,n,6387.0,3056.325,3399.025,100.26195639173167,200,percentile
PREVENT-ASCVD,income,PIR>3.5,events,24.0,7.0,17.0,2.654847656721948,200,percentile
PREVENT-ASCVD,income,PIR>3.5,observed,0.0035296881220717473,0.0018313679997801306,0.005194860954661932,0.0008172376681171629,200,percentile
PREVENT-ASCVD,income,PIR>3.5,expected,0.03534540340027718,0.034252479402484645,0.0365358249079937,0.0005935428990167046,200,percentile
PREVENT-ASCVD,income,PIR>3.5,OE,0.0998627199723534,0.051912703441783364,0.14590878736639565,0.0233276246753976,200,percentile
PREVENT-ASCVD,income,PIR>3.5,cal_intercept,-2.3690322708724323,-3.0286354015530557,-1.9891063136148075,0.2537899269929413,200,percentile
PREVENT-ASCVD,income,PIR>3.5,cal_slope,1.1721769339694572,0.4668145789434254,2.303190621505766,0.4655049735269254,200,percentile
PREVENT-ASCVD,income,PIR>3.5,AUC,0.7588301058683307,0.6134386208913835,0.9321200449679313,0.07612346224402702,200,percentile
PREVENT-ASCVD,income,PIR>3.5,brier,0.005326748349768316,0.0038980671668940167,0.006733275778884532,0.00068745119590858,200,percentile
PREVENT-ASCVD,income,PIR>3.5,scaled_brier,-0.5144728159256291,-1.1582854320327822,-0.29562053580554604,0.20325615153557614,200,percentile
PREVENT-ASCVD,income,PIR>3.5,pct_flagged_7.5,0.11830347643205079,0.10848051931669628,0.12695738971420778,0.005138897078381464,200,percentile
PREVENT-ASCVD,income,PIR>3.5,TPR_7.5,0.5908233178471498,0.3321792946418346,0.8801555044222897,0.13724639322454682,200,percentile
PREVENT-ASCVD,income,PIR>3.5,FPR_7.5,0.11636308318499555,0.10624690308712698,0.12494051725090022,0.005222548004656757,200,percentile
PREVENT-ASCVD,income,PIR>3.5,pct_flagged_20,0.0019129264017322457,0.0009100261416478745,0.0028929873606659594,0.0005440768703417705,200,percentile
PREVENT-ASCVD,income,PIR>3.5,TPR_20,0.04134365038670168,0.0,0.1332025834192447,0.04558062286860848,200,percentile
PREVENT-ASCVD,income,PIR>3.5,FPR_20,0.0017796722881659208,0.0006486031965240738,0.0026629140806510247,0.0005361788195065485,200,percentile
PREVENT-ASCVD,income,PIR>3.5,rel_OE,0.6025197346700998,0.3519685584139086,0.8443818540339518,0.11517150034280309,200,percentile
PREVENT-ASCVD,education,<HS,n,5308.0,2530.875,2839.0,76.97219216596447,200,percentile
PREVENT-ASCVD,education,<HS,events,86.0,33.0,51.025000000000006,4.5226148659962915,200,percentile
PREVENT-ASCVD,education,<HS,observed,0.013345028923801577,0.009175460431664213,0.01706638628472439,0.002048273475880992,200,percentile
PREVENT-ASCVD,education,<HS,expected,0.05580280274859369,0.05384225355403198,0.057409006238218784,0.0009312257201096578,200,percentile
PREVENT-ASCVD,education,<HS,OE,0.23914621249266713,0.16801701608500527,0.3025440893691424,0.03570856629926133,200,percentile
PREVENT-ASCVD,education,<HS,cal_intercept,-1.5128594201264944,-1.8733556811669234,-1.2699042854752367,0.15716380260841967,200,percentile
PREVENT-ASCVD,education,<HS,cal_slope,1.2307058353612583,0.8816783329115001,1.7247525503963361,0.21389864842299072,200,percentile
PREVENT-ASCVD,education,<HS,AUC,0.7801341786153545,0.7151674745388442,0.8399061644726786,0.031844844116800206,200,percentile
PREVENT-ASCVD,education,<HS,brier,0.015862794593091725,0.012437755041103721,0.018940183783510502,0.0017195104423413487,200,percentile
PREVENT-ASCVD,education,<HS,scaled_brier,-0.20474427961583652,-0.3547916395033581,-0.11065613059253793,0.060885764128287535,200,percentile
PREVENT-ASCVD,education,<HS,pct_flagged_7.5,0.2758914974648172,0.2589190982568335,0.29131426150703654,0.008322914247158945,200,percentile
PREVENT-ASCVD,education,<HS,TPR_7.5,0.7102071216190676,0.5461718234142928,0.8530124295323978,0.0814909468326387,200,percentile
PREVENT-ASCVD,education,<HS,FPR_7.5,0.27005213339112133,0.25395440980621614,0.2856830951167263,0.008202670716235679,200,percentile
PREVENT-ASCVD,education,<HS,pct_flagged_20,0.012741755188286429,0.009301992678758843,0.015532439644201155,0.001651406564746603,200,percentile
PREVENT-ASCVD,education,<HS,TPR_20,0.07191050394460585,0.025325704344509516,0.1275807549776025,0.026905752675731285,200,percentile
PREVENT-ASCVD,education,<HS,FPR_20,0.011949156168762482,0.008367816454866181,0.014989495726773964,0.0016614064686131576,200,percentile
PREVENT-ASCVD,education,<HS,rel_OE,1.442883916423786,1.080616975982547,1.8042057351787144,0.1862898591486918,200,percentile
PREVENT-ASCVD,education,College+,n,4141.0,1949.775,2219.025,71.40429445300651,200,percentile
PREVENT-ASCVD,education,College+,events,22.0,6.0,16.0,2.446698113436036,200,percentile
PREVENT-ASCVD,education,College+,observed,0.004027443647182348,0.0018968958386931085,0.006163630045642492,0.0011062539242685837,200,percentile
PREVENT-ASCVD,education,College+,expected,0.034103604880123414,0.03268436280244733,0.035535382621437094,0.000710058776398574,200,percentile
PREVENT-ASCVD,education,College+,OE,0.11809436748223824,0.0547601301505505,0.18084715070672133,0.032604364273205774,200,percentile
PREVENT-ASCVD,education,College+,cal_intercept,-2.1993197226819365,-2.9731650425136995,-1.7663408588650682,0.3103077272423692,200,percentile
PREVENT-ASCVD,education,College+,cal_slope,1.3230800213529181,0.5576984393851249,2.818059155392565,0.5972538251310184,200,percentile
PREVENT-ASCVD,education,College+,AUC,0.7764677701141892,0.6379782353815119,0.9250065270752711,0.0821192599738567,200,percentile
PREVENT-ASCVD,education,College+,brier,0.005541783024564966,0.0037893027365927035,0.0072807935998797915,0.000925407492063878,200,percentile
PREVENT-ASCVD,education,College+,scaled_brier,-0.3815692989717221,-1.0407534184288667,-0.1722986354438053,0.23329395870495367,200,percentile
PREVENT-ASCVD,education,College+,pct_flagged_7.5,0.11400865111988996,0.10254769497807194,0.12363399428689525,0.005447484455996435,200,percentile
PREVENT-ASCVD,education,College+,TPR_7.5,0.5951669018202842,0.34585426245568507,0.8989514463745936,0.1432019422829694,200,percentile
PREVENT-ASCVD,education,College+,FPR_7.5,0.11171119584799111,0.09993357877004912,0.12059488088796967,0.0055212010939706515,200,percentile
PREVENT-ASCVD,education,College+,pct_flagged_20,0.0016676238705437322,0.0006734001747107375,0.0026588606929126603,0.0005378568596003109,200,percentile
PREVENT-ASCVD,education,College+,TPR_20,0.1299810426919865,0.0,0.3005081474842305,0.09471471697310015,200,percentile
PREVENT-ASCVD,education,College+,FPR_20,0.0011487804751068385,0.000406871406253246,0.0018623517280260292,0.00040335132399310294,200,percentile
PREVENT-ASCVD,education,College+,rel_OE,0.7125200172910392,0.3604870821294944,1.0915514807288835,0.1811298890079449,200,percentile
PREVENT-ASCVD,education,HS/GED,n,4214.0,2032.95,2229.125,55.42173076696568,200,percentile
PREVENT-ASCVD,education,HS/GED,events,38.0,13.0,25.0,3.2118460071848633,200,percentile
PREVENT-ASCVD,education,HS/GED,observed,0.006604142168953903,0.0031713692739783854,0.00959034263445987,0.001551995152325472,200,percentile
PREVENT-ASCVD,education,HS/GED,expected,0.046559998079422904,0.04500314284924929,0.048176392772916445,0.0008220511489924814,200,percentile
PREVENT-ASCVD,education,HS/GED,OE,0.14184154728031637,0.06839288937140485,0.20634602991943055,0.0331980613068138,200,percentile
PREVENT-ASCVD,education,HS/GED,cal_intercept,-2.032928209807193,-2.772086805639846,-1.6514646455140871,0.26865913447932654,200,percentile
PREVENT-ASCVD,education,HS/GED,cal_slope,1.5591497730696573,0.9155077355763624,2.26728993102052,0.36720104899450234,200,percentile
PREVENT-ASCVD,education,HS/GED,AUC,0.8312794624999503,0.7259957042191998,0.9125040984829527,0.049339582316705946,200,percentile
PREVENT-ASCVD,education,HS/GED,brier,0.009105924777410521,0.006515633865967132,0.011521694875605521,0.0012387689164627238,200,percentile
PREVENT-ASCVD,education,HS/GED,scaled_brier,-0.3879866842840878,-1.0832108901243562,-0.21592477193268006,0.20829576798958427,200,percentile
PREVENT-ASCVD,education,HS/GED,pct_flagged_7.5,0.21121832386413414,0.19632055854628988,0.22384319518184131,0.007422457276196796,200,percentile
PREVENT-ASCVD,education,HS/GED,TPR_7.5,0.7196025969355114,0.47780555292350296,0.9149585276128905,0.11665754271058333,200,percentile
PREVENT-ASCVD,education,HS/GED,FPR_7.5,0.2075188806420322,0.19374261135427165,0.2207768496756547,0.007313839994465671,200,percentile
PREVENT-ASCVD,education,HS/GED,pct_flagged_20,0.005770435055992781,0.0031573340579431858,0.008418929287531596,0.0013252543869386822,200,percentile
PREVENT-ASCVD,education,HS/GED,TPR_20,0.0578458970085555,0.0,0.15817002787521464,0.049992733437842586,200,percentile
PREVENT-ASCVD,education,HS/GED,FPR_20,0.005454224749907954,0.0029005901593011094,0.007947124118354378,0.001291378941020873,200,percentile
PREVENT-ASCVD,education,HS/GED,rel_OE,0.8557981542681047,0.497852189588844,1.114317637896298,0.1752690592773331,200,percentile
PREVENT-ASCVD,education,Some college,n,4833.0,2332.975,2539.125,55.33961932771744,200,percentile
PREVENT-ASCVD,education,Some college,events,37.0,12.0,24.025000000000006,3.2807915149890454,200,percentile
PREVENT-ASCVD,education,Some college,observed,0.0067594161332692965,0.0037287246881860655,0.009373953083479427,0.0014716190150646448,200,percentile
PREVENT-ASCVD,education,Some college,expected,0.040307797683073084,0.03924482032775769,0.04167716472780266,0.0006141116492363867,200,percentile
PREVENT-ASCVD,education,Some college,OE,0.16769500002000495,0.09276745898543894,0.2307263676597354,0.03609901818682203,200,percentile
PREVENT-ASCVD,education,Some college,cal_intercept,-1.8540987489493295,-2.4520172023718887,-1.5312773660382226,0.23706973187341343,200,percentile
PREVENT-ASCVD,education,Some college,cal_slope,0.8925779215178192,0.5183327998863764,1.3951512220688347,0.24492337469762157,200,percentile
PREVENT-ASCVD,education,Some college,AUC,0.7222495756811187,0.631520075196142,0.827372652078372,0.05280435688959803,200,percentile
PREVENT-ASCVD,education,Some college,brier,0.008813383819626756,0.006084615388355728,0.011209650428989358,0.0013165359775811566,200,percentile
PREVENT-ASCVD,education,Some college,scaled_brier,-0.31274098158611885,-0.6528853729982605,-0.1889312417862641,0.11512382383374645,200,percentile
PREVENT-ASCVD,education,Some college,pct_flagged_7.5,0.1523340568996841,0.14095192233812395,0.1623178944550362,0.00577846836459174,200,percentile
PREVENT-ASCVD,education,Some college,TPR_7.5,0.42847629827943934,0.24901042218720493,0.6108212281948201,0.09835617964352678,200,percentile
PREVENT-ASCVD,education,Some college,FPR_7.5,0.1505303645951039,0.13977435555628476,0.16048852319519252,0.005586564207461124,200,percentile
PREVENT-ASCVD,education,Some college,pct_flagged_20,0.0035103094614987213,0.0022546481817078386,0.004858816352284051,0.0007331937940854986,200,percentile
PREVENT-ASCVD,education,Some college,TPR_20,0.019089811719347108,0.0,0.06552500272787862,0.02204923285367313,200,percentile
PREVENT-ASCVD,education,Some college,FPR_20,0.0034209663025605093,0.00210335270867138,0.004685168260867057,0.0007253876033686581,200,percentile
PREVENT-ASCVD,education,Some college,rel_OE,1.0117844471443214,0.6213622498362913,1.348236227098276,0.18947543237121453,200,percentile
PREVENT-ASCVD,sex,GAP(max-min),OE,0.05772629499865978,0.0,0.10836945438236405,0.03206739233334464,200,basic
PREVENT-ASCVD,sex,GAP(max-min),AUC,0.055194173002322766,0.0,0.10555605003949259,0.04442872620076156,200,basic
PREVENT-ASCVD,sex,GAP(max-min),cal_slope,0.2457687040633063,0.0,0.47728267712753225,0.27830984554917537,200,basic
PREVENT-ASCVD,sex,GAP(max-min),TPR_7.5,0.05622816741678682,0.0,0.10388285794845792,0.06958401850986583,200,basic
PREVENT-ASCVD,sex,GAP(max-min),FPR_7.5,0.05843973586797929,0.049066250011428045,0.07043364033666352,0.0055940411744722215,200,basic
PREVENT-ASCVD,sex,GAP(max-min),pct_flagged_7.5,0.059427170153919406,0.04956575193021956,0.0709017314379482,0.005549653577088253,200,basic
PREVENT-ASCVD,sex,GAP(max/min),OE,1.4297488453225016,1.0,1.8150725907444152,0.29808620052888796,200,basic
PREVENT-ASCVD,race,GAP(max-min),OE,0.14719129556489916,0.019632153469184843,0.2291644319519558,0.05288070931267899,200,basic
PREVENT-ASCVD,race,GAP(max-min),AUC,0.06547019034067614,0.0,0.1143042444043243,0.04806662941574799,200,basic
PREVENT-ASCVD,race,GAP(max-min),cal_slope,0.4600239997606792,0.0,0.8341396521633585,0.2859256782704356,200,basic
PREVENT-ASCVD,race,GAP(max-min),TPR_7.5,0.1340647739297226,0.0,0.23841879693876317,0.09169853660404098,200,basic
PREVENT-ASCVD,race,GAP(max-min),FPR_7.5,0.03828105578245328,0.018644833129165678,0.060581993317559826,0.011783788536769237,200,basic
PREVENT-ASCVD,race,GAP(max-min),pct_flagged_7.5,0.04211684453231551,0.022391763217276428,0.06592408282799327,0.011938114964325276,200,basic
PREVENT-ASCVD,race,GAP(max/min),OE,2.0046003123149374,1.0,2.604333891019521,0.646850612396878,200,basic
PREVENT-ASCVD,age_group,GAP(max-min),OE,0.049863283221310506,0.0,0.08099128280068887,0.0327833691612137,200,basic
PREVENT-ASCVD,age_group,GAP(max-min),AUC,0.14631813054766396,0.0,0.2690683364073555,0.08115765712252444,200,basic
PREVENT-ASCVD,age_group,GAP(max-min),cal_slope,0.9371603450458139,0.0,1.454209623879601,0.45327938655646655,200,basic
PREVENT-ASCVD,age_group,GAP(max-min),TPR_7.5,0.876400460623988,0.7678087596982619,1.3045978768388515,0.1532874776983334,200,basic
PREVENT-ASCVD,age_group,GAP(max-min),FPR_7.5,0.829084064675002,0.8155224327971679,0.8888043462496856,0.025735053211051014,200,basic
PREVENT-ASCVD,age_group,GAP(max-min),pct_flagged_7.5,0.8317970241422451,0.8182975231991424,0.893678871223141,0.026435543331549887,200,basic
PREVENT-ASCVD,age_group,GAP(max/min),OE,1.3335528993024657,1.0,1.5490790991478938,0.3692721672564918,200,basic
PREVENT-ASCVD,income,GAP(max-min),OE,0.20514096947982496,0.13087731125580648,0.33912871204610345,0.05704758651982054,200,basic
PREVENT-ASCVD,income,GAP(max-min),AUC,0.031168319740980333,0.0,0.04959780247084391,0.045047400132181635,200,basic
PREVENT-ASCVD,income,GAP(max-min),cal_slope,0.05307000802758788,0.0,0.07643558933236794,0.3098698589227952,200,basic
PREVENT-ASCVD,income,GAP(max-min),TPR_7.5,0.057728728757655,0.0,0.08706982496282437,0.09360271799526765,200,basic
PREVENT-ASCVD,income,GAP(max-min),FPR_7.5,0.11350296441247007,0.09843907745118496,0.22440015748593312,0.04140313850935192,200,basic
PREVENT-ASCVD,income,GAP(max-min),pct_flagged_7.5,0.11544229273360541,0.09994101994486976,0.22711435416585932,0.04250514885109856,200,basic
PREVENT-ASCVD,income,GAP(max/min),OE,3.0542297419559317,1.8087476498146202,4.783682641723805,0.7701582761250713,200,basic
PREVENT-ASCVD,education,GAP(max-min),OE,0.12105184501042889,0.049356182503572266,0.20248825900064576,0.040597344318695924,200,basic
PREVENT-ASCVD,education,GAP(max-min),AUC,0.10902988681883163,0.0,0.18144254426223022,0.05757346203497411,200,basic
PREVENT-ASCVD,education,GAP(max-min),cal_slope,0.6665718515518381,0.0,1.0872427793100492,0.4082660314012979,200,basic
PREVENT-ASCVD,education,GAP(max-min),TPR_7.5,0.2911262986560721,0.004805943702371973,0.4205002163037759,0.11188931042191459,200,basic
PREVENT-ASCVD,education,GAP(max-min),FPR_7.5,0.15834093754313022,0.14137042003697609,0.20779542496059034,0.018849229740351435,200,basic
PREVENT-ASCVD,education,GAP(max-min),pct_flagged_7.5,0.16188284634492728,0.14607107623822635,0.21064582238274837,0.01883454090417778,200,basic
PREVENT-ASCVD,education,GAP(max/min),OE,2.0250433411113824,1.0,2.8139717218349976,0.5766789679030139,200,basic
Framingham-office,Overall,All,n,18511.0,9042.85,9642.175,150.16364239551265,200,percentile
Framingham-office,Overall,All,events,185.0,80.0,106.025,7.204128841283243,200,percentile
Framingham-office,Overall,All,observed,0.007058649758562692,0.005644956483087861,0.00857607183560686,0.0007733632523905439,200,percentile
Framingham-office,Overall,All,expected,0.15135387369187622,0.14806564697960148,0.15475882816668896,0.0015817080232427296,200,percentile
Framingham-office,Overall,All,OE,0.04663673011060541,0.037056457223150936,0.05673384528937348,0.005017137245891365,200,percentile
Framingham-office,Overall,All,cal_intercept,-3.480379834020546,-3.714163708960476,-3.2785090469547793,0.11002012947633252,200,percentile
Framingham-office,Overall,All,cal_slope,0.9347903676211726,0.7826215433410287,1.078159467952196,0.07406011194356434,200,percentile
Framingham-office,Overall,All,AUC,0.7904122133095705,0.753395049638346,0.8264092735243749,0.021059689014379237,200,percentile
Framingham-office,Overall,All,brier,0.044108002484684765,0.042253122823200345,0.04592804757538822,0.0009142876292965251,200,percentile
Framingham-office,Overall,All,scaled_brier,-5.293209073797243,-6.833029578515037,-4.261479571761712,0.6462773235342939,200,percentile
Framingham-office,Overall,All,pct_flagged_7.5,0.6378772842440218,0.6267335491828028,0.6496303391684837,0.005714969461280843,200,percentile
Framingham-office,Overall,All,TPR_7.5,0.9342206214366796,0.8886565537036918,0.9812813367627096,0.026515856997393315,200,percentile
Framingham-office,Overall,All,FPR_7.5,0.6356803855818228,0.6247532246358515,0.6475338659381453,0.005665613297105435,200,percentile
Framingham-office,Overall,All,pct_flagged_20,0.25081619890916196,0.24227565212650579,0.2602717426435248,0.004914369194532155,200,percentile
Framingham-office,Overall,All,TPR_20,0.6748227719152978,0.574328565420541,0.7695935410557999,0.050524411160659415,200,percentile
Framingham-office,Overall,All,FPR_20,0.24798775985149718,0.23954423171783606,0.25663668247581917,0.004854112085912077,200,percentile
Framingham-office,Overall,All,rel_OE,1.0,1.0,1.0,0.0,200,percentile
Framingham-office,sex,Female,n,9527.0,4643.95,4978.3,85.12720307585363,200,percentile
Framingham-office,sex,Female,events,73.0,28.975,45.0,4.05242033268562,200,percentile
Framingham-office,sex,Female,observed,0.00495433887458683,0.003458059308126401,0.0064024979972890595,0.0007281744237619684,200,percentile
Framingham-office,sex,Female,expected,0.10923583298181898,0.10649443480194,0.11229648391185124,0.001465930903409849,200,percentile
Framingham-office,sex,Female,OE,0.04535452094196436,0.03164215575170922,0.058249760405230694,0.006632022841571415,200,percentile
Framingham-office,sex,Female,cal_intercept,-3.4042839049563267,-3.7651336566234814,-3.1508209200705464,0.1529359644032697,200,percentile
Framingham-office,sex,Female,cal_slope,0.9310557285798218,0.7153601864706773,1.171307892716877,0.11742857639773026,200,percentile
Framingham-office,sex,Female,AUC,0.786843878074369,0.7084565356318459,0.854946982997871,0.038419802837022454,200,percentile
Framingham-office,sex,Female,brier,0.026306423494657425,0.024728887323391572,0.02789514662070328,0.0007928113584789109,200,percentile
Framingham-office,sex,Female,scaled_brier,-4.336212160501701,-6.432496236807941,-3.2915430874190603,0.7600832003880142,200,percentile
Framingham-office,sex,Female,pct_flagged_7.5,0.4757170629686426,0.4617996462060059,0.4915373802916967,0.007438126409825036,200,percentile
Framingham-office,sex,Female,TPR_7.5,0.8540469305914236,0.7219967476757396,0.955180972226393,0.06060693315975765,200,percentile
Framingham-office,sex,Female,FPR_7.5,0.4736093299346746,0.45989860826022183,0.48944971971490103,0.007370841998765263,200,percentile
Framingham-office,sex,Female,pct_flagged_20,0.1488718747180117,0.14059294878356457,0.15804489716735434,0.00463247834700558,200,percentile
Framingham-office,sex,Female,TPR_20,0.5305462743026312,0.35083025056945205,0.6838015874913504,0.08894397652465957,200,percentile
Framingham-office,sex,Female,FPR_20,0.14694417821601416,0.1387768043427638,0.15580783352969657,0.004716073305297262,200,percentile
Framingham-office,sex,Female,rel_OE,0.9725064521976539,0.7417386819537153,1.2501955032083443,0.1330139104249922,200,percentile
Framingham-office,sex,Male,n,8984.0,4368.6,4676.025,74.56247186792626,200,percentile
Framingham-office,sex,Male,events,112.0,45.0,67.025,6.1528254734335395,200,percentile
Framingham-office,sex,Male,observed,0.009398629394121427,0.006701938597085476,0.012460564230645595,0.0014068879366879,200,percentile
Framingham-office,sex,Male,expected,0.1982302577893521,0.19330201289401647,0.20203752633395186,0.002202007564248567,200,percentile
Framingham-office,sex,Male,OE,0.047412688148288695,0.03341611318340009,0.06193475570469448,0.007072634593611711,200,percentile
Framingham-office,sex,Male,cal_intercept,-3.522998511326652,-3.897867302748889,-3.249326221773212,0.15725092285491227,200,percentile
Framingham-office,sex,Male,cal_slope,0.9522951196909711,0.7620284795090828,1.1747149303481321,0.10700059597764995,200,percentile
Framingham-office,sex,Male,AUC,0.7782460304153546,0.7236544970737436,0.8399517781814536,0.031181086483461535,200,percentile
Framingham-office,sex,Male,brier,0.0639032393171584,0.06119114030910032,0.0664057343872555,0.0013483318725960802,200,percentile
Framingham-office,sex,Male,scaled_brier,-5.863717875908323,-8.588135247666619,-4.351006104023564,1.0665270199098527,200,percentile
Framingham-office,sex,Male,pct_flagged_7.5,0.818357778817959,0.8038935521449744,0.8316384553583004,0.0068657795977440615,200,percentile
Framingham-office,sex,Male,TPR_7.5,0.981216009202899,0.951735113397338,1.0,0.019483993523828617,200,percentile
Framingham-office,sex,Male,FPR_7.5,0.8167108739617764,0.8022570984284161,0.8302835014493957,0.006895149529804197,200,percentile
Framingham-office,sex,Male,pct_flagged_20,0.3642778228778392,0.3498970990901987,0.37806144511608825,0.007697337589084691,200,percentile
Framingham-office,sex,Male,TPR_20,0.7593932822582243,0.6250683318870263,0.8889108575737165,0.06730770856315361,200,percentile
Framingham-office,sex,Male,FPR_20,0.3608516445105532,0.346858321481196,0.3750641244259747,0.00754854436088935,200,percentile
Framingham-office,sex,Male,rel_OE,1.0166383456953991,0.8458586197146811,1.157691819910182,0.0816317487979487,200,percentile
Framingham-office,race,Mexican American,n,3402.0,1453.0,1918.05,124.43597281999403,200,percentile
Framingham-office,race,Mexican American,events,29.0,8.0,20.0,3.173219438998854,200,percentile
Framingham-office,race,Mexican American,observed,0.00585160301417802,0.0029088099100715538,0.008772496105491944,0.0015815212678945167,200,percentile
Framingham-office,race,Mexican American,expected,0.14248649589462553,0.1344277199226592,0.1481188582382431,0.003480742730348296,200,percentile
Framingham-office,race,Mexican American,OE,0.04106777261548712,0.02091580372736707,0.061434712330512634,0.010915273730446139,200,percentile
Framingham-office,race,Mexican American,cal_intercept,-3.6013305154360693,-4.266515198806346,-3.1744251323773183,0.29750614698755606,200,percentile
Framingham-office,race,Mexican American,cal_slope,0.5920923873577487,0.23866380030736228,1.0448081744826334,0.20102236763826256,200,percentile
Framingham-office,race,Mexican American,AUC,0.682077826413661,0.5651945491231218,0.8326868126277757,0.06812680541494795,200,percentile
Framingham-office,race,Mexican American,brier,0.04212783062299916,0.03744361483197517,0.04602899591075641,0.002179076235712458,200,percentile
Framingham-office,race,Mexican American,scaled_brier,-6.241741598254317,-12.175450257153825,-4.075739740484215,2.3422645266154474,200,percentile
Framingham-office,race,Mexican American,pct_flagged_7.5,0.5739535723655532,0.5504991958279418,0.5908263583889549,0.009967368648705273,200,percentile
Framingham-office,race,Mexican American,TPR_7.5,0.7432691846028346,0.5101477676585735,1.0,0.12034395013061826,200,percentile
Framingham-office,race,Mexican American,FPR_7.5,0.5722101840163218,0.5490439843738145,0.5889939141382108,0.009948572000736879,200,percentile
Framingham-office,race,Mexican American,pct_flagged_20,0.2271610883932367,0.2069608979826526,0.24344269319610212,0.009505745037392323,200,percentile
Framingham-office,race,Mexican American,TPR_20,0.523707365947978,0.2594617814912129,0.7682502163661327,0.133390217905821,200,percentile
Framingham-office,race,Mexican American,FPR_20,0.22522874154189465,0.2062893633898013,0.24097330391780222,0.009329132136534605,200,percentile
Framingham-office,race,Mexican American,rel_OE,0.8805885943995058,0.44667585906879875,1.3750059677175295,0.24558696060714486,200,percentile
Framingham-office,race,NH Black,n,3771.0,1715.925,2075.775,97.26591226345542,200,percentile
Framingham-office,race,NH Black,events,59.0,21.975,39.0,4.548673118138782,200,percentile
Framingham-office,race,NH Black,observed,0.013577366759849318,0.009621913306319306,0.01740271100552537,0.0019254969734894337,200,percentile
Framingham-office,race,NH Black,expected,0.1780671890473772,0.17164842042855966,0.18333270778479152,0.0029289325036934715,200,percentile
Framingham-office,race,NH Black,OE,0.07624856006592474,0.0544053822675682,0.0987069782652851,0.010415640676271437,200,percentile
Framingham-office,race,NH Black,cal_intercept,-3.0676796158539674,-3.3912909401112508,-2.8041429321965246,0.14400398336078885,200,percentile
Framingham-office,race,NH Black,cal_slope,0.8573820764978116,0.6460961528434774,1.098883371361574,0.12395515880942291,200,percentile
Framingham-office,race,NH Black,AUC,0.7717898216121617,0.7024949866554491,0.8586949635931541,0.04103345671140939,200,percentile
Framingham-office,race,NH Black,brier,0.05998915519214412,0.05583998456473279,0.06420904655006697,0.002176235425132569,200,percentile
Framingham-office,race,NH Black,scaled_brier,-3.4791351620819544,-4.903837069197541,-2.6024900042834203,0.575088124358976,200,percentile
Framingham-office,race,NH Black,pct_flagged_7.5,0.7045940630771146,0.6857645108935699,0.7240440362276058,0.010173671995513663,200,percentile
Framingham-office,race,NH Black,TPR_7.5,0.9596187410914366,0.9097430494000358,1.0,0.02867466604655681,200,percentile
Framingham-office,race,NH Black,FPR_7.5,0.7021318788960935,0.684390866131796,0.7214124425373393,0.009932535400286211,200,percentile
Framingham-office,race,NH Black,pct_flagged_20,0.31502727067060443,0.3004799029772987,0.3312257185423506,0.008381119300395558,200,percentile
Framingham-office,race,NH Black,TPR_20,0.7033547559583462,0.5623489515238931,0.8777311121506195,0.07975935474694652,200,percentile
Framingham-office,race,NH Black,FPR_20,0.3099334644540039,0.29391017292760635,0.32625415020908927,0.008342167440792303,200,percentile
Framingham-office,race,NH Black,rel_OE,1.634946530022384,1.189882230944646,2.2836381774665413,0.2687170046006457,200,percentile
Framingham-office,race,NH White,n,8634.0,4016.35,4657.025,178.93987641624005,200,percentile
Framingham-office,race,NH White,events,82.0,30.975,52.0,5.228523913262499,200,percentile
Framingham-office,race,NH White,observed,0.006613868217302638,0.004815998124406924,0.008448335401856716,0.0009701259634394466,200,percentile
Framingham-office,race,NH White,expected,0.15009369263641306,0.14594945580396965,0.1537919378397005,0.001964118918630976,200,percentile
Framingham-office,race,NH White,OE,0.044064931051593696,0.03145221147072178,0.05570032080412363,0.006345858811417127,200,percentile
Framingham-office,race,NH White,cal_intercept,-3.526767617323184,-3.865038530504503,-3.2870967794742616,0.14919883258606043,200,percentile
Framingham-office,race,NH White,cal_slope,0.9917598660708516,0.8116074956314406,1.1706733949723256,0.09910318684522504,200,percentile
Framingham-office,race,NH White,AUC,0.8117903055571583,0.7679752774957186,0.8567459370607781,0.024343733551249008,200,percentile
Framingham-office,race,NH White,brier,0.042889199840889215,0.04051573085351737,0.04512790932331078,0.001161218177094884,200,percentile
Framingham-office,race,NH White,scaled_brier,-5.527912341482965,-8.047036168840357,-4.253484903513428,0.9363339136355036,200,percentile
Framingham-office,race,NH White,pct_flagged_7.5,0.6393532854666608,0.6254921872592416,0.6555949184784138,0.007495305468995034,200,percentile
Framingham-office,race,NH White,TPR_7.5,0.9549999091354947,0.9016078264034059,1.0,0.027891738772871273,200,percentile
Framingham-office,race,NH White,FPR_7.5,0.6370017433985187,0.6238276759592529,0.653305798220157,0.007459959881929479,200,percentile
Framingham-office,race,NH White,pct_flagged_20,0.2477224777152288,0.2364002764943683,0.2585528022881551,0.006068308412181039,200,percentile
Framingham-office,race,NH White,TPR_20,0.7047286631817922,0.564719151303915,0.8316578688656094,0.06936279757585831,200,percentile
Framingham-office,race,NH White,FPR_20,0.2448673740095507,0.23364821267987707,0.2548283230902515,0.005957909723293024,200,percentile
Framingham-office,race,NH White,rel_OE,0.944854644549214,0.8326196071162841,1.0341429527478978,0.05558722957625374,200,percentile
Framingham-office,race,Other Hispanic,n,1471.0,615.95,881.325,69.82482586109803,200,percentile
Framingham-office,race,Other Hispanic,events,6.0,1.0,6.0,1.409862960659367,200,percentile
Framingham-office,race,Other Hispanic,observed,0.0022833153649808487,0.00047788978797049783,0.00417895688473461,0.0010733920518442885,200,percentile
Framingham-office,race,Other Hispanic,expected,0.14356294971641548,0.1333083337575571,0.15208373356484445,0.005015842677624574,200,percentile
Framingham-office,race,Other Hispanic,OE,0.015904628384211632,0.00324522863399703,0.029656680139883564,0.007504822206130272,200,percentile
Framingham-office,race,Other Hispanic,cal_intercept,-4.580138040537263,-6.1869159796926745,-3.9655061723630753,2.9897086309060157,200,percentile
Framingham-office,race,Other Hispanic,cal_slope,1.3342747774951713,0.7089873205145221,2.6950651139051938,5.8294154484937435,200,percentile
Framingham-office,race,Other Hispanic,AUC,0.89001289347475,0.7656601269153294,0.9993268598745415,0.06581395703241602,196,percentile
Framingham-office,race,Other Hispanic,brier,0.03913108106026185,0.03401091160337061,0.04363394951899726,0.0025546773509839446,200,percentile
Framingham-office,race,Other Hispanic,scaled_brier,-16.177055232201656,-77.94202613340967,-8.279916071272194,17.900528197347445,196,percentile
Framingham-office,race,Other Hispanic,pct_flagged_7.5,0.6081683638253028,0.5709824775493697,0.6407369221812064,0.017264913120490825,200,percentile
Framingham-office,race,Other Hispanic,TPR_7.5,1.0,1.0,1.0,0.0,196,percentile
Framingham-office,race,Other Hispanic,FPR_7.5,0.6072413465988932,0.5698477866167098,0.6403023042230225,0.017329125938811536,200,percentile
Framingham-office,race,Other Hispanic,pct_flagged_20,0.2294964395959898,0.1947263357913061,0.2579752551788174,0.017496017974397652,200,percentile
Framingham-office,race,Other Hispanic,TPR_20,0.8811615263702635,0.5953856751168999,1.0,0.11697695467642988,196,percentile
Framingham-office,race,Other Hispanic,FPR_20,0.228071699494691,0.1937321082877517,0.256862186286096,0.017528315578870975,200,percentile
Framingham-office,race,Other Hispanic,rel_OE,0.3410322367475512,0.07138964015886436,0.6770213296903623,0.16781134863654457,200,percentile
Framingham-office,race,Other/Multiracial,n,1233.0,536.0,705.025,45.186881351019935,200,percentile
Framingham-office,race,Other/Multiracial,events,9.0,1.0,7.025000000000006,1.6642184699064875,200,percentile
Framingham-office,race,Other/Multiracial,observed,0.0069298635233422876,0.0009811895941340399,0.012440049155856088,0.0030806361514186557,200,percentile
Framingham-office,race,Other/Multiracial,expected,0.13717921705277158,0.12958269178792906,0.14563503210676568,0.004763673144049918,200,percentile
Framingham-office,race,Other/Multiracial,OE,0.05051686160795358,0.006943085751279698,0.09231291119686824,0.022481719389710622,200,percentile
Framingham-office,race,Other/Multiracial,cal_intercept,-3.3333887046657242,-5.337123019976341,-2.705324047632824,2.274449274411302,200,percentile
Framingham-office,race,Other/Multiracial,cal_slope,0.3473188424230181,-0.6716826586511947,1.9480654380855815,3.6347256493611493,200,percentile
Framingham-office,race,Other/Multiracial,AUC,0.5904855473248691,0.2968011328344764,0.929838826724195,0.18789241817820268,198,percentile
Framingham-office,race,Other/Multiracial,brier,0.038917883921444116,0.03253662142922056,0.04515015255543731,0.0034294717925478536,200,percentile
Framingham-office,race,Other/Multiracial,scaled_brier,-4.6551563258750415,-21.414310253101636,-2.4144713721939683,6.680907244294827,198,percentile
Framingham-office,race,Other/Multiracial,pct_flagged_7.5,0.5931743415367159,0.5612404041866839,0.6265895134476699,0.017319676541684956,200,percentile
Framingham-office,race,Other/Multiracial,TPR_7.5,0.7275828173983764,0.22665588140491336,1.0,0.272765187740453,198,percentile
Framingham-office,race,Other/Multiracial,FPR_7.5,0.5931827887248403,0.5609468709223009,0.626788688740454,0.017567575304411387,200,percentile
Framingham-office,race,Other/Multiracial,pct_flagged_20,0.22249733739661326,0.19336256180309042,0.2565177433165025,0.016914206943395845,200,percentile
Framingham-office,race,Other/Multiracial,TPR_20,0.2569180559544545,0.03758048166659892,1.0,0.22679444576684937,198,percentile
Framingham-office,race,Other/Multiracial,FPR_20,0.22297069601812586,0.19329060208394816,0.2584443110715394,0.01710938617906969,200,percentile
Framingham-office,race,Other/Multiracial,rel_OE,1.0831990469345922,0.1643323730761505,2.0982728885274957,0.4801634157855108,200,percentile
Framingham-office,age_group,40-49,n,6020.0,2921.95,3138.5,60.3421715164161,200,percentile
Framingham-office,age_group,40-49,events,20.0,6.0,14.0,2.2349215583235353,200,percentile
Framingham-office,age_group,40-49,observed,0.0025668456574225876,0.0011434078557405218,0.0038557507777777426,0.000765887741165619,200,percentile
Framingham-office,age_group,40-49,expected,0.07079967377726018,0.06929476485286841,0.07261939159582105,0.0009312807217359935,200,percentile
Framingham-office,age_group,40-49,OE,0.036255049218136666,0.015803388920871332,0.05487836001200756,0.010783626231282867,200,percentile
Framingham-office,age_group,40-49,cal_intercept,-3.447640392676065,-4.284462743587543,-3.031590574972148,0.3447565647215524,200,percentile
Framingham-office,age_group,40-49,cal_slope,1.462703873118707,1.1325058026022117,1.8972504272803763,0.19977153224705269,200,percentile
Framingham-office,age_group,40-49,AUC,0.8483084406564245,0.7716574075527421,0.9128839957347138,0.036328297787455756,200,percentile
Framingham-office,age_group,40-49,brier,0.009943192811601822,0.00870027133413408,0.011132485377197944,0.0006458328008145202,200,percentile
Framingham-office,age_group,40-49,scaled_brier,-2.8836698674651404,-7.1469154983107925,-1.7886961809238535,1.5674610638704527,200,percentile
Framingham-office,age_group,40-49,pct_flagged_7.5,0.337576239793846,0.32393237537046965,0.35424858002457005,0.008175984197223518,200,percentile
Framingham-office,age_group,40-49,TPR_7.5,0.891228091702674,0.7068791851982862,1.0,0.07126376044727237,200,percentile
Framingham-office,age_group,40-49,FPR_7.5,0.33628197851989017,0.32264090086362474,0.3533873965028496,0.008239592828128334,200,percentile
Framingham-office,age_group,40-49,pct_flagged_20,0.03210848466483257,0.027331695847403026,0.03669035337207509,0.0024096331907769723,200,percentile
Framingham-office,age_group,40-49,TPR_20,0.2078710073339855,0.05703789833272642,0.4800903313627053,0.11390151681661742,200,percentile
Framingham-office,age_group,40-49,FPR_20,0.03178642004580538,0.026867856995130657,0.03647862120527647,0.0024277207790577506,200,percentile
Framingham-office,age_group,40-49,rel_OE,0.7773926073323074,0.37889798244629597,1.1605519243537505,0.21555070210784108,200,percentile
Framingham-office,age_group,50-59,n,4853.0,2352.9,2546.1,51.50544660665275,200,percentile
Framingham-office,age_group,50-59,events,32.0,11.0,21.025000000000006,2.8720801209411855,200,percentile
Framingham-office,age_group,50-59,observed,0.005256059623114469,0.0029391966820478017,0.0075929686436780755,0.0012005674656899838,200,percentile
Framingham-office,age_group,50-59,expected,0.13877588730264298,0.13551190502529567,0.14365108086439257,0.002202307677022707,200,percentile
Framingham-office,age_group,50-59,OE,0.03787444436692402,0.021580322272473994,0.0545139770299552,0.008567917403300006,200,percentile
Framingham-office,age_group,50-59,cal_intercept,-3.5421767488452742,-4.107769480627178,-3.157313310060085,0.2427119783654536,200,percentile
Framingham-office,age_group,50-59,cal_slope,0.8104246082812371,0.3093753565461081,1.289093163208691,0.2820856811136174,200,percentile
Framingham-office,age_group,50-59,AUC,0.684760547870336,0.548840494819301,0.8084554658161711,0.0724706635010559,200,percentile
Framingham-office,age_group,50-59,brier,0.03205980162422848,0.029380873207531126,0.03449514681381627,0.0013474426303173926,200,percentile
Framingham-office,age_group,50-59,scaled_brier,-5.131817850860738,-9.18941199225587,-3.3990165020073957,1.4765888796840057,200,percentile
Framingham-office,age_group,50-59,pct_flagged_7.5,0.7105094574461887,0.696649890623052,0.7275264211838597,0.008590364732731164,200,percentile
Framingham-office,age_group,50-59,TPR_7.5,0.818867390000247,0.6168143067536659,1.0,0.09927166089784481,200,percentile
Framingham-office,age_group,50-59,FPR_7.5,0.7094569615147414,0.6957083584920224,0.7254424148714225,0.008390555942420186,200,percentile
Framingham-office,age_group,50-59,pct_flagged_20,0.19814381048472582,0.18449303267835243,0.2142457520255525,0.007927105926822723,200,percentile
Framingham-office,age_group,50-59,TPR_20,0.5333972832367775,0.23824217021339408,0.7664468557213908,0.13401311043155628,200,percentile
Framingham-office,age_group,50-59,FPR_20,0.19640970093819163,0.18277229588249838,0.21247731975188494,0.007840313965808648,200,percentile
Framingham-office,age_group,50-59,rel_OE,0.8121162070561031,0.5189733190325923,1.100378684075133,0.1493026629496105,200,percentile
Framingham-office,age_group,60-69,n,4785.0,2301.9,2518.0,56.787073870679095,200,percentile
Framingham-office,age_group,60-69,events,47.0,17.0,32.0,3.8531329026947843,200,percentile
Framingham-office,age_group,60-69,observed,0.010109367250397527,0.006729859314879694,0.014142501326475543,0.0019762491375010364,200,percentile
Framingham-office,age_group,60-69,expected,0.23178162463127477,0.22687527258023046,0.23680680967714587,0.0027765913627901587,200,percentile
Framingham-office,age_group,60-69,OE,0.04361591332565649,0.02884057968969607,0.06107836333424788,0.008539343681554538,200,percentile
Framingham-office,age_group,60-69,cal_intercept,-3.601292626605075,-4.036110142168427,-3.253558053562026,0.2091814679995813,200,percentile
Framingham-office,age_group,60-69,cal_slope,0.8489975329265587,0.39628956219204015,1.2707171032268063,0.22648089478117506,200,percentile
Framingham-office,age_group,60-69,AUC,0.7118338477992261,0.6001324575976726,0.8071099091056401,0.0558955636887917,200,percentile
Framingham-office,age_group,60-69,brier,0.07729917250676623,0.0738274764671736,0.08179349975915927,0.0020497475959206446,200,percentile
Framingham-office,age_group,60-69,scaled_brier,-6.724380457871009,-10.741813785798099,-4.60931076430629,1.677767388244577,200,percentile
Framingham-office,age_group,60-69,pct_flagged_7.5,0.9162594673288529,0.9059836164035127,0.9263133959191135,0.005862769110804078,200,percentile
Framingham-office,age_group,60-69,TPR_7.5,0.9713097370072428,0.917842928151291,1.0,0.030357414048467604,200,percentile
Framingham-office,age_group,60-69,FPR_7.5,0.9154545000780852,0.9049312431859046,0.9260965517728001,0.006015554702013759,200,percentile
Framingham-office,age_group,60-69,pct_flagged_20,0.49565268378183014,0.4751263525133348,0.5124967968327444,0.010196034913545543,200,percentile
Framingham-office,age_group,60-69,TPR_20,0.7443658263740939,0.5481351210014684,0.8913943783428109,0.09120803922418075,200,percentile
Framingham-office,age_group,60-69,FPR_20,0.49325396752601514,0.4715483045352096,0.510659822733238,0.010562213407502926,200,percentile
Framingham-office,age_group,60-69,rel_OE,0.935226659806881,0.6718872040235303,1.2259785566079104,0.14503391834229956,200,percentile
Framingham-office,age_group,70-79,n,2853.0,1368.875,1513.075,37.10977874350586,200,percentile
Framingham-office,age_group,70-79,events,86.0,33.975,53.0,4.745563916377285,200,percentile
Framingham-office,age_group,70-79,observed,0.022824554760039518,0.016880561623969774,0.028842584685122408,0.0032874809807074672,200,percentile
Framingham-office,age_group,70-79,expected,0.32908989047960124,0.3231565291532613,0.3357545788610893,0.0035921963118201805,200,percentile
Framingham-office,age_group,70-79,OE,0.06935659654198434,0.05150824232089066,0.08756906764415517,0.00989072332246996,200,percentile
Framingham-office,age_group,70-79,cal_intercept,-3.3329992637011054,-3.6627351744035272,-3.081795576154074,0.15531161419096876,200,percentile
Framingham-office,age_group,70-79,cal_slope,0.7087348006099279,0.4335469715535715,0.976879607715952,0.13004071822576604,200,percentile
Framingham-office,age_group,70-79,AUC,0.686420648354772,0.6091793923956056,0.7609051448785599,0.039083904685953075,200,percentile
Framingham-office,age_group,70-79,brier,0.1409978385237033,0.1350249162655275,0.14673775664610855,0.003154586928165441,200,percentile
Framingham-office,age_group,70-79,scaled_brier,-5.321754046249629,-7.4212035008465245,-4.0022318001193655,0.9307293621378925,200,percentile
Framingham-office,age_group,70-79,pct_flagged_7.5,0.9875748935961073,0.9818735687119199,0.9926512471217329,0.0027694384992940414,200,percentile
Framingham-office,age_group,70-79,TPR_7.5,1.0,1.0,1.0,0.0,200,percentile
Framingham-office,age_group,70-79,FPR_7.5,0.9872100530525153,0.9813718612025468,0.9924044925704961,0.002855431629941977,200,percentile
Framingham-office,age_group,70-79,pct_flagged_20,0.7399415397586261,0.7182946419993571,0.7591649257910116,0.01017259926786216,200,percentile
Framingham-office,age_group,70-79,TPR_20,0.9018805064165543,0.823822753184152,0.9764897102695344,0.04167785097469054,200,percentile
Framingham-office,age_group,70-79,FPR_20,0.7373230734348765,0.7163446193141876,0.7576969069624602,0.010526462339541213,200,percentile
Framingham-office,age_group,70-79,rel_OE,1.4871667970180509,1.1216221136378473,1.9282314013083022,0.20486735340774753,200,percentile
Framingham-office,income,PIR 1.3-3.5,n,6093.0,2941.95,3185.225,59.52340023788453,200,percentile
Framingham-office,income,PIR 1.3-3.5,events,68.0,26.975,44.0,4.9006178463926275,200,percentile
Framingham-office,income,PIR 1.3-3.5,observed,0.008886390823754045,0.006097653697838443,0.011835972319225225,0.0014911249799512529,200,percentile
Framingham-office,income,PIR 1.3-3.5,expected,0.16907082170142623,0.16449284484496318,0.17434142078564638,0.0025766777193959207,200,percentile
Framingham-office,income,PIR 1.3-3.5,OE,0.05256016818470979,0.03565689937445126,0.07036179536227212,0.008681514669356903,200,percentile
Framingham-office,income,PIR 1.3-3.5,cal_intercept,-3.387586151631349,-3.7763296086009985,-3.0871539830769357,0.17464379548040707,200,percentile
Framingham-office,income,PIR 1.3-3.5,cal_slope,0.9258693821588653,0.7241690887567598,1.1768000186210112,0.11723143541362695,200,percentile
Framingham-office,income,PIR 1.3-3.5,AUC,0.7809680252207126,0.7321448375514914,0.8457625909067533,0.030269738570184532,200,percentile
Framingham-office,income,PIR 1.3-3.5,brier,0.05260433189851147,0.04986564804697387,0.055776888864101426,0.0016782396199423622,200,percentile
Framingham-office,income,PIR 1.3-3.5,scaled_brier,-4.972726937720688,-7.508884337032356,-3.537596521942301,0.9959461956246092,200,percentile
Framingham-office,income,PIR 1.3-3.5,pct_flagged_7.5,0.6914120706959651,0.6714861348526114,0.7106118198540297,0.008937327488409974,200,percentile
Framingham-office,income,PIR 1.3-3.5,TPR_7.5,0.9679151332369315,0.919826615860752,1.0,0.025575634314091163,200,percentile
Framingham-office,income,PIR 1.3-3.5,FPR_7.5,0.6892627442939121,0.6694359931371978,0.7082509042660886,0.008997266068057954,200,percentile
Framingham-office,income,PIR 1.3-3.5,pct_flagged_20,0.30091391020235303,0.2849172030265619,0.3156529425851281,0.008214872747630872,200,percentile
Framingham-office,income,PIR 1.3-3.5,TPR_20,0.6723676701621984,0.5273747846926699,0.8188151315661656,0.07943849554094493,200,percentile
Framingham-office,income,PIR 1.3-3.5,FPR_20,0.2975645685369674,0.28109330649668585,0.3120248583839052,0.008081351751495465,200,percentile
Framingham-office,income,PIR 1.3-3.5,rel_OE,1.1270122939592064,0.8615686920835944,1.4343023914974287,0.1550320885822743,200,percentile
Framingham-office,income,PIR<1.3,n,4506.0,2136.95,2412.2,74.19791390016076,200,percentile
Framingham-office,income,PIR<1.3,events,78.0,31.0,47.0,4.1582242779495004,200,percentile
Framingham-office,income,PIR<1.3,observed,0.015298893676155044,0.01089733097823048,0.019734087528471198,0.002506415583655011,200,percentile
Framingham-office,income,PIR<1.3,expected,0.1714115417895873,0.16633714271137703,0.17669546088393506,0.0026443968973831242,200,percentile
Framingham-office,income,PIR<1.3,OE,0.08925241273971436,0.0636207441063649,0.1160919135084291,0.014347747116805925,200,percentile
Framingham-office,income,PIR<1.3,cal_intercept,-2.861641506666711,-3.2320977285889607,-2.5746342317678,0.17437555203634117,200,percentile
Framingham-office,income,PIR<1.3,cal_slope,0.8265418547039627,0.6428569360793259,1.0211199502380157,0.09990832465134197,200,percentile
Framingham-office,income,PIR<1.3,AUC,0.7674862687258622,0.7134057035022,0.8215518708710362,0.02849743484877442,200,percentile
Framingham-office,income,PIR<1.3,brier,0.05756162083468299,0.05405691766566184,0.0619602369971966,0.002132010933864655,200,percentile
Framingham-office,income,PIR<1.3,scaled_brier,-2.8209254315562986,-4.2561960091949445,-2.012533770558042,0.6001513503397592,200,percentile
Framingham-office,income,PIR<1.3,pct_flagged_7.5,0.6874880165478353,0.6728461287506122,0.7022478743571497,0.007956139297563012,200,percentile
Framingham-office,income,PIR<1.3,TPR_7.5,0.9593468551073753,0.9148621221031318,1.0,0.02077153369879586,200,percentile
Framingham-office,income,PIR<1.3,FPR_7.5,0.6833085226064621,0.6688860679140651,0.6979222344771747,0.007990187844807255,200,percentile
Framingham-office,income,PIR<1.3,pct_flagged_20,0.3025132854153988,0.28444160399887103,0.32063679562383296,0.009001078888722232,200,percentile
Framingham-office,income,PIR<1.3,TPR_20,0.7336488646070292,0.6167496522864073,0.8542564521053919,0.06478484413946772,200,percentile
Framingham-office,income,PIR<1.3,FPR_20,0.29605791398208264,0.27877624496925374,0.3150697641534035,0.009032085231592196,200,percentile
Framingham-office,income,PIR<1.3,rel_OE,1.9137793865058723,1.44749243506203,2.4050656314483634,0.25631276409576925,200,percentile
Framingham-office,income,PIR>3.5,n,6387.0,3056.325,3399.025,100.26195639173167,200,percentile
Framingham-office,income,PIR>3.5,events,24.0,7.0,17.0,2.654847656721948,200,percentile
Framingham-office,income,PIR>3.5,observed,0.0035296881220717473,0.0018313679997801306,0.005194860954661932,0.0008172376681171629,200,percentile
Framingham-office,income,PIR>3.5,expected,0.13252849604037611,0.12852596775447644,0.13681763033143773,0.002043553100555979,200,percentile
Framingham-office,income,PIR>3.5,OE,0.026633427734638993,0.013902863713931173,0.039096443263312956,0.006214240459293993,200,percentile
Framingham-office,income,PIR>3.5,cal_intercept,-3.9987939634822984,-4.666084915003371,-3.614164293145,0.257293952542904,200,percentile
Framingham-office,income,PIR>3.5,cal_slope,0.9538543553938231,0.5086680665210567,1.4409461000582622,0.21823467258768298,200,percentile
Framingham-office,income,PIR>3.5,AUC,0.7865483447416282,0.6592584872706337,0.9194790177848584,0.06830009764365139,200,percentile
Framingham-office,income,PIR>3.5,brier,0.033902780057524326,0.03186150070097853,0.036003402233863835,0.001038102229018127,200,percentile
Framingham-office,income,PIR>3.5,scaled_brier,-8.639058466814815,-17.110958156465284,-5.690248497616652,2.8043867336680446,200,percentile
Framingham-office,income,PIR>3.5,pct_flagged_7.5,0.5845984803659124,0.571265752269322,0.6009984267087214,0.008158269431603556,200,percentile
Framingham-office,income,PIR>3.5,TPR_7.5,0.8439922534867783,0.6729507519715415,1.0,0.09210348288749956,200,percentile
Framingham-office,income,PIR>3.5,FPR_7.5,0.5832154672466136,0.5696643130296896,0.5989130732979331,0.008069741527722189,200,percentile
Framingham-office,income,PIR>3.5,pct_flagged_20,0.19990676387058093,0.18672603171530613,0.21312197954133408,0.006768226046075487,200,percentile
Framingham-office,income,PIR>3.5,TPR_20,0.675307142616769,0.4120760522833702,0.9447902346861019,0.1291548838077942,200,percentile
Framingham-office,income,PIR>3.5,FPR_20,0.19849810213007424,0.1860336492627249,0.21234219548177974,0.006784796581391046,200,percentile
Framingham-office,income,PIR>3.5,rel_OE,0.571082656770193,0.33356065278607827,0.8018015263086858,0.10958314645357506,200,percentile
Framingham-office,education,<HS,n,5308.0,2530.875,2839.0,76.97219216596447,200,percentile
Framingham-office,education,<HS,events,86.0,33.0,51.025000000000006,4.5226148659962915,200,percentile
Framingham-office,education,<HS,observed,0.013345028923801577,0.009175460431664213,0.01706638628472439,0.002048273475880992,200,percentile
Framingham-office,education,<HS,expected,0.19188280955972,0.18593134174850795,0.1970542043125738,0.0028119752140659477,200,percentile
Framingham-office,education,<HS,OE,0.06954780865686762,0.04852222270740237,0.08703644555787916,0.010311976510164357,200,percentile
Framingham-office,education,<HS,cal_intercept,-3.1567971972660103,-3.5050397920967735,-2.9240485960163287,0.1568931573559752,200,percentile
Framingham-office,education,<HS,cal_slope,0.9377539702097758,0.7196065224901785,1.1703770227981014,0.1157437943434703,200,percentile
Framingham-office,education,<HS,AUC,0.7853956366665085,0.7245516717993624,0.8427443223983748,0.03248958778660455,200,percentile
Framingham-office,education,<HS,brier,0.06536361631477246,0.06190356031104448,0.06900168780244458,0.0019446752334697716,200,percentile
Framingham-office,education,<HS,scaled_brier,-3.9642225641956372,-5.875299745150598,-3.0598910452017165,0.737534808963244,200,percentile
Framingham-office,education,<HS,pct_flagged_7.5,0.7363061216625699,0.7226314236174954,0.7509556032536513,0.00782081499949808,200,percentile
Framingham-office,education,<HS,TPR_7.5,0.9371299382639269,0.8790600504056898,0.986882822407471,0.027004769054876785,200,percentile
Framingham-office,education,<HS,FPR_7.5,0.7331780918640116,0.7195135662457547,0.7481923915575666,0.007811965909339996,200,percentile
Framingham-office,education,<HS,pct_flagged_20,0.3601787290393045,0.34252912843820316,0.37611488149308847,0.00858160590665785,200,percentile
Framingham-office,education,<HS,TPR_20,0.7849607212090763,0.6608368276637555,0.8895068392685125,0.06218058959622694,200,percentile
Framingham-office,education,<HS,FPR_20,0.35452742487425387,0.3378237240315531,0.3706646550091728,0.008574273160618278,200,percentile
Framingham-office,education,<HS,rel_OE,1.4912668296410456,1.120671659012533,1.868594438833869,0.19043816940251806,200,percentile
Framingham-office,education,College+,n,4141.0,1949.775,2219.025,71.40429445300651,200,percentile
Framingham-office,education,College+,events,22.0,6.0,16.0,2.446698113436036,200,percentile
Framingham-office,education,College+,observed,0.004027443647182348,0.0018968958386931085,0.006163630045642492,0.0011062539242685837,200,percentile
Framingham-office,education,College+,expected,0.12484401590111417,0.12042909124173849,0.12922331732584813,0.0023178441208158832,200,percentile
Framingham-office,education,College+,OE,0.03225980531075182,0.014937578648884163,0.04955690357541551,0.008853705744425195,200,percentile
Framingham-office,education,College+,cal_intercept,-3.7811934738402417,-4.56602387888704,-3.358606305273123,0.3098237396990158,200,percentile
Framingham-office,education,College+,cal_slope,1.1141599652963992,0.5907404262473148,1.6315355969923058,0.26975859137954605,200,percentile
Framingham-office,education,College+,AUC,0.7953504953139335,0.6329719636176316,0.9409644657519016,0.08260061917798762,200,percentile
Framingham-office,education,College+,brier,0.030968677166736635,0.0286181658760565,0.03330514378686136,0.00116493310683094,200,percentile
Framingham-office,education,College+,scaled_brier,-6.72050681408419,-15.220322077245498,-4.196780158492176,3.007534787436663,200,percentile
Framingham-office,education,College+,pct_flagged_7.5,0.5452735919895263,0.5269546441707602,0.565717987966268,0.010132383811517622,200,percentile
Framingham-office,education,College+,TPR_7.5,0.8011548899322737,0.556959581501494,1.0,0.12380860034963104,200,percentile
Framingham-office,education,College+,FPR_7.5,0.5438219152715542,0.5264345164051095,0.56384216891321,0.010030250701796396,200,percentile
Framingham-office,education,College+,pct_flagged_20,0.1838247827032337,0.1662431593020973,0.19921990874273962,0.009006672224625709,200,percentile
Framingham-office,education,College+,TPR_20,0.7682278602381488,0.4851442560446713,1.0,0.12871332588575604,200,percentile
Framingham-office,education,College+,FPR_20,0.18179610749677386,0.16412079700913138,0.19735157155688096,0.009039117152390527,200,percentile
Framingham-office,education,College+,rel_OE,0.6917252825025096,0.34664140961876205,1.0571349948399653,0.17577928530558792,200,percentile
Framingham-office,education,HS/GED,n,4214.0,2032.95,2229.125,55.42173076696568,200,percentile
Framingham-office,education,HS/GED,events,38.0,13.0,25.0,3.2118460071848633,200,percentile
Framingham-office,education,HS/GED,observed,0.006604142168953903,0.0031713692739783854,0.00959034263445987,0.001551995152325472,200,percentile
Framingham-office,education,HS/GED,expected,0.1630003569249638,0.15772848676172635,0.16782867424484801,0.002786888045958768,200,percentile
Framingham-office,education,HS/GED,OE,0.04051612090637371,0.019704524479720407,0.05917346253449615,0.009481315731777785,200,percentile
Framingham-office,education,HS/GED,cal_intercept,-3.659741872575243,-4.410186046272013,-3.26919544320951,0.2746439165638415,200,percentile
Framingham-office,education,HS/GED,cal_slope,0.7901005100955857,0.5574951289550786,1.074588205200403,0.1310799882572071,200,percentile
Framingham-office,education,HS/GED,AUC,0.7764075553740073,0.7145074813494242,0.84809081236745,0.035680615173827084,200,percentile
Framingham-office,education,HS/GED,brier,0.0492131815116694,0.045611289297341436,0.05237316827251605,0.0018317155510598664,200,percentile
Framingham-office,education,HS/GED,scaled_brier,-6.501406205211122,-14.055751263840737,-4.395415767838248,2.391371717388015,200,percentile
Framingham-office,education,HS/GED,pct_flagged_7.5,0.6858276340101832,0.6672270916692116,0.704118558306023,0.00905447107888342,200,percentile
Framingham-office,education,HS/GED,TPR_7.5,1.0,1.0,1.0,0.0,200,percentile
Framingham-office,education,HS/GED,FPR_7.5,0.6840779479072766,0.6656212971405489,0.7023114176971972,0.009160973314250725,200,percentile
Framingham-office,education,HS/GED,pct_flagged_20,0.27651307817873993,0.2575490355125868,0.29461977123652877,0.009618350377363234,200,percentile
Framingham-office,education,HS/GED,TPR_20,0.7006400460417882,0.4597391399986064,0.8899448081287729,0.11351843596489497,200,percentile
Framingham-office,education,HS/GED,FPR_20,0.27344022973780274,0.25396067058433014,0.2913976914238387,0.009607095733695841,200,percentile
Framingham-office,education,HS/GED,rel_OE,0.8687598982665415,0.5040593451852591,1.1363887154110222,0.17734343365813277,200,percentile
Framingham-office,education,Some college,n,4833.0,2332.975,2539.125,55.33961932771744,200,percentile
Framingham-office,education,Some college,events,37.0,12.0,24.025000000000006,3.2807915149890454,200,percentile
Framingham-office,education,Some college,observed,0.0067594161332692965,0.0037287246881860655,0.009373953083479427,0.0014716190150646448,200,percentile
Framingham-office,education,Some college,expected,0.14533277359030422,0.1413559168648897,0.1504028691635795,0.002279488369922547,200,percentile
Framingham-office,education,Some college,OE,0.046509923166568164,0.02567780831190974,0.06363017096037957,0.009936190459843666,200,percentile
Framingham-office,education,Some college,cal_intercept,-3.440338867491045,-4.033130493201743,-3.1198378393548,0.23480796081927954,200,percentile
Framingham-office,education,Some college,cal_slope,0.823037356713088,0.564115591511899,1.1507219237615822,0.15263657415873022,200,percentile
Framingham-office,education,Some college,AUC,0.7569456668982966,0.6859658416014722,0.838141453025187,0.0398443467059822,200,percentile
Framingham-office,education,Some college,brier,0.04098527852985467,0.03835189750682089,0.04397767922898764,0.0015011519403948137,200,percentile
Framingham-office,education,Some college,scaled_brier,-5.104698929376757,-9.50066721734207,-3.5975671411228927,1.4836269399535162,200,percentile
Framingham-office,education,Some college,pct_flagged_7.5,0.6362071083638136,0.6182222679657688,0.6562293575813718,0.00990461416265691,200,percentile
Framingham-office,education,Some college,TPR_7.5,0.9577722719815612,0.8705738034263041,1.0,0.046314420131185835,200,percentile
Framingham-office,education,Some college,FPR_7.5,0.6341778114843584,0.6168549729872849,0.6533921981577352,0.0099839514347397,200,percentile
Framingham-office,education,Some college,pct_flagged_20,0.23458682383601406,0.2191260512696482,0.25071383535178776,0.0075306400986548715,200,percentile
Framingham-office,education,Some college,TPR_20,0.46570739600103844,0.2882478748640099,0.683836066495449,0.10323389144138849,200,percentile
Framingham-office,education,Some college,FPR_20,0.23350244897678452,0.21920587610584452,0.24926536557359597,0.007408815700222182,200,percentile
Framingham-office,education,Some college,rel_OE,0.9972809640869653,0.6136888880794258,1.3283849298167547,0.18609210359059822,200,percentile
Framingham-office,sex,GAP(max-min),OE,0.0020581672063243323,0.0,0.0038030724369010446,0.006017476169077156,200,basic
Framingham-office,sex,GAP(max-min),AUC,0.00859784765901439,0.0,0.013775286206064863,0.027304782628336174,200,basic
Framingham-office,sex,GAP(max-min),cal_slope,0.021239391111149364,0.0,0.03609300255964616,0.0827911089263116,200,basic
Framingham-office,sex,GAP(max-min),TPR_7.5,0.12716907861147542,0.0,0.23625188882973935,0.06220093205063802,200,basic
Framingham-office,sex,GAP(max-min),FPR_7.5,0.34310154402710186,0.32639668038693725,0.35899017045605097,0.009064264380002296,200,basic
Framingham-office,sex,GAP(max-min),pct_flagged_7.5,0.34264071584931644,0.3265368262278336,0.3583003848148683,0.008990037504715366,200,basic
Framingham-office,sex,GAP(max/min),OE,1.0453795379948554,1.0,1.0838461443345062,0.17299438177275228,200,basic
Framingham-office,race,GAP(max-min),OE,0.03518078745043762,0.0018625385240827463,0.056673462045739205,0.013944116263199626,200,basic
Framingham-office,race,GAP(max-min),AUC,0.12971247914349726,0.0019513964139288853,0.2377108696493898,0.06459616078977103,200,basic
Framingham-office,race,GAP(max-min),cal_slope,0.39966747871310293,0.021424581170872647,0.7128943828614102,0.1969914986729296,200,basic
Framingham-office,race,GAP(max-min),TPR_7.5,0.216349556488602,0.005173584236794704,0.41705904618777345,0.11713324086360279,200,basic
Framingham-office,race,GAP(max-min),FPR_7.5,0.12992169487977168,0.10206458586543363,0.2039998481228138,0.024213867031366406,200,basic
Framingham-office,race,GAP(max-min),pct_flagged_7.5,0.13064049071156136,0.1034318364776323,0.20480871290475533,0.024477357179687936,200,basic
Framingham-office,race,GAP(max/min),OE,1.8566519489584041,1.0,2.4135981860817153,0.5940984973996759,200,basic
Framingham-office,age_group,GAP(max-min),OE,0.03310154732384767,0.008266894962291362,0.0529035596839718,0.01155806708332148,200,basic
Framingham-office,age_group,GAP(max-min),AUC,0.1635478927860885,0.027617016935799765,0.2989396329045027,0.07561025786665763,200,basic
Framingham-office,age_group,GAP(max-min),cal_slope,0.7539690725087791,0.11247732303367952,1.3862825422947227,0.3324988028513051,200,basic
Framingham-office,age_group,GAP(max-min),TPR_7.5,0.181132609999753,0.0,0.31527848111545353,0.08847811469638944,200,basic
Framingham-office,age_group,GAP(max-min),FPR_7.5,0.6509280745326251,0.6385074901783243,1.0387172051292661,0.18468372579913767,200,basic
Framingham-office,age_group,GAP(max-min),pct_flagged_7.5,0.6499986538022613,0.6376080567921053,1.0377835922612189,0.18449549959697126,200,basic
Framingham-office,age_group,GAP(max/min),OE,1.9130189597781198,1.0,2.508812473992475,0.5350605944798728,200,basic
Framingham-office,income,GAP(max-min),OE,0.06261898500507537,0.04017275560061087,0.10517213756488399,0.017066177427621572,200,basic
Framingham-office,income,GAP(max-min),AUC,0.019062076015765927,0.0,0.03267637588625505,0.041027587696259894,200,basic
Framingham-office,income,GAP(max-min),cal_slope,0.12731250068986044,0.0,0.21677256511671655,0.15124289039358646,200,basic
Framingham-office,income,GAP(max-min),TPR_7.5,0.12392287975015315,0.0,0.24507296892258806,0.07596657948121535,200,basic
Framingham-office,income,GAP(max-min),FPR_7.5,0.10604727704729855,0.08692583586288388,0.20732634816556522,0.037578307139535354,200,basic
Framingham-office,income,GAP(max-min),pct_flagged_7.5,0.10681359033005267,0.08696213741483808,0.20903412444233074,0.03861882817065229,200,basic
Framingham-office,income,GAP(max/min),OE,3.351142542708994,1.940275703112266,5.375719867840369,0.8766739082806125,200,basic
Framingham-office,education,GAP(max-min),OE,0.037288003346115796,0.017495278859344356,0.06302941043169634,0.011819743794714281,200,basic
Framingham-office,education,GAP(max-min),AUC,0.03840482841563697,0.0,0.05920591779982334,0.04888051150349047,200,basic
Framingham-office,education,GAP(max-min),cal_slope,0.3240594552008135,0.0,0.576399007141856,0.22223317090756897,200,basic
Framingham-office,education,GAP(max-min),TPR_7.5,0.19884511006772632,0.013907972065531127,0.345425322155956,0.10146824775423402,200,basic
Framingham-office,education,GAP(max-min),FPR_7.5,0.1893561765924574,0.1670577058806702,0.2902389243118271,0.04096135507614547,200,basic
Framingham-office,education,GAP(max-min),pct_flagged_7.5,0.19103252967304363,0.16971598416768202,0.29301094194539085,0.04129029963022095,200,basic
Framingham-office,education,GAP(max/min),OE,2.155865727859434,1.0,3.052207179136933,0.5911869591073349,200,basic
PCE (recal),Overall,All,n,18511.0,9042.85,9642.175,150.16364239551265,200,percentile
PCE (recal),Overall,All,events,185.0,80.0,106.025,7.204128841283243,200,percentile
PCE (recal),Overall,All,observed,0.007058649758562692,0.005644956483087861,0.00857607183560686,0.0007733632523905439,200,percentile
PCE (recal),Overall,All,expected,0.007549471117947107,0.0073620246206381555,0.007758351419248767,0.00010929410874975259,200,percentile
PCE (recal),Overall,All,OE,0.9349859941555904,0.7376246480665892,1.1447504016053929,0.10204104096606155,200,percentile
PCE (recal),Overall,All,cal_intercept,-0.06888252209950108,-0.3110028360993942,0.13805287549612222,0.11248188307394442,200,percentile
PCE (recal),Overall,All,cal_slope,0.9238839945069193,0.7686009759679912,1.1246142296480448,0.09380147143555677,200,percentile
PCE (recal),Overall,All,AUC,0.7807595203620032,0.7404015113408484,0.8216699517152398,0.022601971881085262,200,percentile
PCE (recal),Overall,All,brier,0.0069410481411346795,0.0055766715630534616,0.008411235234424727,0.000747459748146628,200,percentile
PCE (recal),Overall,All,scaled_brier,0.009670248417633864,0.002035917282540942,0.01640171470781378,0.0035674810909212137,200,percentile
PCE (recal),Overall,All,pct_flagged_7.5,0.0026575260012989405,0.001992378269695152,0.003340192307452897,0.0003694194014126897,200,percentile
PCE (recal),Overall,All,TPR_7.5,0.021216638476315546,0.007454380756963355,0.034173991086373305,0.007122619204970775,200,percentile
PCE (recal),Overall,All,FPR_7.5,0.0025297150599455013,0.0018945671337141283,0.0032240999857629745,0.00036744573488125843,200,percentile
PCE (recal),Overall,All,pct_flagged_20,0.00013801488176051933,8.32573058608634e-05,0.00019627144835248993,5.0254168021969646e-05,200,percentile
PCE (recal),Overall,All,TPR_20,0.0,0.0,0.0,0.0,200,percentile
PCE (recal),Overall,All,FPR_20,0.0001388915380238658,8.357640047149352e-05,0.00019770115860430224,5.0590180211184254e-05,200,percentile
PCE (recal),Overall,All,rel_OE,1.0,1.0,1.0,0.0,200,percentile
PCE (recal),sex,Female,n,9527.0,4643.95,4978.3,85.12720307585363,200,percentile
PCE (recal),sex,Female,events,73.0,28.975,45.0,4.05242033268562,200,percentile
PCE (recal),sex,Female,observed,0.00495433887458683,0.003458059308126401,0.0064024979972890595,0.0007281744237619684,200,percentile
PCE (recal),sex,Female,expected,0.005828673313584537,0.005590174464223494,0.0060702573244767995,0.00011735965964730747,200,percentile
PCE (recal),sex,Female,OE,0.8499942625091119,0.5951527417790914,1.0854329758163832,0.12487251065914035,200,percentile
PCE (recal),sex,Female,cal_intercept,-0.16553585034910237,-0.5274617474699105,0.08407861768017674,0.15280139965101588,200,percentile
PCE (recal),sex,Female,cal_slope,0.8767750009665661,0.6218534066436092,1.1613296732868699,0.1408237718113942,200,percentile
PCE (recal),sex,Female,AUC,0.7866745616150568,0.7055765517548065,0.8608571753056754,0.040606728009290806,200,percentile
PCE (recal),sex,Female,brier,0.0048854093797527556,0.0034785386150281753,0.006287385611626231,0.0007027971035650916,200,percentile
PCE (recal),sex,Female,scaled_brier,0.00900322134020981,-0.006044207557478437,0.018640427607631307,0.00621712028998041,200,percentile
PCE (recal),sex,Female,pct_flagged_7.5,0.001823699022599003,0.001054204626115043,0.0026256227721936183,0.00040154832456606196,200,percentile
PCE (recal),sex,Female,TPR_7.5,0.02832754744321402,0.0,0.06047526244495965,0.015143095596577569,200,percentile
PCE (recal),sex,Female,FPR_7.5,0.0016994062212683366,0.0009432311533311031,0.00252129074930465,0.00039573297433652133,200,percentile
PCE (recal),sex,Female,pct_flagged_20,0.00016645591714821204,0.0001572372800086327,0.00017790661778905388,5.1690710958583096e-06,200,percentile
PCE (recal),sex,Female,TPR_20,0.0,0.0,0.0,0.0,200,percentile
PCE (recal),sex,Female,FPR_20,0.00016722891058062764,0.0001576896735792134,0.00017921094570765006,5.292890230757392e-06,200,percentile
PCE (recal),sex,Female,rel_OE,0.9090983905879396,0.696176500006951,1.1723033813921144,0.12476049650546314,200,percentile
PCE (recal),sex,Male,n,8984.0,4368.6,4676.025,74.56247186792626,200,percentile
PCE (recal),sex,Male,events,112.0,45.0,67.025,6.1528254734335395,200,percentile
PCE (recal),sex,Male,observed,0.009398629394121427,0.006701938597085476,0.012460564230645595,0.0014068879366879,200,percentile
PCE (recal),sex,Male,expected,0.009464678413241143,0.00915802203832168,0.009734214587626057,0.00014833529157541093,200,percentile
PCE (recal),sex,Male,OE,0.9930215252715493,0.7022785383664023,1.304692401554488,0.1500576255547254,200,percentile
PCE (recal),sex,Male,cal_intercept,-0.0075272782773783955,-0.3609291511709806,0.2724339297015485,0.1595262046637927,200,percentile
PCE (recal),sex,Male,cal_slope,0.9506109697203173,0.7257174056354702,1.2549977261745566,0.13994067352901848,200,percentile
PCE (recal),sex,Male,AUC,0.7546777766942294,0.7005818947623863,0.8204464464574512,0.03341057937821179,200,percentile
PCE (recal),sex,Male,brier,0.009226904701744499,0.006571311856231741,0.012175895529421547,0.001359916332587833,200,percentile
PCE (recal),sex,Male,scaled_brier,0.008956800666260478,-1.7059190724821807e-05,0.016171214551048235,0.004261240535150782,200,percentile
PCE (recal),sex,Male,pct_flagged_7.5,0.003585555725982753,0.002517996766961038,0.004835157449370488,0.0006329954981450993,200,percentile
PCE (recal),sex,Male,TPR_7.5,0.0170484391487495,0.00148263508738702,0.03108497536668051,0.007894652586940982,200,percentile
PCE (recal),sex,Male,FPR_7.5,0.003457155274188124,0.002369105166420833,0.004679456733367202,0.0006371344866676489,200,percentile
PCE (recal),sex,Male,pct_flagged_20,0.0001063606814110469,0.0,0.00022142356336176378,0.00010648816575418882,200,percentile
PCE (recal),sex,Male,TPR_20,0.0,0.0,0.0,0.0,200,percentile
PCE (recal),sex,Male,FPR_20,0.00010723919656862246,0.0,0.00022331218905086183,0.0001073699257001361,200,percentile
PCE (recal),sex,Male,rel_OE,1.0620710165486194,0.8814510632627754,1.2130204195107042,0.08590449987209477,200,percentile
PCE (recal),race,Mexican American,n,3402.0,1453.0,1918.05,124.43597281999403,200,percentile
PCE (recal),race,Mexican American,events,29.0,8.0,20.0,3.173219438998854,200,percentile
PCE (recal),race,Mexican American,observed,0.00585160301417802,0.0029088099100715538,0.008772496105491944,0.0015815212678945167,200,percentile
PCE (recal),race,Mexican American,expected,0.006657194632872707,0.00610348064467855,0.007053898900680462,0.00022715144306123801,200,percentile
PCE (recal),race,Mexican American,OE,0.8789893246147952,0.4463240345458846,1.3068822333344907,0.23151593691295724,200,percentile
PCE (recal),race,Mexican American,cal_intercept,-0.12877901097481825,-0.8136634401848787,0.274949983209623,0.2947126987565187,200,percentile
PCE (recal),race,Mexican American,cal_slope,0.7830925517357984,0.5123417547747975,1.2304417500942308,0.18734362273859806,200,percentile
PCE (recal),race,Mexican American,AUC,0.7580648901162571,0.6770733564268836,0.8655128198440936,0.05066195296311461,200,percentile
PCE (recal),race,Mexican American,brier,0.005795761405544556,0.0029221946409059047,0.008677551422695783,0.0015547094001238171,200,percentile
PCE (recal),race,Mexican American,scaled_brier,0.0037130836455850913,-0.017442511625213375,0.01637836332508878,0.007876333802012345,200,percentile
PCE (recal),race,Mexican American,pct_flagged_7.5,0.0029467897933173645,0.001341566922066758,0.004775829044347605,0.0009022543893697369,200,percentile
PCE (recal),race,Mexican American,TPR_7.5,0.02557709824497805,0.0,0.08588458552732611,0.026011579002651657,200,percentile
PCE (recal),race,Mexican American,FPR_7.5,0.002832421150771025,0.0012851696652078197,0.004667467624502233,0.0009113207885059314,200,percentile
PCE (recal),race,Mexican American,pct_flagged_20,0.0,0.0,0.0,0.0,200,percentile
PCE (recal),race,Mexican American,TPR_20,0.0,0.0,0.0,0.0,200,percentile
PCE (recal),race,Mexican American,FPR_20,0.0,0.0,0.0,0.0,200,percentile
PCE (recal),race,Mexican American,rel_OE,0.9401096167313531,0.4742034763084927,1.4574182101025093,0.2595439848975463,200,percentile
PCE (recal),race,NH Black,n,3771.0,1715.925,2075.775,97.26591226345542,200,percentile
PCE (recal),race,NH Black,events,59.0,21.975,39.0,4.548673118138782,200,percentile
PCE (recal),race,NH Black,observed,0.013577366759849318,0.009621913306319306,0.01740271100552537,0.0019254969734894337,200,percentile
PCE (recal),race,NH Black,expected,0.009494688541111983,0.00910158294709828,0.009868201696137644,0.00020402717198628629,200,percentile
PCE (recal),race,NH Black,OE,1.4299960131455967,1.01963498389725,1.8293163451497574,0.1924373993324444,200,percentile
PCE (recal),race,NH Black,cal_intercept,0.367415169247608,0.02031739842316356,0.6247319474118933,0.14292861275447086,200,percentile
PCE (recal),race,NH Black,cal_slope,1.0451766488435843,0.7375841989852019,1.5483015791546515,0.20323917007392578,200,percentile
PCE (recal),race,NH Black,AUC,0.7721710279002598,0.6974792504487695,0.8576549577416385,0.041452777853414634,200,percentile
PCE (recal),race,NH Black,brier,0.013003278297510782,0.00915557280349693,0.016632327801086196,0.001845024710531499,200,percentile
PCE (recal),race,NH Black,scaled_brier,0.029100495611830368,0.013965696401585279,0.043839693667896765,0.00799549868792073,200,percentile
PCE (recal),race,NH Black,pct_flagged_7.5,0.004398913844618913,0.002793782266355214,0.005942136862459649,0.0008722367269629491,200,percentile
PCE (recal),race,NH Black,TPR_7.5,0.06998995072256409,0.0,0.12169787469759452,0.030826086228418446,200,percentile
PCE (recal),race,NH Black,FPR_7.5,0.0035115816253929342,0.0022913296301313364,0.004789319266434462,0.0006936526149855519,200,percentile
PCE (recal),race,NH Black,pct_flagged_20,0.0,0.0,0.0,0.0,200,percentile
PCE (recal),race,NH Black,TPR_20,0.0,0.0,0.0,0.0,200,percentile
PCE (recal),race,NH Black,FPR_20,0.0,0.0,0.0,0.0,200,percentile
PCE (recal),race,NH Black,rel_OE,1.5294304108127976,1.1037593793893334,2.1370978651816026,0.2522204008071741,200,percentile
PCE (recal),race,NH White,n,8634.0,4016.35,4657.025,178.93987641624005,200,percentile
PCE (recal),race,NH White,events,82.0,30.975,52.0,5.228523913262499,200,percentile
PCE (recal),race,NH White,observed,0.006613868217302638,0.004815998124406924,0.008448335401856716,0.0009701259634394466,200,percentile
PCE (recal),race,NH White,expected,0.007466071941346243,0.00718124606662755,0.007730858415370882,0.00013940388085638753,200,percentile
PCE (recal),race,NH White,OE,0.8858564810601142,0.6294648362956178,1.1178056089722481,0.1292786759264103,200,percentile
PCE (recal),race,NH White,cal_intercept,-0.12388224253380718,-0.47101267591764095,0.11379749451069858,0.15265292274012582,200,percentile
PCE (recal),race,NH White,cal_slope,0.9301667662135531,0.7483585541957826,1.161604142868605,0.11178051492420675,200,percentile
PCE (recal),race,NH White,AUC,0.7906633450140494,0.7438866238066705,0.8468755201175284,0.02679592846995503,200,percentile
PCE (recal),race,NH White,brier,0.006539817310435306,0.00480570271941168,0.008317084698343096,0.0009414427535457682,200,percentile
PCE (recal),race,NH White,scaled_brier,0.004612949408909994,-0.004666015502239301,0.012003483111315673,0.004249185181297441,200,percentile
PCE (recal),race,NH White,pct_flagged_7.5,0.0024709694816196955,0.001576014928561698,0.0033783200953021292,0.0004690513789561396,200,percentile
PCE (recal),race,NH White,TPR_7.5,0.0036021114776286075,0.0,0.009683796459221718,0.0039010515834188254,200,percentile
PCE (recal),race,NH White,FPR_7.5,0.0024647346915034536,0.0015818838306020137,0.003411316698938926,0.00047283673244037346,200,percentile
PCE (recal),race,NH White,pct_flagged_20,0.000185070830823542,0.00011003320052073395,0.0002688807038246991,6.737475021186463e-05,200,percentile
PCE (recal),race,NH White,TPR_20,0.0,0.0,0.0,0.0,200,percentile
PCE (recal),race,NH White,FPR_20,0.00018613909776920212,0.00011055111641493439,0.0002709677113172348,6.780284571501431e-05,200,percentile
PCE (recal),race,NH White,rel_OE,0.9474542790987514,0.8338195077883939,1.0365729136251483,0.05577684705006484,200,percentile
PCE (recal),race,Other Hispanic,n,1471.0,615.95,881.325,69.82482586109803,200,percentile
PCE (recal),race,Other Hispanic,events,6.0,1.0,6.0,1.409862960659367,200,percentile
PCE (recal),race,Other Hispanic,observed,0.0022833153649808487,0.00047788978797049783,0.00417895688473461,0.0010733920518442885,200,percentile
PCE (recal),race,Other Hispanic,expected,0.006995990340126458,0.006231396774680807,0.007642937669164699,0.00035686438550921876,200,percentile
PCE (recal),race,Other Hispanic,OE,0.32637485959415663,0.06656117079762469,0.6046466646136981,0.15406787801387709,200,percentile
PCE (recal),race,Other Hispanic,cal_intercept,-1.1350938322521869,-2.729746232281147,-0.5120963908516072,3.3850279918119597,200,percentile
PCE (recal),race,Other Hispanic,cal_slope,1.8302555474210482,0.9987401844633814,3.72383478749858,0.787970213419004,200,percentile
PCE (recal),race,Other Hispanic,AUC,0.9143740441387502,0.8077336659790483,0.9969725994959281,0.05494801962733238,196,percentile
PCE (recal),race,Other Hispanic,brier,0.002262753450359365,0.0005602810323783094,0.004050504362054899,0.0010034823509379271,200,percentile
PCE (recal),race,Other Hispanic,scaled_brier,0.006737357094176999,-0.18195172052968434,0.04240190243512042,0.05663388355438485,196,percentile
PCE (recal),race,Other Hispanic,pct_flagged_7.5,0.0028022615303086684,0.0011096963904657074,0.004467612677171903,0.0008864666899437015,200,percentile
PCE (recal),race,Other Hispanic,TPR_7.5,0.0,0.0,0.0,0.0,196,percentile
PCE (recal),race,Other Hispanic,FPR_7.5,0.0028235281584358873,0.0011246440314087317,0.004517818207032885,0.0008950595122031255,200,percentile
PCE (recal),race,Other Hispanic,pct_flagged_20,0.0,0.0,0.0,0.0,200,percentile
PCE (recal),race,Other Hispanic,TPR_20,0.0,0.0,0.0,0.0,196,percentile
PCE (recal),race,Other Hispanic,FPR_20,0.0,0.0,0.0,0.0,200,percentile
PCE (recal),race,Other Hispanic,rel_OE,0.34906924984359156,0.07193410396920852,0.6887486675765658,0.17244951706213904,200,percentile
PCE (recal),race,Other/Multiracial,n,1233.0,536.0,705.025,45.186881351019935,200,percentile
PCE (recal),race,Other/Multiracial,events,9.0,1.0,7.025000000000006,1.6642184699064875,200,percentile
PCE (recal),race,Other/Multiracial,observed,0.0069298635233422876,0.0009811895941340399,0.012440049155856088,0.0030806361514186557,200,percentile
PCE (recal),race,Other/Multiracial,expected,0.00666495482967894,0.006070333352637704,0.007316486324673825,0.00033416213299877295,200,percentile
PCE (recal),race,Other/Multiracial,OE,1.03974650998139,0.14301870770483166,1.8897762815175967,0.4673037560892737,200,percentile
PCE (recal),race,Other/Multiracial,cal_intercept,0.03789501402916143,-1.9649074618168574,0.6531814754927182,2.553828528608222,200,percentile
PCE (recal),race,Other/Multiracial,cal_slope,0.3250950783830437,-0.6052659333371756,1.7899698498480396,14.828725823541497,200,percentile
PCE (recal),race,Other/Multiracial,AUC,0.6015031986363037,0.28450343003822254,0.9251460641050436,0.19856897994007547,198,percentile
PCE (recal),race,Other/Multiracial,brier,0.006875489276921636,0.0009668698628191382,0.01225367375542131,0.0030329847399880416,200,percentile
PCE (recal),race,Other/Multiracial,scaled_brier,0.0009228981628910393,-0.03937805263836809,0.03140605147114409,0.02344772646657955,198,percentile
PCE (recal),race,Other/Multiracial,pct_flagged_7.5,0.0016694879712613373,0.0,0.003394793891164758,0.000973745753006694,200,percentile
PCE (recal),race,Other/Multiracial,TPR_7.5,0.08620027129270726,0.0,0.34787226634014173,0.1182894238676352,198,percentile
PCE (recal),race,Other/Multiracial,FPR_7.5,0.0010801341447635108,0.0,0.002370570116533165,0.0008805874542952325,200,percentile
PCE (recal),race,Other/Multiracial,pct_flagged_20,0.0,0.0,0.0,0.0,200,percentile
PCE (recal),race,Other/Multiracial,TPR_20,0.0,0.0,0.0,0.0,198,percentile
PCE (recal),race,Other/Multiracial,FPR_20,0.0,0.0,0.0,0.0,200,percentile
PCE (recal),race,Other/Multiracial,rel_OE,1.112045010813677,0.1699956163064273,2.1331818237463525,0.49720904279065425,200,percentile
PCE (recal),age_group,40-49,n,6020.0,2921.95,3138.5,60.3421715164161,200,percentile
PCE (recal),age_group,40-49,events,20.0,6.0,14.0,2.2349215583235353,200,percentile
PCE (recal),age_group,40-49,observed,0.0025668456574225876,0.0011434078557405218,0.0038557507777777426,0.000765887741165619,200,percentile
PCE (recal),age_group,40-49,expected,0.002536257370203371,0.0024479504944207096,0.002636624322480567,4.8982068631477244e-05,200,percentile
PCE (recal),age_group,40-49,OE,1.012060403482145,0.43770508793443164,1.5220699077161968,0.30175212160021325,200,percentile
PCE (recal),age_group,40-49,cal_intercept,0.011184759298258106,-0.8311361794296821,0.42227777632576924,0.3463044998687479,200,percentile
PCE (recal),age_group,40-49,cal_slope,1.1403317269198556,0.7948811040145625,1.6465881279543868,0.20919649711845073,200,percentile
PCE (recal),age_group,40-49,AUC,0.8161617682955288,0.7295367214184478,0.9131194269243736,0.0466645906213741,200,percentile
PCE (recal),age_group,40-49,brier,0.002551585367887358,0.0011469289030063222,0.0038233533057807495,0.0007579938783060131,200,percentile
PCE (recal),age_group,40-49,scaled_brier,0.00338700100770839,-0.004247459485222826,0.007950501420104424,0.0034988846284045934,200,percentile
PCE (recal),age_group,40-49,pct_flagged_7.5,0.0,0.0,0.0,0.0,200,percentile
PCE (recal),age_group,40-49,TPR_7.5,0.0,0.0,0.0,0.0,200,percentile
PCE (recal),age_group,40-49,FPR_7.5,0.0,0.0,0.0,0.0,200,percentile
PCE (recal),age_group,40-49,pct_flagged_20,0.0,0.0,0.0,0.0,200,percentile
PCE (recal),age_group,40-49,TPR_20,0.0,0.0,0.0,0.0,200,percentile
PCE (recal),age_group,40-49,FPR_20,0.0,0.0,0.0,0.0,200,percentile
PCE (recal),age_group,40-49,rel_OE,1.0824337581614392,0.5209557967891602,1.6167856060285681,0.301546441250758,200,percentile
PCE (recal),age_group,50-59,n,4853.0,2352.9,2546.1,51.50544660665275,200,percentile
PCE (recal),age_group,50-59,events,32.0,11.0,21.025000000000006,2.8720801209411855,200,percentile
PCE (recal),age_group,50-59,observed,0.005256059623114469,0.0029391966820478017,0.0075929686436780755,0.0012005674656899838,200,percentile
PCE (recal),age_group,50-59,expected,0.005213951318547904,0.004998395384421772,0.005422429796143389,0.00012869156148094936,200,percentile
PCE (recal),age_group,50-59,OE,1.008076083184124,0.5757932634609079,1.470699753858817,0.23161407105485946,200,percentile
PCE (recal),age_group,50-59,cal_intercept,0.008732096788656158,-0.5551369958021014,0.39143853386333144,0.24428555660184526,200,percentile
PCE (recal),age_group,50-59,cal_slope,0.7137565683943641,0.07167435427412255,1.320358318426697,0.3194520222498364,200,percentile
PCE (recal),age_group,50-59,AUC,0.6729947556439841,0.5286200189315647,0.8027161262900709,0.07080095509858858,200,percentile
PCE (recal),age_group,50-59,brier,0.0052178217662755995,0.002924672091884838,0.0075247651864454,0.0011846031201609476,200,percentile
PCE (recal),age_group,50-59,scaled_brier,0.002029612532626568,-0.004482995748092844,0.007512949707947485,0.0030476960687086762,200,percentile
PCE (recal),age_group,50-59,pct_flagged_7.5,0.000776328251888144,0.0,0.0022011870211802948,0.0006858918197581247,200,percentile
PCE (recal),age_group,50-59,TPR_7.5,0.0,0.0,0.0,0.0,200,percentile
PCE (recal),age_group,50-59,FPR_7.5,0.0007789340710655331,0.0,0.002206540372803712,0.0006880967949350007,200,percentile
PCE (recal),age_group,50-59,pct_flagged_20,0.0,0.0,0.0,0.0,200,percentile
PCE (recal),age_group,50-59,TPR_20,0.0,0.0,0.0,0.0,200,percentile
PCE (recal),age_group,50-59,FPR_20,0.0,0.0,0.0,0.0,200,percentile
PCE (recal),age_group,50-59,rel_OE,1.078172389196635,0.6956852743012286,1.458293519746292,0.20112740693930817,200,percentile
PCE (recal),age_group,60-69,n,4785.0,2301.9,2518.0,56.787073870679095,200,percentile
PCE (recal),age_group,60-69,events,47.0,17.0,32.0,3.8531329026947843,200,percentile
PCE (recal),age_group,60-69,observed,0.010109367250397527,0.006729859314879694,0.014142501326475543,0.0019762491375010364,200,percentile
PCE (recal),age_group,60-69,expected,0.011002587082650046,0.010750439556827376,0.011288775372485132,0.0001523505541427218,200,percentile
PCE (recal),age_group,60-69,OE,0.918817290375185,0.6021906882772975,1.2864137159769873,0.1792185702104124,200,percentile
PCE (recal),age_group,60-69,cal_intercept,-0.08629193073093522,-0.5153310493462534,0.257274250462626,0.20573262992517766,200,percentile
PCE (recal),age_group,60-69,cal_slope,0.9823022048821619,0.4121170031780876,1.3976317944602576,0.2661189784691516,200,percentile
PCE (recal),age_group,60-69,AUC,0.6969867348081968,0.5864350015471554,0.7813603338240012,0.05345708450283009,200,percentile
PCE (recal),age_group,60-69,brier,0.00995888683531688,0.006767558810349343,0.013864406510399285,0.0019107685738974753,200,percentile
PCE (recal),age_group,60-69,scaled_brier,0.0048246526036617166,-0.005728955321706291,0.01068375825598308,0.0047461015803813835,200,percentile
PCE (recal),age_group,60-69,pct_flagged_7.5,0.0011362028782231273,0.0005346185046634514,0.0018180862125566804,0.000337183036936654,200,percentile
PCE (recal),age_group,60-69,TPR_7.5,0.008684053957954949,0.0,0.021349071239664532,0.006617437890471292,200,percentile
PCE (recal),age_group,60-69,FPR_7.5,0.0010612053172810608,0.0004445481952517192,0.001779186442240924,0.0003346610872737593,200,percentile
PCE (recal),age_group,60-69,pct_flagged_20,0.0,0.0,0.0,0.0,200,percentile
PCE (recal),age_group,60-69,TPR_20,0.0,0.0,0.0,0.0,200,percentile
PCE (recal),age_group,60-69,FPR_20,0.0,0.0,0.0,0.0,200,percentile
PCE (recal),age_group,60-69,rel_OE,0.9827070096434891,0.7078872253197454,1.29333577087992,0.1526953100520302,200,percentile
PCE (recal),age_group,70-79,n,2853.0,1368.875,1513.075,37.10977874350586,200,percentile
PCE (recal),age_group,70-79,events,86.0,33.975,53.0,4.745563916377285,200,percentile
PCE (recal),age_group,70-79,observed,0.022824554760039518,0.016880561623969774,0.028842584685122408,0.0032874809807074672,200,percentile
PCE (recal),age_group,70-79,expected,0.025991446991145115,0.02521493657962632,0.02685169314169454,0.0004271860503034986,200,percentile
PCE (recal),age_group,70-79,OE,0.8781563707405552,0.64597055264194,1.1172981682068956,0.12785027877795985,200,percentile
PCE (recal),age_group,70-79,cal_intercept,-0.13608531321655545,-0.4541676942288703,0.11343264107640418,0.15479415615114836,200,percentile
PCE (recal),age_group,70-79,cal_slope,0.9449960584490791,0.644316406362017,1.2956578356069262,0.16833418388702448,200,percentile
PCE (recal),age_group,70-79,AUC,0.6755455230703247,0.6189968027110044,0.7372336371460971,0.0297966654994189,200,percentile
PCE (recal),age_group,70-79,brier,0.022168289396032295,0.016604426666383898,0.0276951579616746,0.003048222923539238,200,percentile
PCE (recal),age_group,70-79,scaled_brier,0.006066513819356079,-0.010969534971678501,0.015854354576859072,0.006743903143012034,200,percentile
PCE (recal),age_group,70-79,pct_flagged_7.5,0.020396892570942585,0.015047629936658726,0.02536690147112636,0.0028671577491408504,200,percentile
PCE (recal),age_group,70-79,TPR_7.5,0.0541944416266965,0.01613591044684442,0.0943425223543422,0.021063330760374945,200,percentile
PCE (recal),age_group,70-79,FPR_7.5,0.019675322520798465,0.014231929127028661,0.02463052238440473,0.0028698855500226632,200,percentile
PCE (recal),age_group,70-79,pct_flagged_20,0.0012848010148418596,0.0007659067658869381,0.0018303735707671338,0.00046499059681361527,200,percentile
PCE (recal),age_group,70-79,TPR_20,0.0,0.0,0.0,0.0,200,percentile
PCE (recal),age_group,70-79,FPR_20,0.0013158065461741572,0.0007816316081826721,0.0018760773801943197,0.0004763040271163714,200,percentile
PCE (recal),age_group,70-79,rel_OE,0.9392187436279626,0.7059885901578141,1.2211223337539776,0.13107201930442838,200,percentile
PCE (recal),income,PIR 1.3-3.5,n,6093.0,2941.95,3185.225,59.52340023788453,200,percentile
PCE (recal),income,PIR 1.3-3.5,events,68.0,26.975,44.0,4.9006178463926275,200,percentile
PCE (recal),income,PIR 1.3-3.5,observed,0.008886390823754045,0.006097653697838443,0.011835972319225225,0.0014911249799512529,200,percentile
PCE (recal),income,PIR 1.3-3.5,expected,0.009091101148622716,0.008716594667461263,0.00956103921775168,0.00020985099374463845,200,percentile
PCE (recal),income,PIR 1.3-3.5,OE,0.9774823399803791,0.6778559019572726,1.2989747064888453,0.16108250414120698,200,percentile
PCE (recal),income,PIR 1.3-3.5,cal_intercept,-0.02381134644905429,-0.3966786760848378,0.26876066542837895,0.1740575131007112,200,percentile
PCE (recal),income,PIR 1.3-3.5,cal_slope,0.9330090112290439,0.7144943372805892,1.3179925493085325,0.16706545932985561,200,percentile
PCE (recal),income,PIR 1.3-3.5,AUC,0.777917068811982,0.7149304596324694,0.8576353687556815,0.03960103976001371,200,percentile
PCE (recal),income,PIR 1.3-3.5,brier,0.008718659811854197,0.005970040047425049,0.01154330296507818,0.0014425418153707482,200,percentile
PCE (recal),income,PIR 1.3-3.5,scaled_brier,0.010078211437984708,-6.904195272899309e-05,0.01888088699612434,0.005025907817798111,200,percentile
PCE (recal),income,PIR 1.3-3.5,pct_flagged_7.5,0.0038964223752407184,0.0023013922531225756,0.005374451620935218,0.0007583231022937662,200,percentile
PCE (recal),income,PIR 1.3-3.5,TPR_7.5,0.021077109303502765,0.0,0.04705380235721444,0.01208975354417244,200,percentile
PCE (recal),income,PIR 1.3-3.5,FPR_7.5,0.0037474713273664977,0.002230064143395657,0.005180236589234598,0.0007454625345686963,200,percentile
PCE (recal),income,PIR 1.3-3.5,pct_flagged_20,0.00014635518699669694,0.0,0.0003131253813647593,0.0001466647293417919,200,percentile
PCE (recal),income,PIR 1.3-3.5,TPR_20,0.0,0.0,0.0,0.0,200,percentile
PCE (recal),income,PIR 1.3-3.5,FPR_20,0.00014761681956322787,0.0,0.0003173043456258603,0.0001479923313112235,200,percentile
PCE (recal),income,PIR 1.3-3.5,rel_OE,1.0454513180843616,0.7940308636933355,1.3276430938874735,0.1446697469027321,200,percentile
PCE (recal),income,PIR<1.3,n,4506.0,2136.95,2412.2,74.19791390016076,200,percentile
PCE (recal),income,PIR<1.3,events,78.0,31.0,47.0,4.1582242779495004,200,percentile
PCE (recal),income,PIR<1.3,observed,0.015298893676155044,0.01089733097823048,0.019734087528471198,0.002506415583655011,200,percentile
PCE (recal),income,PIR<1.3,expected,0.009302532883116275,0.008759040879182998,0.009775910278660815,0.0002670768223353461,200,percentile
PCE (recal),income,PIR<1.3,OE,1.6445944205069056,1.14919001920032,2.1214259863650975,0.2640351848409354,200,percentile
PCE (recal),income,PIR<1.3,cal_intercept,0.5137314761207968,0.14246128480474726,0.7829843100708838,0.1722175304709525,200,percentile
PCE (recal),income,PIR<1.3,cal_slope,0.7734526168739333,0.6115326992618276,0.9816458343309455,0.10310216697613112,200,percentile
PCE (recal),income,PIR<1.3,AUC,0.7441343795782824,0.7008735901788224,0.7977690725240071,0.025024543308344326,200,percentile
PCE (recal),income,PIR<1.3,brier,0.01490628071714975,0.010543648531510942,0.01917901595722882,0.002433177490343803,200,percentile
PCE (recal),income,PIR<1.3,scaled_brier,0.010524959926827004,0.0014739267365224326,0.02258807549589719,0.005170486000966319,200,percentile
PCE (recal),income,PIR<1.3,pct_flagged_7.5,0.00539718224267194,0.002700194430410305,0.0084825925423073,0.0015840093189452588,200,percentile
PCE (recal),income,PIR<1.3,TPR_7.5,0.03090563634858158,0.0,0.07139818814393187,0.01779994643326119,200,percentile
PCE (recal),income,PIR<1.3,FPR_7.5,0.005011260205812705,0.0024679568004778944,0.0081857031734968,0.0015888744892419788,200,percentile
PCE (recal),income,PIR<1.3,pct_flagged_20,0.0,0.0,0.0,0.0,200,percentile
PCE (recal),income,PIR<1.3,TPR_20,0.0,0.0,0.0,0.0,200,percentile
PCE (recal),income,PIR<1.3,FPR_20,0.0,0.0,0.0,0.0,200,percentile
PCE (recal),income,PIR<1.3,rel_OE,1.7589508621379732,1.3341888306339467,2.25195770702234,0.23503637292492435,200,percentile
PCE (recal),income,PIR>3.5,n,6387.0,3056.325,3399.025,100.26195639173167,200,percentile
PCE (recal),income,PIR>3.5,events,24.0,7.0,17.0,2.654847656721948,200,percentile
PCE (recal),income,PIR>3.5,observed,0.0035296881220717473,0.0018313679997801306,0.005194860954661932,0.0008172376681171629,200,percentile
PCE (recal),income,PIR>3.5,expected,0.005915743735576818,0.005695660606116849,0.0061730279696789,0.00012858213823438688,200,percentile
PCE (recal),income,PIR>3.5,OE,0.5966600785704221,0.30839490905674005,0.8651681224239325,0.14107701530341124,200,percentile
PCE (recal),income,PIR>3.5,cal_intercept,-0.5236887445846026,-1.1912281802374562,-0.14638942277521935,0.25726071775130954,200,percentile
PCE (recal),income,PIR>3.5,cal_slope,0.9217558347276699,0.4584648380304296,1.507381159132773,0.27997396081554465,200,percentile
PCE (recal),income,PIR>3.5,AUC,0.7682784467799154,0.638877937198157,0.9145212212355966,0.0710114743411911,200,percentile
PCE (recal),income,PIR>3.5,brier,0.0035192561444413535,0.0018784105673251897,0.005143523563114756,0.0007894359197238521,200,percentile
PCE (recal),income,PIR>3.5,scaled_brier,-0.0005762264454425292,-0.028891958403848384,0.014210329693863981,0.011378526380966819,200,percentile
PCE (recal),income,PIR>3.5,pct_flagged_7.5,0.0009923215303625362,0.0002834930244570123,0.0016239017748358694,0.0003139909368072004,200,percentile
PCE (recal),income,PIR>3.5,TPR_7.5,0.0,0.0,0.0,0.0,200,percentile
PCE (recal),income,PIR>3.5,FPR_7.5,0.000998440109678825,0.0002919802078034478,0.0016314799971141024,0.0003160424840977729,200,percentile
PCE (recal),income,PIR>3.5,pct_flagged_20,0.00019409642209638678,0.0,0.00040947539414923736,0.0001410895647388222,200,percentile
PCE (recal),income,PIR>3.5,TPR_20,0.0,0.0,0.0,0.0,200,percentile
PCE (recal),income,PIR>3.5,FPR_20,0.00019453504869334677,0.0,0.00041088512404829425,0.00014143831236543224,200,percentile
PCE (recal),income,PIR>3.5,rel_OE,0.6381486806219819,0.37219667428988384,0.8917598019087042,0.1227296972344976,200,percentile
PCE (recal),education,<HS,n,5308.0,2530.875,2839.0,76.97219216596447,200,percentile
PCE (recal),education,<HS,events,86.0,33.0,51.025000000000006,4.5226148659962915,200,percentile
PCE (recal),education,<HS,observed,0.013345028923801577,0.009175460431664213,0.01706638628472439,0.002048273475880992,200,percentile
PCE (recal),education,<HS,expected,0.010688911134158792,0.010187619216395851,0.01114925042887485,0.00026041071988221084,200,percentile
PCE (recal),education,<HS,OE,1.2484928311504593,0.8829448141016761,1.5854213244429434,0.1845139578350946,200,percentile
PCE (recal),education,<HS,cal_intercept,0.2291653057739716,-0.12806676714346885,0.4764143739040859,0.15735123151485342,200,percentile
PCE (recal),education,<HS,cal_slope,0.9110067690254332,0.6859490472739267,1.209000887076304,0.1388016217183821,200,percentile
PCE (recal),education,<HS,AUC,0.7667827239234896,0.6987960404221141,0.8217497655584408,0.031029983604922515,200,percentile
PCE (recal),education,<HS,brier,0.012930822680420558,0.00905346937597117,0.016543288223186084,0.0019686814752384726,200,percentile
PCE (recal),education,<HS,scaled_brier,0.017932523582712245,0.006485629482655443,0.03020770317935626,0.005995519543063079,200,percentile
PCE (recal),education,<HS,pct_flagged_7.5,0.0059930057176309625,0.004025142894055561,0.007555680027180891,0.0008794873337060398,200,percentile
PCE (recal),education,<HS,TPR_7.5,0.03561497634719152,0.0044763319687808915,0.0713428927004955,0.01803565042034588,200,percentile
PCE (recal),education,<HS,FPR_7.5,0.005597351353990875,0.0035949665297695926,0.007260326792219314,0.0008836527417277868,200,percentile
PCE (recal),education,<HS,pct_flagged_20,0.0,0.0,0.0,0.0,200,percentile
PCE (recal),education,<HS,TPR_20,0.0,0.0,0.0,0.0,200,percentile
PCE (recal),education,<HS,FPR_20,0.0,0.0,0.0,0.0,200,percentile
PCE (recal),education,<HS,rel_OE,1.335306452668315,1.012747001788448,1.6727640746047745,0.16928107912482138,200,percentile
PCE (recal),education,College+,n,4141.0,1949.775,2219.025,71.40429445300651,200,percentile
PCE (recal),education,College+,events,22.0,6.0,16.0,2.446698113436036,200,percentile
PCE (recal),education,College+,observed,0.004027443647182348,0.0018968958386931085,0.006163630045642492,0.0011062539242685837,200,percentile
PCE (recal),education,College+,expected,0.0057116938529464395,0.005401994529735155,0.006013620781209995,0.00015901299819163505,200,percentile
PCE (recal),education,College+,OE,0.7051224646966586,0.31944287024233675,1.0705063369457615,0.19629562147297175,200,percentile
PCE (recal),education,College+,cal_intercept,-0.35405742747204055,-1.1555845280766683,0.0721783923703611,0.31257244203363427,200,percentile
PCE (recal),education,College+,cal_slope,0.9878750993904474,0.5030012751177791,1.6820848026011268,0.33401048038983916,200,percentile
PCE (recal),education,College+,AUC,0.7812985573031307,0.6444103316999775,0.9288982650021971,0.08234051430290605,200,percentile
PCE (recal),education,College+,brier,0.003970571553392622,0.0019427569174677545,0.006000411115396375,0.0010671884748366595,200,percentile
PCE (recal),education,College+,scaled_brier,0.01013451208362115,-0.01439675721606314,0.0280882005650169,0.012030615161055868,200,percentile
PCE (recal),education,College+,pct_flagged_7.5,0.001223135914213685,0.0002805095600905049,0.0020969917384493454,0.0004574043360436012,200,percentile
PCE (recal),education,College+,TPR_7.5,0.01850942446155814,0.0,0.0619240634896626,0.021788990100529437,200,percentile
PCE (recal),education,College+,FPR_7.5,0.0011515171924918236,0.00026689053192055224,0.0019628649582057096,0.0004603626313704266,200,percentile
PCE (recal),education,College+,pct_flagged_20,0.00014526291556655064,0.0,0.000310219548052527,0.00014639239051043819,200,percentile
PCE (recal),education,College+,TPR_20,0.0,0.0,0.0,0.0,200,percentile
PCE (recal),education,College+,FPR_20,0.00014564632723387615,0.0,0.00031171566001021185,0.00014689273280098938,200,percentile
PCE (recal),education,College+,rel_OE,0.7541529703163871,0.3828451528580075,1.1367402976308179,0.19167421814103025,200,percentile
PCE (recal),education,HS/GED,n,4214.0,2032.95,2229.125,55.42173076696568,200,percentile
PCE (recal),education,HS/GED,events,38.0,13.0,25.0,3.2118460071848633,200,percentile
PCE (recal),education,HS/GED,observed,0.006604142168953903,0.0031713692739783854,0.00959034263445987,0.001551995152325472,200,percentile
PCE (recal),education,HS/GED,expected,0.008448941862119324,0.008061030521925465,0.008838834283920608,0.00019519177080781126,200,percentile
PCE (recal),education,HS/GED,OE,0.7816531675479333,0.3732640496814163,1.1533687901224552,0.1856106821774854,200,percentile
PCE (recal),education,HS/GED,cal_intercept,-0.2522008658068551,-1.0044147376367103,0.14445448604460653,0.2736712984190389,200,percentile
PCE (recal),education,HS/GED,cal_slope,0.9547755546870785,0.6723256393616553,1.414417762272175,0.19133152853181096,200,percentile
PCE (recal),education,HS/GED,AUC,0.7904812915013847,0.714546206250272,0.8882046437649743,0.046471964927571476,200,percentile
PCE (recal),education,HS/GED,brier,0.006542689983365511,0.0032730614551856594,0.009484936302090213,0.0015051612908734398,200,percentile
PCE (recal),education,HS/GED,scaled_brier,0.0027189112259887738,-0.020431590705072934,0.014678640183191793,0.009861054944000828,200,percentile
PCE (recal),education,HS/GED,pct_flagged_7.5,0.003070558888823879,0.0012887208350276249,0.0055006571377170365,0.001096401512093832,200,percentile
PCE (recal),education,HS/GED,TPR_7.5,0.018575548118895384,0.0,0.05213812431304774,0.01573918883940273,200,percentile
PCE (recal),education,HS/GED,FPR_7.5,0.0029728534223089536,0.001201879131585987,0.005357632121127637,0.0010987501116263344,200,percentile
PCE (recal),education,HS/GED,pct_flagged_20,0.00021015258075122995,0.0,0.0004521682419701971,0.0002110337059949883,200,percentile
PCE (recal),education,HS/GED,TPR_20,0.0,0.0,0.0,0.0,200,percentile
PCE (recal),education,HS/GED,FPR_20,0.00021162997823065278,0.0,0.0004524060516349011,0.00021259251582999273,200,percentile
PCE (recal),education,HS/GED,rel_OE,0.8360052155154091,0.48479593386114966,1.0957649018354705,0.1738032577085223,200,percentile
PCE (recal),education,Some college,n,4833.0,2332.975,2539.125,55.33961932771744,200,percentile
PCE (recal),education,Some college,events,37.0,12.0,24.025000000000006,3.2807915149890454,200,percentile
PCE (recal),education,Some college,observed,0.0067594161332692965,0.0037287246881860655,0.009373953083479427,0.0014716190150646448,200,percentile
PCE (recal),education,Some college,expected,0.006857729915692659,0.0065916011356390225,0.007178175661938078,0.00014827806652567134,200,percentile
PCE (recal),education,Some college,OE,0.9856638007573921,0.5513185768159719,1.347259686713854,0.21083432182147588,200,percentile
PCE (recal),education,Some college,cal_intercept,-0.015972855901363756,-0.6047778277270713,0.3055293074673643,0.23701968908001161,200,percentile
PCE (recal),education,Some college,cal_slope,0.7367206108922024,0.47340984223746724,1.0490142240937994,0.15818510310665784,200,percentile
PCE (recal),education,Some college,AUC,0.7325713285817669,0.6488214700359781,0.8161815031519678,0.044696742522897306,200,percentile
PCE (recal),education,Some college,brier,0.006716156594443123,0.003756576601704296,0.00931231271772819,0.0014405463510055773,200,percentile
PCE (recal),education,Some college,scaled_brier,-0.0003619700121864078,-0.012752260970008483,0.006449230849043472,0.005026051294199674,200,percentile
PCE (recal),education,Some college,pct_flagged_7.5,0.0018508927923164711,0.0009546287398777383,0.002660517234449694,0.00045905318588648623,200,percentile
PCE (recal),education,Some college,TPR_7.5,0.008890645763516319,0.0,0.027773226878233817,0.01015467572524076,200,percentile
PCE (recal),education,Some college,FPR_7.5,0.0018120997978195246,0.0008510248825778166,0.0026221688185721443,0.0004634202253863124,200,percentile
PCE (recal),education,Some college,pct_flagged_20,0.00015182463971464026,0.0,0.0003206837443817138,0.00015209578899668535,200,percentile
PCE (recal),education,Some college,TPR_20,0.0,0.0,0.0,0.0,200,percentile
PCE (recal),education,Some college,FPR_20,0.00015273836793225246,0.0,0.00032302499872699503,0.00015304936184566768,200,percentile
PCE (recal),education,Some college,rel_OE,1.0542016745903988,0.6452439769696814,1.4129488744836558,0.19848722838002344,200,percentile
PCE (recal),sex,GAP(max-min),OE,0.14302726276243738,0.0,0.2718280398799328,0.14110177520446607,200,basic
PCE (recal),sex,GAP(max-min),AUC,0.03199678492082736,0.0,0.061703926530455755,0.036590201588695206,200,basic
PCE (recal),sex,GAP(max-min),cal_slope,0.0738359687537512,0.0,0.13507395078336878,0.11978908161995266,200,basic
PCE (recal),sex,GAP(max-min),TPR_7.5,0.011279108294464518,0.0,0.02175801473994947,0.013427110900853469,200,basic
PCE (recal),sex,GAP(max-min),FPR_7.5,0.0017577490529197873,0.0003702280345312843,0.003133543874231318,0.0007267550064423572,200,basic
PCE (recal),sex,GAP(max-min),pct_flagged_7.5,0.00176185670338375,0.0003033756575291334,0.0032451378165516613,0.0007286657314650462,200,basic
PCE (recal),sex,GAP(max/min),OE,1.1682685037664053,1.0,1.3230480734823358,0.2081990739910981,200,basic
PCE (recal),race,GAP(max-min),OE,0.5510066885308015,0.0,0.8985011916075994,0.2578606238347497,200,basic
PCE (recal),race,GAP(max-min),AUC,0.03259845489779234,0.0,0.058100048330826715,0.038796191956685856,200,basic
PCE (recal),race,GAP(max-min),cal_slope,0.2620840971077859,0.0,0.4717553916713692,0.2085310496721494,200,basic
PCE (recal),race,GAP(max-min),TPR_7.5,0.06638783924493548,0.013480439523923679,0.11631656099288287,0.02878614499320667,200,basic
PCE (recal),race,GAP(max-min),FPR_7.5,0.0010468469338894807,0.0,0.001857631036387282,0.0007556872752467118,200,basic
PCE (recal),race,GAP(max-min),pct_flagged_7.5,0.0019279443629992175,0.0,0.003372687117007136,0.0009742449128826178,200,basic
PCE (recal),race,GAP(max/min),OE,1.6268639141576293,1.0,2.0446974832221674,0.5056719585704261,200,basic
PCE (recal),age_group,GAP(max-min),OE,0.1339040327415898,0.0,0.19615933811408304,0.19099982833716247,200,basic
PCE (recal),age_group,GAP(max-min),AUC,0.14316701265154463,0.009619455742637673,0.2581961974143192,0.07233502284540126,200,basic
PCE (recal),age_group,GAP(max-min),cal_slope,0.42657515852549155,0.0,0.7457262439677269,0.281307485920339,200,basic
PCE (recal),age_group,GAP(max-min),TPR_7.5,0.0541944416266965,0.0140463608990508,0.0922529728065486,0.021022705646522175,200,basic
PCE (recal),age_group,GAP(max-min),FPR_7.5,0.019675322520798465,0.014720122657192202,0.025630399860914845,0.0029490931049407877,200,basic
PCE (recal),age_group,GAP(max-min),pct_flagged_7.5,0.020396892570942585,0.01554722870949539,0.02638252499691218,0.002960789530669131,200,basic
PCE (recal),age_group,GAP(max/min),OE,1.1524831307989802,1.0,1.220944344558113,0.2948955307812661,200,basic
PCE (recal),income,GAP(max-min),OE,1.0479343419364835,0.6219512590622072,1.7681135221964435,0.29895346833262176,200,basic
PCE (recal),income,GAP(max-min),AUC,0.03378268923369954,0.0,0.05237313089357163,0.04327147469992819,200,basic
PCE (recal),income,GAP(max-min),cal_slope,0.1595563943551106,0.0,0.2568538640656583,0.1925634477307521,200,basic
PCE (recal),income,GAP(max-min),TPR_7.5,0.03090563634858158,0.0,0.06006109971553124,0.01640493407150896,200,basic
PCE (recal),income,GAP(max-min),FPR_7.5,0.00401282009613388,0.0009818310705928916,0.007548777058321713,0.0016798702634129139,200,basic
PCE (recal),income,GAP(max-min),pct_flagged_7.5,0.004404860712309404,0.001342734334115507,0.008374972382893846,0.0017644589784400074,200,basic
PCE (recal),income,GAP(max/min),OE,2.7563339321231273,1.5719320086060997,4.227325178476431,0.668496518174825,200,basic
PCE (recal),education,GAP(max-min),OE,0.5433703664538007,0.13313210782903184,0.8711862255165368,0.20391773277192005,200,basic
PCE (recal),education,GAP(max-min),AUC,0.05790996291961781,0.0,0.09718513712871213,0.05273107879670207,200,basic
PCE (recal),education,GAP(max-min),cal_slope,0.25115448849824495,0.0,0.4268819768020673,0.22411784686143446,200,basic
PCE (recal),education,GAP(max-min),TPR_7.5,0.0267243305836752,0.0,0.044143206517277614,0.015507789206683296,200,basic
PCE (recal),education,GAP(max-min),FPR_7.5,0.004445834161499051,0.002555978936781592,0.006622338743934267,0.0009779046750231389,200,basic
PCE (recal),education,GAP(max-min),pct_flagged_7.5,0.0047698698034172775,0.0030638030548667643,0.007090152166782434,0.0009731875105247607,200,basic
PCE (recal),education,GAP(max/min),OE,1.7706042477139865,1.0,2.313310226817054,0.5366106863031507,200,basic
PCE-revised (recal),Overall,All,n,18511.0,9042.85,9642.175,150.16364239551265,200,percentile
PCE-revised (recal),Overall,All,events,185.0,80.0,106.025,7.204128841283243,200,percentile
PCE-revised (recal),Overall,All,observed,0.007058649758562692,0.005644956483087861,0.00857607183560686,0.0007733632523905439,200,percentile
PCE-revised (recal),Overall,All,expected,0.00763573883246241,0.007415658622496673,0.007866739363871802,0.0001177322642582539,200,percentile
PCE-revised (recal),Overall,All,OE,0.9244226280440219,0.732849372801627,1.124141963706507,0.09960599482619346,200,percentile
PCE-revised (recal),Overall,All,cal_intercept,-0.08058890929913053,-0.31712558527444407,0.1195916387856162,0.11105320262036102,200,percentile
PCE-revised (recal),Overall,All,cal_slope,0.9865415743483229,0.8212770393916168,1.1952681026972698,0.09598384963401783,200,percentile
PCE-revised (recal),Overall,All,AUC,0.7890729603483069,0.7505574905122475,0.8301207263291303,0.022704850611716978,200,percentile
PCE-revised (recal),Overall,All,brier,0.006931262094022278,0.0055724651169176695,0.008410490429263518,0.0007463824814007863,200,percentile
PCE-revised (recal),Overall,All,scaled_brier,0.011066494835860419,0.0024895538907128813,0.01811432807670118,0.003962036840487486,200,percentile
PCE-revised (recal),Overall,All,pct_flagged_7.5,0.002548912902289533,0.0018236021912714805,0.0032767633294475632,0.00039671062770911807,200,percentile
PCE-revised (recal),Overall,All,TPR_7.5,0.028039066604139268,0.0033784004030189365,0.05435680002056691,0.012760981582540706,200,percentile
PCE-revised (recal),Overall,All,FPR_7.5,0.0023713432196232546,0.0016867230842266213,0.003043769162847713,0.00037449698045991864,200,percentile
PCE-revised (recal),Overall,All,pct_flagged_20,0.0,0.0,0.0,0.0,200,percentile
PCE-revised (recal),Overall,All,TPR_20,0.0,0.0,0.0,0.0,200,percentile
PCE-revised (recal),Overall,All,FPR_20,0.0,0.0,0.0,0.0,200,percentile
PCE-revised (recal),Overall,All,rel_OE,1.0,1.0,1.0,0.0,200,percentile
PCE-revised (recal),sex,Female,n,9527.0,4643.95,4978.3,85.12720307585363,200,percentile
PCE-revised (recal),sex,Female,events,73.0,28.975,45.0,4.05242033268562,200,percentile
PCE-revised (recal),sex,Female,observed,0.00495433887458683,0.003458059308126401,0.0064024979972890595,0.0007281744237619684,200,percentile
PCE-revised (recal),sex,Female,expected,0.0053453740454666564,0.005131684695692388,0.005565051976403914,0.0001040986493973632,200,percentile
PCE-revised (recal),sex,Female,OE,0.9268460602469049,0.6535914269590979,1.1840059763715365,0.13501307791899864,200,percentile
PCE-revised (recal),sex,Female,cal_intercept,-0.07729104469823571,-0.43306188734679124,0.1738661788947141,0.15115628643105597,200,percentile
PCE-revised (recal),sex,Female,cal_slope,0.9614786129367083,0.681791870551198,1.2333896232287933,0.14692611377872603,200,percentile
PCE-revised (recal),sex,Female,AUC,0.8036133359295226,0.7241587674352535,0.8703899329753039,0.03981272006206107,200,percentile
PCE-revised (recal),sex,Female,brier,0.004876778260150644,0.0034523693323291527,0.006294169605784334,0.0007036610840344845,200,percentile
PCE-revised (recal),sex,Female,scaled_brier,0.010754028909657043,-0.003870909040127396,0.02095030036063141,0.006216763258366409,200,percentile
PCE-revised (recal),sex,Female,pct_flagged_7.5,0.0018742349445260188,0.0010931100228855676,0.0025613032356632515,0.00037717621678398574,200,percentile
PCE-revised (recal),sex,Female,TPR_7.5,0.03221959957393435,0.0,0.07425433452272925,0.020707134353924392,200,percentile
PCE-revised (recal),sex,Female,FPR_7.5,0.0017256378042272739,0.0009246770959454476,0.0023913907691834758,0.0003723741899042041,200,percentile
PCE-revised (recal),sex,Female,pct_flagged_20,0.0,0.0,0.0,0.0,200,percentile
PCE-revised (recal),sex,Female,TPR_20,0.0,0.0,0.0,0.0,200,percentile
PCE-revised (recal),sex,Female,FPR_20,0.0,0.0,0.0,0.0,200,percentile
PCE-revised (recal),sex,Female,rel_OE,1.002621563048506,0.7709587062641714,1.2982085043289633,0.13702238211801152,200,percentile
PCE-revised (recal),sex,Male,n,8984.0,4368.6,4676.025,74.56247186792626,200,percentile
PCE-revised (recal),sex,Male,events,112.0,45.0,67.025,6.1528254734335395,200,percentile
PCE-revised (recal),sex,Male,observed,0.009398629394121427,0.006701938597085476,0.012460564230645595,0.0014068879366879,200,percentile
PCE-revised (recal),sex,Male,expected,0.01018486072105276,0.009817195968464192,0.010527073277957306,0.00018027613597925836,200,percentile
PCE-revised (recal),sex,Male,OE,0.9228039196151065,0.6559403789142246,1.2023618318344824,0.13816099197515028,200,percentile
PCE-revised (recal),sex,Male,cal_intercept,-0.08252284247313021,-0.4301651791439754,0.18964889890071632,0.15810212721830297,200,percentile
PCE-revised (recal),sex,Male,cal_slope,1.0102986955103443,0.7805235813865486,1.30574759001617,0.1443532774586114,200,percentile
PCE-revised (recal),sex,Male,AUC,0.757744179444363,0.6995892404495986,0.8265360964976223,0.034319341952823046,200,percentile
PCE-revised (recal),sex,Male,brier,0.009215834382961405,0.006515480129205776,0.012138872198038431,0.0013536233049820177,200,percentile
PCE-revised (recal),sex,Male,scaled_brier,0.010145841249108112,-0.001767173986188186,0.020428773082121453,0.005280064404759606,200,percentile
PCE-revised (recal),sex,Male,pct_flagged_7.5,0.003299813527224611,0.0020861797481710907,0.004821317470176749,0.0006930965067242883,200,percentile
PCE-revised (recal),sex,Male,TPR_7.5,0.025588564875783162,0.0,0.06456959583046887,0.01651663368424631,200,percentile
PCE-revised (recal),sex,Male,FPR_7.5,0.0030925846913466603,0.001870612702203748,0.004549821998700714,0.0006753927195327878,200,percentile
PCE-revised (recal),sex,Male,pct_flagged_20,0.0,0.0,0.0,0.0,200,percentile
PCE-revised (recal),sex,Male,TPR_20,0.0,0.0,0.0,0.0,200,percentile
PCE-revised (recal),sex,Male,FPR_20,0.0,0.0,0.0,0.0,200,percentile
PCE-revised (recal),sex,Male,rel_OE,0.9982489519622206,0.8263661312779927,1.1363032339331016,0.08001180865174881,200,percentile
PCE-revised (recal),race,Mexican American,n,3402.0,1453.0,1918.05,124.43597281999403,200,percentile
PCE-revised (recal),race,Mexican American,events,29.0,8.0,20.0,3.173219438998854,200,percentile
PCE-revised (recal),race,Mexican American,observed,0.00585160301417802,0.0029088099100715538,0.008772496105491944,0.0015815212678945167,200,percentile
PCE-revised (recal),race,Mexican American,expected,0.007248934261857877,0.006711904686042365,0.007619201561900296,0.00023603901984672632,200,percentile
PCE-revised (recal),race,Mexican American,OE,0.8072363195466853,0.4097347330166418,1.2117626357881048,0.21499203696630306,200,percentile
PCE-revised (recal),race,Mexican American,cal_intercept,-0.21719329580571214,-0.9031965695320325,0.19727023443045136,0.2973923662140836,200,percentile
PCE-revised (recal),race,Mexican American,cal_slope,0.7104186674040293,0.4048372423715314,1.1646916598216845,0.2055436424724693,200,percentile
PCE-revised (recal),race,Mexican American,AUC,0.7293069208986112,0.6270198649453392,0.8615919509908999,0.06223523420119648,200,percentile
PCE-revised (recal),race,Mexican American,brier,0.005812436629423074,0.002918436405192032,0.008690450585347053,0.0015503501272030487,200,percentile
PCE-revised (recal),race,Mexican American,scaled_brier,0.0008466255195560546,-0.026636009393018367,0.012516419968042886,0.008971600715855808,200,percentile
PCE-revised (recal),race,Mexican American,pct_flagged_7.5,0.0021570966140450226,0.0006347971009579127,0.003409773987219819,0.0007202212518785581,200,percentile
PCE-revised (recal),race,Mexican American,TPR_7.5,0.01624763573097168,0.0,0.061682215419043916,0.022114121712771044,200,percentile
PCE-revised (recal),race,Mexican American,FPR_7.5,0.002078601322749149,0.0006095749575517413,0.0033210136474898996,0.0007192757831807373,200,percentile
PCE-revised (recal),race,Mexican American,pct_flagged_20,0.0,0.0,0.0,0.0,200,percentile
PCE-revised (recal),race,Mexican American,TPR_20,0.0,0.0,0.0,0.0,200,percentile
PCE-revised (recal),race,Mexican American,FPR_20,0.0,0.0,0.0,0.0,200,percentile
PCE-revised (recal),race,Mexican American,rel_OE,0.8732329727310006,0.4388785969151671,1.3414350099389842,0.24333372204646694,200,percentile
PCE-revised (recal),race,NH Black,n,3771.0,1715.925,2075.775,97.26591226345542,200,percentile
PCE-revised (recal),race,NH Black,events,59.0,21.975,39.0,4.548673118138782,200,percentile
PCE-revised (recal),race,NH Black,observed,0.013577366759849318,0.009621913306319306,0.01740271100552537,0.0019254969734894337,200,percentile
PCE-revised (recal),race,NH Black,expected,0.009683939584962263,0.009300709422119536,0.010016955490732593,0.0001838884962255094,200,percentile
PCE-revised (recal),race,NH Black,OE,1.4020499240756288,0.9956211482737725,1.8161196285684065,0.19337766020429775,200,percentile
PCE-revised (recal),race,NH Black,cal_intercept,0.34619055175222185,-0.004164485669729465,0.6174124969896012,0.14567862060069295,200,percentile
PCE-revised (recal),race,NH Black,cal_slope,1.078985284938598,0.7964420501716405,1.522838654727401,0.18933622864680785,200,percentile
PCE-revised (recal),race,NH Black,AUC,0.7717750311770927,0.700881886945043,0.859969520813502,0.03982432805706379,200,percentile
PCE-revised (recal),race,NH Black,brier,0.013093161543628454,0.009210156769378879,0.01673717235658475,0.0018544681328621305,200,percentile
PCE-revised (recal),race,NH Black,scaled_brier,0.022389295781157448,0.009384829601672315,0.03372740299282982,0.006509103954054716,200,percentile
PCE-revised (recal),race,NH Black,pct_flagged_7.5,0.002412451070223793,0.0010931881766188378,0.003659389294092743,0.0006823451326493968,200,percentile
PCE-revised (recal),race,NH Black,TPR_7.5,0.04128567609488739,0.0,0.08396973578025492,0.024995944592101995,200,percentile
PCE-revised (recal),race,NH Black,FPR_7.5,0.0018852030486780009,0.0007894702940282015,0.002894075890630779,0.0006177866401632159,200,percentile
PCE-revised (recal),race,NH Black,pct_flagged_20,0.0,0.0,0.0,0.0,200,percentile
PCE-revised (recal),race,NH Black,TPR_20,0.0,0.0,0.0,0.0,200,percentile
PCE-revised (recal),race,NH Black,FPR_20,0.0,0.0,0.0,0.0,200,percentile
PCE-revised (recal),race,NH Black,rel_OE,1.5166763356303972,1.0894702936985292,2.103879706588589,0.25304124918238247,200,percentile
PCE-revised (recal),race,NH White,n,8634.0,4016.35,4657.025,178.93987641624005,200,percentile
PCE-revised (recal),race,NH White,events,82.0,30.975,52.0,5.228523913262499,200,percentile
PCE-revised (recal),race,NH White,observed,0.006613868217302638,0.004815998124406924,0.008448335401856716,0.0009701259634394466,200,percentile
PCE-revised (recal),race,NH White,expected,0.007440050483070732,0.007144922566974387,0.007734956260581993,0.00015043854338717803,200,percentile
PCE-revised (recal),race,NH White,OE,0.8889547500184295,0.6377236673750749,1.1269348413421212,0.1283541662944349,200,percentile
PCE-revised (recal),race,NH White,cal_intercept,-0.12035785515422923,-0.45753953353399834,0.122399429816902,0.15105599366621136,200,percentile
PCE-revised (recal),race,NH White,cal_slope,1.0201153013107318,0.8087358045613852,1.276031218672529,0.11704892986475644,200,percentile
PCE-revised (recal),race,NH White,AUC,0.8008539741545049,0.751251790595802,0.8524515916691605,0.026692605008522892,200,percentile
PCE-revised (recal),race,NH White,brier,0.006508099884796783,0.004768328446260993,0.00824825418521714,0.0009394239005347846,200,percentile
PCE-revised (recal),race,NH White,scaled_brier,0.009440471839589293,-0.0016591100681829618,0.01831623444173162,0.0050257330697052495,200,percentile
PCE-revised (recal),race,NH White,pct_flagged_7.5,0.0024176162795908848,0.001658681390102762,0.003304838831478134,0.00043848704187531386,200,percentile
PCE-revised (recal),race,NH White,TPR_7.5,0.02804109528404557,0.0,0.07551248567380722,0.01851036513707586,200,percentile
PCE-revised (recal),race,NH White,FPR_7.5,0.002249641839625902,0.0015624787567584451,0.0030211121582501338,0.00040370432480601364,200,percentile
PCE-revised (recal),race,NH White,pct_flagged_20,0.0,0.0,0.0,0.0,200,percentile
PCE-revised (recal),race,NH White,TPR_20,0.0,0.0,0.0,0.0,200,percentile
PCE-revised (recal),race,NH White,FPR_20,0.0,0.0,0.0,0.0,200,percentile
PCE-revised (recal),race,NH White,rel_OE,0.9616323995652957,0.8483047837402776,1.0469491674700528,0.056586594514115775,200,percentile
PCE-revised (recal),race,Other Hispanic,n,1471.0,615.95,881.325,69.82482586109803,200,percentile
PCE-revised (recal),race,Other Hispanic,events,6.0,1.0,6.0,1.409862960659367,200,percentile
PCE-revised (recal),race,Other Hispanic,observed,0.0022833153649808487,0.00047788978797049783,0.00417895688473461,0.0010733920518442885,200,percentile
PCE-revised (recal),race,Other Hispanic,expected,0.007581359945685945,0.006805919555037472,0.008354407296798233,0.0003874978045709038,200,percentile
PCE-revised (recal),race,Other Hispanic,OE,0.3011749054706384,0.061095060612843685,0.568547327223016,0.1428599611265283,200,percentile
PCE-revised (recal),race,Other Hispanic,cal_intercept,-1.2179134032888308,-2.819504143058184,-0.5751099993206172,3.374997530236526,200,percentile
PCE-revised (recal),race,Other Hispanic,cal_slope,1.585330183025557,0.8235517097379613,2.9232605631672013,0.637321896597871,200,percentile
PCE-revised (recal),race,Other Hispanic,AUC,0.8996301382430536,0.7777843133224912,0.9938779457776562,0.06211191197219638,196,percentile
PCE-revised (recal),race,Other Hispanic,brier,0.0023035174255952784,0.0006141193800640014,0.004060968612024667,0.001002840726214893,200,percentile
PCE-revised (recal),race,Other Hispanic,scaled_brier,-0.011156476532169002,-0.2853648947916335,0.0303135073337992,0.0759178842795538,196,percentile
PCE-revised (recal),race,Other Hispanic,pct_flagged_7.5,0.003315894255490367,0.0006704417946653173,0.005711874984446216,0.0012865787487695286,200,percentile
PCE-revised (recal),race,Other Hispanic,TPR_7.5,0.0,0.0,0.0,0.0,196,percentile
PCE-revised (recal),race,Other Hispanic,FPR_7.5,0.0033244960692312415,0.0006705346561668168,0.005746623749669195,0.0012896110621005332,200,percentile
PCE-revised (recal),race,Other Hispanic,pct_flagged_20,0.0,0.0,0.0,0.0,200,percentile
PCE-revised (recal),race,Other Hispanic,TPR_20,0.0,0.0,0.0,0.0,196,percentile
PCE-revised (recal),race,Other Hispanic,FPR_20,0.0,0.0,0.0,0.0,200,percentile
PCE-revised (recal),race,Other Hispanic,rel_OE,0.3257978508248893,0.06780919033591636,0.6440268185951163,0.16133030232528076,200,percentile
PCE-revised (recal),race,Other/Multiracial,n,1233.0,536.0,705.025,45.186881351019935,200,percentile
PCE-revised (recal),race,Other/Multiracial,events,9.0,1.0,7.025000000000006,1.6642184699064875,200,percentile
PCE-revised (recal),race,Other/Multiracial,observed,0.0069298635233422876,0.0009811895941340399,0.012440049155856088,0.0030806361514186557,200,percentile
PCE-revised (recal),race,Other/Multiracial,expected,0.0071487307746049755,0.006374261249623987,0.007976484374589962,0.00043286596135137345,200,percentile
PCE-revised (recal),race,Other/Multiracial,OE,0.9693837608152501,0.1299302096378052,1.8269041328104996,0.43534400161352577,200,percentile
PCE-revised (recal),race,Other/Multiracial,cal_intercept,-0.03376833478689228,-2.065188291963047,0.615256438339829,2.547270341325806,200,percentile
PCE-revised (recal),race,Other/Multiracial,cal_slope,0.3991915324565025,-0.5815505627405052,1.4801473572262354,0.6031908334161415,200,percentile
PCE-revised (recal),race,Other/Multiracial,AUC,0.6414114195130753,0.29363668061112264,0.9109824649465081,0.1911682438062359,198,percentile
PCE-revised (recal),race,Other/Multiracial,brier,0.006920406624189147,0.0010641006996591229,0.01232689733513284,0.0030269819108395815,200,percentile
PCE-revised (recal),race,Other/Multiracial,scaled_brier,-0.005604039968023722,-0.06684359855116491,0.010646261647239455,0.027266203417520115,198,percentile
PCE-revised (recal),race,Other/Multiracial,pct_flagged_7.5,0.0044281020274202715,0.0,0.009241683861165173,0.003371487509840084,200,percentile
PCE-revised (recal),race,Other/Multiracial,TPR_7.5,0.0,0.0,0.0,0.0,198,percentile
PCE-revised (recal),race,Other/Multiracial,FPR_7.5,0.004471884872847144,0.0,0.00934973385429267,0.003396358755036885,200,percentile
PCE-revised (recal),race,Other/Multiracial,pct_flagged_20,0.0,0.0,0.0,0.0,200,percentile
PCE-revised (recal),race,Other/Multiracial,TPR_20,0.0,0.0,0.0,0.0,198,percentile
PCE-revised (recal),race,Other/Multiracial,FPR_20,0.0,0.0,0.0,0.0,200,percentile
PCE-revised (recal),race,Other/Multiracial,rel_OE,1.048636988545338,0.15608721268314713,1.9937927023053952,0.46825144397366614,200,percentile
PCE-revised (recal),age_group,40-49,n,6020.0,2921.95,3138.5,60.3421715164161,200,percentile
PCE-revised (recal),age_group,40-49,events,20.0,6.0,14.0,2.2349215583235353,200,percentile
PCE-revised (recal),age_group,40-49,observed,0.0025668456574225876,0.0011434078557405218,0.0038557507777777426,0.000765887741165619,200,percentile
PCE-revised (recal),age_group,40-49,expected,0.0029405860090143455,0.0028389694776809436,0.003056047289400082,5.4974168064616924e-05,200,percentile
PCE-revised (recal),age_group,40-49,OE,0.8729027648074025,0.3791373485027023,1.3190185532018677,0.2596788592428251,200,percentile
PCE-revised (recal),age_group,40-49,cal_intercept,-0.13754995623080146,-0.9753381100713874,0.2779408083039303,0.3452310831020552,200,percentile
PCE-revised (recal),age_group,40-49,cal_slope,1.2578086281202714,0.8897880917950011,1.7619578343228413,0.22020521323726627,200,percentile
PCE-revised (recal),age_group,40-49,AUC,0.8315592810176325,0.7648608996510131,0.9075683778320237,0.03883022650191424,200,percentile
PCE-revised (recal),age_group,40-49,brier,0.0025507800946205947,0.0011496701164246527,0.0038242069908017537,0.0007567777835555715,200,percentile
PCE-revised (recal),age_group,40-49,scaled_brier,0.0037015293066623434,-0.003446670090910368,0.007755052142377132,0.0036873535865233056,200,percentile
PCE-revised (recal),age_group,40-49,pct_flagged_7.5,0.0,0.0,0.0,0.0,200,percentile
PCE-revised (recal),age_group,40-49,TPR_7.5,0.0,0.0,0.0,0.0,200,percentile
PCE-revised (recal),age_group,40-49,FPR_7.5,0.0,0.0,0.0,0.0,200,percentile
PCE-revised (recal),age_group,40-49,pct_flagged_20,0.0,0.0,0.0,0.0,200,percentile
PCE-revised (recal),age_group,40-49,TPR_20,0.0,0.0,0.0,0.0,200,percentile
PCE-revised (recal),age_group,40-49,FPR_20,0.0,0.0,0.0,0.0,200,percentile
PCE-revised (recal),age_group,40-49,rel_OE,0.9442680634661337,0.45497156830035723,1.4139854998591457,0.26333521098931595,200,percentile
PCE-revised (recal),age_group,50-59,n,4853.0,2352.9,2546.1,51.50544660665275,200,percentile
PCE-revised (recal),age_group,50-59,events,32.0,11.0,21.025000000000006,2.8720801209411855,200,percentile
PCE-revised (recal),age_group,50-59,observed,0.005256059623114469,0.0029391966820478017,0.0075929686436780755,0.0012005674656899838,200,percentile
PCE-revised (recal),age_group,50-59,expected,0.006104220935848601,0.005788032998941175,0.006444820862989611,0.00019861364166958473,200,percentile
PCE-revised (recal),age_group,50-59,OE,0.8610533069415808,0.4903507564098847,1.2750136452652148,0.1993604345351918,200,percentile
PCE-revised (recal),age_group,50-59,cal_intercept,-0.15153170648745035,-0.7187355790641217,0.24717437182609325,0.24675291937721672,200,percentile
PCE-revised (recal),age_group,50-59,cal_slope,0.6891913542665394,0.18403045876499707,1.1631063605768905,0.25173114124145163,200,percentile
PCE-revised (recal),age_group,50-59,AUC,0.6808125628915698,0.550764068518088,0.8087398002217986,0.07084147674108195,200,percentile
PCE-revised (recal),age_group,50-59,brier,0.00524118169320183,0.002969727902735105,0.0075461411534948,0.0011789864139057139,200,percentile
PCE-revised (recal),age_group,50-59,scaled_brier,-0.002438250949498455,-0.017289448942426205,0.006177368511459945,0.005915089873639249,200,percentile
PCE-revised (recal),age_group,50-59,pct_flagged_7.5,0.0014405689254710437,0.0,0.0034476431973791384,0.0008847987543471417,200,percentile
PCE-revised (recal),age_group,50-59,TPR_7.5,0.0,0.0,0.0,0.0,200,percentile
PCE-revised (recal),age_group,50-59,FPR_7.5,0.0014483191592705837,0.0,0.003452269567159287,0.0008879820739989468,200,percentile
PCE-revised (recal),age_group,50-59,pct_flagged_20,0.0,0.0,0.0,0.0,200,percentile
PCE-revised (recal),age_group,50-59,TPR_20,0.0,0.0,0.0,0.0,200,percentile
PCE-revised (recal),age_group,50-59,FPR_20,0.0,0.0,0.0,0.0,200,percentile
PCE-revised (recal),age_group,50-59,rel_OE,0.9314498377906177,0.6035126750789834,1.2580012929146969,0.17422054617126861,200,percentile
PCE-revised (recal),age_group,60-69,n,4785.0,2301.9,2518.0,56.787073870679095,200,percentile
PCE-revised (recal),age_group,60-69,events,47.0,17.0,32.0,3.8531329026947843,200,percentile
PCE-revised (recal),age_group,60-69,observed,0.010109367250397527,0.006729859314879694,0.014142501326475543,0.0019762491375010364,200,percentile
PCE-revised (recal),age_group,60-69,expected,0.011640934361879908,0.01127694115246105,0.012016645921654643,0.0002044351150652775,200,percentile
PCE-revised (recal),age_group,60-69,OE,0.86843263058868,0.5705658950360541,1.214785531766555,0.17011124905324168,200,percentile
PCE-revised (recal),age_group,60-69,cal_intercept,-0.14395036078889825,-0.5717144174484964,0.19995352201331273,0.20717341935888156,200,percentile
PCE-revised (recal),age_group,60-69,cal_slope,0.8443906685540109,0.33968322011731206,1.2111661649884775,0.23860342980280072,200,percentile
PCE-revised (recal),age_group,60-69,AUC,0.6963455360884804,0.5816413379992982,0.7802089912522959,0.05213693426593955,200,percentile
PCE-revised (recal),age_group,60-69,brier,0.009964808620098114,0.006794248227154197,0.013852186419068494,0.0019024031715626478,200,percentile
PCE-revised (recal),age_group,60-69,scaled_brier,0.004232898291726794,-0.013886356574342335,0.014046516013275204,0.007490075449276412,200,percentile
PCE-revised (recal),age_group,60-69,pct_flagged_7.5,0.002824324879170909,0.0015092160210599384,0.004154093887057076,0.0006960938057289725,200,percentile
PCE-revised (recal),age_group,60-69,TPR_7.5,0.032901579958486485,0.0,0.08170182031341122,0.027615955401009935,200,percentile
PCE-revised (recal),age_group,60-69,FPR_7.5,0.0025293363584752964,0.001212885878884967,0.003865569035752375,0.0006663499360506963,200,percentile
PCE-revised (recal),age_group,60-69,pct_flagged_20,0.0,0.0,0.0,0.0,200,percentile
PCE-revised (recal),age_group,60-69,TPR_20,0.0,0.0,0.0,0.0,200,percentile
PCE-revised (recal),age_group,60-69,FPR_20,0.0,0.0,0.0,0.0,200,percentile
PCE-revised (recal),age_group,60-69,rel_OE,0.9394324676216433,0.6721330087339937,1.2385866037047073,0.14706086546112765,200,percentile
PCE-revised (recal),age_group,70-79,n,2853.0,1368.875,1513.075,37.10977874350586,200,percentile
PCE-revised (recal),age_group,70-79,events,86.0,33.975,53.0,4.745563916377285,200,percentile
PCE-revised (recal),age_group,70-79,observed,0.022824554760039518,0.016880561623969774,0.028842584685122408,0.0032874809807074672,200,percentile
PCE-revised (recal),age_group,70-79,expected,0.021581014875651807,0.02083491611492552,0.022244519872351244,0.0003679157918055364,200,percentile
PCE-revised (recal),age_group,70-79,OE,1.0576219372236613,0.7793953080952045,1.3278732699992015,0.15133239995701894,200,percentile
PCE-revised (recal),age_group,70-79,cal_intercept,0.056553133795445416,-0.2603878149228098,0.2931083036167635,0.15248012627129057,200,percentile
PCE-revised (recal),age_group,70-79,cal_slope,1.0484623316509196,0.6308238564544466,1.422762940138955,0.18964119087627615,200,percentile
PCE-revised (recal),age_group,70-79,AUC,0.7094852545288667,0.6328512704560134,0.7761053930045497,0.03446631059814008,200,percentile
PCE-revised (recal),age_group,70-79,brier,0.022000243969509812,0.016321544159236197,0.027518027236222976,0.0030602441981027136,200,percentile
PCE-revised (recal),age_group,70-79,scaled_brier,0.0136009687173555,-0.0013185972135857814,0.025082662630143113,0.0069213150834074,200,percentile
PCE-revised (recal),age_group,70-79,pct_flagged_7.5,0.014373651474411506,0.010351860097143749,0.018440205852137233,0.002228655294211102,200,percentile
PCE-revised (recal),age_group,70-79,TPR_7.5,0.05440343917525095,0.0,0.11052417200612433,0.02976082091908287,200,percentile
PCE-revised (recal),age_group,70-79,FPR_7.5,0.013465841682297282,0.009484134726474545,0.017194558683944424,0.0021369516239117445,200,percentile
PCE-revised (recal),age_group,70-79,pct_flagged_20,0.0,0.0,0.0,0.0,200,percentile
PCE-revised (recal),age_group,70-79,TPR_20,0.0,0.0,0.0,0.0,200,percentile
PCE-revised (recal),age_group,70-79,FPR_20,0.0,0.0,0.0,0.0,200,percentile
PCE-revised (recal),age_group,70-79,rel_OE,1.1440891916086853,0.8623754780570158,1.4967245300610383,0.15995310621134953,200,percentile
PCE-revised (recal),income,PIR 1.3-3.5,n,6093.0,2941.95,3185.225,59.52340023788453,200,percentile
PCE-revised (recal),income,PIR 1.3-3.5,events,68.0,26.975,44.0,4.9006178463926275,200,percentile
PCE-revised (recal),income,PIR 1.3-3.5,observed,0.008886390823754045,0.006097653697838443,0.011835972319225225,0.0014911249799512529,200,percentile
PCE-revised (recal),income,PIR 1.3-3.5,expected,0.008922260968100774,0.008544544761052516,0.009305732105696345,0.00020058249102355367,200,percentile
PCE-revised (recal),income,PIR 1.3-3.5,OE,0.9959797024011096,0.6824298174156247,1.3257007032661283,0.16465869614422501,200,percentile
PCE-revised (recal),income,PIR 1.3-3.5,cal_intercept,-0.004573158252989476,-0.3894834975869468,0.28922305350153255,0.17416339845109857,200,percentile
PCE-revised (recal),income,PIR 1.3-3.5,cal_slope,0.9443763008530023,0.702931425434553,1.3126012288354405,0.1626661621801643,200,percentile
PCE-revised (recal),income,PIR 1.3-3.5,AUC,0.7668692091164637,0.7048518853273733,0.8398972549191321,0.03713482948309195,200,percentile
PCE-revised (recal),income,PIR 1.3-3.5,brier,0.008707750901466816,0.005969290520161836,0.011529332384179261,0.0014402436163130836,200,percentile
PCE-revised (recal),income,PIR 1.3-3.5,scaled_brier,0.011316815571530081,-2.7037185276465725e-06,0.02272890580275301,0.005907258289557165,200,percentile
PCE-revised (recal),income,PIR 1.3-3.5,pct_flagged_7.5,0.0024843634713584643,0.0013728789050406957,0.0035349983424893565,0.0006121097027646644,200,percentile
PCE-revised (recal),income,PIR 1.3-3.5,TPR_7.5,0.023987608564296815,0.0,0.05613649454113646,0.018236127744631993,200,percentile
PCE-revised (recal),income,PIR 1.3-3.5,FPR_7.5,0.002290705047034232,0.0010648562849750924,0.003558148675709939,0.0006636543443126123,200,percentile
PCE-revised (recal),income,PIR 1.3-3.5,pct_flagged_20,0.0,0.0,0.0,0.0,200,percentile
PCE-revised (recal),income,PIR 1.3-3.5,TPR_20,0.0,0.0,0.0,0.0,200,percentile
PCE-revised (recal),income,PIR 1.3-3.5,FPR_20,0.0,0.0,0.0,0.0,200,percentile
PCE-revised (recal),income,PIR 1.3-3.5,rel_OE,1.0774073158599489,0.8150979304663802,1.3709965552594594,0.1488617952587261,200,percentile
PCE-revised (recal),income,PIR<1.3,n,4506.0,2136.95,2412.2,74.19791390016076,200,percentile
PCE-revised (recal),income,PIR<1.3,events,78.0,31.0,47.0,4.1582242779495004,200,percentile
PCE-revised (recal),income,PIR<1.3,observed,0.015298893676155044,0.01089733097823048,0.019734087528471198,0.002506415583655011,200,percentile
PCE-revised (recal),income,PIR<1.3,expected,0.009804646307582373,0.009198150869735959,0.010403207938071288,0.00033224761241380167,200,percentile
PCE-revised (recal),income,PIR<1.3,OE,1.560371807020078,1.088923139561951,2.0123577707259024,0.2529141762604214,200,percentile
PCE-revised (recal),income,PIR<1.3,cal_intercept,0.46131704126970985,0.08604342927004979,0.7326387529613508,0.17420371893117262,200,percentile
PCE-revised (recal),income,PIR<1.3,cal_slope,0.8517146221049898,0.6865838878942367,1.0492778093869786,0.098716668116336,200,percentile
PCE-revised (recal),income,PIR<1.3,AUC,0.769540033575265,0.7218869353578358,0.8152074907326654,0.023212717899817426,200,percentile
PCE-revised (recal),income,PIR<1.3,brier,0.014897247897598167,0.01058726473575245,0.019137799086812693,0.0024086956485601854,200,percentile
PCE-revised (recal),income,PIR<1.3,scaled_brier,0.011124556141159259,-0.0005288169652857939,0.021370104299704654,0.006278023485066904,200,percentile
PCE-revised (recal),income,PIR<1.3,pct_flagged_7.5,0.006652082559424338,0.0036367946965331507,0.009824545381680512,0.0017761816512660168,200,percentile
PCE-revised (recal),income,PIR<1.3,TPR_7.5,0.04096083446557461,0.0,0.0891404342984123,0.025961162686881954,200,percentile
PCE-revised (recal),income,PIR<1.3,FPR_7.5,0.006139987939505035,0.0029747201561419775,0.009390872870131347,0.0017161386065846244,200,percentile
PCE-revised (recal),income,PIR<1.3,pct_flagged_20,0.0,0.0,0.0,0.0,200,percentile
PCE-revised (recal),income,PIR<1.3,TPR_20,0.0,0.0,0.0,0.0,200,percentile
PCE-revised (recal),income,PIR<1.3,FPR_20,0.0,0.0,0.0,0.0,200,percentile
PCE-revised (recal),income,PIR<1.3,rel_OE,1.6879420296338437,1.280947047575347,2.1491945273235746,0.22800701586423666,200,percentile
PCE-revised (recal),income,PIR>3.5,n,6387.0,3056.325,3399.025,100.26195639173167,200,percentile
PCE-revised (recal),income,PIR>3.5,events,24.0,7.0,17.0,2.654847656721948,200,percentile
PCE-revised (recal),income,PIR>3.5,observed,0.0035296881220717473,0.0018313679997801306,0.005194860954661932,0.0008172376681171629,200,percentile
PCE-revised (recal),income,PIR>3.5,expected,0.006031272085782772,0.005765789221233195,0.006290703907679334,0.00013189653615459232,200,percentile
PCE-revised (recal),income,PIR>3.5,OE,0.5852311207103575,0.3025435991742164,0.8536032310713447,0.13762576830238252,200,percentile
PCE-revised (recal),income,PIR>3.5,cal_intercept,-0.542724672567813,-1.207705766856154,-0.16134848584666656,0.2557552087674574,200,percentile
PCE-revised (recal),income,PIR>3.5,cal_slope,0.9946272557530844,0.5009245672778926,1.6179456295789403,0.30406284345435086,200,percentile
PCE-revised (recal),income,PIR>3.5,AUC,0.7726071939944035,0.6376225010272244,0.9119328169190769,0.07055534210218457,200,percentile
PCE-revised (recal),income,PIR>3.5,brier,0.003504308287169285,0.0018636463428920304,0.005145478578562757,0.0007890364677292198,200,percentile
PCE-revised (recal),income,PIR>3.5,scaled_brier,0.0036736689895218166,-0.023315427918857323,0.019223323516056757,0.011028344467603849,200,percentile
PCE-revised (recal),income,PIR>3.5,pct_flagged_7.5,0.001154644392668147,0.0003330758592818995,0.001923076659869802,0.0004532126842395753,200,percentile
PCE-revised (recal),income,PIR>3.5,TPR_7.5,0.023947398435044735,0.0,0.08000144194772128,0.027121882730598554,200,percentile
PCE-revised (recal),income,PIR>3.5,FPR_7.5,0.0010736867357498982,0.00027195955728729395,0.0018677640461676986,0.00044841271850445415,200,percentile
PCE-revised (recal),income,PIR>3.5,pct_flagged_20,0.0,0.0,0.0,0.0,200,percentile
PCE-revised (recal),income,PIR>3.5,TPR_20,0.0,0.0,0.0,0.0,200,percentile
PCE-revised (recal),income,PIR>3.5,FPR_20,0.0,0.0,0.0,0.0,200,percentile
PCE-revised (recal),income,PIR>3.5,rel_OE,0.6330774506771251,0.36855200365861335,0.8916980687853151,0.12228028545252614,200,percentile
PCE-revised (recal),education,<HS,n,5308.0,2530.875,2839.0,76.97219216596447,200,percentile
PCE-revised (recal),education,<HS,events,86.0,33.0,51.025000000000006,4.5226148659962915,200,percentile
PCE-revised (recal),education,<HS,observed,0.013345028923801577,0.009175460431664213,0.01706638628472439,0.002048273475880992,200,percentile
PCE-revised (recal),education,<HS,expected,0.010945616520485398,0.01042271858201819,0.011386554561487051,0.0002602602634906889,200,percentile
PCE-revised (recal),education,<HS,OE,1.2192121749218539,0.8528779516706524,1.533174438861241,0.17916138597568873,200,percentile
PCE-revised (recal),education,<HS,cal_intercept,0.20458060542717024,-0.16355739299257532,0.4421329360196127,0.1560920420401614,200,percentile
PCE-revised (recal),education,<HS,cal_slope,0.9673432251553138,0.7626291874510838,1.232577159410463,0.1262955025671743,200,percentile
PCE-revised (recal),education,<HS,AUC,0.7781185940138546,0.7314126677318827,0.8300566388662239,0.026343581938529537,200,percentile
PCE-revised (recal),education,<HS,brier,0.012920819189932141,0.00907408093048257,0.016376187735012378,0.0019592390584142394,200,percentile
PCE-revised (recal),education,<HS,scaled_brier,0.018692266632487464,0.006055116201875555,0.031099899477852497,0.006440477247289372,200,percentile
PCE-revised (recal),education,<HS,pct_flagged_7.5,0.006888942365531436,0.0040582657223715915,0.009408174493869688,0.0015512828856893686,200,percentile
PCE-revised (recal),education,<HS,TPR_7.5,0.06942651001906351,0.010606415796526289,0.12294670079841218,0.03143035680046178,200,percentile
PCE-revised (recal),education,<HS,FPR_7.5,0.006050742735170428,0.0034781538164510607,0.008366121903947284,0.0014439554456092472,200,percentile
PCE-revised (recal),education,<HS,pct_flagged_20,0.0,0.0,0.0,0.0,200,percentile
PCE-revised (recal),education,<HS,TPR_20,0.0,0.0,0.0,0.0,200,percentile
PCE-revised (recal),education,<HS,FPR_20,0.0,0.0,0.0,0.0,200,percentile
PCE-revised (recal),education,<HS,rel_OE,1.3188904489514441,0.9928665621835658,1.6431715727067215,0.16716577274008118,200,percentile
PCE-revised (recal),education,College+,n,4141.0,1949.775,2219.025,71.40429445300651,200,percentile
PCE-revised (recal),education,College+,events,22.0,6.0,16.0,2.446698113436036,200,percentile
PCE-revised (recal),education,College+,observed,0.004027443647182348,0.0018968958386931085,0.006163630045642492,0.0011062539242685837,200,percentile
PCE-revised (recal),education,College+,expected,0.005554767402700519,0.0052706642301469445,0.005824593575405182,0.00013843238256409788,200,percentile
PCE-revised (recal),education,College+,OE,0.7250427165004886,0.3357287582361368,1.1031325793906612,0.20003348048718578,200,percentile
PCE-revised (recal),education,College+,cal_intercept,-0.3255384158355107,-1.1018764243250003,0.10110226469561498,0.3098715514200953,200,percentile
PCE-revised (recal),education,College+,cal_slope,1.1879355263120335,0.5608171629318393,2.055528993758497,0.4030350675126509,200,percentile
PCE-revised (recal),education,College+,AUC,0.790821854629397,0.6317109112361062,0.9406460469706581,0.08402696406229929,200,percentile
PCE-revised (recal),education,College+,brier,0.003932751448450944,0.0019123406051764632,0.005929045078864132,0.0010595468801504915,200,percentile
PCE-revised (recal),education,College+,scaled_brier,0.019563083292507888,-0.01016628482704821,0.04274393898178955,0.013823023096754107,200,percentile
PCE-revised (recal),education,College+,pct_flagged_7.5,0.0010818997939619841,0.0003161320169303706,0.0018487367541068576,0.0003906030762539159,200,percentile
PCE-revised (recal),education,College+,TPR_7.5,0.03399842959093136,0.0,0.11516989321175583,0.03815007749930487,200,percentile
PCE-revised (recal),education,College+,FPR_7.5,0.0009472749414401033,0.00024817824019238296,0.001650942668040057,0.00037223953332566565,200,percentile
PCE-revised (recal),education,College+,pct_flagged_20,0.0,0.0,0.0,0.0,200,percentile
PCE-revised (recal),education,College+,TPR_20,0.0,0.0,0.0,0.0,200,percentile
PCE-revised (recal),education,College+,FPR_20,0.0,0.0,0.0,0.0,200,percentile
PCE-revised (recal),education,College+,rel_OE,0.7843195249716035,0.39500302677541466,1.1959410134886854,0.19893366641993637,200,percentile
PCE-revised (recal),education,HS/GED,n,4214.0,2032.95,2229.125,55.42173076696568,200,percentile
PCE-revised (recal),education,HS/GED,events,38.0,13.0,25.0,3.2118460071848633,200,percentile
PCE-revised (recal),education,HS/GED,observed,0.006604142168953903,0.0031713692739783854,0.00959034263445987,0.001551995152325472,200,percentile
PCE-revised (recal),education,HS/GED,expected,0.008620709633689464,0.008212179548949575,0.009191246162217151,0.00024071364845729357,200,percentile
PCE-revised (recal),education,HS/GED,OE,0.7660787162051163,0.3626872818235702,1.1549641426831623,0.18450886497291408,200,percentile
PCE-revised (recal),education,HS/GED,cal_intercept,-0.2729448821636863,-1.0356591335706509,0.14544351405623293,0.27715825650275383,200,percentile
PCE-revised (recal),education,HS/GED,cal_slope,0.9435607210139099,0.6768769829926301,1.308890857859854,0.16342515651657016,200,percentile
PCE-revised (recal),education,HS/GED,AUC,0.7928450120174119,0.7214622791748483,0.877422168566435,0.04402185483693058,200,percentile
PCE-revised (recal),education,HS/GED,brier,0.006568561825814716,0.0033266187019587823,0.009494307772955707,0.001499284057751849,200,percentile
PCE-revised (recal),education,HS/GED,scaled_brier,-0.0012246501030563905,-0.0290625385970902,0.011151187142731299,0.011654417837151123,200,percentile
PCE-revised (recal),education,HS/GED,pct_flagged_7.5,0.0035912281800416874,0.001789899418149166,0.005875806745934545,0.001063138182371779,200,percentile
PCE-revised (recal),education,HS/GED,TPR_7.5,0.0,0.0,0.0,0.0,200,percentile
PCE-revised (recal),education,HS/GED,FPR_7.5,0.003621836045950679,0.0018081069410371196,0.005899066070560298,0.001070011184131775,200,percentile
PCE-revised (recal),education,HS/GED,pct_flagged_20,0.0,0.0,0.0,0.0,200,percentile
PCE-revised (recal),education,HS/GED,TPR_20,0.0,0.0,0.0,0.0,200,percentile
PCE-revised (recal),education,HS/GED,FPR_20,0.0,0.0,0.0,0.0,200,percentile
PCE-revised (recal),education,HS/GED,rel_OE,0.828710476101235,0.47464777211073766,1.0850439211187553,0.17400907261071902,200,percentile
PCE-revised (recal),education,Some college,n,4833.0,2332.975,2539.125,55.33961932771744,200,percentile
PCE-revised (recal),education,Some college,events,37.0,12.0,24.025000000000006,3.2807915149890454,200,percentile
PCE-revised (recal),education,Some college,observed,0.0067594161332692965,0.0037287246881860655,0.009373953083479427,0.0014716190150646448,200,percentile
PCE-revised (recal),education,Some college,expected,0.007021556650268921,0.006736602761858266,0.007354564329326916,0.00016296888094459954,200,percentile
PCE-revised (recal),education,Some college,OE,0.9626663245692698,0.5378322802214643,1.3182239975369674,0.20394157870524526,200,percentile
PCE-revised (recal),education,Some college,cal_intercept,-0.040005334699314166,-0.6295403036888123,0.28200324770551927,0.23503932970567792,200,percentile
PCE-revised (recal),education,Some college,cal_slope,0.7832700399061705,0.49874436408329226,1.1183909209026677,0.1746175097935845,200,percentile
PCE-revised (recal),education,Some college,AUC,0.7374619738466291,0.6531236905827527,0.8204576379747951,0.0453729778509092,200,percentile
PCE-revised (recal),education,Some college,brier,0.00670543643382742,0.003734707008211211,0.009313920643170569,0.0014401419974544344,200,percentile
PCE-revised (recal),education,Some college,scaled_brier,0.0012347826605022538,-0.010391121449459811,0.00914777712079755,0.005300187083987161,200,percentile
PCE-revised (recal),education,Some college,pct_flagged_7.5,0.0006788908840918759,0.00016769496904011808,0.0011646534945447286,0.0002758240925090305,200,percentile
PCE-revised (recal),education,Some college,TPR_7.5,0.0,0.0,0.0,0.0,200,percentile
PCE-revised (recal),education,Some college,FPR_7.5,0.00068852108280241,0.0001732884715552918,0.0011799969458299296,0.0002776632240883238,200,percentile
PCE-revised (recal),education,Some college,pct_flagged_20,0.0,0.0,0.0,0.0,200,percentile
PCE-revised (recal),education,Some college,TPR_20,0.0,0.0,0.0,0.0,200,percentile
PCE-revised (recal),education,Some college,FPR_20,0.0,0.0,0.0,0.0,200,percentile
PCE-revised (recal),education,Some college,rel_OE,1.041370359579111,0.6330884795859245,1.3941296255680307,0.19508868152061656,200,percentile
PCE-revised (recal),sex,GAP(max-min),OE,0.004042140631798308,0.0,0.0023422345738367736,0.11669747371417628,200,basic
PCE-revised (recal),sex,GAP(max-min),AUC,0.045869156485159546,0.0,0.08938685550730713,0.039199552694406545,200,basic
PCE-revised (recal),sex,GAP(max-min),cal_slope,0.048820082573636014,0.0,0.09233455367019472,0.11658811348571192,200,basic
PCE-revised (recal),sex,GAP(max-min),TPR_7.5,0.0066310346981511906,0.0,0.01206800511698273,0.014604110116380641,200,basic
PCE-revised (recal),sex,GAP(max-min),FPR_7.5,0.0013669468871193864,0.0,0.002592303197680401,0.0007524338371006768,200,basic
PCE-revised (recal),sex,GAP(max-min),pct_flagged_7.5,0.0014255785826985923,0.0,0.0026333823012517944,0.0007478489566861314,200,basic
PCE-revised (recal),sex,GAP(max/min),OE,1.0043802811690312,1.0,1.0020565339012495,0.16956684603084157,200,basic
PCE-revised (recal),race,GAP(max-min),OE,0.5948136045289435,0.0,1.029283505229549,0.2653231329933986,200,basic
PCE-revised (recal),race,GAP(max-min),AUC,0.07154705325589372,0.0,0.12050124271428547,0.04971690382078376,200,basic
PCE-revised (recal),race,GAP(max-min),cal_slope,0.36856661753456865,0.0,0.6368769939155998,0.22526165144662455,200,basic
PCE-revised (recal),race,GAP(max-min),TPR_7.5,0.02503804036391571,0.0,0.04523843853733198,0.02116787044872341,200,basic
PCE-revised (recal),race,GAP(max-min),FPR_7.5,0.00036443879094790106,0.0,0.0005377328139926179,0.0005355269718822586,200,basic
PCE-revised (recal),race,GAP(max-min),pct_flagged_7.5,0.0002605196655458622,0.0,0.0003616089100199338,0.0005765203730974918,200,basic
PCE-revised (recal),race,GAP(max/min),OE,1.7368518860288265,1.0,2.2990690872715174,0.5648192382525309,200,basic
PCE-revised (recal),age_group,GAP(max-min),OE,0.1965686302820805,0.0,0.32249392953165323,0.18066707839695528,200,basic
PCE-revised (recal),age_group,GAP(max-min),AUC,0.15074671812606277,0.012903371223595472,0.2702883171210227,0.07423663168543207,200,basic
PCE-revised (recal),age_group,GAP(max-min),cal_slope,0.568617273853732,0.0,0.9992094110847675,0.2921340663633444,200,basic
PCE-revised (recal),age_group,GAP(max-min),TPR_7.5,0.05440343917525095,0.0,0.09470248163284978,0.02511593825918906,200,basic
PCE-revised (recal),age_group,GAP(max-min),FPR_7.5,0.013465841682297282,0.009743783711948832,0.018861159537702343,0.0023919743683840718,200,basic
PCE-revised (recal),age_group,GAP(max-min),pct_flagged_7.5,0.014373651474411506,0.010531266690546926,0.019767479905652252,0.002502134263775378,200,basic
PCE-revised (recal),age_group,GAP(max/min),OE,1.2282885724930117,1.0,1.378999793010686,0.350637806002612,200,basic
PCE-revised (recal),income,GAP(max-min),OE,0.9751406863097205,0.5980182971451513,1.6903592328722532,0.2964981044926441,200,basic
PCE-revised (recal),income,GAP(max-min),AUC,0.00573798487793975,0.0,0.006192687619252506,0.04142448350284499,200,basic
PCE-revised (recal),income,GAP(max-min),cal_slope,0.1429126336480946,0.0,0.2472033431382714,0.2082327275821316,200,basic
PCE-revised (recal),income,GAP(max-min),TPR_7.5,0.017013436030529874,0.0,0.029845696296863483,0.021090960176363523,200,basic
PCE-revised (recal),income,GAP(max-min),FPR_7.5,0.0050663012037551365,0.0019317776389588988,0.008384464847855034,0.0017587755632812272,200,basic
PCE-revised (recal),income,GAP(max-min),pct_flagged_7.5,0.005497438166756191,0.0022031137943155678,0.009224003431167136,0.0018149764008243924,200,basic
PCE-revised (recal),income,GAP(max/min),OE,2.666248857589952,1.503012360424147,4.125965485140154,0.6634242661186874,200,basic
PCE-revised (recal),education,GAP(max-min),OE,0.4941694584213653,0.03579269022496989,0.7958176783835416,0.20060484415393293,200,basic
PCE-revised (recal),education,GAP(max-min),AUC,0.05538303817078272,0.0,0.09224069026329813,0.053651356453948945,200,basic
PCE-revised (recal),education,GAP(max-min),cal_slope,0.404665486405863,0.0,0.716456290902861,0.29424897506535663,200,basic
PCE-revised (recal),education,GAP(max-min),TPR_7.5,0.06942651001906351,0.015906319239714847,0.12780002960718764,0.028667270706758223,200,basic
PCE-revised (recal),education,GAP(max-min),FPR_7.5,0.005362221652368018,0.002752369225549769,0.007783031737114285,0.0013925427884862373,200,basic
PCE-revised (recal),education,GAP(max-min),pct_flagged_7.5,0.00621005148143956,0.003275560126355763,0.009087176822549463,0.001550734574805098,200,basic
PCE-revised (recal),education,GAP(max/min),OE,1.6815728882934475,1.0,2.1531187441069433,0.5400975210857024,200,basic
PREVENT-CVD (recal),Overall,All,n,18511.0,9042.85,9642.175,150.16364239551265,200,percentile
PREVENT-CVD (recal),Overall,All,events,185.0,80.0,106.025,7.204128841283243,200,percentile
PREVENT-CVD (recal),Overall,All,observed,0.007058649758562692,0.005644956483087861,0.00857607183560686,0.0007733632523905439,200,percentile
PREVENT-CVD (recal),Overall,All,expected,0.007407327923830445,0.007186887141389918,0.007627486050143746,0.00010951000174537548,200,percentile
PREVENT-CVD (recal),Overall,All,OE,0.9529279425923611,0.7518229444129951,1.162560230769656,0.10384207276389838,200,percentile
PREVENT-CVD (recal),Overall,All,cal_intercept,-0.049079234089436215,-0.29024092159234277,0.15395101063562633,0.11217170089127322,200,percentile
PREVENT-CVD (recal),Overall,All,cal_slope,0.960718684799026,0.753170603202712,1.2171057613126324,0.12164313476200327,200,percentile
PREVENT-CVD (recal),Overall,All,AUC,0.7938926355052833,0.7473834730861556,0.843621207522331,0.026765413836131,200,percentile
PREVENT-CVD (recal),Overall,All,brier,0.006893780461853252,0.00554077262475438,0.00837676401318938,0.0007396537600347095,200,percentile
PREVENT-CVD (recal),Overall,All,scaled_brier,0.016414271528961577,0.005679028857682633,0.024758047284919052,0.004650511153873899,200,percentile
PREVENT-CVD (recal),Overall,All,pct_flagged_7.5,0.0019042417032470063,0.001341675539704812,0.0024332296126192443,0.0002977200937901506,200,percentile
PREVENT-CVD (recal),Overall,All,TPR_7.5,0.034671986745806384,0.006090482241004398,0.06078402097703219,0.01522301097296008,200,percentile
PREVENT-CVD (recal),Overall,All,FPR_7.5,0.0016787394682084,0.00115986731072158,0.002176721394708879,0.0002537465102039989,200,percentile
PREVENT-CVD (recal),Overall,All,pct_flagged_20,2.528045716477581e-05,0.0,5.188643629210245e-05,1.9793944745957123e-05,200,percentile
PREVENT-CVD (recal),Overall,All,TPR_20,0.0,0.0,0.0,0.0,200,percentile
PREVENT-CVD (recal),Overall,All,FPR_20,2.5441036015629148e-05,0.0,5.2290106889638744e-05,1.9922121979464686e-05,200,percentile
PREVENT-CVD (recal),Overall,All,rel_OE,1.0,1.0,1.0,0.0,200,percentile
PREVENT-CVD (recal),sex,Female,n,9527.0,4643.95,4978.3,85.12720307585363,200,percentile
PREVENT-CVD (recal),sex,Female,events,73.0,28.975,45.0,4.05242033268562,200,percentile
PREVENT-CVD (recal),sex,Female,observed,0.00495433887458683,0.003458059308126401,0.0064024979972890595,0.0007281744237619684,200,percentile
PREVENT-CVD (recal),sex,Female,expected,0.006528621479947069,0.0062923327690784575,0.006789402754489532,0.00013379194110356237,200,percentile
PREVENT-CVD (recal),sex,Female,OE,0.758864469291762,0.5341839881071168,0.9640141907973016,0.10934912646831142,200,percentile
PREVENT-CVD (recal),sex,Female,cal_intercept,-0.2800853704056909,-0.6380223548382454,-0.03422331023903493,0.14967502765676205,200,percentile
PREVENT-CVD (recal),sex,Female,cal_slope,1.0552305331966452,0.6547537079064204,1.5241250710814342,0.2234204803805668,200,percentile
PREVENT-CVD (recal),sex,Female,AUC,0.8163002823258981,0.7193536981286072,0.8961221911734669,0.046072018262135854,200,percentile
PREVENT-CVD (recal),sex,Female,brier,0.0048321734303142655,0.0034694698153295966,0.006185795661973677,0.0006843423978427768,200,percentile
PREVENT-CVD (recal),sex,Female,scaled_brier,0.019802040907119678,0.00019992029062173937,0.03394877678087709,0.008675918393025889,200,percentile
PREVENT-CVD (recal),sex,Female,pct_flagged_7.5,0.0015668443678950243,0.0009307444679579642,0.0023148247181181947,0.00037689478668282924,200,percentile
PREVENT-CVD (recal),sex,Female,TPR_7.5,0.03027517655269962,0.0,0.07379043426706174,0.0197376221454901,200,percentile
PREVENT-CVD (recal),sex,Female,FPR_7.5,0.0014327738962042274,0.0008291813917778391,0.0022144771026753026,0.00037013143340338615,200,percentile
PREVENT-CVD (recal),sex,Female,pct_flagged_20,4.799473738359115e-05,0.0,9.844226768474253e-05,3.7526208153566066e-05,200,percentile
PREVENT-CVD (recal),sex,Female,TPR_20,0.0,0.0,0.0,0.0,200,percentile
PREVENT-CVD (recal),sex,Female,FPR_20,4.8217616914842625e-05,0.0,9.918420120143983e-05,3.7707991484261286e-05,200,percentile
PREVENT-CVD (recal),sex,Female,rel_OE,0.7963503171366079,0.6091826742415978,1.0298095091999908,0.10808213558601729,200,percentile
PREVENT-CVD (recal),sex,Male,n,8984.0,4368.6,4676.025,74.56247186792626,200,percentile
PREVENT-CVD (recal),sex,Male,events,112.0,45.0,67.025,6.1528254734335395,200,percentile
PREVENT-CVD (recal),sex,Male,observed,0.009398629394121427,0.006701938597085476,0.012460564230645595,0.0014068879366879,200,percentile
PREVENT-CVD (recal),sex,Male,expected,0.008385307432800542,0.008123314767729758,0.008619546348373575,0.0001388750517757307,200,percentile
PREVENT-CVD (recal),sex,Male,OE,1.1208449385358377,0.7919608958549756,1.4810533454510577,0.16911795171030405,200,percentile
PREVENT-CVD (recal),sex,Male,cal_intercept,0.11640821965259662,-0.23931531938763262,0.4034467011482512,0.15986965955171883,200,percentile
PREVENT-CVD (recal),sex,Male,cal_slope,0.8862304008682106,0.6613006352721945,1.2011109187981066,0.14065147225883326,200,percentile
PREVENT-CVD (recal),sex,Male,AUC,0.766203429649349,0.7072009991976548,0.8339875885933042,0.034298501793907164,200,percentile
PREVENT-CVD (recal),sex,Male,brier,0.009186273698979544,0.006540619588509853,0.012133250716172385,0.0013532847492777795,200,percentile
PREVENT-CVD (recal),sex,Male,scaled_brier,0.01332089461476571,0.0030350668219808366,0.022260286612084196,0.005024901808591882,200,percentile
PREVENT-CVD (recal),sex,Male,pct_flagged_7.5,0.002279756965086993,0.0013381204353767379,0.003236582261676504,0.00047426680236953793,200,percentile
PREVENT-CVD (recal),sex,Male,TPR_7.5,0.03724926362779922,0.0,0.07521999630838068,0.024481995132027166,200,percentile
PREVENT-CVD (recal),sex,Male,FPR_7.5,0.0019534786401522925,0.0011987171793517348,0.0025825286231915177,0.0003912277576641953,200,percentile
PREVENT-CVD (recal),sex,Male,pct_flagged_20,0.0,0.0,0.0,0.0,200,percentile
PREVENT-CVD (recal),sex,Male,TPR_20,0.0,0.0,0.0,0.0,200,percentile
PREVENT-CVD (recal),sex,Male,FPR_20,0.0,0.0,0.0,0.0,200,percentile
PREVENT-CVD (recal),sex,Male,rel_OE,1.1762116403960958,0.9741849239563573,1.3462644123925769,0.09414850337078691,200,percentile
PREVENT-CVD (recal),race,Mexican American,n,3402.0,1453.0,1918.05,124.43597281999403,200,percentile
PREVENT-CVD (recal),race,Mexican American,events,29.0,8.0,20.0,3.173219438998854,200,percentile
PREVENT-CVD (recal),race,Mexican American,observed,0.00585160301417802,0.0029088099100715538,0.008772496105491944,0.0015815212678945167,200,percentile
PREVENT-CVD (recal),race,Mexican American,expected,0.006786012414387715,0.00618639093365352,0.007250421475511465,0.0002763770287826308,200,percentile
PREVENT-CVD (recal),race,Mexican American,OE,0.8623036117310132,0.43430762961386515,1.3017010281899848,0.23310481118001733,200,percentile
PREVENT-CVD (recal),race,Mexican American,cal_intercept,-0.14910667103933584,-0.8434561399354353,0.2700529921334888,0.30071391223774036,200,percentile
PREVENT-CVD (recal),race,Mexican American,cal_slope,0.7371692238392406,0.47141170209484823,1.1589589436792884,0.17735314504465396,200,percentile
PREVENT-CVD (recal),race,Mexican American,AUC,0.7747322999476443,0.695171008905834,0.8860901007216132,0.051616188434794895,200,percentile
PREVENT-CVD (recal),race,Mexican American,brier,0.0058329738699589495,0.002939927343929213,0.008700918146727238,0.001547834163558217,200,percentile
PREVENT-CVD (recal),race,Mexican American,scaled_brier,-0.002683710291773611,-0.02806263996332418,0.00782919463834611,0.008957600235765858,200,percentile
PREVENT-CVD (recal),race,Mexican American,pct_flagged_7.5,0.003512385551566307,0.0013540580601212884,0.005463634680967519,0.001089885976836981,200,percentile
PREVENT-CVD (recal),race,Mexican American,TPR_7.5,0.009329462514006374,0.0,0.02955636725840484,0.010590709773124471,200,percentile
PREVENT-CVD (recal),race,Mexican American,FPR_7.5,0.0035062493569284967,0.0013732132385231228,0.005448163809412203,0.0011040738307842798,200,percentile
PREVENT-CVD (recal),race,Mexican American,pct_flagged_20,9.01249032632002e-05,0.0,0.00020738704959697083,9.165451856205271e-05,200,percentile
PREVENT-CVD (recal),race,Mexican American,TPR_20,0.0,0.0,0.0,0.0,200,percentile
PREVENT-CVD (recal),race,Mexican American,FPR_20,9.0561475499998e-05,0.0,0.00020747338644598818,9.200414273835546e-05,200,percentile
PREVENT-CVD (recal),race,Mexican American,rel_OE,0.9048990728356522,0.46202353467151364,1.393018714662447,0.2546526806881543,200,percentile
PREVENT-CVD (recal),race,NH Black,n,3771.0,1715.925,2075.775,97.26591226345542,200,percentile
PREVENT-CVD (recal),race,NH Black,events,59.0,21.975,39.0,4.548673118138782,200,percentile
PREVENT-CVD (recal),race,NH Black,observed,0.013577366759849318,0.009621913306319306,0.01740271100552537,0.0019254969734894337,200,percentile
PREVENT-CVD (recal),race,NH Black,expected,0.008960912837131792,0.00846690833503484,0.009404748052579726,0.0002474047881198144,200,percentile
PREVENT-CVD (recal),race,NH Black,OE,1.5151767466801027,1.0809954782013393,1.9639285017104073,0.20612047568014735,200,percentile
PREVENT-CVD (recal),race,NH Black,cal_intercept,0.4294570825561806,0.07873338711620224,0.7049948852735324,0.14469958258260993,200,percentile
PREVENT-CVD (recal),race,NH Black,cal_slope,1.0661531890171392,0.8301871404949772,1.3673448869684528,0.16000337679842191,200,percentile
PREVENT-CVD (recal),race,NH Black,AUC,0.834598292252031,0.7777349555357832,0.8934064905640196,0.031902506372316536,200,percentile
PREVENT-CVD (recal),race,NH Black,brier,0.013019687504224909,0.009210246327801446,0.016689007556175067,0.0018376299977273952,200,percentile
PREVENT-CVD (recal),race,NH Black,scaled_brier,0.027875289913572132,0.014568654602828277,0.04013814593487611,0.0066329034237753316,200,percentile
PREVENT-CVD (recal),race,NH Black,pct_flagged_7.5,0.00633029681964024,0.003617663013188198,0.008473482062449215,0.001280365267702643,200,percentile
PREVENT-CVD (recal),race,NH Black,TPR_7.5,0.05229823135074415,0.02254322282057637,0.09116286816604771,0.020957531581546084,200,percentile
PREVENT-CVD (recal),race,NH Black,FPR_7.5,0.005732024385753707,0.0029753787567845602,0.0080959098432459,0.001242506801600817,200,percentile
PREVENT-CVD (recal),race,NH Black,pct_flagged_20,0.00020669372287812656,0.0,0.0004386654479911666,0.00020545899392908178,200,percentile
PREVENT-CVD (recal),race,NH Black,TPR_20,0.0,0.0,0.0,0.0,200,percentile
PREVENT-CVD (recal),race,NH Black,FPR_20,0.00020963506406869965,0.0,0.00044445568936037267,0.000208443963053166,200,percentile
PREVENT-CVD (recal),race,NH Black,rel_OE,1.5900223710076027,1.1420675605255293,2.211566108616233,0.2646515343540433,200,percentile
PREVENT-CVD (recal),race,NH White,n,8634.0,4016.35,4657.025,178.93987641624005,200,percentile
PREVENT-CVD (recal),race,NH White,events,82.0,30.975,52.0,5.228523913262499,200,percentile
PREVENT-CVD (recal),race,NH White,observed,0.006613868217302638,0.004815998124406924,0.008448335401856716,0.0009701259634394466,200,percentile
PREVENT-CVD (recal),race,NH White,expected,0.007323864314982285,0.007041783241932125,0.007589867185747587,0.0001352757027553139,200,percentile
PREVENT-CVD (recal),race,NH White,OE,0.9030571748540969,0.6411808173931846,1.1349502789366213,0.13110646591471017,200,percentile
PREVENT-CVD (recal),race,NH White,cal_intercept,-0.10378734321851796,-0.45128403239546727,0.12956676967307276,0.1515712222594196,200,percentile
PREVENT-CVD (recal),race,NH White,cal_slope,0.9816618109526523,0.7098963394252996,1.3224335050916018,0.16389723031169906,200,percentile
PREVENT-CVD (recal),race,NH White,AUC,0.7934081490528857,0.7329904801055105,0.8571673560811094,0.033420094440082336,200,percentile
PREVENT-CVD (recal),race,NH White,brier,0.0064677851345552265,0.004725304564126597,0.008208192113182383,0.0009315702385776284,200,percentile
PREVENT-CVD (recal),race,NH White,scaled_brier,0.015576542380004499,0.0010055160052640762,0.026414593115195572,0.006162286707411613,200,percentile
PREVENT-CVD (recal),race,NH White,pct_flagged_7.5,0.0012362900245670263,0.0006692862591842623,0.0017791236856469664,0.0003100533488343366,200,percentile
PREVENT-CVD (recal),race,NH White,TPR_7.5,0.03510569131002411,0.0,0.07537575741401079,0.02171594462878885,200,percentile
PREVENT-CVD (recal),race,NH White,FPR_7.5,0.0010145376549959883,0.0005160671975491226,0.0014600536370500089,0.0002440641930463104,200,percentile
PREVENT-CVD (recal),race,NH White,pct_flagged_20,0.0,0.0,0.0,0.0,200,percentile
PREVENT-CVD (recal),race,NH White,TPR_20,0.0,0.0,0.0,0.0,200,percentile
PREVENT-CVD (recal),race,NH White,FPR_20,0.0,0.0,0.0,0.0,200,percentile
PREVENT-CVD (recal),race,NH White,rel_OE,0.9476657515125488,0.8343430241749112,1.037559129499759,0.05561077584157959,200,percentile
PREVENT-CVD (recal),race,Other Hispanic,n,1471.0,615.95,881.325,69.82482586109803,200,percentile
PREVENT-CVD (recal),race,Other Hispanic,events,6.0,1.0,6.0,1.409862960659367,200,percentile
PREVENT-CVD (recal),race,Other Hispanic,observed,0.0022833153649808487,0.00047788978797049783,0.00417895688473461,0.0010733920518442885,200,percentile
PREVENT-CVD (recal),race,Other Hispanic,expected,0.007258391273111218,0.006357085319501765,0.008086139387227513,0.00043186145591756755,200,percentile
PREVENT-CVD (recal),race,Other Hispanic,OE,0.31457595479034217,0.06301481192713836,0.5929254419309729,0.1498930079597763,200,percentile
PREVENT-CVD (recal),race,Other Hispanic,cal_intercept,-1.1732813174415833,-2.7895294689250134,-0.5335661828833087,3.3804372385268793,200,percentile
PREVENT-CVD (recal),race,Other Hispanic,cal_slope,1.7404095234501018,1.0474031069901524,3.9068648858402835,0.8201591393216414,200,percentile
PREVENT-CVD (recal),race,Other Hispanic,AUC,0.916523498651339,0.8223719754281357,0.9969396340500243,0.04941000580909585,196,percentile
PREVENT-CVD (recal),race,Other Hispanic,brier,0.002285052411505568,0.0005949903377488589,0.004048753411855494,0.0010043622639406796,200,percentile
PREVENT-CVD (recal),race,Other Hispanic,scaled_brier,-0.0030510381366928296,-0.25019473894878874,0.035350557790168796,0.06885761857662902,196,percentile
PREVENT-CVD (recal),race,Other Hispanic,pct_flagged_7.5,0.0030588051225857306,0.0006457948926991852,0.005934411932546952,0.0015245670321199464,200,percentile
PREVENT-CVD (recal),race,Other Hispanic,TPR_7.5,0.0,0.0,0.0,0.0,196,percentile
PREVENT-CVD (recal),race,Other Hispanic,FPR_7.5,0.0030673540937402434,0.0006564845128049764,0.005957522933258298,0.0015269153202128536,200,percentile
PREVENT-CVD (recal),race,Other Hispanic,pct_flagged_20,0.0,0.0,0.0,0.0,200,percentile
PREVENT-CVD (recal),race,Other Hispanic,TPR_20,0.0,0.0,0.0,0.0,196,percentile
PREVENT-CVD (recal),race,Other Hispanic,FPR_20,0.0,0.0,0.0,0.0,200,percentile
PREVENT-CVD (recal),race,Other Hispanic,rel_OE,0.33011515428392674,0.06825151950660528,0.6673523905505115,0.16404778437945464,200,percentile
PREVENT-CVD (recal),race,Other/Multiracial,n,1233.0,536.0,705.025,45.186881351019935,200,percentile
PREVENT-CVD (recal),race,Other/Multiracial,events,9.0,1.0,7.025000000000006,1.6642184699064875,200,percentile
PREVENT-CVD (recal),race,Other/Multiracial,observed,0.0069298635233422876,0.0009811895941340399,0.012440049155856088,0.0030806361514186557,200,percentile
PREVENT-CVD (recal),race,Other/Multiracial,expected,0.006584932852443312,0.005974993214098529,0.007268986160515122,0.0003515321590836581,200,percentile
PREVENT-CVD (recal),race,Other/Multiracial,OE,1.0523818053468823,0.1427883077410358,1.9201522088181329,0.4731505813148214,200,percentile
PREVENT-CVD (recal),race,Other/Multiracial,cal_intercept,0.05472306046866061,-1.9571794295489378,0.678948124092631,2.5560954063703476,200,percentile
PREVENT-CVD (recal),race,Other/Multiracial,cal_slope,0.2886623901589512,-0.7655747887154616,1.617720358905276,0.7260581378828936,200,percentile
PREVENT-CVD (recal),race,Other/Multiracial,AUC,0.6130498313951253,0.25593755710099086,0.9161690579039637,0.2099282774866698,198,percentile
PREVENT-CVD (recal),race,Other/Multiracial,brier,0.00690659156579952,0.0010335955010813177,0.01232533028037605,0.003035591427136826,200,percentile
PREVENT-CVD (recal),race,Other/Multiracial,scaled_brier,-0.0035965743256951566,-0.04962174483119467,0.013794891233880438,0.02177936380752279,198,percentile
PREVENT-CVD (recal),race,Other/Multiracial,pct_flagged_7.5,0.0004647852959315174,0.0,0.0010753208948069437,0.00032066845407464326,200,percentile
PREVENT-CVD (recal),race,Other/Multiracial,TPR_7.5,0.0,0.0,0.0,0.0,198,percentile
PREVENT-CVD (recal),race,Other/Multiracial,FPR_7.5,0.00046817363789519273,0.0,0.0010888494280791264,0.00032310124723428617,200,percentile
PREVENT-CVD (recal),race,Other/Multiracial,pct_flagged_20,0.0,0.0,0.0,0.0,200,percentile
PREVENT-CVD (recal),race,Other/Multiracial,TPR_20,0.0,0.0,0.0,0.0,198,percentile
PREVENT-CVD (recal),race,Other/Multiracial,FPR_20,0.0,0.0,0.0,0.0,200,percentile
PREVENT-CVD (recal),race,Other/Multiracial,rel_OE,1.1043666140001784,0.1661608729123913,2.074447057528411,0.4925904972920967,200,percentile
PREVENT-CVD (recal),age_group,40-49,n,6020.0,2921.95,3138.5,60.3421715164161,200,percentile
PREVENT-CVD (recal),age_group,40-49,events,20.0,6.0,14.0,2.2349215583235353,200,percentile
PREVENT-CVD (recal),age_group,40-49,observed,0.0025668456574225876,0.0011434078557405218,0.0038557507777777426,0.000765887741165619,200,percentile
PREVENT-CVD (recal),age_group,40-49,expected,0.0019332358370067648,0.0018444496793129518,0.0020533923446942564,6.0059630313061404e-05,200,percentile
PREVENT-CVD (recal),age_group,40-49,OE,1.3277457453907138,0.5576128986149379,2.0455852247121515,0.397505729861596,200,percentile
PREVENT-CVD (recal),age_group,40-49,cal_intercept,0.28521247240277914,-0.5907435015143951,0.7231792257000906,0.3479854805553845,200,percentile
PREVENT-CVD (recal),age_group,40-49,cal_slope,1.0906201647223572,0.717051238044761,1.4909555343014276,0.1947336632253865,200,percentile
PREVENT-CVD (recal),age_group,40-49,AUC,0.8262764105612509,0.7174154466600929,0.9452121062025572,0.06212447199731829,200,percentile
PREVENT-CVD (recal),age_group,40-49,brier,0.00253404290501291,0.0011073848152147374,0.003833674252332071,0.0007598602564173101,200,percentile
PREVENT-CVD (recal),age_group,40-49,scaled_brier,0.010238837812796442,-0.0033473222137986526,0.032632014995610914,0.010865080280569605,200,percentile
PREVENT-CVD (recal),age_group,40-49,pct_flagged_7.5,0.0002853826320666133,0.0,0.0005847250074921972,0.000180858537885442,200,percentile
PREVENT-CVD (recal),age_group,40-49,TPR_7.5,0.038575741026705294,0.0,0.15472027464880475,0.04909648765843049,200,percentile
PREVENT-CVD (recal),age_group,40-49,FPR_7.5,0.00018988446426125566,0.0,0.0003915469814829344,0.00014057039141407063,200,percentile
PREVENT-CVD (recal),age_group,40-49,pct_flagged_20,0.0,0.0,0.0,0.0,200,percentile
PREVENT-CVD (recal),age_group,40-49,TPR_20,0.0,0.0,0.0,0.0,200,percentile
PREVENT-CVD (recal),age_group,40-49,FPR_20,0.0,0.0,0.0,0.0,200,percentile
PREVENT-CVD (recal),age_group,40-49,rel_OE,1.3933327862951441,0.662742932095011,2.0946341474657726,0.387903646165159,200,percentile
PREVENT-CVD (recal),age_group,50-59,n,4853.0,2352.9,2546.1,51.50544660665275,200,percentile
PREVENT-CVD (recal),age_group,50-59,events,32.0,11.0,21.025000000000006,2.8720801209411855,200,percentile
PREVENT-CVD (recal),age_group,50-59,observed,0.005256059623114469,0.0029391966820478017,0.0075929686436780755,0.0012005674656899838,200,percentile
PREVENT-CVD (recal),age_group,50-59,expected,0.0048656375492308725,0.004646542693571952,0.005095897835208297,0.000124174881359217,200,percentile
PREVENT-CVD (recal),age_group,50-59,OE,1.0802406817057946,0.6192740283183389,1.5564668575876437,0.2435222433632801,200,percentile
PREVENT-CVD (recal),age_group,50-59,cal_intercept,0.07861805845803338,-0.4820985108967042,0.4495499185173719,0.2401924552605336,200,percentile
PREVENT-CVD (recal),age_group,50-59,cal_slope,0.9763608756598916,0.25892186963598224,1.6294287281148807,0.3649234505082874,200,percentile
PREVENT-CVD (recal),age_group,50-59,AUC,0.7100293123224114,0.5623964451019309,0.8535545697247097,0.0815749617763774,200,percentile
PREVENT-CVD (recal),age_group,50-59,brier,0.0051802517021640295,0.0029229515053798903,0.007449216278663603,0.0011712804921375798,200,percentile
PREVENT-CVD (recal),age_group,50-59,scaled_brier,0.009215333532322512,-0.0021334207053891213,0.0192037939894182,0.006210236149731148,200,percentile
PREVENT-CVD (recal),age_group,50-59,pct_flagged_7.5,0.0004890761564041461,0.0,0.0009221893378835479,0.0002391362139480902,200,percentile
PREVENT-CVD (recal),age_group,50-59,TPR_7.5,0.0,0.0,0.0,0.0,200,percentile
PREVENT-CVD (recal),age_group,50-59,FPR_7.5,0.0004907177867640642,0.0,0.000927207496168546,0.00024008960919935947,200,percentile
PREVENT-CVD (recal),age_group,50-59,pct_flagged_20,0.0,0.0,0.0,0.0,200,percentile
PREVENT-CVD (recal),age_group,50-59,TPR_20,0.0,0.0,0.0,0.0,200,percentile
PREVENT-CVD (recal),age_group,50-59,FPR_20,0.0,0.0,0.0,0.0,200,percentile
PREVENT-CVD (recal),age_group,50-59,rel_OE,1.1336016433384142,0.7387821916844265,1.525073867431358,0.20977738625221926,200,percentile
PREVENT-CVD (recal),age_group,60-69,n,4785.0,2301.9,2518.0,56.787073870679095,200,percentile
PREVENT-CVD (recal),age_group,60-69,events,47.0,17.0,32.0,3.8531329026947843,200,percentile
PREVENT-CVD (recal),age_group,60-69,observed,0.010109367250397527,0.006729859314879694,0.014142501326475543,0.0019762491375010364,200,percentile
PREVENT-CVD (recal),age_group,60-69,expected,0.011719334203392932,0.011374307058259384,0.012059466870258636,0.00017791813185395798,200,percentile
PREVENT-CVD (recal),age_group,60-69,OE,0.862623001865644,0.5719309513250125,1.2089337859865348,0.1697942817022898,200,percentile
PREVENT-CVD (recal),age_group,60-69,cal_intercept,-0.15086095135108077,-0.5679539386371498,0.193329777275296,0.20782712689660288,200,percentile
PREVENT-CVD (recal),age_group,60-69,cal_slope,0.9479732378064313,0.31177322616406006,1.3908235133007862,0.28358513400480856,200,percentile
PREVENT-CVD (recal),age_group,60-69,AUC,0.6737756180430217,0.5533372535419754,0.7635839706505626,0.057150869422866575,200,percentile
PREVENT-CVD (recal),age_group,60-69,brier,0.009941951826810689,0.006805850141605078,0.013786289158632713,0.0018933044616217109,200,percentile
PREVENT-CVD (recal),age_group,60-69,scaled_brier,0.006516940431809615,-0.010930780073612516,0.017261685875034023,0.008501875198407862,200,percentile
PREVENT-CVD (recal),age_group,60-69,pct_flagged_7.5,0.0024714867204405286,0.0009820935998820365,0.00408426690977869,0.0007878353474369605,200,percentile
PREVENT-CVD (recal),age_group,60-69,TPR_7.5,0.043442355149062355,0.0,0.10936528514519137,0.04337568236486836,200,percentile
PREVENT-CVD (recal),age_group,60-69,FPR_7.5,0.0020611558968976727,0.0009906012184719634,0.003334683677545063,0.0005986144905076177,200,percentile
PREVENT-CVD (recal),age_group,60-69,pct_flagged_20,0.00012994157231742791,0.0,0.0002728837869846531,0.00010208663041364265,200,percentile
PREVENT-CVD (recal),age_group,60-69,TPR_20,0.0,0.0,0.0,0.0,200,percentile
PREVENT-CVD (recal),age_group,60-69,FPR_20,0.00013113036442790566,0.0,0.00027587292373404,0.0001030806646558858,200,percentile
PREVENT-CVD (recal),age_group,60-69,rel_OE,0.9052342399772116,0.6438623769853098,1.181975537772968,0.1400473669986956,200,percentile
PREVENT-CVD (recal),age_group,70-79,n,2853.0,1368.875,1513.075,37.10977874350586,200,percentile
PREVENT-CVD (recal),age_group,70-79,events,86.0,33.975,53.0,4.745563916377285,200,percentile
PREVENT-CVD (recal),age_group,70-79,observed,0.022824554760039518,0.016880561623969774,0.028842584685122408,0.0032874809807074672,200,percentile
PREVENT-CVD (recal),age_group,70-79,expected,0.026538987980412026,0.025955144595880848,0.027189430239777414,0.00031650484339565106,200,percentile
PREVENT-CVD (recal),age_group,70-79,OE,0.8600386260729284,0.6365617829702931,1.0812647698862725,0.12342118187483062,200,percentile
PREVENT-CVD (recal),age_group,70-79,cal_intercept,-0.15569720460758738,-0.46472373137108525,0.08117433197909646,0.15174987539035267,200,percentile
PREVENT-CVD (recal),age_group,70-79,cal_slope,1.5895678048825999,1.2283969954164773,2.074177913816956,0.22728012919534538,200,percentile
PREVENT-CVD (recal),age_group,70-79,AUC,0.724470822528054,0.6728269938165035,0.7851341142724046,0.028632456515598433,200,percentile
PREVENT-CVD (recal),age_group,70-79,brier,0.021931606549214288,0.016512419745685267,0.02746504241694937,0.0030223749955069733,200,percentile
PREVENT-CVD (recal),age_group,70-79,scaled_brier,0.0166783839034359,0.003638240491974298,0.02524685978642203,0.005311320828491008,200,percentile
PREVENT-CVD (recal),age_group,70-79,pct_flagged_7.5,0.010796850887989826,0.00729596616056023,0.014414753611314073,0.001866491855380594,200,percentile
PREVENT-CVD (recal),age_group,70-79,TPR_7.5,0.04962133543488469,0.014244473059585249,0.09308032163518175,0.02351689092215367,200,percentile
PREVENT-CVD (recal),age_group,70-79,FPR_7.5,0.009951688274202505,0.006062479118104804,0.01314746963501105,0.0018259748245238233,200,percentile
PREVENT-CVD (recal),age_group,70-79,pct_flagged_20,0.0,0.0,0.0,0.0,200,percentile
PREVENT-CVD (recal),age_group,70-79,TPR_20,0.0,0.0,0.0,0.0,200,percentile
PREVENT-CVD (recal),age_group,70-79,FPR_20,0.0,0.0,0.0,0.0,200,percentile
PREVENT-CVD (recal),age_group,70-79,rel_OE,0.9025222030254091,0.6781134420465514,1.1686808079731457,0.12455237313682511,200,percentile
PREVENT-CVD (recal),income,PIR 1.3-3.5,n,6093.0,2941.95,3185.225,59.52340023788453,200,percentile
PREVENT-CVD (recal),income,PIR 1.3-3.5,events,68.0,26.975,44.0,4.9006178463926275,200,percentile
PREVENT-CVD (recal),income,PIR 1.3-3.5,observed,0.008886390823754045,0.006097653697838443,0.011835972319225225,0.0014911249799512529,200,percentile
PREVENT-CVD (recal),income,PIR 1.3-3.5,expected,0.009085832961678258,0.00872204176380766,0.009472027182736192,0.00020117706963004934,200,percentile
PREVENT-CVD (recal),income,PIR 1.3-3.5,OE,0.978049108016248,0.6796194868874871,1.3103092967549244,0.16068925316601823,200,percentile
PREVENT-CVD (recal),income,PIR 1.3-3.5,cal_intercept,-0.0223532815579301,-0.39248728198064226,0.2777680652008125,0.17313804942074013,200,percentile
PREVENT-CVD (recal),income,PIR 1.3-3.5,cal_slope,0.908203508005655,0.6279881253209979,1.4384282598217777,0.22740766410040938,200,percentile
PREVENT-CVD (recal),income,PIR 1.3-3.5,AUC,0.774118654804073,0.7003899158317219,0.8681113622570206,0.046136425124293605,200,percentile
PREVENT-CVD (recal),income,PIR 1.3-3.5,brier,0.008656111979848996,0.0059985268777062615,0.01149509841029417,0.0014296421310191685,200,percentile
PREVENT-CVD (recal),income,PIR 1.3-3.5,scaled_brier,0.017179929255335402,0.003472309510727759,0.03088860887365206,0.007310198365308093,200,percentile
PREVENT-CVD (recal),income,PIR 1.3-3.5,pct_flagged_7.5,0.002375912563270795,0.0010545115150357267,0.0035639189070558173,0.0006676507309056988,200,percentile
PREVENT-CVD (recal),income,PIR 1.3-3.5,TPR_7.5,0.031672588724970425,0.0,0.08156467295082931,0.031425970160659955,200,percentile
PREVENT-CVD (recal),income,PIR 1.3-3.5,FPR_7.5,0.0021232598222852193,0.0010822770986921907,0.003072430571429094,0.0005416876060531992,200,percentile
PREVENT-CVD (recal),income,PIR 1.3-3.5,pct_flagged_20,0.0,0.0,0.0,0.0,200,percentile
PREVENT-CVD (recal),income,PIR 1.3-3.5,TPR_20,0.0,0.0,0.0,0.0,200,percentile
PREVENT-CVD (recal),income,PIR 1.3-3.5,FPR_20,0.0,0.0,0.0,0.0,200,percentile
PREVENT-CVD (recal),income,PIR 1.3-3.5,rel_OE,1.0263620829037154,0.7841466381805408,1.2921951672482592,0.14109849294442467,200,percentile
PREVENT-CVD (recal),income,PIR<1.3,n,4506.0,2136.95,2412.2,74.19791390016076,200,percentile
PREVENT-CVD (recal),income,PIR<1.3,events,78.0,31.0,47.0,4.1582242779495004,200,percentile
PREVENT-CVD (recal),income,PIR<1.3,observed,0.015298893676155044,0.01089733097823048,0.019734087528471198,0.002506415583655011,200,percentile
PREVENT-CVD (recal),income,PIR<1.3,expected,0.009318043246912254,0.008815714136321843,0.009777246131689303,0.0002581892575835669,200,percentile
PREVENT-CVD (recal),income,PIR<1.3,OE,1.6418569082328183,1.1546908018049105,2.144304448911622,0.26485018100930685,200,percentile
PREVENT-CVD (recal),income,PIR<1.3,cal_intercept,0.5133310553367724,0.14773562782963828,0.7917522828041317,0.1731810506889468,200,percentile
PREVENT-CVD (recal),income,PIR<1.3,cal_slope,0.9075657306322303,0.6867429134935294,1.1698939374872006,0.1320956156507428,200,percentile
PREVENT-CVD (recal),income,PIR<1.3,AUC,0.7923575602459877,0.7372388320788424,0.8453453885786154,0.028792625925160346,200,percentile
PREVENT-CVD (recal),income,PIR<1.3,brier,0.014793023494191926,0.010421914743304577,0.01906426187087112,0.002410776534980964,200,percentile
PREVENT-CVD (recal),income,PIR<1.3,scaled_brier,0.01804294495281933,0.005267014733359071,0.0310086663542624,0.006494243676663096,200,percentile
PREVENT-CVD (recal),income,PIR<1.3,pct_flagged_7.5,0.004447011105734072,0.002608194428179348,0.0061292588576599945,0.000904439504269402,200,percentile
PREVENT-CVD (recal),income,PIR<1.3,TPR_7.5,0.06488816088817786,0.015162771097602341,0.12830581554567294,0.030924688429111058,200,percentile
PREVENT-CVD (recal),income,PIR<1.3,FPR_7.5,0.003526735632987632,0.0020894088199227504,0.0050141176561588705,0.0007267916315892131,200,percentile
PREVENT-CVD (recal),income,PIR<1.3,pct_flagged_20,3.6430491538666285e-05,0.0,7.969521434333592e-05,3.652699848042866e-05,200,percentile
PREVENT-CVD (recal),income,PIR<1.3,TPR_20,0.0,0.0,0.0,0.0,200,percentile
PREVENT-CVD (recal),income,PIR<1.3,FPR_20,3.696020124945437e-05,0.0,8.114366247797157e-05,3.705996749706596e-05,200,percentile
PREVENT-CVD (recal),income,PIR<1.3,rel_OE,1.722960189168431,1.3259844865745352,2.1812464827941747,0.22994854846468693,200,percentile
PREVENT-CVD (recal),income,PIR>3.5,n,6387.0,3056.325,3399.025,100.26195639173167,200,percentile
PREVENT-CVD (recal),income,PIR>3.5,events,24.0,7.0,17.0,2.654847656721948,200,percentile
PREVENT-CVD (recal),income,PIR>3.5,observed,0.0035296881220717473,0.0018313679997801306,0.005194860954661932,0.0008172376681171629,200,percentile
PREVENT-CVD (recal),income,PIR>3.5,expected,0.005628280219494056,0.005384233439713649,0.005875743287342068,0.00013140636902982643,200,percentile
PREVENT-CVD (recal),income,PIR>3.5,OE,0.6271343970839182,0.3234079141998083,0.9086232202808054,0.14781178192020372,200,percentile
PREVENT-CVD (recal),income,PIR>3.5,cal_intercept,-0.4725555699821543,-1.1416791367582055,-0.09806179629374223,0.2565860582604324,200,percentile
PREVENT-CVD (recal),income,PIR>3.5,cal_slope,0.900568693536972,0.37667148616669915,1.7334449768362785,0.3429259311326351,200,percentile
PREVENT-CVD (recal),income,PIR>3.5,AUC,0.7591908868804471,0.6164848643095099,0.9312421789330934,0.07660927670327922,200,percentile
PREVENT-CVD (recal),income,PIR>3.5,brier,0.003493168004520743,0.001861133639040919,0.005127406086478297,0.0007881656914491533,200,percentile
PREVENT-CVD (recal),income,PIR>3.5,scaled_brier,0.006841015018488661,-0.019862347342766894,0.02215448711743096,0.011403198282852628,200,percentile
PREVENT-CVD (recal),income,PIR>3.5,pct_flagged_7.5,0.0007913763561402215,0.00032645756707843005,0.0012756886921935224,0.00025623760727784653,200,percentile
PREVENT-CVD (recal),income,PIR>3.5,TPR_7.5,0.0,0.0,0.0,0.0,200,percentile
PREVENT-CVD (recal),income,PIR>3.5,FPR_7.5,0.0007977072125757437,0.0003269626137480073,0.0012853633311643697,0.00025850329259552863,200,percentile
PREVENT-CVD (recal),income,PIR>3.5,pct_flagged_20,0.0,0.0,0.0,0.0,200,percentile
PREVENT-CVD (recal),income,PIR>3.5,TPR_20,0.0,0.0,0.0,0.0,200,percentile
PREVENT-CVD (recal),income,PIR>3.5,FPR_20,0.0,0.0,0.0,0.0,200,percentile
PREVENT-CVD (recal),income,PIR>3.5,rel_OE,0.6581131364223104,0.38540309470874196,0.9190956053590413,0.12614085249887447,200,percentile
PREVENT-CVD (recal),education,<HS,n,5308.0,2530.875,2839.0,76.97219216596447,200,percentile
PREVENT-CVD (recal),education,<HS,events,86.0,33.0,51.025000000000006,4.5226148659962915,200,percentile
PREVENT-CVD (recal),education,<HS,observed,0.013345028923801577,0.009175460431664213,0.01706638628472439,0.002048273475880992,200,percentile
PREVENT-CVD (recal),education,<HS,expected,0.01068258031809825,0.010205944383393043,0.011102169915524674,0.00023405947046223387,200,percentile
PREVENT-CVD (recal),education,<HS,OE,1.2492327252801134,0.8802879334144538,1.593346918290602,0.18743473847470396,200,percentile
PREVENT-CVD (recal),education,<HS,cal_intercept,0.22986030450631548,-0.1318078381927336,0.4834782868806396,0.15957781955316847,200,percentile
PREVENT-CVD (recal),education,<HS,cal_slope,0.9592985167679926,0.7222529207325356,1.325572203174485,0.15110116072482258,200,percentile
PREVENT-CVD (recal),education,<HS,AUC,0.7883593246903965,0.7336386979153785,0.8478772131614339,0.028991350871682364,200,percentile
PREVENT-CVD (recal),education,<HS,brier,0.012903734748379006,0.009059862013864198,0.016504883338140364,0.0019629605230910676,200,percentile
PREVENT-CVD (recal),education,<HS,scaled_brier,0.01998979230558251,0.008552887522687567,0.030564246226104378,0.0058228126483900276,200,percentile
PREVENT-CVD (recal),education,<HS,pct_flagged_7.5,0.0038023099512467747,0.0023221536789550133,0.005476407271751936,0.00076473159176632,200,percentile
PREVENT-CVD (recal),education,<HS,TPR_7.5,0.04942551789120205,0.013228557555173546,0.09706525315850209,0.02386435848279512,200,percentile
PREVENT-CVD (recal),education,<HS,FPR_7.5,0.0031825627469748334,0.0018589116293504864,0.004424863586358391,0.0006982877423552761,200,percentile
PREVENT-CVD (recal),education,<HS,pct_flagged_20,3.168244257999963e-05,0.0,6.7686097174115e-05,3.191453508421951e-05,200,percentile
PREVENT-CVD (recal),education,<HS,TPR_20,0.0,0.0,0.0,0.0,200,percentile
PREVENT-CVD (recal),education,<HS,FPR_20,3.207365662637827e-05,0.0,6.866539479286571e-05,3.230987608686344e-05,200,percentile
PREVENT-CVD (recal),education,<HS,rel_OE,1.3109414358043483,0.9946134906920051,1.6503921835265902,0.16932870572776493,200,percentile
PREVENT-CVD (recal),education,College+,n,4141.0,1949.775,2219.025,71.40429445300651,200,percentile
PREVENT-CVD (recal),education,College+,events,22.0,6.0,16.0,2.446698113436036,200,percentile
PREVENT-CVD (recal),education,College+,observed,0.004027443647182348,0.0018968958386931085,0.006163630045642492,0.0011062539242685837,200,percentile
PREVENT-CVD (recal),education,College+,expected,0.0055092493019077635,0.005202017207561872,0.005797216489768097,0.00014819073118357346,200,percentile
PREVENT-CVD (recal),education,College+,OE,0.7310331093181262,0.339073598026811,1.1215232746201862,0.20207996412731427,200,percentile
PREVENT-CVD (recal),education,College+,cal_intercept,-0.31540653334243335,-1.0929647813445256,0.1227377476109782,0.31165824556783395,200,percentile
PREVENT-CVD (recal),education,College+,cal_slope,1.042520325082251,0.465909399872513,1.9454754385396225,0.43117123574489225,200,percentile
PREVENT-CVD (recal),education,College+,AUC,0.7822572704862472,0.6461638505160896,0.932781198280206,0.08130514171016849,200,percentile
PREVENT-CVD (recal),education,College+,brier,0.0039138991362056876,0.0019172215762970804,0.005885628643755697,0.0010555019789547475,200,percentile
PREVENT-CVD (recal),education,College+,scaled_brier,0.024262974229634526,-0.011279676531675364,0.05090819963847443,0.01675288582329641,200,percentile
PREVENT-CVD (recal),education,College+,pct_flagged_7.5,0.0006661771872815187,0.0,0.0012934219544423827,0.00035962875098277317,200,percentile
PREVENT-CVD (recal),education,College+,TPR_7.5,0.07128493043925135,0.0,0.17375655254457914,0.06924130234111896,200,percentile
PREVENT-CVD (recal),education,College+,FPR_7.5,0.00038204174387525817,0.0,0.0007835792251918942,0.00022435038289861882,200,percentile
PREVENT-CVD (recal),education,College+,pct_flagged_20,0.0,0.0,0.0,0.0,200,percentile
PREVENT-CVD (recal),education,College+,TPR_20,0.0,0.0,0.0,0.0,200,percentile
PREVENT-CVD (recal),education,College+,FPR_20,0.0,0.0,0.0,0.0,200,percentile
PREVENT-CVD (recal),education,College+,rel_OE,0.7671441634184967,0.3912795188670419,1.1625109108997125,0.1944231583295182,200,percentile
PREVENT-CVD (recal),education,HS/GED,n,4214.0,2032.95,2229.125,55.42173076696568,200,percentile
PREVENT-CVD (recal),education,HS/GED,events,38.0,13.0,25.0,3.2118460071848633,200,percentile
PREVENT-CVD (recal),education,HS/GED,observed,0.006604142168953903,0.0031713692739783854,0.00959034263445987,0.001551995152325472,200,percentile
PREVENT-CVD (recal),education,HS/GED,expected,0.008265413906043623,0.007864437204540038,0.008610156463319932,0.000189244121038252,200,percentile
PREVENT-CVD (recal),education,HS/GED,OE,0.7990092503564755,0.3861156153230692,1.160779623059884,0.18680690460426067,200,percentile
PREVENT-CVD (recal),education,HS/GED,cal_intercept,-0.22968963750414853,-0.9684497065380318,0.15150478814396945,0.2693392157797255,200,percentile
PREVENT-CVD (recal),education,HS/GED,cal_slope,1.1367672788807712,0.7201465911615381,1.616961048354534,0.253385718979075,200,percentile
PREVENT-CVD (recal),education,HS/GED,AUC,0.8313823034677478,0.7364690467213338,0.9084162155278361,0.0465730005507153,200,percentile
PREVENT-CVD (recal),education,HS/GED,brier,0.006467664975360115,0.0032465488362583006,0.009386621653394956,0.0014788292407465053,200,percentile
PREVENT-CVD (recal),education,HS/GED,scaled_brier,0.014154730722117925,-0.0164189391197889,0.027699363652066707,0.011839047651187984,200,percentile
PREVENT-CVD (recal),education,HS/GED,pct_flagged_7.5,0.0021466892732528433,0.0009811670200789275,0.003396723504014587,0.0006587475230612888,200,percentile
PREVENT-CVD (recal),education,HS/GED,TPR_7.5,0.0,0.0,0.0,0.0,200,percentile
PREVENT-CVD (recal),education,HS/GED,FPR_7.5,0.0021806251133947158,0.001007702122395086,0.0034546120269779374,0.0006704829816618436,200,percentile
PREVENT-CVD (recal),education,HS/GED,pct_flagged_20,8.311688219548018e-05,0.0,0.00017501132961170578,8.33496380011607e-05,200,percentile
PREVENT-CVD (recal),education,HS/GED,TPR_20,0.0,0.0,0.0,0.0,200,percentile
PREVENT-CVD (recal),education,HS/GED,FPR_20,8.370120370042734e-05,0.0,0.00017614403429741922,8.394804680269287e-05,200,percentile
PREVENT-CVD (recal),education,HS/GED,rel_OE,0.8384781415715834,0.487913519308854,1.0947655710332675,0.17192307647355842,200,percentile
PREVENT-CVD (recal),education,Some college,n,4833.0,2332.975,2539.125,55.33961932771744,200,percentile
PREVENT-CVD (recal),education,Some college,events,37.0,12.0,24.025000000000006,3.2807915149890454,200,percentile
PREVENT-CVD (recal),education,Some college,observed,0.0067594161332692965,0.0037287246881860655,0.009373953083479427,0.0014716190150646448,200,percentile
PREVENT-CVD (recal),education,Some college,expected,0.0067371724340189,0.006488468200517929,0.0070688560030710695,0.00013882772358317277,200,percentile
PREVENT-CVD (recal),education,Some college,OE,1.0033016372177264,0.5489244016363612,1.3763622696972289,0.21550334195923504,200,percentile
PREVENT-CVD (recal),education,Some college,cal_intercept,0.002048143104893568,-0.6099805264846963,0.32803017978620397,0.2383689307012641,200,percentile
PREVENT-CVD (recal),education,Some college,cal_slope,0.686905239510524,0.40961815221114123,1.051934823500073,0.18738570566327054,200,percentile
PREVENT-CVD (recal),education,Some college,AUC,0.7248533555930519,0.6304908679010467,0.8365137461510814,0.05547505451806777,200,percentile
PREVENT-CVD (recal),education,Some college,brier,0.006688673671527128,0.00370979084691704,0.009310469981946597,0.0014390348399886197,200,percentile
PREVENT-CVD (recal),education,Some college,scaled_brier,0.0037315722576118926,-0.00866361336020482,0.01312455883070863,0.0061119836097901495,200,percentile
PREVENT-CVD (recal),education,Some college,pct_flagged_7.5,0.001835650589303005,0.0008036686849252537,0.0027974791097650407,0.000514744797846844,200,percentile
PREVENT-CVD (recal),education,Some college,TPR_7.5,0.019089811719347108,0.0,0.06552500272787862,0.02204923285367313,200,percentile
PREVENT-CVD (recal),education,Some college,FPR_7.5,0.0017282480556142085,0.0006298571014948771,0.0026420009126122074,0.0005177786565531663,200,percentile
PREVENT-CVD (recal),education,Some college,pct_flagged_20,0.0,0.0,0.0,0.0,200,percentile
PREVENT-CVD (recal),education,Some college,TPR_20,0.0,0.0,0.0,0.0,200,percentile
PREVENT-CVD (recal),education,Some college,FPR_20,0.0,0.0,0.0,0.0,200,percentile
PREVENT-CVD (recal),education,Some college,rel_OE,1.0528620185995679,0.6434398120342778,1.4132780419488,0.1968468334137061,200,percentile
PREVENT-CVD (recal),sex,GAP(max-min),OE,0.3619804692440757,0.0,0.6838177191878355,0.18888173130802544,200,basic
PREVENT-CVD (recal),sex,GAP(max-min),AUC,0.050096852676549175,0.0,0.09715208946927882,0.042188050681549766,200,basic
PREVENT-CVD (recal),sex,GAP(max-min),cal_slope,0.16900013232843458,0.0,0.3312343578352561,0.18503734334709823,200,basic
PREVENT-CVD (recal),sex,GAP(max-min),TPR_7.5,0.0069740870750996005,0.0,0.01118071661566278,0.019704044194746514,200,basic
PREVENT-CVD (recal),sex,GAP(max-min),FPR_7.5,0.0005207047439480651,0.0,0.00101482243184827,0.0004018682989385465,200,basic
PREVENT-CVD (recal),sex,GAP(max-min),pct_flagged_7.5,0.0007129125971919686,0.0,0.001388778367097942,0.00047127542863538923,200,basic
PREVENT-CVD (recal),sex,GAP(max/min),OE,1.4770027902108886,1.0,1.90566480338866,0.3111641783840073,200,basic
PREVENT-CVD (recal),race,GAP(max-min),OE,0.6528731349490895,0.008606335486201377,1.0835245746533448,0.278879804368005,200,basic
PREVENT-CVD (recal),race,GAP(max-min),AUC,0.05986599230438672,0.0,0.10541904035812796,0.04473202860480314,200,basic
PREVENT-CVD (recal),race,GAP(max-min),cal_slope,0.32898396517789863,0.0,0.5875968841702077,0.20606654783274053,200,basic
PREVENT-CVD (recal),race,GAP(max-min),TPR_7.5,0.042968768836737774,0.0,0.07743962173965582,0.021735308157516703,200,basic
PREVENT-CVD (recal),race,GAP(max-min),FPR_7.5,0.004717486730757719,0.002347272185964709,0.007225524601122439,0.00121581176741817,200,basic
PREVENT-CVD (recal),race,GAP(max-min),pct_flagged_7.5,0.005094006795073214,0.002719132540860295,0.007727763607933685,0.0012714997306049751,200,basic
PREVENT-CVD (recal),race,GAP(max/min),OE,1.757126754506447,1.0,2.2766792329677,0.5586915605560481,200,basic
PREVENT-CVD (recal),age_group,GAP(max-min),OE,0.4677071193177854,0.0,0.8172341756461572,0.32390702819096767,200,basic
PREVENT-CVD (recal),age_group,GAP(max-min),AUC,0.15250079251822923,0.0,0.2640325460508805,0.07694432228987629,200,basic
PREVENT-CVD (recal),age_group,GAP(max-min),cal_slope,0.6415945670761686,0.0,0.9861246530554808,0.33810956153971455,200,basic
PREVENT-CVD (recal),age_group,GAP(max-min),TPR_7.5,0.04962133543488469,0.0,0.08290410606077744,0.026328101648644638,200,basic
PREVENT-CVD (recal),age_group,GAP(max-min),FPR_7.5,0.009761803809941249,0.006618493062638099,0.01370169767071726,0.0018361497782983392,200,basic
PREVENT-CVD (recal),age_group,GAP(max-min),pct_flagged_7.5,0.010511468255923213,0.0071659632260188625,0.01414726557856029,0.0018704143632189438,200,basic
PREVENT-CVD (recal),age_group,GAP(max/min),OE,1.5438210623788022,1.0,1.9494438862826295,0.48597592329646344,200,basic
PREVENT-CVD (recal),income,GAP(max-min),OE,1.0147225111489,0.572278858473863,1.7069802696953122,0.2938083641175208,200,basic
PREVENT-CVD (recal),income,GAP(max-min),AUC,0.03316667336554058,0.0,0.05901356615677148,0.04609778988888255,200,basic
PREVENT-CVD (recal),income,GAP(max-min),cal_slope,0.007634814468682971,0.0,-0.011401229722479339,0.2360788791324554,200,basic
PREVENT-CVD (recal),income,GAP(max-min),TPR_7.5,0.06488816088817786,0.0014705062306827887,0.1146135506787534,0.02937056325409408,200,basic
PREVENT-CVD (recal),income,GAP(max-min),FPR_7.5,0.002729028420411888,0.0013231490935235275,0.00494405908514063,0.0008640584772904886,200,basic
PREVENT-CVD (recal),income,GAP(max-min),pct_flagged_7.5,0.003655634749593851,0.0019453590324649533,0.005913924438808143,0.0009999816662771821,200,basic
PREVENT-CVD (recal),income,GAP(max/min),OE,2.6180303868950725,1.525894346198592,3.9121531578726376,0.6201753011059419,200,basic
PREVENT-CVD (recal),education,GAP(max-min),OE,0.5181996159619873,0.07751511644180342,0.8402655798512004,0.20681019677075474,200,basic
PREVENT-CVD (recal),education,GAP(max-min),AUC,0.10652894787469591,0.0,0.17300668479428266,0.058422036269407104,200,basic
PREVENT-CVD (recal),education,GAP(max-min),cal_slope,0.44986203937024727,0.0,0.7508764627099084,0.30480650665680803,200,basic
PREVENT-CVD (recal),education,GAP(max-min),TPR_7.5,0.07128493043925135,0.0,0.12500831014760633,0.04072045479556105,200,basic
PREVENT-CVD (recal),education,GAP(max-min),FPR_7.5,0.002800521003099575,0.00152666441496837,0.004801948018091286,0.0008221554371190213,200,basic
PREVENT-CVD (recal),education,GAP(max-min),pct_flagged_7.5,0.003136132763965256,0.0016061957201141258,0.005205213904743074,0.0009116371411277469,200,basic
PREVENT-CVD (recal),education,GAP(max/min),OE,1.7088592970095977,1.0,2.187417037227182,0.5232632111468297,200,basic
PREVENT-ASCVD (recal),Overall,All,n,18511.0,9042.85,9642.175,150.16364239551265,200,percentile
PREVENT-ASCVD (recal),Overall,All,events,185.0,80.0,106.025,7.204128841283243,200,percentile
PREVENT-ASCVD (recal),Overall,All,observed,0.007058649758562692,0.005644956483087861,0.00857607183560686,0.0007733632523905439,200,percentile
PREVENT-ASCVD (recal),Overall,All,expected,0.0074792400364043134,0.007267893648176889,0.007692071714187837,0.00010915793521284237,200,percentile
PREVENT-ASCVD (recal),Overall,All,OE,0.9437656398518501,0.7446698561699263,1.147941834714933,0.10267155789052278,200,percentile
PREVENT-ASCVD (recal),Overall,All,cal_intercept,-0.05896723934439763,-0.3000082803984361,0.14096126513082918,0.11199836752593018,200,percentile
PREVENT-ASCVD (recal),Overall,All,cal_slope,0.9534877372154276,0.7434232926040498,1.2156889955724028,0.12835215967050317,200,percentile
PREVENT-ASCVD (recal),Overall,All,AUC,0.7886834799954128,0.7391859643555471,0.8388548757025098,0.0272405887953165,200,percentile
PREVENT-ASCVD (recal),Overall,All,brier,0.006904932149932594,0.005550120146845587,0.00839440552758329,0.000741367449007822,200,percentile
PREVENT-ASCVD (recal),Overall,All,scaled_brier,0.014823179195241898,0.004604028635183524,0.02217111208102301,0.00439237704293613,200,percentile
PREVENT-ASCVD (recal),Overall,All,pct_flagged_7.5,0.001451538273647155,0.0008612228314901773,0.0020547458223502423,0.00031768152102734296,200,percentile
PREVENT-ASCVD (recal),Overall,All,TPR_7.5,0.03343720502453223,0.00329544622272631,0.06247515161613942,0.01708351506552499,200,percentile
PREVENT-ASCVD (recal),Overall,All,FPR_7.5,0.0012264596181307736,0.0007363097890064529,0.0018376542878176865,0.00028744328432489893,200,percentile
PREVENT-ASCVD (recal),Overall,All,pct_flagged_20,5.371844970642703e-06,0.0,1.1233537645201525e-05,5.403497304592938e-06,200,percentile
PREVENT-ASCVD (recal),Overall,All,TPR_20,0.0,0.0,0.0,0.0,200,percentile
PREVENT-ASCVD (recal),Overall,All,FPR_20,5.40596637464761e-06,0.0,1.1307960979904854e-05,5.43897346946065e-06,200,percentile
PREVENT-ASCVD (recal),Overall,All,rel_OE,1.0,1.0,1.0,0.0,200,percentile
PREVENT-ASCVD (recal),sex,Female,n,9527.0,4643.95,4978.3,85.12720307585363,200,percentile
PREVENT-ASCVD (recal),sex,Female,events,73.0,28.975,45.0,4.05242033268562,200,percentile
PREVENT-ASCVD (recal),sex,Female,observed,0.00495433887458683,0.003458059308126401,0.0064024979972890595,0.0007281744237619684,200,percentile
PREVENT-ASCVD (recal),sex,Female,expected,0.006264490164116473,0.006032916946150201,0.006494428549557156,0.0001205275748214891,200,percentile
PREVENT-ASCVD (recal),sex,Female,OE,0.7908606677947553,0.5546152513372955,1.0052279993978277,0.11436754908863524,200,percentile
PREVENT-ASCVD (recal),sex,Female,cal_intercept,-0.23772687221386263,-0.5975250189941843,0.007999484911244997,0.1499279179408257,200,percentile
PREVENT-ASCVD (recal),sex,Female,cal_slope,1.0582784337891231,0.63174605603675,1.636046413258564,0.25647190578219836,200,percentile
PREVENT-ASCVD (recal),sex,Female,AUC,0.8123542289556887,0.7135371969344078,0.8892848241980099,0.04809382469527069,200,percentile
PREVENT-ASCVD (recal),sex,Female,brier,0.004840796039677422,0.003466043742858536,0.006196581123415421,0.000686353222525017,200,percentile
PREVENT-ASCVD (recal),sex,Female,scaled_brier,0.018052959624813347,-0.0008399657373920065,0.030056718420049526,0.007923862085697035,200,percentile
PREVENT-ASCVD (recal),sex,Female,pct_flagged_7.5,0.0004848630043979111,0.00019132125938578409,0.0008230751925901132,0.00017991064833091524,200,percentile
PREVENT-ASCVD (recal),sex,Female,TPR_7.5,0.028440986234000706,0.0,0.06383277446199735,0.01887166863503836,200,percentile
PREVENT-ASCVD (recal),sex,Female,FPR_7.5,0.0003477271978442669,8.220574755167179e-05,0.000632075415990613,0.00014902462426105711,200,percentile
PREVENT-ASCVD (recal),sex,Female,pct_flagged_20,1.019840293832154e-05,0.0,2.1530230928641144e-05,1.0256818717492088e-05,200,percentile
PREVENT-ASCVD (recal),sex,Female,TPR_20,0.0,0.0,0.0,0.0,200,percentile
PREVENT-ASCVD (recal),sex,Female,FPR_20,1.0245762615451138e-05,0.0,2.1668799503012192e-05,1.0307422935541918e-05,200,percentile
PREVENT-ASCVD (recal),sex,Female,rel_OE,0.8379841714929381,0.6436577898897041,1.082856528673652,0.1143359033282226,200,percentile
PREVENT-ASCVD (recal),sex,Male,n,8984.0,4368.6,4676.025,74.56247186792626,200,percentile
PREVENT-ASCVD (recal),sex,Male,events,112.0,45.0,67.025,6.1528254734335395,200,percentile
PREVENT-ASCVD (recal),sex,Male,observed,0.009398629394121427,0.006701938597085476,0.012460564230645595,0.0014068879366879,200,percentile
PREVENT-ASCVD (recal),sex,Male,expected,0.008831227940773454,0.008525559033578723,0.009103116958977291,0.00014656603155856728,200,percentile
PREVENT-ASCVD (recal),sex,Male,OE,1.0642494404122784,0.7565010517526034,1.3973131549485092,0.16093045900960398,200,percentile
PREVENT-ASCVD (recal),sex,Male,cal_intercept,0.06336407706044285,-0.28546385426973414,0.34307543235744814,0.1601219843632213,200,percentile
PREVENT-ASCVD (recal),sex,Male,cal_slope,0.8665527630083096,0.6361395048820458,1.2166518081611661,0.1469445366925285,200,percentile
PREVENT-ASCVD (recal),sex,Male,AUC,0.7561765605114531,0.6994413230181622,0.8283428067025621,0.035066411133595855,200,percentile
PREVENT-ASCVD (recal),sex,Male,brier,0.00920023770568427,0.006540372403143076,0.012152669900814806,0.0013555042803096923,200,percentile
PREVENT-ASCVD (recal),sex,Male,scaled_brier,0.011821048856355265,0.0011145681406915465,0.02133008085173019,0.004969315283097742,200,percentile
PREVENT-ASCVD (recal),sex,Male,pct_flagged_7.5,0.0025274250066223184,0.0013794770565379291,0.0037471370298931984,0.0006103272186128783,200,percentile
PREVENT-ASCVD (recal),sex,Male,TPR_7.5,0.036365837060184536,0.0,0.0764952188885285,0.024701643821076126,200,percentile
PREVENT-ASCVD (recal),sex,Male,FPR_7.5,0.0022079881123123557,0.0012736583190482383,0.003372866256916437,0.0005659249120558771,200,percentile
PREVENT-ASCVD (recal),sex,Male,pct_flagged_20,0.0,0.0,0.0,0.0,200,percentile
PREVENT-ASCVD (recal),sex,Male,TPR_20,0.0,0.0,0.0,0.0,200,percentile
PREVENT-ASCVD (recal),sex,Male,FPR_20,0.0,0.0,0.0,0.0,200,percentile
PREVENT-ASCVD (recal),sex,Male,rel_OE,1.127662838604022,0.934504062846849,1.289934951298003,0.09068364988597202,200,percentile
PREVENT-ASCVD (recal),race,Mexican American,n,3402.0,1453.0,1918.05,124.43597281999403,200,percentile
PREVENT-ASCVD (recal),race,Mexican American,events,29.0,8.0,20.0,3.173219438998854,200,percentile
PREVENT-ASCVD (recal),race,Mexican American,observed,0.00585160301417802,0.0029088099100715538,0.008772496105491944,0.0015815212678945167,200,percentile
PREVENT-ASCVD (recal),race,Mexican American,expected,0.00705853845575139,0.006499062270138016,0.007508174377691453,0.0002699880892566156,200,percentile
PREVENT-ASCVD (recal),race,Mexican American,OE,0.8290105736280372,0.4200622630433419,1.2562281287643222,0.2241471441495374,200,percentile
PREVENT-ASCVD (recal),race,Mexican American,cal_intercept,-0.1894551121989709,-0.8767038811206009,0.23314645144311133,0.30057263614670404,200,percentile
PREVENT-ASCVD (recal),race,Mexican American,cal_slope,0.7101015174243803,0.44720719890325467,1.146440030854672,0.18741026051623444,200,percentile
PREVENT-ASCVD (recal),race,Mexican American,AUC,0.7592872930142642,0.6687906413097578,0.8700207934601973,0.05432221038314289,200,percentile
PREVENT-ASCVD (recal),race,Mexican American,brier,0.005829983789894981,0.002933007849936268,0.008698085437526383,0.0015506334671398353,200,percentile
PREVENT-ASCVD (recal),race,Mexican American,scaled_brier,-0.002169717834503926,-0.02726545363714466,0.007356350603926348,0.008181073357102334,200,percentile
PREVENT-ASCVD (recal),race,Mexican American,pct_flagged_7.5,0.0027909557826088084,0.0006984801170125726,0.004620616569321398,0.0010649470127798081,200,percentile
PREVENT-ASCVD (recal),race,Mexican American,TPR_7.5,0.02557709824497805,0.0,0.08588458552732611,0.026011579002651657,200,percentile
PREVENT-ASCVD (recal),race,Mexican American,FPR_7.5,0.0026786590413778255,0.0006567692866384012,0.004474168425907525,0.0010670439561862087,200,percentile
PREVENT-ASCVD (recal),race,Mexican American,pct_flagged_20,9.01249032632002e-05,0.0,0.00020738704959697083,9.165451856205271e-05,200,percentile
PREVENT-ASCVD (recal),race,Mexican American,TPR_20,0.0,0.0,0.0,0.0,200,percentile
PREVENT-ASCVD (recal),race,Mexican American,FPR_20,9.0561475499998e-05,0.0,0.00020747338644598818,9.200414273835546e-05,200,percentile
PREVENT-ASCVD (recal),race,Mexican American,rel_OE,0.8784072428809477,0.4475965040111525,1.3572426556765118,0.24731358527414535,200,percentile
PREVENT-ASCVD (recal),race,NH Black,n,3771.0,1715.925,2075.775,97.26591226345542,200,percentile
PREVENT-ASCVD (recal),race,NH Black,events,59.0,21.975,39.0,4.548673118138782,200,percentile
PREVENT-ASCVD (recal),race,NH Black,observed,0.013577366759849318,0.009621913306319306,0.01740271100552537,0.0019254969734894337,200,percentile
PREVENT-ASCVD (recal),race,NH Black,expected,0.008522558250703572,0.008099835038774737,0.00894688746168115,0.00021451526572479406,200,percentile
PREVENT-ASCVD (recal),race,NH Black,OE,1.5931092942343281,1.1347210376207544,2.0708154742595677,0.21942248910121415,200,percentile
PREVENT-ASCVD (recal),race,NH Black,cal_intercept,0.47987336261704117,0.13035971975883093,0.7546156984945656,0.14605419732962568,200,percentile
PREVENT-ASCVD (recal),race,NH Black,cal_slope,1.0529781490317067,0.7885145007979196,1.4089615488606388,0.1705060550759901,200,percentile
PREVENT-ASCVD (recal),race,NH Black,AUC,0.8234458602872892,0.7652394868766892,0.8869552075392368,0.03351051751758211,200,percentile
PREVENT-ASCVD (recal),race,NH Black,brier,0.01308309206945896,0.009262660513991484,0.016786006316004434,0.0018489000953881808,200,percentile
PREVENT-ASCVD (recal),race,NH Black,scaled_brier,0.02314114060497252,0.011900018080957489,0.03254821195001549,0.0054761551151377204,200,percentile
PREVENT-ASCVD (recal),race,NH Black,pct_flagged_7.5,0.00305172750564151,0.001241268592401858,0.00438092960706513,0.0008419423193373728,200,percentile
PREVENT-ASCVD (recal),race,NH Black,TPR_7.5,0.04128567609488739,0.0,0.08396973578025492,0.024995944592101995,200,percentile
PREVENT-ASCVD (recal),race,NH Black,FPR_7.5,0.0025335766646267664,0.001002525533605123,0.00407053935973723,0.0007603249102833609,200,percentile
PREVENT-ASCVD (recal),race,NH Black,pct_flagged_20,0.0,0.0,0.0,0.0,200,percentile
PREVENT-ASCVD (recal),race,NH Black,TPR_20,0.0,0.0,0.0,0.0,200,percentile
PREVENT-ASCVD (recal),race,NH Black,FPR_20,0.0,0.0,0.0,0.0,200,percentile
PREVENT-ASCVD (recal),race,NH Black,rel_OE,1.6880348541661363,1.209282712080727,2.3550611553177747,0.28345660608188594,200,percentile
PREVENT-ASCVD (recal),race,NH White,n,8634.0,4016.35,4657.025,178.93987641624005,200,percentile
PREVENT-ASCVD (recal),race,NH White,events,82.0,30.975,52.0,5.228523913262499,200,percentile
PREVENT-ASCVD (recal),race,NH White,observed,0.006613868217302638,0.004815998124406924,0.008448335401856716,0.0009701259634394466,200,percentile
PREVENT-ASCVD (recal),race,NH White,expected,0.0074189062846249775,0.007134257146273112,0.007672812067447239,0.00013461211592400425,200,percentile
PREVENT-ASCVD (recal),race,NH White,OE,0.8914883088642447,0.6328568810835137,1.1177066330489078,0.1294133491872914,200,percentile
PREVENT-ASCVD (recal),race,NH White,cal_intercept,-0.11693670010650543,-0.46456390967104616,0.11349969716445188,0.1516486757841169,200,percentile
PREVENT-ASCVD (recal),race,NH White,cal_slope,0.9867018240647584,0.7179277176498783,1.3524961840435648,0.17033200158352868,200,percentile
PREVENT-ASCVD (recal),race,NH White,AUC,0.7901536340360948,0.7315761272003594,0.8544988298825028,0.03397254745823565,200,percentile
PREVENT-ASCVD (recal),race,NH White,brier,0.006474811552867451,0.0047414817022023124,0.00822085243196397,0.0009330005476753429,200,percentile
PREVENT-ASCVD (recal),race,NH White,scaled_brier,0.014507092658700427,0.0011587812122881682,0.023717321887629858,0.005758894782764387,200,percentile
PREVENT-ASCVD (recal),race,NH White,pct_flagged_7.5,0.0012383939396858926,0.0005699428951291916,0.0020098725416516873,0.00038503773893600686,200,percentile
PREVENT-ASCVD (recal),race,NH White,TPR_7.5,0.03510569131002411,0.0,0.07537575741401079,0.02171594462878885,200,percentile
PREVENT-ASCVD (recal),race,NH White,FPR_7.5,0.0010130505149560062,0.0004006377497814246,0.0017267575345976988,0.00035464509636730964,200,percentile
PREVENT-ASCVD (recal),race,NH White,pct_flagged_20,0.0,0.0,0.0,0.0,200,percentile
PREVENT-ASCVD (recal),race,NH White,TPR_20,0.0,0.0,0.0,0.0,200,percentile
PREVENT-ASCVD (recal),race,NH White,FPR_20,0.0,0.0,0.0,0.0,200,percentile
PREVENT-ASCVD (recal),race,NH White,rel_OE,0.9446077195649846,0.8315925035595934,1.033143002139204,0.05566612007558416,200,percentile
PREVENT-ASCVD (recal),race,Other Hispanic,n,1471.0,615.95,881.325,69.82482586109803,200,percentile
PREVENT-ASCVD (recal),race,Other Hispanic,events,6.0,1.0,6.0,1.409862960659367,200,percentile
PREVENT-ASCVD (recal),race,Other Hispanic,observed,0.0022833153649808487,0.00047788978797049783,0.00417895688473461,0.0010733920518442885,200,percentile
PREVENT-ASCVD (recal),race,Other Hispanic,expected,0.007621643816286815,0.0067355647636798376,0.008434068918955439,0.00043013446159337625,200,percentile
PREVENT-ASCVD (recal),race,Other Hispanic,OE,0.2995830584606427,0.05992247332268864,0.5698016365001034,0.14259437525748747,200,percentile
PREVENT-ASCVD (recal),race,Other Hispanic,cal_intercept,-1.222216705172698,-2.836800502419185,-0.571229442266747,3.3738252427165327,200,percentile
PREVENT-ASCVD (recal),race,Other Hispanic,cal_slope,1.8949181821158925,1.084747123509233,3.9202873218976713,0.8056459429916599,200,percentile
PREVENT-ASCVD (recal),race,Other Hispanic,AUC,0.9185853847811304,0.8226767487553514,0.9957817588489665,0.04949806362275231,196,percentile
PREVENT-ASCVD (recal),race,Other Hispanic,brier,0.0022860777478932066,0.0005990574083573243,0.004035649782952129,0.0009988872494120702,200,percentile
PREVENT-ASCVD (recal),race,Other Hispanic,scaled_brier,-0.003501121785926431,-0.25395396465718,0.03390635962334064,0.07276607591224316,196,percentile
PREVENT-ASCVD (recal),race,Other Hispanic,pct_flagged_7.5,0.0012458206916234513,0.0,0.002702076261380963,0.0007972500039980518,200,percentile
PREVENT-ASCVD (recal),race,Other Hispanic,TPR_7.5,0.0,0.0,0.0,0.0,196,percentile
PREVENT-ASCVD (recal),race,Other Hispanic,FPR_7.5,0.0012539970185308797,0.0,0.0027128456942374173,0.000800900420518927,200,percentile
PREVENT-ASCVD (recal),race,Other Hispanic,pct_flagged_20,0.0,0.0,0.0,0.0,200,percentile
PREVENT-ASCVD (recal),race,Other Hispanic,TPR_20,0.0,0.0,0.0,0.0,196,percentile
PREVENT-ASCVD (recal),race,Other Hispanic,FPR_20,0.0,0.0,0.0,0.0,200,percentile
PREVENT-ASCVD (recal),race,Other Hispanic,rel_OE,0.31743374182140227,0.06600462801074018,0.6461342309503993,0.15791289903712274,200,percentile
PREVENT-ASCVD (recal),race,Other/Multiracial,n,1233.0,536.0,705.025,45.186881351019935,200,percentile
PREVENT-ASCVD (recal),race,Other/Multiracial,events,9.0,1.0,7.025000000000006,1.6642184699064875,200,percentile
PREVENT-ASCVD (recal),race,Other/Multiracial,observed,0.0069298635233422876,0.0009811895941340399,0.012440049155856088,0.0030806361514186557,200,percentile
PREVENT-ASCVD (recal),race,Other/Multiracial,expected,0.0067840246917890675,0.006213893181313384,0.007521624437049147,0.00036882668060591326,200,percentile
PREVENT-ASCVD (recal),race,Other/Multiracial,OE,1.0214973910295069,0.14071936922725123,1.8758552356251001,0.4582387323195744,200,percentile
PREVENT-ASCVD (recal),race,Other/Multiracial,cal_intercept,0.023188048748950654,-1.9745272143747636,0.6492898950786722,2.5526982578729203,200,percentile
PREVENT-ASCVD (recal),race,Other/Multiracial,cal_slope,0.28079567426742574,-0.798226946019953,1.6130461065252706,0.7305656194436783,200,percentile
PREVENT-ASCVD (recal),race,Other/Multiracial,AUC,0.6161245928873439,0.2448176705876047,0.9125703133944751,0.2103757155199621,198,percentile
PREVENT-ASCVD (recal),race,Other/Multiracial,brier,0.0069055195279408305,0.0010384315023644064,0.012323851193549921,0.0030327658396213176,200,percentile
PREVENT-ASCVD (recal),race,Other/Multiracial,scaled_brier,-0.0034407965426486165,-0.051790826469739905,0.013782815609062152,0.021843772381769114,198,percentile
PREVENT-ASCVD (recal),race,Other/Multiracial,pct_flagged_7.5,0.00021289658393300982,0.0,0.000644048229203723,0.00020528674128304615,200,percentile
PREVENT-ASCVD (recal),race,Other/Multiracial,TPR_7.5,0.0,0.0,0.0,0.0,198,percentile
PREVENT-ASCVD (recal),race,Other/Multiracial,FPR_7.5,0.000214448626210547,0.0,0.0006473936353721085,0.0002068322233744851,200,percentile
PREVENT-ASCVD (recal),race,Other/Multiracial,pct_flagged_20,0.0,0.0,0.0,0.0,200,percentile
PREVENT-ASCVD (recal),race,Other/Multiracial,TPR_20,0.0,0.0,0.0,0.0,198,percentile
PREVENT-ASCVD (recal),race,Other/Multiracial,FPR_20,0.0,0.0,0.0,0.0,200,percentile
PREVENT-ASCVD (recal),race,Other/Multiracial,rel_OE,1.0823634045310855,0.1651428700946096,2.02707562135329,0.48169678600234417,200,percentile
PREVENT-ASCVD (recal),age_group,40-49,n,6020.0,2921.95,3138.5,60.3421715164161,200,percentile
PREVENT-ASCVD (recal),age_group,40-49,events,20.0,6.0,14.0,2.2349215583235353,200,percentile
PREVENT-ASCVD (recal),age_group,40-49,observed,0.0025668456574225876,0.0011434078557405218,0.0038557507777777426,0.000765887741165619,200,percentile
PREVENT-ASCVD (recal),age_group,40-49,expected,0.0021095982768011565,0.0020117730944045355,0.0022383754154089138,6.0977528052832935e-05,200,percentile
PREVENT-ASCVD (recal),age_group,40-49,OE,1.2167461860628594,0.5082001291153007,1.8714608465357896,0.36439960359414236,200,percentile
PREVENT-ASCVD (recal),age_group,40-49,cal_intercept,0.1968501785791656,-0.6838511443958973,0.6322446460961292,0.34790430708998243,200,percentile
PREVENT-ASCVD (recal),age_group,40-49,cal_slope,1.0533012532094186,0.6718104446375991,1.4618072831323448,0.21034499829650238,200,percentile
PREVENT-ASCVD (recal),age_group,40-49,AUC,0.8175939850916327,0.7128809614389915,0.9399527500716266,0.06140866337499134,200,percentile
PREVENT-ASCVD (recal),age_group,40-49,brier,0.00253862840733838,0.0011179065720798315,0.0038346236071564272,0.00075929141194218,200,percentile
PREVENT-ASCVD (recal),age_group,40-49,scaled_brier,0.008447805742309078,-0.004613286658974786,0.02633990125433465,0.008893644830357884,200,percentile
PREVENT-ASCVD (recal),age_group,40-49,pct_flagged_7.5,0.0002853826320666133,0.0,0.0005847250074921972,0.000180858537885442,200,percentile
PREVENT-ASCVD (recal),age_group,40-49,TPR_7.5,0.038575741026705294,0.0,0.15472027464880475,0.04909648765843049,200,percentile
PREVENT-ASCVD (recal),age_group,40-49,FPR_7.5,0.00018988446426125566,0.0,0.0003915469814829344,0.00014057039141407063,200,percentile
PREVENT-ASCVD (recal),age_group,40-49,pct_flagged_20,0.0,0.0,0.0,0.0,200,percentile
PREVENT-ASCVD (recal),age_group,40-49,TPR_20,0.0,0.0,0.0,0.0,200,percentile
PREVENT-ASCVD (recal),age_group,40-49,FPR_20,0.0,0.0,0.0,0.0,200,percentile
PREVENT-ASCVD (recal),age_group,40-49,rel_OE,1.2892461164975884,0.6116416351136933,1.9400103627106613,0.3588976144953578,200,percentile
PREVENT-ASCVD (recal),age_group,50-59,n,4853.0,2352.9,2546.1,51.50544660665275,200,percentile
PREVENT-ASCVD (recal),age_group,50-59,events,32.0,11.0,21.025000000000006,2.8720801209411855,200,percentile
PREVENT-ASCVD (recal),age_group,50-59,observed,0.005256059623114469,0.0029391966820478017,0.0075929686436780755,0.0012005674656899838,200,percentile
PREVENT-ASCVD (recal),age_group,50-59,expected,0.005212157260596697,0.004957945856565157,0.005485459559249757,0.00015104584222166474,200,percentile
PREVENT-ASCVD (recal),age_group,50-59,OE,1.0084230694360796,0.5782965768105052,1.4693581631192505,0.229198875154851,200,percentile
PREVENT-ASCVD (recal),age_group,50-59,cal_intercept,0.009119993758081875,-0.5526126168546408,0.39147823302640206,0.24192716599199987,200,percentile
PREVENT-ASCVD (recal),age_group,50-59,cal_slope,0.8462408885345759,0.09191717506818102,1.505703052434398,0.36288244516738244,200,percentile
PREVENT-ASCVD (recal),age_group,50-59,AUC,0.6929451014372404,0.540330782276567,0.8337136340827849,0.08082992921599065,200,percentile
PREVENT-ASCVD (recal),age_group,50-59,brier,0.005189315502940826,0.002933442995991278,0.007458201038109382,0.0011695060845626566,200,percentile
PREVENT-ASCVD (recal),age_group,50-59,scaled_brier,0.007481773978485373,-0.006452416682353951,0.018129856678413405,0.0070414672288220724,200,percentile
PREVENT-ASCVD (recal),age_group,50-59,pct_flagged_7.5,0.0012747988767726234,0.0001754651636234255,0.0028413418087131015,0.000754810758201531,200,percentile
PREVENT-ASCVD (recal),age_group,50-59,TPR_7.5,0.0,0.0,0.0,0.0,200,percentile
PREVENT-ASCVD (recal),age_group,50-59,FPR_7.5,0.0012819926877305568,0.0001756375218959309,0.002857875473747278,0.0007579534167984384,200,percentile
PREVENT-ASCVD (recal),age_group,50-59,pct_flagged_20,0.0,0.0,0.0,0.0,200,percentile
PREVENT-ASCVD (recal),age_group,50-59,TPR_20,0.0,0.0,0.0,0.0,200,percentile
PREVENT-ASCVD (recal),age_group,50-59,FPR_20,0.0,0.0,0.0,0.0,200,percentile
PREVENT-ASCVD (recal),age_group,50-59,rel_OE,1.068510048314939,0.7010418004623072,1.4432206129703713,0.19790028078484304,200,percentile
PREVENT-ASCVD (recal),age_group,60-69,n,4785.0,2301.9,2518.0,56.787073870679095,200,percentile
PREVENT-ASCVD (recal),age_group,60-69,events,47.0,17.0,32.0,3.8531329026947843,200,percentile
PREVENT-ASCVD (recal),age_group,60-69,observed,0.010109367250397527,0.006729859314879694,0.014142501326475543,0.0019762491375010364,200,percentile
PREVENT-ASCVD (recal),age_group,60-69,expected,0.011842612275702775,0.011488352699471282,0.012171394842292257,0.00017470082592642387,200,percentile
PREVENT-ASCVD (recal),age_group,60-69,OE,0.8536433529229603,0.5631674436965435,1.1927836692242657,0.1669284119676493,200,percentile
PREVENT-ASCVD (recal),age_group,60-69,cal_intercept,-0.16132180210333924,-0.5834870792387683,0.17956532910589768,0.20648578377497134,200,percentile
PREVENT-ASCVD (recal),age_group,60-69,cal_slope,0.9323178288939581,0.2330372482837207,1.4237443845606845,0.307092584459177,200,percentile
PREVENT-ASCVD (recal),age_group,60-69,AUC,0.6772992784002985,0.5387373568484097,0.771457762198813,0.06324263353564105,200,percentile
PREVENT-ASCVD (recal),age_group,60-69,brier,0.009944719641657804,0.00679051876075587,0.013804906568767315,0.0018963489369505718,200,percentile
PREVENT-ASCVD (recal),age_group,60-69,scaled_brier,0.0062403572004148256,-0.009821516085066371,0.01627401793711645,0.0076672398801663376,200,percentile
PREVENT-ASCVD (recal),age_group,60-69,pct_flagged_7.5,0.0017258055040232196,0.0004740175901213669,0.0029051576019342444,0.0006685445068899,200,percentile
PREVENT-ASCVD (recal),age_group,60-69,TPR_7.5,0.052126409107017296,0.0,0.12396020328389609,0.0434618984291133,200,percentile
PREVENT-ASCVD (recal),age_group,60-69,FPR_7.5,0.0012125421781677636,0.0004205780415136491,0.0020190979370630887,0.0004448684945046948,200,percentile
PREVENT-ASCVD (recal),age_group,60-69,pct_flagged_20,2.76112879281062e-05,0.0,5.9105328920194125e-05,2.7862455985686684e-05,200,percentile
PREVENT-ASCVD (recal),age_group,60-69,TPR_20,0.0,0.0,0.0,0.0,200,percentile
PREVENT-ASCVD (recal),age_group,60-69,FPR_20,2.786389439317865e-05,0.0,5.967978317437993e-05,2.81258033321544e-05,200,percentile
PREVENT-ASCVD (recal),age_group,60-69,rel_OE,0.9045077685355901,0.64376263717598,1.179996161418511,0.13952100616017601,200,percentile
PREVENT-ASCVD (recal),age_group,70-79,n,2853.0,1368.875,1513.075,37.10977874350586,200,percentile
PREVENT-ASCVD (recal),age_group,70-79,events,86.0,33.975,53.0,4.745563916377285,200,percentile
PREVENT-ASCVD (recal),age_group,70-79,observed,0.022824554760039518,0.016880561623969774,0.028842584685122408,0.0032874809807074672,200,percentile
PREVENT-ASCVD (recal),age_group,70-79,expected,0.025338402387501083,0.024855370389398227,0.025884886968121638,0.00026432517166349666,200,percentile
PREVENT-ASCVD (recal),age_group,70-79,OE,0.9007890241453583,0.669450482378205,1.129473569001361,0.12906723441551865,200,percentile
PREVENT-ASCVD (recal),age_group,70-79,cal_intercept,-0.1080259315537452,-0.4129903454257655,0.12551433265056947,0.15153032498278668,200,percentile
PREVENT-ASCVD (recal),age_group,70-79,cal_slope,1.5460167526115585,1.0753654188273778,2.016197335114545,0.24169752192060545,200,percentile
PREVENT-ASCVD (recal),age_group,70-79,AUC,0.7085943110735666,0.6479311218331888,0.7651078571175098,0.029707209183174387,200,percentile
PREVENT-ASCVD (recal),age_group,70-79,brier,0.021987493705233573,0.01648994119349812,0.02755786995318949,0.003041152197067592,200,percentile
PREVENT-ASCVD (recal),age_group,70-79,scaled_brier,0.01417263730194529,0.0022429102739414206,0.02112675882633092,0.004961417369141473,200,percentile
PREVENT-ASCVD (recal),age_group,70-79,pct_flagged_7.5,0.00562082393662433,0.003010919772689595,0.008101831287164891,0.0013375649463289406,200,percentile
PREVENT-ASCVD (recal),age_group,70-79,TPR_7.5,0.039082388563534215,0.0,0.08448681652127116,0.024392649196568736,200,percentile
PREVENT-ASCVD (recal),age_group,70-79,FPR_7.5,0.004849901598107361,0.0023433501806538197,0.007142353798922025,0.001286400730017635,200,percentile
PREVENT-ASCVD (recal),age_group,70-79,pct_flagged_20,0.0,0.0,0.0,0.0,200,percentile
PREVENT-ASCVD (recal),age_group,70-79,TPR_20,0.0,0.0,0.0,0.0,200,percentile
PREVENT-ASCVD (recal),age_group,70-79,FPR_20,0.0,0.0,0.0,0.0,200,percentile
PREVENT-ASCVD (recal),age_group,70-79,rel_OE,0.9544626187988385,0.7162772709891891,1.2364374421749815,0.13216275344659287,200,percentile
PREVENT-ASCVD (recal),income,PIR 1.3-3.5,n,6093.0,2941.95,3185.225,59.52340023788453,200,percentile
PREVENT-ASCVD (recal),income,PIR 1.3-3.5,events,68.0,26.975,44.0,4.9006178463926275,200,percentile
PREVENT-ASCVD (recal),income,PIR 1.3-3.5,observed,0.008886390823754045,0.006097653697838443,0.011835972319225225,0.0014911249799512529,200,percentile
PREVENT-ASCVD (recal),income,PIR 1.3-3.5,expected,0.009093368256697609,0.00874986447144378,0.009493927605379347,0.00019551750291781523,200,percentile
PREVENT-ASCVD (recal),income,PIR 1.3-3.5,OE,0.9772386395116994,0.6783872654146109,1.302316644074692,0.16110617788532328,200,percentile
PREVENT-ASCVD (recal),income,PIR 1.3-3.5,cal_intercept,-0.023279194317569158,-0.39419498806700726,0.27121196925156926,0.17352711368290558,200,percentile
PREVENT-ASCVD (recal),income,PIR 1.3-3.5,cal_slope,0.8798709407954383,0.6028704862464127,1.3896204757322805,0.22431834509397305,200,percentile
PREVENT-ASCVD (recal),income,PIR 1.3-3.5,AUC,0.7638665688089725,0.6905591763325782,0.8544692051111071,0.045524899672371756,200,percentile
PREVENT-ASCVD (recal),income,PIR 1.3-3.5,brier,0.008677155544423014,0.00599026085654287,0.011504231140128463,0.0014343898010852531,200,percentile
PREVENT-ASCVD (recal),income,PIR 1.3-3.5,scaled_brier,0.014790630494933232,0.00262170836185395,0.02628560033699116,0.006646596791620892,200,percentile
PREVENT-ASCVD (recal),income,PIR 1.3-3.5,pct_flagged_7.5,0.0015477026364860552,0.0007569973595726615,0.002479197637238759,0.0004483929048389483,200,percentile
PREVENT-ASCVD (recal),income,PIR 1.3-3.5,TPR_7.5,0.0380038861081809,0.0,0.09265193709111488,0.031901831134912566,200,percentile
PREVENT-ASCVD (recal),income,PIR 1.3-3.5,FPR_7.5,0.001221304453369691,0.0005469626961988001,0.001964520480999858,0.0003500080586386908,200,percentile
PREVENT-ASCVD (recal),income,PIR 1.3-3.5,pct_flagged_20,0.0,0.0,0.0,0.0,200,percentile
PREVENT-ASCVD (recal),income,PIR 1.3-3.5,TPR_20,0.0,0.0,0.0,0.0,200,percentile
PREVENT-ASCVD (recal),income,PIR 1.3-3.5,FPR_20,0.0,0.0,0.0,0.0,200,percentile
PREVENT-ASCVD (recal),income,PIR 1.3-3.5,rel_OE,1.0354674913414985,0.7892227549743214,1.3093457932140462,0.14257983978732175,200,percentile
PREVENT-ASCVD (recal),income,PIR<1.3,n,4506.0,2136.95,2412.2,74.19791390016076,200,percentile
PREVENT-ASCVD (recal),income,PIR<1.3,events,78.0,31.0,47.0,4.1582242779495004,200,percentile
PREVENT-ASCVD (recal),income,PIR<1.3,observed,0.015298893676155044,0.01089733097823048,0.019734087528471198,0.002506415583655011,200,percentile
PREVENT-ASCVD (recal),income,PIR<1.3,expected,0.009415232369643641,0.008884764976718754,0.009919651139209913,0.00027657827725493644,200,percentile
PREVENT-ASCVD (recal),income,PIR<1.3,OE,1.6249087728818419,1.1370772055212512,2.1083903301505478,0.2646006922665286,200,percentile
PREVENT-ASCVD (recal),income,PIR<1.3,cal_intercept,0.5018773231699011,0.13119643359215077,0.7742739134623453,0.17435884666201276,200,percentile
PREVENT-ASCVD (recal),income,PIR<1.3,cal_slope,0.9183885397532049,0.672236903472282,1.2298324609052182,0.1495414108318898,200,percentile
PREVENT-ASCVD (recal),income,PIR<1.3,AUC,0.7898696469290107,0.7295207449688336,0.847217474555014,0.03169921223991009,200,percentile
PREVENT-ASCVD (recal),income,PIR<1.3,brier,0.014801617386601346,0.010466701549256103,0.019024842915327737,0.00240338531030539,200,percentile
PREVENT-ASCVD (recal),income,PIR<1.3,scaled_brier,0.017472484608112904,0.005560620100536248,0.029909054806019096,0.006090147902749033,200,percentile
PREVENT-ASCVD (recal),income,PIR<1.3,pct_flagged_7.5,0.0048660751416688495,0.0018775944766583961,0.008560543166007972,0.0017474904338605837,200,percentile
PREVENT-ASCVD (recal),income,PIR<1.3,TPR_7.5,0.057708164218947366,0.0,0.12284456085627232,0.03182160305432754,200,percentile
PREVENT-ASCVD (recal),income,PIR<1.3,FPR_7.5,0.004061407940318411,0.0015639632500420739,0.007542816893227637,0.0016619383721872855,200,percentile
PREVENT-ASCVD (recal),income,PIR<1.3,pct_flagged_20,3.6430491538666285e-05,0.0,7.969521434333592e-05,3.652699848042866e-05,200,percentile
PREVENT-ASCVD (recal),income,PIR<1.3,TPR_20,0.0,0.0,0.0,0.0,200,percentile
PREVENT-ASCVD (recal),income,PIR<1.3,FPR_20,3.696020124945437e-05,0.0,8.114366247797157e-05,3.705996749706596e-05,200,percentile
PREVENT-ASCVD (recal),income,PIR<1.3,rel_OE,1.7217291075959449,1.3152158052820593,2.1848783501220064,0.2324993224331387,200,percentile
PREVENT-ASCVD (recal),income,PIR>3.5,n,6387.0,3056.325,3399.025,100.26195639173167,200,percentile
PREVENT-ASCVD (recal),income,PIR>3.5,events,24.0,7.0,17.0,2.654847656721948,200,percentile
PREVENT-ASCVD (recal),income,PIR>3.5,observed,0.0035296881220717473,0.0018313679997801306,0.005194860954661932,0.0008172376681171629,200,percentile
PREVENT-ASCVD (recal),income,PIR>3.5,expected,0.005738834688096243,0.005496344614849941,0.005990703632891967,0.00013423159311353342,200,percentile
PREVENT-ASCVD (recal),income,PIR>3.5,OE,0.6150531098923602,0.3179733774336294,0.8904094054813069,0.14463513267497666,200,percentile
PREVENT-ASCVD (recal),income,PIR>3.5,cal_intercept,-0.49209001561473886,-1.1580001522037553,-0.11656230549781903,0.25600684848285593,200,percentile
PREVENT-ASCVD (recal),income,PIR>3.5,cal_slope,0.8832533323121877,0.3405179381390184,1.7559571962690863,0.35550532217098957,200,percentile
PREVENT-ASCVD (recal),income,PIR>3.5,AUC,0.7563840363195773,0.6090562179397901,0.9325605084864572,0.07699420227662607,200,percentile
PREVENT-ASCVD (recal),income,PIR>3.5,brier,0.003498774347148838,0.0018606768687314532,0.005138028960816558,0.0007897525460809953,200,percentile
PREVENT-ASCVD (recal),income,PIR>3.5,scaled_brier,0.005247049441462037,-0.021523060777550063,0.01875123758073178,0.010490224618031683,200,percentile
PREVENT-ASCVD (recal),income,PIR>3.5,pct_flagged_7.5,0.000435540351327782,6.440603329645795e-05,0.0007741747937028237,0.00019968575044245618,200,percentile
PREVENT-ASCVD (recal),income,PIR>3.5,TPR_7.5,0.0,0.0,0.0,0.0,200,percentile
PREVENT-ASCVD (recal),income,PIR>3.5,FPR_7.5,0.00043652460224842386,6.45960108994153e-05,0.0007775180312291557,0.0002001966099705105,200,percentile
PREVENT-ASCVD (recal),income,PIR>3.5,pct_flagged_20,0.0,0.0,0.0,0.0,200,percentile
PREVENT-ASCVD (recal),income,PIR>3.5,TPR_20,0.0,0.0,0.0,0.0,200,percentile
PREVENT-ASCVD (recal),income,PIR>3.5,FPR_20,0.0,0.0,0.0,0.0,200,percentile
PREVENT-ASCVD (recal),income,PIR>3.5,rel_OE,0.651701104512461,0.380340853400994,0.9145877739154236,0.12498993593396417,200,percentile
PREVENT-ASCVD (recal),education,<HS,n,5308.0,2530.875,2839.0,76.97219216596447,200,percentile
PREVENT-ASCVD (recal),education,<HS,events,86.0,33.0,51.025000000000006,4.5226148659962915,200,percentile
PREVENT-ASCVD (recal),education,<HS,observed,0.013345028923801577,0.009175460431664213,0.01706638628472439,0.002048273475880992,200,percentile
PREVENT-ASCVD (recal),education,<HS,expected,0.010712822261731862,0.010224180281430836,0.011104725412013999,0.00024004085496109518,200,percentile
PREVENT-ASCVD (recal),education,<HS,OE,1.2457061825316036,0.8792313170104609,1.5867237071825337,0.18488798333874443,200,percentile
PREVENT-ASCVD (recal),education,<HS,cal_intercept,0.2265302309661053,-0.13272349851251897,0.4766542127191434,0.15753222237925435,200,percentile
PREVENT-ASCVD (recal),education,<HS,cal_slope,0.9313718015132572,0.6651147011370535,1.3156966787468245,0.16418022926085046,200,percentile
PREVENT-ASCVD (recal),education,<HS,AUC,0.7792382179694405,0.7143261370389674,0.839583977296442,0.03214751530276596,200,percentile
PREVENT-ASCVD (recal),education,<HS,brier,0.012939621059421156,0.009061228563235097,0.01652402408394903,0.0019648850051962726,200,percentile
PREVENT-ASCVD (recal),education,<HS,scaled_brier,0.017264306093753734,0.006846871996663426,0.029197040894443364,0.005240486074539972,200,percentile
PREVENT-ASCVD (recal),education,<HS,pct_flagged_7.5,0.0029508462237524294,0.001335101909842002,0.00446045255248715,0.0007151932240932837,200,percentile
PREVENT-ASCVD (recal),education,<HS,TPR_7.5,0.049816022929556426,0.004477901524746751,0.09816242588951955,0.025378971307067122,200,percentile
PREVENT-ASCVD (recal),education,<HS,FPR_7.5,0.0023207866546644806,0.0011171787077059504,0.003561174556792322,0.0006285684186035721,200,percentile
PREVENT-ASCVD (recal),education,<HS,pct_flagged_20,3.168244257999963e-05,0.0,6.7686097174115e-05,3.191453508421951e-05,200,percentile
PREVENT-ASCVD (recal),education,<HS,TPR_20,0.0,0.0,0.0,0.0,200,percentile
PREVENT-ASCVD (recal),education,<HS,FPR_20,3.207365662637827e-05,0.0,6.866539479286571e-05,3.230987608686344e-05,200,percentile
PREVENT-ASCVD (recal),education,<HS,rel_OE,1.31993169694878,0.9983086527273208,1.662748507012939,0.16934844279882202,200,percentile
PREVENT-ASCVD (recal),education,College+,n,4141.0,1949.775,2219.025,71.40429445300651,200,percentile
PREVENT-ASCVD (recal),education,College+,events,22.0,6.0,16.0,2.446698113436036,200,percentile
PREVENT-ASCVD (recal),education,College+,observed,0.004027443647182348,0.0018968958386931085,0.006163630045642492,0.0011062539242685837,200,percentile
PREVENT-ASCVD (recal),education,College+,expected,0.005541100030059442,0.005221402445472482,0.005830188905601134,0.0001497444148431237,200,percentile
PREVENT-ASCVD (recal),education,College+,OE,0.7268310669964829,0.33700301637827224,1.118591272009189,0.20096297226077067,200,percentile
PREVENT-ASCVD (recal),education,College+,cal_intercept,-0.32160311983710993,-1.0983949526994887,0.11851859092539198,0.3115458184616286,200,percentile
PREVENT-ASCVD (recal),education,College+,cal_slope,1.0053007471187063,0.42619370396754563,2.1427685634504186,0.4524633772537507,200,percentile
PREVENT-ASCVD (recal),education,College+,AUC,0.7762775672142691,0.6389931100497693,0.9250120564706372,0.08217712592274508,200,percentile
PREVENT-ASCVD (recal),education,College+,brier,0.003928594412643871,0.0019125519167186764,0.005921488179913852,0.0010597666441453958,200,percentile
PREVENT-ASCVD (recal),education,College+,scaled_brier,0.020599434412773787,-0.010257656293789446,0.04489359513995894,0.015168389282971532,200,percentile
PREVENT-ASCVD (recal),education,College+,pct_flagged_7.5,0.0004131372350048851,0.0,0.0008479176694360422,0.0002985562174771957,200,percentile
PREVENT-ASCVD (recal),education,College+,TPR_7.5,0.07128493043925135,0.0,0.17375655254457914,0.06924130234111896,200,percentile
PREVENT-ASCVD (recal),education,College+,FPR_7.5,0.00012597070389350724,0.0,0.00026695904249379287,9.680440398872109e-05,200,percentile
PREVENT-ASCVD (recal),education,College+,pct_flagged_20,0.0,0.0,0.0,0.0,200,percentile
PREVENT-ASCVD (recal),education,College+,TPR_20,0.0,0.0,0.0,0.0,200,percentile
PREVENT-ASCVD (recal),education,College+,FPR_20,0.0,0.0,0.0,0.0,200,percentile
PREVENT-ASCVD (recal),education,College+,rel_OE,0.7701393611983787,0.39093373756111777,1.167707224605077,0.19523619237426684,200,percentile
PREVENT-ASCVD (recal),education,HS/GED,n,4214.0,2032.95,2229.125,55.42173076696568,200,percentile
PREVENT-ASCVD (recal),education,HS/GED,events,38.0,13.0,25.0,3.2118460071848633,200,percentile
PREVENT-ASCVD (recal),education,HS/GED,observed,0.006604142168953903,0.0031713692739783854,0.00959034263445987,0.001551995152325472,200,percentile
PREVENT-ASCVD (recal),education,HS/GED,expected,0.008359878308907033,0.007969649071073162,0.008743602332929642,0.00019902719950760356,200,percentile
PREVENT-ASCVD (recal),education,HS/GED,OE,0.7899806582013903,0.3785238332116635,1.1620232238191315,0.1857221340455386,200,percentile
PREVENT-ASCVD (recal),education,HS/GED,cal_intercept,-0.24106080439727906,-0.988131817025315,0.1525405714763024,0.27051918386865825,200,percentile
PREVENT-ASCVD (recal),education,HS/GED,cal_slope,1.1960124579608422,0.706227523872919,1.7341410342583197,0.2775930352189521,200,percentile
PREVENT-ASCVD (recal),education,HS/GED,AUC,0.8326979526405561,0.7284362616532178,0.9122215283094021,0.04869499174885437,200,percentile
PREVENT-ASCVD (recal),education,HS/GED,brier,0.00645974506790885,0.0032453439619118955,0.009368966523815107,0.001476985070958354,200,percentile
PREVENT-ASCVD (recal),education,HS/GED,scaled_brier,0.015361936618479954,-0.015092879021763438,0.029180385684317967,0.011797495812172619,200,percentile
PREVENT-ASCVD (recal),education,HS/GED,pct_flagged_7.5,0.00208184210515571,0.0005717645685865309,0.004370180892146164,0.0010187407289271022,200,percentile
PREVENT-ASCVD (recal),education,HS/GED,TPR_7.5,0.0,0.0,0.0,0.0,200,percentile
PREVENT-ASCVD (recal),education,HS/GED,FPR_7.5,0.0021028802057138163,0.000577596555907578,0.004418993150476598,0.0010270094672251925,200,percentile
PREVENT-ASCVD (recal),education,HS/GED,pct_flagged_20,0.0,0.0,0.0,0.0,200,percentile
PREVENT-ASCVD (recal),education,HS/GED,TPR_20,0.0,0.0,0.0,0.0,200,percentile
PREVENT-ASCVD (recal),education,HS/GED,FPR_20,0.0,0.0,0.0,0.0,200,percentile
PREVENT-ASCVD (recal),education,HS/GED,rel_OE,0.8370517264491631,0.4864673328706504,1.094088953624359,0.1719758754239636,200,percentile
PREVENT-ASCVD (recal),education,Some college,n,4833.0,2332.975,2539.125,55.33961932771744,200,percentile
PREVENT-ASCVD (recal),education,Some college,events,37.0,12.0,24.025000000000006,3.2807915149890454,200,percentile
PREVENT-ASCVD (recal),education,Some college,observed,0.0067594161332692965,0.0037287246881860655,0.009373953083479427,0.0014716190150646448,200,percentile
PREVENT-ASCVD (recal),education,Some college,expected,0.0068540808048564725,0.006620985592551051,0.007181959462796512,0.0001395349489795541,200,percentile
PREVENT-ASCVD (recal),education,Some college,OE,0.986188567908318,0.5446252467472767,1.3539804948288494,0.21129222944396867,200,percentile
PREVENT-ASCVD (recal),education,Some college,cal_intercept,-0.015289274212065804,-0.617192702727263,0.30701117690657076,0.23755809637899725,200,percentile
PREVENT-ASCVD (recal),education,Some college,cal_slope,0.6713288702562878,0.38418037069196875,1.0637337708509282,0.18986057258703018,200,percentile
PREVENT-ASCVD (recal),education,Some college,AUC,0.719121391641894,0.6261943105125521,0.82875163643612,0.054211601934201416,200,percentile
PREVENT-ASCVD (recal),education,Some college,brier,0.006695081136126984,0.0037141695573873765,0.00930480240703403,0.0014398439222706799,200,percentile
PREVENT-ASCVD (recal),education,Some college,scaled_brier,0.002777189521033341,-0.008695010713947932,0.011119106907218748,0.0053767482411882575,200,percentile
PREVENT-ASCVD (recal),education,Some college,pct_flagged_7.5,0.0011256717151261703,0.0002570876477386152,0.0018966603157232521,0.00042939223611177804,200,percentile
PREVENT-ASCVD (recal),education,Some college,TPR_7.5,0.019089811719347108,0.0,0.06552500272787862,0.02204923285367313,200,percentile
PREVENT-ASCVD (recal),education,Some college,FPR_7.5,0.0010047141844209855,0.00024899420694104985,0.0018064068997539328,0.0004059156262572904,200,percentile
PREVENT-ASCVD (recal),education,Some college,pct_flagged_20,0.0,0.0,0.0,0.0,200,percentile
PREVENT-ASCVD (recal),education,Some college,TPR_20,0.0,0.0,0.0,0.0,200,percentile
PREVENT-ASCVD (recal),education,Some college,FPR_20,0.0,0.0,0.0,0.0,200,percentile
PREVENT-ASCVD (recal),education,Some college,rel_OE,1.0449507020229378,0.638447271559254,1.386372599087936,0.1954084449257274,200,percentile
PREVENT-ASCVD (recal),sex,GAP(max-min),OE,0.27338877261752315,0.0,0.5308611008598241,0.1730591098671016,200,basic
PREVENT-ASCVD (recal),sex,GAP(max-min),AUC,0.05617766844423555,0.0,0.10788795858730375,0.04460438278844013,200,basic
PREVENT-ASCVD (recal),sex,GAP(max-min),cal_slope,0.19172567078081348,0.0,0.3705504612672339,0.21355164392431927,200,basic
PREVENT-ASCVD (recal),sex,GAP(max-min),TPR_7.5,0.00792485082618383,0.0,0.013986173630540003,0.018144765099990967,200,basic
PREVENT-ASCVD (recal),sex,GAP(max-min),FPR_7.5,0.0018602609144680888,0.0006647346606218382,0.0028488324577780433,0.0005728268067748723,200,basic
PREVENT-ASCVD (recal),sex,GAP(max-min),pct_flagged_7.5,0.0020425620022244072,0.0008639571849543897,0.0031485830214394474,0.0006137856713374091,200,basic
PREVENT-ASCVD (recal),sex,GAP(max/min),OE,1.3456851298217212,1.0,1.6717408647642378,0.27148076801792526,200,basic
PREVENT-ASCVD (recal),race,GAP(max-min),OE,0.7640987206062909,0.10328113033032493,1.2326874653223794,0.2924027705818362,200,basic
PREVENT-ASCVD (recal),race,GAP(max-min),AUC,0.06415856727302494,0.0,0.11468043037397685,0.04798512759787058,200,basic
PREVENT-ASCVD (recal),race,GAP(max-min),cal_slope,0.3428766316073264,0.0,0.62126671231239,0.21675111201239888,200,basic
PREVENT-ASCVD (recal),race,GAP(max-min),TPR_7.5,0.01570857784990934,0.0,0.02933335797016483,0.02045123902372331,200,basic
PREVENT-ASCVD (recal),race,GAP(max-min),FPR_7.5,0.0016656085264218194,0.0,0.002921836828584739,0.0008209744882615628,200,basic
PREVENT-ASCVD (recal),race,GAP(max-min),pct_flagged_7.5,0.0018133335659556175,1.554856385382452e-05,0.0029815883767233932,0.0008093160212998242,200,basic
PREVENT-ASCVD (recal),race,GAP(max/min),OE,1.9216996078377269,1.0,2.5231435150038326,0.624598056505038,200,basic
PREVENT-ASCVD (recal),age_group,GAP(max-min),OE,0.3631028331398991,0.0,0.5988740106330944,0.28063342499626254,200,basic
PREVENT-ASCVD (recal),age_group,GAP(max-min),AUC,0.14029470669133426,0.0,0.2528744621254503,0.08000075646779949,200,basic
PREVENT-ASCVD (recal),age_group,GAP(max-min),cal_slope,0.6997758640769826,0.0,1.083178652669251,0.346543800508274,200,basic
PREVENT-ASCVD (recal),age_group,GAP(max-min),TPR_7.5,0.052126409107017296,0.0,0.0987971125744129,0.034070871858983054,200,basic
PREVENT-ASCVD (recal),age_group,GAP(max-min),FPR_7.5,0.004660017133846105,0.002572024229433383,0.007368334321982133,0.0013835522138138808,200,basic
PREVENT-ASCVD (recal),age_group,GAP(max-min),pct_flagged_7.5,0.0053354413045577165,0.0029086233477471253,0.008278748844807574,0.0014673051892563048,200,basic
PREVENT-ASCVD (recal),age_group,GAP(max/min),OE,1.425356598744193,1.0,1.694521626512194,0.42884517057500693,200,basic
PREVENT-ASCVD (recal),income,GAP(max-min),OE,1.0098556629894817,0.5666364242265902,1.712683487150577,0.2964586329662025,200,basic
PREVENT-ASCVD (recal),income,GAP(max-min),AUC,0.03348561060943345,0.0,0.05658454462138879,0.04583296952260805,200,basic
PREVENT-ASCVD (recal),income,GAP(max-min),cal_slope,0.03851759895776663,0.0,0.054861476586965774,0.23747102777804743,200,basic
PREVENT-ASCVD (recal),income,GAP(max-min),TPR_7.5,0.057708164218947366,0.0,0.11018130463387446,0.030661970379522407,200,basic
PREVENT-ASCVD (recal),income,GAP(max-min),FPR_7.5,0.0036248833380699876,0.00027667469864740835,0.006496468706130685,0.0017003886671390638,200,basic
PREVENT-ASCVD (recal),income,GAP(max-min),pct_flagged_7.5,0.004430534790341068,0.0009243143800575643,0.007896761132990008,0.0017841229945462563,200,basic
PREVENT-ASCVD (recal),income,GAP(max/min),OE,2.641899937984568,1.5124144664302297,3.9849507161193785,0.6351751819572703,200,basic
PREVENT-ASCVD (recal),education,GAP(max-min),OE,0.5188751155351207,0.06787227320512446,0.8431122015554551,0.20568112594507734,200,basic
PREVENT-ASCVD (recal),education,GAP(max-min),AUC,0.11357656099866209,0.0,0.18982679887072282,0.058457789732032785,200,basic
PREVENT-ASCVD (recal),education,GAP(max-min),cal_slope,0.5246835877045544,0.0,0.8558373535397241,0.31082062106174846,200,basic
PREVENT-ASCVD (recal),education,GAP(max-min),TPR_7.5,0.07128493043925135,0.0,0.13174274317639723,0.042581028295929774,200,basic
PREVENT-ASCVD (recal),education,GAP(max-min),FPR_7.5,0.0021948159507709734,7.983392769309733e-07,0.0037132965497802656,0.0008570195770094476,200,basic
PREVENT-ASCVD (recal),education,GAP(max-min),pct_flagged_7.5,0.0025377089887475444,0.0007107287903059673,0.0043518624346675664,0.0008494822022910921,200,basic
PREVENT-ASCVD (recal),education,GAP(max/min),OE,1.7138868151017428,1.0,2.218584921023991,0.5285030966513142,200,basic
Framingham-office (recal),Overall,All,n,18511.0,9042.85,9642.175,150.16364239551265,200,percentile
Framingham-office (recal),Overall,All,events,185.0,80.0,106.025,7.204128841283243,200,percentile
Framingham-office (recal),Overall,All,observed,0.007058649758562692,0.005644956483087861,0.00857607183560686,0.0007733632523905439,200,percentile
Framingham-office (recal),Overall,All,expected,0.007776574171477201,0.007568821463562835,0.00801417622946171,0.00011115717233526416,200,percentile
Framingham-office (recal),Overall,All,OE,0.9076811463397725,0.7211656381716539,1.1079270560084906,0.09672472471211399,200,percentile
Framingham-office (recal),Overall,All,cal_intercept,-0.0995703813477001,-0.33417202287379727,0.10449228986343675,0.10972607370847672,200,percentile
Framingham-office (recal),Overall,All,cal_slope,1.0537639982470444,0.8869450016001301,1.2177178439702283,0.08451239199994381,200,percentile
Framingham-office (recal),Overall,All,AUC,0.7887293815330936,0.7500416423435333,0.8256054333332543,0.021435918610814446,200,percentile
Framingham-office (recal),Overall,All,brier,0.006938915274315444,0.005569193336339598,0.008392855328748533,0.0007438624287660133,200,percentile
Framingham-office (recal),Overall,All,scaled_brier,0.009974560017885326,0.0005266542279796116,0.0166748348371191,0.0042016478876239025,200,percentile
Framingham-office (recal),Overall,All,pct_flagged_7.5,0.003424821742609988,0.0025564229694920388,0.004214205482643669,0.0004378864685747224,200,percentile
Framingham-office (recal),Overall,All,TPR_7.5,0.027392115750231174,0.011968977212283788,0.045686017209437234,0.009462052766542373,200,percentile
Framingham-office (recal),Overall,All,FPR_7.5,0.003257276235238284,0.0023879562156743574,0.004042682181508941,0.0004284129656103275,200,percentile
Framingham-office (recal),Overall,All,pct_flagged_20,0.00014080326187398254,2.0477646444376758e-05,0.0002727902675574556,7.736542209404325e-05,200,percentile
Framingham-office (recal),Overall,All,TPR_20,0.0024829541740018454,0.0,0.005689539560107537,0.002428657444545797,200,percentile
Framingham-office (recal),Overall,All,FPR_20,0.00012440770132278169,1.942765944506767e-05,0.00025035406522669107,7.480194709203059e-05,200,percentile
Framingham-office (recal),Overall,All,rel_OE,1.0,1.0,1.0,0.0,200,percentile
Framingham-office (recal),sex,Female,n,9527.0,4643.95,4978.3,85.12720307585363,200,percentile
Framingham-office (recal),sex,Female,events,73.0,28.975,45.0,4.05242033268562,200,percentile
Framingham-office (recal),sex,Female,observed,0.00495433887458683,0.003458059308126401,0.0064024979972890595,0.0007281744237619684,200,percentile
Framingham-office (recal),sex,Female,expected,0.005331040713445791,0.0051743065632027345,0.005515403606537516,8.641099865619829e-05,200,percentile
Framingham-office (recal),sex,Female,OE,0.9293380300193816,0.6517220234757799,1.192566975732423,0.1362955384803724,200,percentile
Framingham-office (recal),sex,Female,cal_intercept,-0.07455612647174198,-0.43418135713531464,0.17854476675891254,0.15183649130485288,200,percentile
Framingham-office (recal),sex,Female,cal_slope,1.0493997307704332,0.7992008857265972,1.3177922231816084,0.1338331171828788,200,percentile
Framingham-office (recal),sex,Female,AUC,0.7849382520780671,0.7070172268155591,0.8544791168459118,0.03839560820061028,200,percentile
Framingham-office (recal),sex,Female,brier,0.004890912099669125,0.00345765214722918,0.006307968122527144,0.0007080217494620547,200,percentile
Framingham-office (recal),sex,Female,scaled_brier,0.007887004195012204,-0.003466954486376027,0.015389236601350094,0.0049446090517828965,200,percentile
Framingham-office (recal),sex,Female,pct_flagged_7.5,0.0013046913271335166,0.0008463297246387723,0.0018263101465113916,0.00025936146103524806,200,percentile
Framingham-office (recal),sex,Female,TPR_7.5,0.0269119494899603,0.0,0.06158744456956112,0.01522692550888063,200,percentile
Framingham-office (recal),sex,Female,FPR_7.5,0.0011794494826063324,0.0006932727274998614,0.0016482173849677844,0.00025650359486718545,200,percentile
Framingham-office (recal),sex,Female,pct_flagged_20,0.0001208521393492296,0.0,0.00025675341535869516,0.0001222930432211996,200,percentile
Framingham-office (recal),sex,Female,TPR_20,0.0,0.0,0.0,0.0,200,percentile
Framingham-office (recal),sex,Female,FPR_20,0.00012141335646671513,0.0,0.0002582376144209824,0.00012288467220605896,200,percentile
Framingham-office (recal),sex,Female,rel_OE,1.0238595720170465,0.7809525448024789,1.3144612413250292,0.14019350906836772,200,percentile
Framingham-office (recal),sex,Male,n,8984.0,4368.6,4676.025,74.56247186792626,200,percentile
Framingham-office (recal),sex,Male,events,112.0,45.0,67.025,6.1528254734335395,200,percentile
Framingham-office (recal),sex,Male,observed,0.009398629394121427,0.006701938597085476,0.012460564230645595,0.0014068879366879,200,percentile
Framingham-office (recal),sex,Male,expected,0.01049839512442895,0.010161882445236055,0.010827760231710313,0.00017519372233951007,200,percentile
Framingham-office (recal),sex,Male,OE,0.8952443952363296,0.623337070617322,1.1673918096165206,0.1324700520001463,200,percentile
Framingham-office (recal),sex,Male,cal_intercept,-0.11409452930348345,-0.4851794861527515,0.1585112982857536,0.15658251245271118,200,percentile
Framingham-office (recal),sex,Male,cal_slope,1.0729504531481002,0.8568005610734267,1.3273416038150234,0.12188273195147396,200,percentile
Framingham-office (recal),sex,Male,AUC,0.7767967610250334,0.7205828123718441,0.8396251404633068,0.031886185246410174,200,percentile
Framingham-office (recal),sex,Male,brier,0.009216281113519548,0.006597584950691893,0.012120815575542931,0.0013448546017360394,200,percentile
Framingham-office (recal),sex,Male,scaled_brier,0.010097858822076144,-0.0033260720680442827,0.019469051652252864,0.0059922164000683065,200,percentile
Framingham-office (recal),sex,Male,pct_flagged_7.5,0.005784476798190113,0.003979020807327671,0.007207918016901556,0.0008693526727670632,200,percentile
Framingham-office (recal),sex,Male,TPR_7.5,0.02767357465970358,0.0039253038221344246,0.05881612995221509,0.0141539109102202,200,percentile
Framingham-office (recal),sex,Male,FPR_7.5,0.005578171785007682,0.003930200474764427,0.006886457518977697,0.0008411441441338275,200,percentile
Framingham-office (recal),sex,Male,pct_flagged_20,0.00016300838981628965,0.0,0.0003269280233468686,7.88990874755813e-05,200,percentile
Framingham-office (recal),sex,Male,TPR_20,0.003938386660429221,0.0,0.0092947763751302,0.0038513307681689556,200,percentile
Framingham-office (recal),sex,Male,FPR_20,0.00012775233130317678,0.0,0.00026360602225897043,6.515644278475511e-05,200,percentile
Framingham-office (recal),sex,Male,rel_OE,0.986298326065718,0.8204664186714601,1.1245342080608727,0.07919559495266798,200,percentile
Framingham-office (recal),race,Mexican American,n,3402.0,1453.0,1918.05,124.43597281999403,200,percentile
Framingham-office (recal),race,Mexican American,events,29.0,8.0,20.0,3.173219438998854,200,percentile
Framingham-office (recal),race,Mexican American,observed,0.00585160301417802,0.0029088099100715538,0.008772496105491944,0.0015815212678945167,200,percentile
Framingham-office (recal),race,Mexican American,expected,0.007304158839152412,0.006770486184140886,0.007661330131741373,0.00023116857138059008,200,percentile
Framingham-office (recal),race,Mexican American,OE,0.801133045301771,0.411832395272959,1.2125694093810626,0.21308609394063519,200,percentile
Framingham-office (recal),race,Mexican American,cal_intercept,-0.22387864066749727,-0.8945254526756251,0.19588620278838184,0.2967619983021186,200,percentile
Framingham-office (recal),race,Mexican American,cal_slope,0.6706226032241525,0.25459000807852034,1.200075970581884,0.2343005083990739,200,percentile
Framingham-office (recal),race,Mexican American,AUC,0.6799158476707494,0.5639811103341924,0.8368531941050924,0.07022618058344723,200,percentile
Framingham-office (recal),race,Mexican American,brier,0.005830466385074798,0.0029213420337005132,0.008717596343466376,0.0015561794123390216,200,percentile
Framingham-office (recal),race,Mexican American,scaled_brier,-0.0022526755737730664,-0.02541985751789894,0.008188273907362554,0.007655534020349988,200,percentile
Framingham-office (recal),race,Mexican American,pct_flagged_7.5,0.002558124486733366,0.001105383760181838,0.004014550884101769,0.0008180290805542543,200,percentile
Framingham-office (recal),race,Mexican American,TPR_7.5,0.009329462514006374,0.0,0.02955636725840484,0.010590709773124471,200,percentile
Framingham-office (recal),race,Mexican American,FPR_7.5,0.0025277395915594704,0.0011098265647128441,0.003982664426961551,0.0008179795104482013,200,percentile
Framingham-office (recal),race,Mexican American,pct_flagged_20,0.0,0.0,0.0,0.0,200,percentile
Framingham-office (recal),race,Mexican American,TPR_20,0.0,0.0,0.0,0.0,200,percentile
Framingham-office (recal),race,Mexican American,FPR_20,0.0,0.0,0.0,0.0,200,percentile
Framingham-office (recal),race,Mexican American,rel_OE,0.8826150554435805,0.449368677128778,1.3689729462858111,0.24430904818740976,200,percentile
Framingham-office (recal),race,NH Black,n,3771.0,1715.925,2075.775,97.26591226345542,200,percentile
Framingham-office (recal),race,NH Black,events,59.0,21.975,39.0,4.548673118138782,200,percentile
Framingham-office (recal),race,NH Black,observed,0.013577366759849318,0.009621913306319306,0.01740271100552537,0.0019254969734894337,200,percentile
Framingham-office (recal),race,NH Black,expected,0.009744938417554997,0.0093171792452933,0.01018376386892393,0.00023126867500437254,200,percentile
Framingham-office (recal),race,NH Black,OE,1.3932737363830232,1.0175008132472658,1.783748575426599,0.1862745477559885,200,percentile
Framingham-office (recal),race,NH Black,cal_intercept,0.3439511361665298,0.018157406511486455,0.6022053718179535,0.1433937458465759,200,percentile
Framingham-office (recal),race,NH Black,cal_slope,0.9622712608331287,0.7229424006418723,1.2372281237852516,0.14226369987138096,200,percentile
Framingham-office (recal),race,NH Black,AUC,0.769100971608919,0.6977844869589086,0.8589957658491982,0.04196913478061514,200,percentile
Framingham-office (recal),race,NH Black,brier,0.013130765910020591,0.009328004541520808,0.016940591507150868,0.0018392341165523489,200,percentile
Framingham-office (recal),race,NH Black,scaled_brier,0.01958153762528181,-0.0012630340569649452,0.03547723692707924,0.009588713391716783,200,percentile
Framingham-office (recal),race,NH Black,pct_flagged_7.5,0.007249969957657783,0.005180513411691393,0.009108860866704312,0.0010632847682504503,200,percentile
Framingham-office (recal),race,NH Black,TPR_7.5,0.08023784453698575,0.029773343787344836,0.13585193706379495,0.02747111232270904,200,percentile
Framingham-office (recal),race,NH Black,FPR_7.5,0.006270871442775238,0.004337673876316264,0.008047684991927333,0.0010054592283717128,200,percentile
Framingham-office (recal),race,NH Black,pct_flagged_20,0.0006595369324737836,0.0,0.001327156089429962,0.0003521332945282601,200,percentile
Framingham-office (recal),race,NH Black,TPR_20,0.013417984585711282,0.0,0.03111462125315234,0.012992025953730195,200,percentile
Framingham-office (recal),race,NH Black,FPR_20,0.00048423394750926293,0.0,0.0009731706613446037,0.00027509697787366313,200,percentile
Framingham-office (recal),race,NH Black,rel_OE,1.5349814656847336,1.1292231765448946,2.1496693145923365,0.2515893363343421,200,percentile
Framingham-office (recal),race,NH White,n,8634.0,4016.35,4657.025,178.93987641624005,200,percentile
Framingham-office (recal),race,NH White,events,82.0,30.975,52.0,5.228523913262499,200,percentile
Framingham-office (recal),race,NH White,observed,0.006613868217302638,0.004815998124406924,0.008448335401856716,0.0009701259634394466,200,percentile
Framingham-office (recal),race,NH White,expected,0.007655557990530857,0.0073914178356146824,0.007912281555831294,0.00013755688175504297,200,percentile
Framingham-office (recal),race,NH White,OE,0.8639302615803207,0.6180420416166598,1.0862113190934215,0.12327974668674647,200,percentile
Framingham-office (recal),race,NH White,cal_intercept,-0.14972718728934628,-0.4896475907342283,0.0844423647238147,0.1489494463991677,200,percentile
Framingham-office (recal),race,NH White,cal_slope,1.1166122482883811,0.9147154958399872,1.3202471126725843,0.11333003573623772,200,percentile
Framingham-office (recal),race,NH White,AUC,0.809765342754651,0.7657207396759005,0.8554849449544143,0.02497979692614286,200,percentile
Framingham-office (recal),race,NH White,brier,0.006518545619079117,0.004777666141371379,0.008297298004483332,0.0009393950706615031,200,percentile
Framingham-office (recal),race,NH White,scaled_brier,0.007850588186117946,-0.002375503816767438,0.0154563826861443,0.00471519130546542,200,percentile
Framingham-office (recal),race,NH White,pct_flagged_7.5,0.00321242931565439,0.002064799202245235,0.004262393922183881,0.00056741303379203,200,percentile
Framingham-office (recal),race,NH White,TPR_7.5,0.01011875253835809,0.0,0.035624849296510434,0.01105858975770997,200,percentile
Framingham-office (recal),race,NH White,FPR_7.5,0.0031657666878756635,0.0020853086041542207,0.004171962598812158,0.0005538999750638421,200,percentile
Framingham-office (recal),race,NH White,pct_flagged_20,8.536064801783558e-05,0.0,0.00018434485473084602,8.673586869165592e-05,200,percentile
Framingham-office (recal),race,NH White,TPR_20,0.0,0.0,0.0,0.0,200,percentile
Framingham-office (recal),race,NH White,FPR_20,8.585336725582573e-05,0.0,0.00018578231157622205,8.727325522401089e-05,200,percentile
Framingham-office (recal),race,NH White,rel_OE,0.9517992800270476,0.838819125435954,1.0360142675588326,0.05530253639326604,200,percentile
Framingham-office (recal),race,Other Hispanic,n,1471.0,615.95,881.325,69.82482586109803,200,percentile
Framingham-office (recal),race,Other Hispanic,events,6.0,1.0,6.0,1.409862960659367,200,percentile
Framingham-office (recal),race,Other Hispanic,observed,0.0022833153649808487,0.00047788978797049783,0.00417895688473461,0.0010733920518442885,200,percentile
Framingham-office (recal),race,Other Hispanic,expected,0.007379733773353475,0.0067388510746435055,0.008005735900574962,0.0003261858064032076,200,percentile
Framingham-office (recal),race,Other Hispanic,OE,0.30940348732163975,0.06318253844286403,0.5703219078784124,0.14566302846054652,200,percentile
Framingham-office (recal),race,Other Hispanic,cal_intercept,-1.1916157725187508,-2.78379651595025,-0.5755608902526169,3.377997697755306,200,percentile
Framingham-office (recal),race,Other Hispanic,cal_slope,1.5139712531041265,0.8112528636468967,2.953520221028987,7.397840565046368,200,percentile
Framingham-office (recal),race,Other Hispanic,AUC,0.8896793175673401,0.7640714073089123,0.9993268598745414,0.06617096874914138,196,percentile
Framingham-office (recal),race,Other Hispanic,brier,0.002283505054735423,0.0005420377153590333,0.004064083035231417,0.0010109551860397776,200,percentile
Framingham-office (recal),race,Other Hispanic,scaled_brier,-0.002371807407959059,-0.27684952464498624,0.053723128313503773,0.07660024771315695,196,percentile
Framingham-office (recal),race,Other Hispanic,pct_flagged_7.5,0.0026910736595012834,0.0010580883359810871,0.004462807812285253,0.0008758877496705211,200,percentile
Framingham-office (recal),race,Other Hispanic,TPR_7.5,0.1273098298401407,0.0,1.0,0.2164344913571543,196,percentile
Framingham-office (recal),race,Other Hispanic,FPR_7.5,0.0024081933033704623,0.0008279303630109707,0.003966379892038553,0.0008382453287152388,200,percentile
Framingham-office (recal),race,Other Hispanic,pct_flagged_20,0.00030068668520863933,0.0,0.0007078758623407144,0.0003067657465445501,200,percentile
Framingham-office (recal),race,Other Hispanic,TPR_20,0.0,0.0,0.0,0.0,196,percentile
Framingham-office (recal),race,Other Hispanic,FPR_20,0.00030866874748577077,0.0,0.0007265624562981708,0.0003148778305232268,200,percentile
Framingham-office (recal),race,Other Hispanic,rel_OE,0.34087244024987234,0.07169946611267475,0.6698544193935319,0.16679898179180563,200,percentile
Framingham-office (recal),race,Other/Multiracial,n,1233.0,536.0,705.025,45.186881351019935,200,percentile
Framingham-office (recal),race,Other/Multiracial,events,9.0,1.0,7.025000000000006,1.6642184699064875,200,percentile
Framingham-office (recal),race,Other/Multiracial,observed,0.0069298635233422876,0.0009811895941340399,0.012440049155856088,0.0030806361514186557,200,percentile
Framingham-office (recal),race,Other/Multiracial,expected,0.00677331675096543,0.006289619577508638,0.007306799672450163,0.000296096047895132,200,percentile
Framingham-office (recal),race,Other/Multiracial,OE,1.023112276914341,0.14080652710262834,1.881981174017334,0.4554388422484982,200,percentile
Framingham-office (recal),race,Other/Multiracial,cal_intercept,0.020945687998222783,-1.978031900350841,0.643537830408298,2.550692532775974,200,percentile
Framingham-office (recal),race,Other/Multiracial,cal_slope,0.41708916432774795,-0.7146082375146693,2.2088460030229644,3.794213356100809,200,percentile
Framingham-office (recal),race,Other/Multiracial,AUC,0.5946984226528609,0.3022350925773492,0.9303981216420477,0.1858929306847458,198,percentile
Framingham-office (recal),race,Other/Multiracial,brier,0.0068463717529223846,0.0009349924379316875,0.012188188788016934,0.0030286477967505234,200,percentile
Framingham-office (recal),race,Other/Multiracial,scaled_brier,0.005153964537685796,-0.03556972235561781,0.044795609514676635,0.02390434967958679,198,percentile
Framingham-office (recal),race,Other/Multiracial,pct_flagged_7.5,0.0010652006119194644,0.0,0.0021592287224185143,0.0006308853416177427,200,percentile
Framingham-office (recal),race,Other/Multiracial,TPR_7.5,0.060442940246579896,0.0,0.3100691628312239,0.10798369870924894,198,percentile
Framingham-office (recal),race,Other/Multiracial,FPR_7.5,0.0006626832584426429,0.0,0.0014130741894003832,0.00048008745852250927,200,percentile
Framingham-office (recal),race,Other/Multiracial,pct_flagged_20,0.0,0.0,0.0,0.0,200,percentile
Framingham-office (recal),race,Other/Multiracial,TPR_20,0.0,0.0,0.0,0.0,198,percentile
Framingham-office (recal),race,Other/Multiracial,FPR_20,0.0,0.0,0.0,0.0,200,percentile
Framingham-office (recal),race,Other/Multiracial,rel_OE,1.127171453367788,0.17148125870923422,2.16886554900153,0.49956096537826866,200,percentile
Framingham-office (recal),age_group,40-49,n,6020.0,2921.95,3138.5,60.3421715164161,200,percentile
Framingham-office (recal),age_group,40-49,events,20.0,6.0,14.0,2.2349215583235353,200,percentile
Framingham-office (recal),age_group,40-49,observed,0.0025668456574225876,0.0011434078557405218,0.0038557507777777426,0.000765887741165619,200,percentile
Framingham-office (recal),age_group,40-49,expected,0.0032051504512499262,0.003128682983383437,0.0032919584479238003,4.445928082774426e-05,200,percentile
Framingham-office (recal),age_group,40-49,OE,0.8008502865822051,0.3487209452217715,1.2103113212135614,0.23818743400843054,200,percentile
Framingham-office (recal),age_group,40-49,cal_intercept,-0.22372843392815267,-1.0577089791194871,0.19100022965172161,0.34470607593362507,200,percentile
Framingham-office (recal),age_group,40-49,cal_slope,1.6215348161293028,1.2700077841477848,2.1134908785686712,0.2313023216591851,200,percentile
Framingham-office (recal),age_group,40-49,AUC,0.8393764623598031,0.759908535440184,0.9089345386932645,0.0375626008283635,200,percentile
Framingham-office (recal),age_group,40-49,brier,0.002549764982280503,0.0011445560608773502,0.0038279872414833972,0.0007569589358758219,200,percentile
Framingham-office (recal),age_group,40-49,scaled_brier,0.004098017766858586,-0.002566772784729226,0.007424478475630298,0.0032440322492985033,200,percentile
Framingham-office (recal),age_group,40-49,pct_flagged_7.5,0.0,0.0,0.0,0.0,200,percentile
Framingham-office (recal),age_group,40-49,TPR_7.5,0.0,0.0,0.0,0.0,200,percentile
Framingham-office (recal),age_group,40-49,FPR_7.5,0.0,0.0,0.0,0.0,200,percentile
Framingham-office (recal),age_group,40-49,pct_flagged_20,0.0,0.0,0.0,0.0,200,percentile
Framingham-office (recal),age_group,40-49,TPR_20,0.0,0.0,0.0,0.0,200,percentile
Framingham-office (recal),age_group,40-49,FPR_20,0.0,0.0,0.0,0.0,200,percentile
Framingham-office (recal),age_group,40-49,rel_OE,0.8823035377694434,0.4289863068688146,1.3096588363341672,0.24541287169494436,200,percentile
Framingham-office (recal),age_group,50-59,n,4853.0,2352.9,2546.1,51.50544660665275,200,percentile
Framingham-office (recal),age_group,50-59,events,32.0,11.0,21.025000000000006,2.8720801209411855,200,percentile
Framingham-office (recal),age_group,50-59,observed,0.005256059623114469,0.0029391966820478017,0.0075929686436780755,0.0012005674656899838,200,percentile
Framingham-office (recal),age_group,50-59,expected,0.006523869598455013,0.006307118888823078,0.006810932282993678,0.00014593515775589852,200,percentile
Framingham-office (recal),age_group,50-59,OE,0.8056659538932558,0.4588015398897041,1.171428371769168,0.18351876200353406,200,percentile
Framingham-office (recal),age_group,50-59,cal_intercept,-0.2184347626000061,-0.7858390310282273,0.16040520159455407,0.24198275532958313,200,percentile
Framingham-office (recal),age_group,50-59,cal_slope,0.9147010775740496,0.3249955465809215,1.482482210717481,0.3172451105759322,200,percentile
Framingham-office (recal),age_group,50-59,AUC,0.684463661881552,0.5452759085813756,0.809256985767799,0.07301095121190523,200,percentile
Framingham-office (recal),age_group,50-59,brier,0.005216179129453573,0.00294726294487367,0.007509275641689139,0.001178347816009032,200,percentile
Framingham-office (recal),age_group,50-59,scaled_brier,0.0023437863352544497,-0.006823527800061024,0.008866235553244593,0.004098147504050361,200,percentile
Framingham-office (recal),age_group,50-59,pct_flagged_7.5,0.0008512889211659994,0.0,0.0023326922944427175,0.0007037354093499232,200,percentile
Framingham-office (recal),age_group,50-59,TPR_7.5,0.0,0.0,0.0,0.0,200,percentile
Framingham-office (recal),age_group,50-59,FPR_7.5,0.0008541463529171666,0.0,0.002334830372606154,0.0007059633046188345,200,percentile
Framingham-office (recal),age_group,50-59,pct_flagged_20,0.0,0.0,0.0,0.0,200,percentile
Framingham-office (recal),age_group,50-59,TPR_20,0.0,0.0,0.0,0.0,200,percentile
Framingham-office (recal),age_group,50-59,FPR_20,0.0,0.0,0.0,0.0,200,percentile
Framingham-office (recal),age_group,50-59,rel_OE,0.8876089991976882,0.5671093549344458,1.203843150630394,0.16440567382757398,200,percentile
Framingham-office (recal),age_group,60-69,n,4785.0,2301.9,2518.0,56.787073870679095,200,percentile
Framingham-office (recal),age_group,60-69,events,47.0,17.0,32.0,3.8531329026947843,200,percentile
Framingham-office (recal),age_group,60-69,observed,0.010109367250397527,0.006729859314879694,0.014142501326475543,0.0019762491375010364,200,percentile
Framingham-office (recal),age_group,60-69,expected,0.012136482337645551,0.011690019416728958,0.012638207526350346,0.00025171612900351786,200,percentile
Framingham-office (recal),age_group,60-69,OE,0.8329734241889665,0.5466880482895862,1.1671297418389956,0.16389371418477888,200,percentile
Framingham-office (recal),age_group,60-69,cal_intercept,-0.18724711416284948,-0.6175948212505319,0.15870170942574321,0.20768805163964763,200,percentile
Framingham-office (recal),age_group,60-69,cal_slope,0.9574401284849502,0.45007703267521804,1.4267457114480326,0.2572177991006016,200,percentile
Framingham-office (recal),age_group,60-69,AUC,0.7115791585832514,0.5992140614866928,0.8083683193522063,0.05607495612139111,200,percentile
Framingham-office (recal),age_group,60-69,brier,0.009973067225581191,0.006851928653086063,0.013842764910834844,0.001885064506316143,200,percentile
Framingham-office (recal),age_group,60-69,scaled_brier,0.003407629291632852,-0.021156015794801534,0.016220735051137938,0.009469098965631067,200,percentile
Framingham-office (recal),age_group,60-69,pct_flagged_7.5,0.004100682461028236,0.0018975725337089166,0.0059311254206143625,0.0013094361477509872,200,percentile
Framingham-office (recal),age_group,60-69,TPR_7.5,0.009603993995877894,0.0,0.024530360507256557,0.007231009098061411,200,percentile
Framingham-office (recal),age_group,60-69,FPR_7.5,0.004053863384249549,0.0018517796109711378,0.005881677008847354,0.0013399426043828255,200,percentile
Framingham-office (recal),age_group,60-69,pct_flagged_20,5.3131636386796806e-05,0.0,0.00011373474692258482,5.351301771778406e-05,200,percentile
Framingham-office (recal),age_group,60-69,TPR_20,0.0,0.0,0.0,0.0,200,percentile
Framingham-office (recal),age_group,60-69,FPR_20,5.3617720009050494e-05,0.0,0.00011484443231697292,5.402027992772005e-05,200,percentile
Framingham-office (recal),age_group,60-69,rel_OE,0.9176938703066984,0.6590673956017281,1.2108262184049638,0.14441537406009058,200,percentile
Framingham-office (recal),age_group,70-79,n,2853.0,1368.875,1513.075,37.10977874350586,200,percentile
Framingham-office (recal),age_group,70-79,events,86.0,33.975,53.0,4.745563916377285,200,percentile
Framingham-office (recal),age_group,70-79,observed,0.022824554760039518,0.016880561623969774,0.028842584685122408,0.0032874809807074672,200,percentile
Framingham-office (recal),age_group,70-79,expected,0.019819039450175963,0.019049078898350346,0.020590990560050235,0.00041390904390006605,200,percentile
Framingham-office (recal),age_group,70-79,OE,1.151647879677482,0.8392294620724415,1.4635260404547832,0.16474687740331212,200,percentile
Framingham-office (recal),age_group,70-79,cal_intercept,0.14586728475072372,-0.18710165349623725,0.39461243108900546,0.1538371910722773,200,percentile
Framingham-office (recal),age_group,70-79,cal_slope,0.7967162817628752,0.48498326639865463,1.0979167940687702,0.14801990848707866,200,percentile
Framingham-office (recal),age_group,70-79,AUC,0.6861873398654933,0.6079218291695865,0.7615586649503152,0.03931419978400208,200,percentile
Framingham-office (recal),age_group,70-79,brier,0.02213399938283693,0.016497648352955682,0.02768818989325897,0.0030941448960668866,200,percentile
Framingham-office (recal),age_group,70-79,scaled_brier,0.007603934760935238,-0.007514786377432968,0.019368450385411462,0.00729570732202331,200,percentile
Framingham-office (recal),age_group,70-79,pct_flagged_7.5,0.021950142365886934,0.0160058379893677,0.027657041078198597,0.0031294477313152922,200,percentile
Framingham-office (recal),age_group,70-79,TPR_7.5,0.07126068850061122,0.027246358223446135,0.11963128268468436,0.026368759544702657,200,percentile
Framingham-office (recal),age_group,70-79,FPR_7.5,0.02084150976372335,0.014993846511856946,0.02627405678349291,0.003094757285143984,200,percentile
Framingham-office (recal),age_group,70-79,pct_flagged_20,0.0012145307933538554,0.0,0.002386996061345772,0.0007114968784920176,200,percentile
Framingham-office (recal),age_group,70-79,TPR_20,0.007159014251836243,0.0,0.01867467897823075,0.007406551424969884,200,percentile
Framingham-office (recal),age_group,70-79,FPR_20,0.0010800422027358947,0.0,0.002157622014123021,0.000701612180871422,200,percentile
Framingham-office (recal),age_group,70-79,rel_OE,1.2687802146398064,0.9563922478330035,1.653115294166147,0.17715214089844972,200,percentile
Framingham-office (recal),income,PIR 1.3-3.5,n,6093.0,2941.95,3185.225,59.52340023788453,200,percentile
Framingham-office (recal),income,PIR 1.3-3.5,events,68.0,26.975,44.0,4.9006178463926275,200,percentile
Framingham-office (recal),income,PIR 1.3-3.5,observed,0.008886390823754045,0.006097653697838443,0.011835972319225225,0.0014911249799512529,200,percentile
Framingham-office (recal),income,PIR 1.3-3.5,expected,0.008830879632785846,0.008500895800612104,0.009219899812977685,0.00019342999641371397,200,percentile
Framingham-office (recal),income,PIR 1.3-3.5,OE,1.0062860318877076,0.6878769596227025,1.342972368257547,0.16516712026446034,200,percentile
Framingham-office (recal),income,PIR 1.3-3.5,cal_intercept,0.00572878990994181,-0.38337730555416255,0.30361345282599467,0.17350919316637967,200,percentile
Framingham-office (recal),income,PIR 1.3-3.5,cal_slope,1.0446162887657562,0.813463838165543,1.3281749153945783,0.13375767723824114,200,percentile
Framingham-office (recal),income,PIR 1.3-3.5,AUC,0.7798296637008333,0.7286747952413177,0.8457597502899837,0.03123764110993755,200,percentile
Framingham-office (recal),income,PIR 1.3-3.5,brier,0.00871454792571782,0.005998684057055122,0.011562057596403467,0.0014398325338129882,200,percentile
Framingham-office (recal),income,PIR 1.3-3.5,scaled_brier,0.010545077420409221,-0.001308252401082288,0.020808688717852682,0.00587069797285866,200,percentile
Framingham-office (recal),income,PIR 1.3-3.5,pct_flagged_7.5,0.0033683869795700368,0.002175776240190392,0.004599871485226422,0.0006433556425600704,200,percentile
Framingham-office (recal),income,PIR 1.3-3.5,TPR_7.5,0.021747811487415003,0.0,0.04963444854938165,0.012536411204019654,200,percentile
Framingham-office (recal),income,PIR 1.3-3.5,FPR_7.5,0.0032080481626436566,0.0019919741946300036,0.004410531802505158,0.0006334362535590887,200,percentile
Framingham-office (recal),income,PIR 1.3-3.5,pct_flagged_20,0.0003268923364598987,0.0,0.0006760828861260169,0.00022955631658914486,200,percentile
Framingham-office (recal),income,PIR 1.3-3.5,TPR_20,0.0,0.0,0.0,0.0,200,percentile
Framingham-office (recal),income,PIR 1.3-3.5,FPR_20,0.0003297102619867644,0.0,0.0006822004925639289,0.00023156693284339102,200,percentile
Framingham-office (recal),income,PIR 1.3-3.5,rel_OE,1.108633836833077,0.8448300191662286,1.3995430908039923,0.15317624765619373,200,percentile
Framingham-office (recal),income,PIR<1.3,n,4506.0,2136.95,2412.2,74.19791390016076,200,percentile
Framingham-office (recal),income,PIR<1.3,events,78.0,31.0,47.0,4.1582242779495004,200,percentile
Framingham-office (recal),income,PIR<1.3,observed,0.015298893676155044,0.01089733097823048,0.019734087528471198,0.002506415583655011,200,percentile
Framingham-office (recal),income,PIR<1.3,expected,0.00909831526225796,0.008665464607070524,0.009526324030253098,0.0002250920314311375,200,percentile
Framingham-office (recal),income,PIR<1.3,OE,1.681508415037958,1.1855724550108608,2.1990235925891675,0.27069413603323644,200,percentile
Framingham-office (recal),income,PIR<1.3,cal_intercept,0.5369935047406755,0.17431271178426463,0.8166979075297698,0.17224911898386072,200,percentile
Framingham-office (recal),income,PIR<1.3,cal_slope,0.9325906572701808,0.726100538549935,1.160191571626084,0.11456648825032785,200,percentile
Framingham-office (recal),income,PIR<1.3,AUC,0.7665630561825523,0.7141266000928729,0.8210857259008735,0.02875177490964745,200,percentile
Framingham-office (recal),income,PIR<1.3,brier,0.014854117095797509,0.010544305651439802,0.01909752319685504,0.002406563307526265,200,percentile
Framingham-office (recal),income,PIR<1.3,scaled_brier,0.013987567555602487,0.0017254767374066838,0.025321979241492536,0.006489364324710517,200,percentile
Framingham-office (recal),income,PIR<1.3,pct_flagged_7.5,0.005406029985137726,0.0028855289991668205,0.008862784451518082,0.0015829804471019459,200,percentile
Framingham-office (recal),income,PIR<1.3,TPR_7.5,0.04814083113480511,0.01308099090543947,0.09463557074778664,0.0246046191510549,200,percentile
Framingham-office (recal),income,PIR<1.3,FPR_7.5,0.004751677464394241,0.002274289091306163,0.008179375607020908,0.0015515164732549389,200,percentile
Framingham-office (recal),income,PIR<1.3,pct_flagged_20,0.0002814189226469358,0.0,0.0005936849500345109,0.00017309218888634105,200,percentile
Framingham-office (recal),income,PIR<1.3,TPR_20,0.007767336625395307,0.0,0.020169153654165238,0.008073366155556632,200,percentile
Framingham-office (recal),income,PIR<1.3,FPR_20,0.00016730084400903042,0.0,0.0003561694069738102,0.00012327482608199723,200,percentile
Framingham-office (recal),income,PIR<1.3,rel_OE,1.8525320502895173,1.3913480101820572,2.3278556173971015,0.24980933842178793,200,percentile
Framingham-office (recal),income,PIR>3.5,n,6387.0,3056.325,3399.025,100.26195639173167,200,percentile
Framingham-office (recal),income,PIR>3.5,events,24.0,7.0,17.0,2.654847656721948,200,percentile
Framingham-office (recal),income,PIR>3.5,observed,0.0035296881220717473,0.0018313679997801306,0.005194860954661932,0.0008172376681171629,200,percentile
Framingham-office (recal),income,PIR>3.5,expected,0.006618270217816791,0.0063324048299151165,0.006878756368218514,0.000142184620808517,200,percentile
Framingham-office (recal),income,PIR>3.5,OE,0.5333248727997852,0.2767542633261113,0.7785948327025842,0.12506750819853688,200,percentile
Framingham-office (recal),income,PIR>3.5,cal_intercept,-0.6382229802187114,-1.29971913550107,-0.2550903674053369,0.25506110079140837,200,percentile
Framingham-office (recal),income,PIR>3.5,cal_slope,1.0720606832222226,0.5705851937568167,1.6436348572634625,0.2486199461369903,200,percentile
Framingham-office (recal),income,PIR>3.5,AUC,0.7827120341814778,0.6535602981312484,0.9203583975943059,0.06926033380761477,200,percentile
Framingham-office (recal),income,PIR>3.5,brier,0.0035334055296581865,0.001884908810460712,0.0051647216723793915,0.0007886345460491475,200,percentile
Framingham-office (recal),income,PIR>3.5,scaled_brier,-0.004599104544026789,-0.03559115166106084,0.013904319971588334,0.01237671124723697,200,percentile
Framingham-office (recal),income,PIR>3.5,pct_flagged_7.5,0.002578870572556494,0.001293482307766119,0.003630652401374917,0.0006407975364013336,200,percentile
Framingham-office (recal),income,PIR>3.5,TPR_7.5,0.0,0.0,0.0,0.0,200,percentile
Framingham-office (recal),income,PIR>3.5,FPR_7.5,0.002585957695055582,0.0012977531404907265,0.00364086199078567,0.0006426681420603089,200,percentile
Framingham-office (recal),income,PIR>3.5,pct_flagged_20,0.0,0.0,0.0,0.0,200,percentile
Framingham-office (recal),income,PIR>3.5,TPR_20,0.0,0.0,0.0,0.0,200,percentile
Framingham-office (recal),income,PIR>3.5,FPR_20,0.0,0.0,0.0,0.0,200,percentile
Framingham-office (recal),income,PIR>3.5,rel_OE,0.5875685255228884,0.34099688208688167,0.8299963658254306,0.11334474396607434,200,percentile
Framingham-office (recal),education,<HS,n,5308.0,2530.875,2839.0,76.97219216596447,200,percentile
Framingham-office (recal),education,<HS,events,86.0,33.0,51.025000000000006,4.5226148659962915,200,percentile
Framingham-office (recal),education,<HS,observed,0.013345028923801577,0.009175460431664213,0.01706638628472439,0.002048273475880992,200,percentile
Framingham-office (recal),education,<HS,expected,0.010392963778699417,0.009951602704438648,0.010776150045085498,0.00021404947775883738,200,percentile
Framingham-office (recal),education,<HS,OE,1.2840445909329998,0.9127865715019369,1.6040390116240981,0.18802367677038828,200,percentile
Framingham-office (recal),education,<HS,cal_intercept,0.2588187141914729,-0.09384096284539638,0.4902916995534903,0.15644627340644926,200,percentile
Framingham-office (recal),education,<HS,cal_slope,1.056748266623792,0.8069755778012754,1.3220363676382854,0.13252382647735172,200,percentile
Framingham-office (recal),education,<HS,AUC,0.783403785639256,0.7212597592430723,0.8422267720922562,0.03291826218344445,200,percentile
Framingham-office (recal),education,<HS,brier,0.012898743009507265,0.009066823892953345,0.016494501775546767,0.0019409393310135731,200,percentile
Framingham-office (recal),education,<HS,scaled_brier,0.02036890386854029,0.005201637023027401,0.03267118800414399,0.007284395319565266,200,percentile
Framingham-office (recal),education,<HS,pct_flagged_7.5,0.006434293556128333,0.004757849415717633,0.008125519119540273,0.000915542870189315,200,percentile
Framingham-office (recal),education,<HS,TPR_7.5,0.06359737165048224,0.020647412809466026,0.11612179806280039,0.025254799570989653,200,percentile
Framingham-office (recal),education,<HS,FPR_7.5,0.005661942030326983,0.003993198969243121,0.007261053705575381,0.0009012316305288839,200,percentile
Framingham-office (recal),education,<HS,pct_flagged_20,0.00024424886551728195,0.0,0.0005044036972765672,0.0001511703800369264,200,percentile
Framingham-office (recal),education,<HS,TPR_20,0.007742615004903288,0.0,0.02058373566845952,0.007740632535264688,200,percentile
Framingham-office (recal),education,<HS,FPR_20,0.00014254189268142,0.0,0.0002970532377105811,9.914752844793171e-05,200,percentile
Framingham-office (recal),education,<HS,rel_OE,1.4146427918117659,1.0671501242447887,1.7692623103371767,0.1776847299619684,200,percentile
Framingham-office (recal),education,College+,n,4141.0,1949.775,2219.025,71.40429445300651,200,percentile
Framingham-office (recal),education,College+,events,22.0,6.0,16.0,2.446698113436036,200,percentile
Framingham-office (recal),education,College+,observed,0.004027443647182348,0.0018968958386931085,0.006163630045642492,0.0011062539242685837,200,percentile
Framingham-office (recal),education,College+,expected,0.0061655163052424895,0.005900948468388025,0.006441906649054459,0.00013659590101948148,200,percentile
Framingham-office (recal),education,College+,OE,0.6532208249547317,0.3015765441903823,0.9934798758880662,0.17978773584591318,200,percentile
Framingham-office (recal),education,College+,cal_intercept,-0.43245545030122057,-1.2119066469732653,-0.007006518246202416,0.308784982494419,200,percentile
Framingham-office (recal),education,College+,cal_slope,1.2586322188058605,0.6540540927390271,1.8465480482187564,0.3027507750446034,200,percentile
Framingham-office (recal),education,College+,AUC,0.7939990309301933,0.6300411256681633,0.941745822139197,0.0834484495892314,200,percentile
Framingham-office (recal),education,College+,brier,0.0039506937062027125,0.0019153337523970465,0.005966057703693789,0.0010584886003407825,200,percentile
Framingham-office (recal),education,College+,scaled_brier,0.015090069398928652,-0.014989333456100573,0.033459618710948213,0.013693491419774521,200,percentile
Framingham-office (recal),education,College+,pct_flagged_7.5,0.002006851910134862,0.0009351915407670051,0.0029443586250342017,0.0005531370381648366,200,percentile
Framingham-office (recal),education,College+,TPR_7.5,0.01850942446155814,0.0,0.0619240634896626,0.021788990100529437,200,percentile
Framingham-office (recal),education,College+,FPR_7.5,0.0019373017539208173,0.0008215312279290104,0.0028680432923792656,0.0005549324980777665,200,percentile
Framingham-office (recal),education,College+,pct_flagged_20,0.0,0.0,0.0,0.0,200,percentile
Framingham-office (recal),education,College+,TPR_20,0.0,0.0,0.0,0.0,200,percentile
Framingham-office (recal),education,College+,FPR_20,0.0,0.0,0.0,0.0,200,percentile
Framingham-office (recal),education,College+,rel_OE,0.7196589106084741,0.3613416702649409,1.0923678640876924,0.18285237364240411,200,percentile
Framingham-office (recal),education,HS/GED,n,4214.0,2032.95,2229.125,55.42173076696568,200,percentile
Framingham-office (recal),education,HS/GED,events,38.0,13.0,25.0,3.2118460071848633,200,percentile
Framingham-office (recal),education,HS/GED,observed,0.006604142168953903,0.0031713692739783854,0.00959034263445987,0.001551995152325472,200,percentile
Framingham-office (recal),education,HS/GED,expected,0.008559208473726473,0.008105237833106089,0.009071995927428548,0.00023750987807255055,200,percentile
Framingham-office (recal),education,HS/GED,OE,0.7715832824058576,0.36854265353665583,1.1276169493754684,0.18218098036134672,200,percentile
Framingham-office (recal),education,HS/GED,cal_intercept,-0.2658331490989324,-1.017536876456246,0.12218673685086258,0.2718790372573689,200,percentile
Framingham-office (recal),education,HS/GED,cal_slope,0.8922441008781878,0.638555773758442,1.2118766408057664,0.14644891849663924,200,percentile
Framingham-office (recal),education,HS/GED,AUC,0.7771682999814381,0.7148960825885274,0.8470839524059458,0.03518248941790492,200,percentile
Framingham-office (recal),education,HS/GED,brier,0.006606540545781055,0.0033508338793373357,0.009530485958352477,0.0015113670521345157,200,percentile
Framingham-office (recal),education,HS/GED,scaled_brier,-0.007013623643690403,-0.0345305221343321,0.004795737366926884,0.01161520298306828,200,percentile
Framingham-office (recal),education,HS/GED,pct_flagged_7.5,0.00513729994689095,0.002333209214406211,0.007549571220852854,0.0013729688850697575,200,percentile
Framingham-office (recal),education,HS/GED,TPR_7.5,0.0,0.0,0.0,0.0,200,percentile
Framingham-office (recal),education,HS/GED,FPR_7.5,0.005180235089652154,0.002357620850120723,0.007633498566129052,0.001381555049324738,200,percentile
Framingham-office (recal),education,HS/GED,pct_flagged_20,0.0003226256603973517,0.0,0.0006831108377767524,0.0002874946300279484,200,percentile
Framingham-office (recal),education,HS/GED,TPR_20,0.0,0.0,0.0,0.0,200,percentile
Framingham-office (recal),education,HS/GED,FPR_20,0.00032640178146422176,0.0,0.0006931313277753549,0.00029018468557638356,200,percentile
Framingham-office (recal),education,HS/GED,rel_OE,0.8500598316019563,0.49108394501031444,1.104946762071312,0.1751223503647767,200,percentile
Framingham-office (recal),education,Some college,n,4833.0,2332.975,2539.125,55.33961932771744,200,percentile
Framingham-office (recal),education,Some college,events,37.0,12.0,24.025000000000006,3.2807915149890454,200,percentile
Framingham-office (recal),education,Some college,observed,0.0067594161332692965,0.0037287246881860655,0.009373953083479427,0.0014716190150646448,200,percentile
Framingham-office (recal),education,Some college,expected,0.0072588111084621295,0.007000023793689986,0.007546880643365542,0.00013888193432986124,200,percentile
Framingham-office (recal),education,Some college,OE,0.9312015469570972,0.5169921881546464,1.2732909856189574,0.19761682877979472,200,percentile
Framingham-office (recal),education,Some college,cal_intercept,-0.0741382460115858,-0.6692587126634532,0.24595872219501685,0.2347146796930605,200,percentile
Framingham-office (recal),education,Some college,cal_slope,0.9248448221417516,0.6195280176112362,1.2905693698150522,0.1774580904259481,200,percentile
Framingham-office (recal),education,Some college,AUC,0.7534065135332798,0.6811334710242545,0.8363799917646126,0.041531691554618826,200,percentile
Framingham-office (recal),education,Some college,brier,0.006695305735918381,0.0037560034995958486,0.009289964936559153,0.0014366263998036618,200,percentile
Framingham-office (recal),education,Some college,scaled_brier,0.0027437357016312225,-0.009596732277220786,0.011466403564254199,0.00569724592514825,200,percentile
Framingham-office (recal),education,Some college,pct_flagged_7.5,0.0016960989805133982,0.0007648492506376561,0.0025357100518339057,0.0004752815373072633,200,percentile
Framingham-office (recal),education,Some college,TPR_7.5,0.008890645763516319,0.0,0.027773226878233817,0.01015467572524076,200,percentile
Framingham-office (recal),education,Some college,FPR_7.5,0.0016539281899812953,0.000651397166660832,0.0024610083214344353,0.00048293432283416323,200,percentile
Framingham-office (recal),education,Some college,pct_flagged_20,7.551101866815292e-05,0.0,0.00016068210934108666,7.693397515619652e-05,200,percentile
Framingham-office (recal),education,Some college,TPR_20,0.0,0.0,0.0,0.0,200,percentile
Framingham-office (recal),education,Some college,FPR_20,7.59654676207565e-05,0.0,0.00016198831504835905,7.742900951427504e-05,200,percentile
Framingham-office (recal),education,Some college,rel_OE,1.0259126243969823,0.6287079613748576,1.372886108596699,0.1919946904221151,200,percentile
Framingham-office (recal),sex,GAP(max-min),OE,0.03409363478305205,0.0,0.059296132701900116,0.1185888814972002,200,basic
Framingham-office (recal),sex,GAP(max-min),AUC,0.008141491053033745,0.0,0.012339899078142275,0.02728503921616233,200,basic
Framingham-office (recal),sex,GAP(max-min),cal_slope,0.023550722377666977,0.0,0.03872866509908745,0.09309095666177337,200,basic
Framingham-office (recal),sex,GAP(max-min),TPR_7.5,0.0007616251697432803,0.0,0.001140997378785807,0.014105719730773951,200,basic
Framingham-office (recal),sex,GAP(max-min),FPR_7.5,0.0043987223024013495,0.002951881092394436,0.006380037112904663,0.0008745559256876675,200,basic
Framingham-office (recal),sex,GAP(max-min),pct_flagged_7.5,0.0044797854710565965,0.003088437295464843,0.006655396776811123,0.0009106421727024677,200,basic
Framingham-office (recal),sex,GAP(max/min),OE,1.038083047449911,1.0,1.0664940146600175,0.1754649359705812,200,basic
Framingham-office (recal),race,GAP(max-min),OE,0.5921406910812522,0.005786495707721162,0.9977645508217547,0.2566448909231654,200,basic
Framingham-office (recal),race,GAP(max-min),AUC,0.12984949508390153,0.007556550348767788,0.23662331326372074,0.06527189500736953,200,basic
Framingham-office (recal),race,GAP(max-min),cal_slope,0.44598964506422867,0.005555555341547835,0.801133542389534,0.224099527829695,200,basic
Framingham-office (recal),race,GAP(max-min),TPR_7.5,0.07090838202297937,0.006714134263325344,0.12048045631220393,0.03035041563783074,200,basic
Framingham-office (recal),race,GAP(max-min),FPR_7.5,0.003743131851215768,0.0014875335203561905,0.005966378731518803,0.0012157396419210003,200,basic
Framingham-office (recal),race,GAP(max-min),pct_flagged_7.5,0.0046918454709244176,0.0023290253673577867,0.006974187374815399,0.0013031791084608863,200,basic
Framingham-office (recal),race,GAP(max/min),OE,1.7391290305072917,1.0,2.289911507815125,0.5524433875762506,200,basic
Framingham-office (recal),age_group,GAP(max-min),OE,0.3507975930952769,0.0,0.5505647388590839,0.19105553858103363,200,basic
Framingham-office (recal),age_group,GAP(max-min),AUC,0.15491280047825107,0.01901870355453872,0.27862170239198125,0.07305102628952038,200,basic
Framingham-office (recal),age_group,GAP(max-min),cal_slope,0.8248185343664276,0.11645833753776702,1.5141004054465326,0.3658368654991535,200,basic
Framingham-office (recal),age_group,GAP(max-min),TPR_7.5,0.07126068850061122,0.022890094316538087,0.11527501877777631,0.026341145329908944,200,basic
Framingham-office (recal),age_group,GAP(max-min),FPR_7.5,0.02084150976372335,0.015685940132121476,0.027980075462740617,0.003188468887197276,200,basic
Framingham-office (recal),age_group,GAP(max-min),pct_flagged_7.5,0.021950142365886934,0.01677399878785207,0.02913752351146366,0.0032214202984044314,200,basic
Framingham-office (recal),age_group,GAP(max/min),OE,1.4380314260638882,1.0,1.7015039200462838,0.41051632250594805,200,basic
Framingham-office (recal),income,GAP(max-min),OE,1.1481835422381728,0.722133354864178,1.915277182968151,0.32049330230700196,200,basic
Framingham-office (recal),income,GAP(max-min),AUC,0.016148977998925562,0.0,0.0277698417656414,0.04141560347136963,200,basic
Framingham-office (recal),income,GAP(max-min),cal_slope,0.13947002595204183,0.0,0.22938813406558428,0.17253073135343566,200,basic
Framingham-office (recal),income,GAP(max-min),TPR_7.5,0.04814083113480511,0.004383768160206344,0.09196015866229852,0.023105655079067578,200,basic
Framingham-office (recal),income,GAP(max-min),FPR_7.5,0.002165719769338659,0.0,0.0039353235537289725,0.0014439920681365327,200,basic
Framingham-office (recal),income,GAP(max-min),pct_flagged_7.5,0.0028271594125812323,0.0,0.005129484098474475,0.0015421842600692288,200,basic
Framingham-office (recal),income,GAP(max/min),OE,3.1528782938822557,1.8684688051491865,5.003306503733694,0.8122846263349948,200,basic
Framingham-office (recal),education,GAP(max-min),OE,0.6308237659782682,0.26152874546796556,1.0360944870037172,0.2142264828661057,200,basic
Framingham-office (recal),education,GAP(max-min),AUC,0.0405925173969135,0.0,0.059734554968698464,0.0495935668252812,200,basic
Framingham-office (recal),education,GAP(max-min),cal_slope,0.3663881179276727,0.0,0.6547086048746575,0.2524832182837529,200,basic
Framingham-office (recal),education,GAP(max-min),TPR_7.5,0.06359737165048224,0.011072945238164086,0.10654733049149845,0.02468420672806638,200,basic
Framingham-office (recal),education,GAP(max-min),FPR_7.5,0.0040080138403456875,0.0014869916053257956,0.005217878459654976,0.0009685131933454687,200,basic
Framingham-office (recal),education,GAP(max-min),pct_flagged_7.5,0.004738194575614935,0.0027538018072928864,0.006253531094243358,0.0009698112237850311,200,basic
Framingham-office (recal),education,GAP(max/min),OE,1.9657128828095527,1.0,2.675826508482225,0.5634544371691855,200,basic
ML-GAM,Overall,All,n,18511.0,9042.85,9642.175,150.16364239551265,200,percentile
ML-GAM,Overall,All,events,185.0,80.0,106.025,7.204128841283243,200,percentile
ML-GAM,Overall,All,observed,0.007058649758562692,0.005644956483087861,0.00857607183560686,0.0007733632523905439,200,percentile
ML-GAM,Overall,All,expected,0.0077586578867103765,0.007538473431457648,0.00803176249702536,0.00011863414377097069,200,percentile
ML-GAM,Overall,All,OE,0.9097771627040403,0.7182731251240422,1.0966369110036012,0.09877652450648483,200,percentile
ML-GAM,Overall,All,cal_intercept,-0.09698205438118897,-0.3378457099617125,0.09469222695341334,0.112135159998457,200,percentile
ML-GAM,Overall,All,cal_slope,1.0190892860239196,0.8649903162985476,1.1879309829174594,0.08356791106270359,200,percentile
ML-GAM,Overall,All,AUC,0.795615171231524,0.7499891896543078,0.8477758102860058,0.02397418146364405,200,percentile
ML-GAM,Overall,All,brier,0.006909324449819387,0.005562473503803996,0.008337912901176364,0.0007407877358409497,200,percentile
ML-GAM,Overall,All,scaled_brier,0.014196497868831703,0.002483649654560993,0.024840967805699783,0.005815467712048551,200,percentile
ML-GAM,Overall,All,pct_flagged_7.5,0.005237779265225837,0.004252171741686951,0.006176214869432945,0.0005233525364433699,200,percentile
ML-GAM,Overall,All,TPR_7.5,0.06723023016830117,0.0283243742834524,0.09966449817101966,0.01933427070434469,200,percentile
ML-GAM,Overall,All,FPR_7.5,0.004793500086334319,0.003897013699631834,0.005709403492574488,0.0004883400879198523,200,percentile
ML-GAM,Overall,All,pct_flagged_20,0.0003504584619997727,0.00014497909743446652,0.0005128274560386402,9.963511350192096e-05,200,percentile
ML-GAM,Overall,All,TPR_20,0.009250302932828103,0.0,0.018460654056242393,0.004968520688284539,200,percentile
ML-GAM,Overall,All,FPR_20,0.00028823590857179784,0.00010583162451717576,0.00044044884388777067,9.787038426304144e-05,200,percentile
ML-GAM,Overall,All,rel_OE,1.0,1.0,1.0,0.0,200,percentile
ML-GAM,sex,Female,n,9527.0,4643.95,4978.3,85.12720307585363,200,percentile
ML-GAM,sex,Female,events,73.0,28.975,45.0,4.05242033268562,200,percentile
ML-GAM,sex,Female,observed,0.00495433887458683,0.003458059308126401,0.0064024979972890595,0.0007281744237619684,200,percentile
ML-GAM,sex,Female,expected,0.006433262166324569,0.006214201757618016,0.006680280537472846,0.00012651400090230513,200,percentile
ML-GAM,sex,Female,OE,0.7701130074444529,0.5429162344503466,0.9898908791913743,0.11282444413141911,200,percentile
ML-GAM,sex,Female,cal_intercept,-0.2660854989722127,-0.6206446674644422,-0.008106662356448332,0.15202613859217298,200,percentile
ML-GAM,sex,Female,cal_slope,1.1157278635802963,0.8726594063338193,1.353475395215048,0.123577301403319,200,percentile
ML-GAM,sex,Female,AUC,0.8329518876224568,0.7661097982981084,0.888602812144789,0.03410586828609032,200,percentile
ML-GAM,sex,Female,brier,0.004854911624469139,0.0034757309462129615,0.006249783765092517,0.0007017192478978207,200,percentile
ML-GAM,sex,Female,scaled_brier,0.015189637849679194,-0.005787312423384394,0.0299653074823225,0.008816252454730172,200,percentile
ML-GAM,sex,Female,pct_flagged_7.5,0.0037919044103997407,0.0026881696621009403,0.004888587853623706,0.0005758877856690993,200,percentile
ML-GAM,sex,Female,TPR_7.5,0.05810412228226792,0.013237232850164512,0.11118412789690447,0.024095855712371106,200,percentile
ML-GAM,sex,Female,FPR_7.5,0.0035395214538897816,0.0025469904929889425,0.004586558733289963,0.0005757919609722718,200,percentile
ML-GAM,sex,Female,pct_flagged_20,0.00016520723944171576,0.0,0.0003394259107570201,0.00010535761386085092,200,percentile
ML-GAM,sex,Female,TPR_20,0.009577717189432606,0.0,0.024031495160128286,0.00998257059346879,200,percentile
ML-GAM,sex,Female,FPR_20,0.00011828691750443722,0.0,0.0002483009270960318,9.013862124718191e-05,200,percentile
ML-GAM,sex,Female,rel_OE,0.8464853142230153,0.6485212127560268,1.1049710842689253,0.1153381513956611,200,percentile
ML-GAM,sex,Male,n,8984.0,4368.6,4676.025,74.56247186792626,200,percentile
ML-GAM,sex,Male,events,112.0,45.0,67.025,6.1528254734335395,200,percentile
ML-GAM,sex,Male,observed,0.009398629394121427,0.006701938597085476,0.012460564230645595,0.0014068879366879,200,percentile
ML-GAM,sex,Male,expected,0.009233792005547007,0.008911712539225144,0.009580210280118894,0.0001634723069666424,200,percentile
ML-GAM,sex,Male,OE,1.017851537967868,0.7042625673709113,1.3400460663631097,0.15217854360217076,200,percentile
ML-GAM,sex,Male,cal_intercept,0.017876425611957982,-0.3590226589958615,0.30297886324243717,0.15916148013782805,200,percentile
ML-GAM,sex,Male,cal_slope,0.9286750728690611,0.7283141972128252,1.1647227181291913,0.11459705493433141,200,percentile
ML-GAM,sex,Male,AUC,0.7518747360000212,0.6888970399014216,0.8221058836504441,0.03288926608402368,200,percentile
ML-GAM,sex,Male,brier,0.009193817777757426,0.006522461336148376,0.012114622799061047,0.0013445663770654853,200,percentile
ML-GAM,sex,Male,scaled_brier,0.012510600349274537,-0.0015371330487701951,0.02508753903276662,0.007681064693308416,200,percentile
ML-GAM,sex,Male,pct_flagged_7.5,0.006847003813876927,0.005193868463671236,0.00843572755476189,0.000839016614627209,200,percentile
ML-GAM,sex,Male,TPR_7.5,0.0725796780280521,0.013139458264863972,0.12425290528960327,0.03109771085462768,200,percentile
ML-GAM,sex,Male,FPR_7.5,0.006194171929576274,0.004852328422577038,0.00749429983240587,0.0007481079273288572,200,percentile
ML-GAM,sex,Male,pct_flagged_20,0.000556638695380972,0.000201262532993872,0.0008430913923296508,0.000178426288715559,200,percentile
ML-GAM,sex,Male,TPR_20,0.009058382618481887,0.0,0.018602287573068907,0.005104611466720398,200,percentile
ML-GAM,sex,Male,FPR_20,0.0004780659107875326,0.00012764774250694302,0.0007682670108112994,0.00017707525904131274,200,percentile
ML-GAM,sex,Male,rel_OE,1.1187921391020732,0.9200239087776946,1.2765000462555423,0.08972352301290294,200,percentile
ML-GAM,race,Mexican American,n,3402.0,1453.0,1918.05,124.43597281999403,200,percentile
ML-GAM,race,Mexican American,events,29.0,8.0,20.0,3.173219438998854,200,percentile
ML-GAM,race,Mexican American,observed,0.00585160301417802,0.0029088099100715538,0.008772496105491944,0.0015815212678945167,200,percentile
ML-GAM,race,Mexican American,expected,0.0063900506204563326,0.0059044849864900075,0.0067654991793771385,0.0002213436878143021,200,percentile
ML-GAM,race,Mexican American,OE,0.9157365663810876,0.4605644912381365,1.3969669718366602,0.244984867105341,200,percentile
ML-GAM,race,Mexican American,cal_intercept,-0.08554315602510609,-0.7795165677773989,0.3523721909727934,0.29885404627818846,200,percentile
ML-GAM,race,Mexican American,cal_slope,0.8459867230751925,0.47663563431001643,1.2038579030216456,0.18096621577435845,200,percentile
ML-GAM,race,Mexican American,AUC,0.7618588353673699,0.6570010662049058,0.8709397283134939,0.05414973110486319,200,percentile
ML-GAM,race,Mexican American,brier,0.005828101999733382,0.002943443421606585,0.008722647360208415,0.0015546869494607737,200,percentile
ML-GAM,race,Mexican American,scaled_brier,-0.001846239556821061,-0.024949302023916684,0.01137050740218179,0.009278765400761916,200,percentile
ML-GAM,race,Mexican American,pct_flagged_7.5,0.004993823494556888,0.0022020138482208825,0.0073264097686710425,0.0012947970718121908,200,percentile
ML-GAM,race,Mexican American,TPR_7.5,0.01711457967417132,0.0,0.05318349305475699,0.015252531526561908,200,percentile
ML-GAM,race,Mexican American,FPR_7.5,0.004668980026910694,0.0019741791670870815,0.006939416747520359,0.0012508876188673248,200,percentile
ML-GAM,race,Mexican American,pct_flagged_20,0.000467221822073436,0.0,0.000936485872602421,0.00027987103083595884,200,percentile
ML-GAM,race,Mexican American,TPR_20,0.0,0.0,0.0,0.0,200,percentile
ML-GAM,race,Mexican American,FPR_20,0.0004745905162635362,0.0,0.0009541523738768982,0.00028456983939864416,200,percentile
ML-GAM,race,Mexican American,rel_OE,1.0065503992860567,0.5111712358019161,1.5669855577360996,0.2821128348366889,200,percentile
ML-GAM,race,NH Black,n,3771.0,1715.925,2075.775,97.26591226345542,200,percentile
ML-GAM,race,NH Black,events,59.0,21.975,39.0,4.548673118138782,200,percentile
ML-GAM,race,NH Black,observed,0.013577366759849318,0.009621913306319306,0.01740271100552537,0.0019254969734894337,200,percentile
ML-GAM,race,NH Black,expected,0.010923750706989043,0.010290255186043866,0.011441964930286257,0.0002963281552260912,200,percentile
ML-GAM,race,NH Black,OE,1.2429216964062064,0.8975490875088058,1.6118587832580225,0.17250730092847918,200,percentile
ML-GAM,race,NH Black,cal_intercept,0.2269279993619826,-0.11489369331087969,0.5034950478255291,0.14863679910061964,200,percentile
ML-GAM,race,NH Black,cal_slope,1.0070329026089218,0.8053178086292124,1.241354145631615,0.11767532603150539,200,percentile
ML-GAM,race,NH Black,AUC,0.8089581895573904,0.7488020113938975,0.8717850165305273,0.0314417946426336,200,percentile
ML-GAM,race,NH Black,brier,0.012932921426098554,0.009167647820760896,0.016477060273387197,0.001810118338047886,200,percentile
ML-GAM,race,NH Black,scaled_brier,0.03435374406360814,0.006234885520682318,0.06011963042314579,0.01476314349496099,200,percentile
ML-GAM,race,NH Black,pct_flagged_7.5,0.014870074335955132,0.011307417555485056,0.01787868883755214,0.0018111296697912581,200,percentile
ML-GAM,race,NH Black,TPR_7.5,0.10740262317339452,0.04153136638350455,0.17168162513296692,0.03387655860611758,200,percentile
ML-GAM,race,NH Black,FPR_7.5,0.013659254035799949,0.010369390553978144,0.017020120994274635,0.0017638301312482868,200,percentile
ML-GAM,race,NH Black,pct_flagged_20,0.002082647591156179,0.0009482092271692843,0.00291380141628223,0.0005089971567241912,200,percentile
ML-GAM,race,NH Black,TPR_20,0.03989486977655848,0.0,0.08059037517853876,0.024470457975011097,200,percentile
ML-GAM,race,NH Black,FPR_20,0.0015736818102854212,0.00036419402215855437,0.002467862191913698,0.0005164611448752782,200,percentile
ML-GAM,race,NH Black,rel_OE,1.3661825635543474,0.9894956535771141,1.8832221061020322,0.22912237048217196,200,percentile
ML-GAM,race,NH White,n,8634.0,4016.35,4657.025,178.93987641624005,200,percentile
ML-GAM,race,NH White,events,82.0,30.975,52.0,5.228523913262499,200,percentile
ML-GAM,race,NH White,observed,0.006613868217302638,0.004815998124406924,0.008448335401856716,0.0009701259634394466,200,percentile
ML-GAM,race,NH White,expected,0.007613019358355764,0.007342762884832129,0.007948692346090476,0.00014321780721076162,200,percentile
ML-GAM,race,NH White,OE,0.8687575725186493,0.6230717410323332,1.0977860305700733,0.1263700828741966,200,percentile
ML-GAM,race,NH White,cal_intercept,-0.14389729675400192,-0.4817087531451681,0.09596856337184592,0.15213388037729483,200,percentile
ML-GAM,race,NH White,cal_slope,1.0196460996171082,0.8388980435625168,1.2613776339709162,0.11477257625844789,200,percentile
ML-GAM,race,NH White,AUC,0.7945314596806109,0.7437565368555686,0.8547929084671788,0.029426181864904356,200,percentile
ML-GAM,race,NH White,brier,0.006506200320848383,0.004725881115786201,0.008244635947541124,0.0009382362198835513,200,percentile
ML-GAM,race,NH White,scaled_brier,0.009729593273148374,-0.0038706849072893067,0.020413371004471124,0.006814819608144594,200,percentile
ML-GAM,race,NH White,pct_flagged_7.5,0.004390308343323748,0.003331601915310573,0.005609084865874164,0.0006329097188535302,200,percentile
ML-GAM,race,NH White,TPR_7.5,0.06196292083903497,0.00965960770595593,0.11647253675353653,0.027895001536804517,200,percentile
ML-GAM,race,NH White,FPR_7.5,0.00401583688440607,0.0029962668278391493,0.005092637861072896,0.00058266280297526,200,percentile
ML-GAM,race,NH White,pct_flagged_20,0.00014591656725267667,0.0,0.00030193645279313625,0.0001029780854995226,200,percentile
ML-GAM,race,NH White,TPR_20,0.0,0.0,0.0,0.0,200,percentile
ML-GAM,race,NH White,FPR_20,0.00014675882772628335,0.0,0.00030420621058541993,0.00010361693122695246,200,percentile
ML-GAM,race,NH White,rel_OE,0.9549124864120874,0.8413393421112741,1.0477354075343044,0.056185736840285314,200,percentile
ML-GAM,race,Other Hispanic,n,1471.0,615.95,881.325,69.82482586109803,200,percentile
ML-GAM,race,Other Hispanic,events,6.0,1.0,6.0,1.409862960659367,200,percentile
ML-GAM,race,Other Hispanic,observed,0.0022833153649808487,0.00047788978797049783,0.00417895688473461,0.0010733920518442885,200,percentile
ML-GAM,race,Other Hispanic,expected,0.006714112547045563,0.006072550965598051,0.0073723351279226254,0.00034666007031246727,200,percentile
ML-GAM,race,Other Hispanic,OE,0.3400770167288281,0.06994150273715498,0.6264013793637572,0.15958635095161383,200,percentile
ML-GAM,race,Other Hispanic,cal_intercept,-1.0961712770997403,-2.6792414018119084,-0.48039941620880366,3.389736146891771,200,percentile
ML-GAM,race,Other Hispanic,cal_slope,1.4876971100575491,0.8621612080531316,29.14452704985968,10.06851754299956,200,percentile
ML-GAM,race,Other Hispanic,AUC,0.8866705964792433,0.7550695098033392,0.9999999999999983,0.06660513965956723,196,percentile
ML-GAM,race,Other Hispanic,brier,0.0022218074151873542,0.0004249854946600091,0.0039864663974433735,0.0010069990902248475,200,percentile
ML-GAM,race,Other Hispanic,scaled_brier,0.024711108103155466,-0.22252177127383613,0.20782816539409973,0.09199235232908343,196,percentile
ML-GAM,race,Other Hispanic,pct_flagged_7.5,0.0027978253675080785,0.0006235456373485166,0.004924061626003432,0.0011724088003225665,200,percentile
ML-GAM,race,Other Hispanic,TPR_7.5,0.1273098298401407,0.0,1.0,0.2164344913571543,196,percentile
ML-GAM,race,Other Hispanic,FPR_7.5,0.0025149669533251176,0.0005814338623042258,0.004738275866983653,0.0011332353474474814,200,percentile
ML-GAM,race,Other Hispanic,pct_flagged_20,0.0002912938699725996,0.0,0.0006627272847794541,0.0002941635326328802,200,percentile
ML-GAM,race,Other Hispanic,TPR_20,0.1273098298401407,0.0,1.0,0.2164344913571543,196,percentile
ML-GAM,race,Other Hispanic,FPR_20,0.0,0.0,0.0,0.0,200,percentile
ML-GAM,race,Other Hispanic,rel_OE,0.37380254272161656,0.07871104947642694,0.73468043530915,0.18347157030855651,200,percentile
ML-GAM,race,Other/Multiracial,n,1233.0,536.0,705.025,45.186881351019935,200,percentile
ML-GAM,race,Other/Multiracial,events,9.0,1.0,7.025000000000006,1.6642184699064875,200,percentile
ML-GAM,race,Other/Multiracial,observed,0.0069298635233422876,0.0009811895941340399,0.012440049155856088,0.0030806361514186557,200,percentile
ML-GAM,race,Other/Multiracial,expected,0.006488607844053799,0.005953476303749623,0.00712533357477479,0.0003132236519599597,200,percentile
ML-GAM,race,Other/Multiracial,OE,1.0680046767956333,0.14838518219267374,1.9566846548467924,0.4773814968170396,200,percentile
ML-GAM,race,Other/Multiracial,cal_intercept,0.06825444895961943,-1.9192017216219126,0.6865036058011235,2.555758900841696,200,percentile
ML-GAM,race,Other/Multiracial,cal_slope,0.7002284465499579,-0.3492639896138199,1.636312742203507,0.5674956058929311,200,percentile
ML-GAM,race,Other/Multiracial,AUC,0.6928722494339393,0.38361457009033323,0.9083736281490813,0.17223095745759498,198,percentile
ML-GAM,race,Other/Multiracial,brier,0.006876369061199364,0.0010104979203888124,0.012236144278636323,0.0030265180477474,200,percentile
ML-GAM,race,Other/Multiracial,scaled_brier,0.0007950567408434583,-0.03677075137515512,0.0168436326449965,0.019959220799619072,198,percentile
ML-GAM,race,Other/Multiracial,pct_flagged_7.5,0.002018983867189662,0.00031265155866067637,0.003988015910008359,0.0011181180773374442,200,percentile
ML-GAM,race,Other/Multiracial,TPR_7.5,0.025757331046127364,0.0,0.13441126621297042,0.04500678658836896,198,percentile
ML-GAM,race,Other/Multiracial,FPR_7.5,0.001853962142788433,0.0,0.003653009367698635,0.0011111945860935479,200,percentile
ML-GAM,race,Other/Multiracial,pct_flagged_20,0.0,0.0,0.0,0.0,200,percentile
ML-GAM,race,Other/Multiracial,TPR_20,0.0,0.0,0.0,0.0,198,percentile
ML-GAM,race,Other/Multiracial,FPR_20,0.0,0.0,0.0,0.0,200,percentile
ML-GAM,race,Other/Multiracial,rel_OE,1.1739189777212136,0.18225504247010227,2.195568500544332,0.5229884524301391,200,percentile
ML-GAM,age_group,40-49,n,6020.0,2921.95,3138.5,60.3421715164161,200,percentile
ML-GAM,age_group,40-49,events,20.0,6.0,14.0,2.2349215583235353,200,percentile
ML-GAM,age_group,40-49,observed,0.0025668456574225876,0.0011434078557405218,0.0038557507777777426,0.000765887741165619,200,percentile
ML-GAM,age_group,40-49,expected,0.0037665787557743776,0.003653922208303839,0.0039031197946578465,6.429997690922085e-05,200,percentile
ML-GAM,age_group,40-49,OE,0.681479354039118,0.3025905925081221,1.039548137854552,0.20193374912399314,200,percentile
ML-GAM,age_group,40-49,cal_intercept,-0.3867682329255281,-1.2015499336037734,0.03806693660685013,0.34322389255830604,200,percentile
ML-GAM,age_group,40-49,cal_slope,1.3008346351850355,0.8870189189322512,1.7487292487785029,0.23062742335773523,200,percentile
ML-GAM,age_group,40-49,AUC,0.8150624792177127,0.7239512791055758,0.8912444685704809,0.04639452734898519,200,percentile
ML-GAM,age_group,40-49,brier,0.002557646771173795,0.0011491718031571222,0.0038320403373115577,0.0007564294858901871,200,percentile
ML-GAM,age_group,40-49,scaled_brier,0.0010195029872915873,-0.008332428914629991,0.0048003639403917065,0.0047746149185796324,200,percentile
ML-GAM,age_group,40-49,pct_flagged_7.5,0.0,0.0,0.0,0.0,200,percentile
ML-GAM,age_group,40-49,TPR_7.5,0.0,0.0,0.0,0.0,200,percentile
ML-GAM,age_group,40-49,FPR_7.5,0.0,0.0,0.0,0.0,200,percentile
ML-GAM,age_group,40-49,pct_flagged_20,0.0,0.0,0.0,0.0,200,percentile
ML-GAM,age_group,40-49,TPR_20,0.0,0.0,0.0,0.0,200,percentile
ML-GAM,age_group,40-49,FPR_20,0.0,0.0,0.0,0.0,200,percentile
ML-GAM,age_group,40-49,rel_OE,0.749061838410655,0.3687769169123013,1.1131766896893087,0.20690955223520674,200,percentile
ML-GAM,age_group,50-59,n,4853.0,2352.9,2546.1,51.50544660665275,200,percentile
ML-GAM,age_group,50-59,events,32.0,11.0,21.025000000000006,2.8720801209411855,200,percentile
ML-GAM,age_group,50-59,observed,0.005256059623114469,0.0029391966820478017,0.0075929686436780755,0.0012005674656899838,200,percentile
ML-GAM,age_group,50-59,expected,0.005590988442597574,0.005347140249560812,0.005856844177443446,0.0001325082382393199,200,percentile
ML-GAM,age_group,50-59,OE,0.9400948825200045,0.5295300776955089,1.3863394902527266,0.21500366971645296,200,percentile
ML-GAM,age_group,50-59,cal_intercept,-0.062457203691240394,-0.6415884643870235,0.33040083170031853,0.24347586934025833,200,percentile
ML-GAM,age_group,50-59,cal_slope,1.068899796772736,0.5604080213029738,1.7116753276283472,0.27365006241401246,200,percentile
ML-GAM,age_group,50-59,AUC,0.7292007136274246,0.5978854339080988,0.8769546406155336,0.06965506073080269,200,percentile
ML-GAM,age_group,50-59,brier,0.0052073804053465915,0.0029374532386590283,0.0075045631269643484,0.001182043061380177,200,percentile
ML-GAM,age_group,50-59,scaled_brier,0.0040266468275419465,-0.0024862759549209024,0.00959341173683809,0.0028545917243613206,200,percentile
ML-GAM,age_group,50-59,pct_flagged_7.5,0.00027145707928058087,0.0,0.000553205516494863,0.00015108951827841633,200,percentile
ML-GAM,age_group,50-59,TPR_7.5,0.0,0.0,0.0,0.0,200,percentile
ML-GAM,age_group,50-59,FPR_7.5,0.00027500837835895255,0.0,0.0005606540587796741,0.00015333536939516454,200,percentile
ML-GAM,age_group,50-59,pct_flagged_20,0.0,0.0,0.0,0.0,200,percentile
ML-GAM,age_group,50-59,TPR_20,0.0,0.0,0.0,0.0,200,percentile
ML-GAM,age_group,50-59,FPR_20,0.0,0.0,0.0,0.0,200,percentile
ML-GAM,age_group,50-59,rel_OE,1.0333243359570095,0.6542088287732698,1.4084919609729694,0.1918525593512337,200,percentile
ML-GAM,age_group,60-69,n,4785.0,2301.9,2518.0,56.787073870679095,200,percentile
ML-GAM,age_group,60-69,events,47.0,17.0,32.0,3.8531329026947843,200,percentile
ML-GAM,age_group,60-69,observed,0.010109367250397527,0.006729859314879694,0.014142501326475543,0.0019762491375010364,200,percentile
ML-GAM,age_group,60-69,expected,0.00946563192882995,0.00915023739090413,0.009778648421589596,0.00017754037675725247,200,percentile
ML-GAM,age_group,60-69,OE,1.0680076434840995,0.7054623978189987,1.4936883650324617,0.21232123238833642,200,percentile
ML-GAM,age_group,60-69,cal_intercept,0.06689800276474665,-0.35552881856063023,0.4101896951451837,0.21038912051154235,200,percentile
ML-GAM,age_group,60-69,cal_slope,0.7862132347426922,0.3436226035961124,1.1241716079918707,0.20231994302131484,200,percentile
ML-GAM,age_group,60-69,AUC,0.680933371635996,0.5885254392306618,0.7492204370531004,0.040947504347811414,200,percentile
ML-GAM,age_group,60-69,brier,0.00995888392859994,0.006738785789521084,0.013795432119378262,0.001904264409544406,200,percentile
ML-GAM,age_group,60-69,scaled_brier,0.004824943067153087,-0.011461356974617221,0.01758809474716692,0.008046836027467195,200,percentile
ML-GAM,age_group,60-69,pct_flagged_7.5,0.0030275413747581845,0.0013528350310562784,0.004628013205938884,0.0008970211712696056,200,percentile
ML-GAM,age_group,60-69,TPR_7.5,0.05390116884840659,0.0,0.12952699541655838,0.0432881087072687,200,percentile
ML-GAM,age_group,60-69,FPR_7.5,0.002510225730771493,0.000990656966066268,0.003903497368368561,0.0007754720878758761,200,percentile
ML-GAM,age_group,60-69,pct_flagged_20,0.00012396694814058434,0.0,0.00026344319355714414,0.00012334122644616278,200,percentile
ML-GAM,age_group,60-69,TPR_20,0.0,0.0,0.0,0.0,200,percentile
ML-GAM,age_group,60-69,FPR_20,0.0001283956369563765,0.0,0.0002734034378510498,0.00012778155348605908,200,percentile
ML-GAM,age_group,60-69,rel_OE,1.1739222386169448,0.8411460724548049,1.5480412021119208,0.18631654380083382,200,percentile
ML-GAM,age_group,70-79,n,2853.0,1368.875,1513.075,37.10977874350586,200,percentile
ML-GAM,age_group,70-79,events,86.0,33.975,53.0,4.745563916377285,200,percentile
ML-GAM,age_group,70-79,observed,0.022824554760039518,0.016880561623969774,0.028842584685122408,0.0032874809807074672,200,percentile
ML-GAM,age_group,70-79,expected,0.025238822600378158,0.02414159627411767,0.02625643419896292,0.0005701422724896458,200,percentile
ML-GAM,age_group,70-79,OE,0.9043430876881529,0.652747910481083,1.1305249980767005,0.12991501840009878,200,percentile
ML-GAM,age_group,70-79,cal_intercept,-0.10589490528163167,-0.4438159734038905,0.12909260756223795,0.1547301921921195,200,percentile
ML-GAM,age_group,70-79,cal_slope,0.9611321725690941,0.7336304180456532,1.2699434120510604,0.13611613557446303,200,percentile
ML-GAM,age_group,70-79,AUC,0.7257976276133913,0.6732294464022885,0.7787078325364202,0.02818240805483768,200,percentile
ML-GAM,age_group,70-79,brier,0.02188177093193262,0.016280924994084435,0.027189065371107123,0.0030007962511308917,200,percentile
ML-GAM,age_group,70-79,scaled_brier,0.018912804788865145,-0.005907695647487659,0.03989108361108289,0.01205386244141707,200,percentile
ML-GAM,age_group,70-79,pct_flagged_7.5,0.04247717346321562,0.03459985894659277,0.05053292199546217,0.004448269741533795,200,percentile
ML-GAM,age_group,70-79,TPR_7.5,0.15052609332738232,0.06516941240814256,0.250277063348154,0.04523161784974011,200,percentile
ML-GAM,age_group,70-79,FPR_7.5,0.03997194514925327,0.03255583015618721,0.04770389150541855,0.0043013139100016515,200,percentile
ML-GAM,age_group,70-79,pct_flagged_20,0.0030379510510576213,0.0012210345918987195,0.004501437173026821,0.0009041022636187755,200,percentile
ML-GAM,age_group,70-79,TPR_20,0.02667107239566386,0.0,0.05416519621665817,0.014633745978118617,200,percentile
ML-GAM,age_group,70-79,FPR_20,0.002494646906943889,0.0007647818482706776,0.004033496657548972,0.0008935538858743063,200,percentile
ML-GAM,age_group,70-79,rel_OE,0.9940270263547435,0.7477651410766913,1.281706590854549,0.13878377604067826,200,percentile
ML-GAM,income,PIR 1.3-3.5,n,6093.0,2941.95,3185.225,59.52340023788453,200,percentile
ML-GAM,income,PIR 1.3-3.5,events,68.0,26.975,44.0,4.9006178463926275,200,percentile
ML-GAM,income,PIR 1.3-3.5,observed,0.008886390823754045,0.006097653697838443,0.011835972319225225,0.0014911249799512529,200,percentile
ML-GAM,income,PIR 1.3-3.5,expected,0.009255453377766404,0.008793171607205193,0.009743637722716596,0.00024776201424862,200,percentile
ML-GAM,income,PIR 1.3-3.5,OE,0.9601248540780373,0.6769571487472209,1.268181128641682,0.1571340378188014,200,percentile
ML-GAM,income,PIR 1.3-3.5,cal_intercept,-0.042298122466283124,-0.39968021965139156,0.24531338779344325,0.17343152118503496,200,percentile
ML-GAM,income,PIR 1.3-3.5,cal_slope,0.9895942020055681,0.7412643782387087,1.2873097838874203,0.1511516340450242,200,percentile
ML-GAM,income,PIR 1.3-3.5,AUC,0.7724313539956619,0.702147829111228,0.8554255631903742,0.04298197591756752,200,percentile
ML-GAM,income,PIR 1.3-3.5,brier,0.008669888002611769,0.006030518270549857,0.011491038738817419,0.0014341632152696123,200,percentile
ML-GAM,income,PIR 1.3-3.5,scaled_brier,0.015615791487962882,-0.001160672030581799,0.02873363158643391,0.008169749952539423,200,percentile
ML-GAM,income,PIR 1.3-3.5,pct_flagged_7.5,0.0077196138246966445,0.005507713868284491,0.01002793160437176,0.0012176996112173602,200,percentile
ML-GAM,income,PIR 1.3-3.5,TPR_7.5,0.09557167411011615,0.019005536199481345,0.17766559097942577,0.043980110400043425,200,percentile
ML-GAM,income,PIR 1.3-3.5,FPR_7.5,0.0069585746410086875,0.004900849320137016,0.009176789214335604,0.001109453349248678,200,percentile
ML-GAM,income,PIR 1.3-3.5,pct_flagged_20,0.00033403430645618533,0.0,0.0006182114848616373,0.0001741690137380237,200,percentile
ML-GAM,income,PIR 1.3-3.5,TPR_20,0.0,0.0,0.0,0.0,200,percentile
ML-GAM,income,PIR 1.3-3.5,FPR_20,0.00033791926202612275,0.0,0.0006264903166197341,0.0001760569337688807,200,percentile
ML-GAM,income,PIR 1.3-3.5,rel_OE,1.055340684991865,0.7962074810251132,1.322148455215619,0.1457096659127989,200,percentile
ML-GAM,income,PIR<1.3,n,4506.0,2136.95,2412.2,74.19791390016076,200,percentile
ML-GAM,income,PIR<1.3,events,78.0,31.0,47.0,4.1582242779495004,200,percentile
ML-GAM,income,PIR<1.3,observed,0.015298893676155044,0.01089733097823048,0.019734087528471198,0.002506415583655011,200,percentile
ML-GAM,income,PIR<1.3,expected,0.009996719670564537,0.00958129266495033,0.010447413528162811,0.00022699501280713504,200,percentile
ML-GAM,income,PIR<1.3,OE,1.5303913864067653,1.0701910783208908,1.9943049475764287,0.2474062903378927,200,percentile
ML-GAM,income,PIR<1.3,cal_intercept,0.44469508692392556,0.07028257167036205,0.7248456815484489,0.17453076149439764,200,percentile
ML-GAM,income,PIR<1.3,cal_slope,0.8989667671023032,0.7365750774396794,1.0511512710611475,0.08064470961046005,200,percentile
ML-GAM,income,PIR<1.3,AUC,0.7848316846336576,0.7460613953176123,0.8205034516620041,0.020424156678569737,200,percentile
ML-GAM,income,PIR<1.3,brier,0.014800674147679905,0.010455899276902042,0.01902706397502932,0.002399359280469069,200,percentile
ML-GAM,income,PIR<1.3,scaled_brier,0.017535096562583785,1.4791085828620511e-05,0.03495778971165005,0.00953050666821103,200,percentile
ML-GAM,income,PIR<1.3,pct_flagged_7.5,0.010697210616693976,0.007571755025300952,0.013925569379370596,0.001584716778362945,200,percentile
ML-GAM,income,PIR<1.3,TPR_7.5,0.05759534659395435,0.01739066412056395,0.10651456471539832,0.025568232584060584,200,percentile
ML-GAM,income,PIR<1.3,FPR_7.5,0.010008080816647369,0.00719475291180345,0.0130893962445474,0.001558433953567142,200,percentile
ML-GAM,income,PIR<1.3,pct_flagged_20,0.0009820843094236825,0.00040063147841651396,0.0014827507422352335,0.0002956683896337918,200,percentile
ML-GAM,income,PIR<1.3,TPR_20,0.018839669782461536,0.0,0.04731215665900579,0.01522014527227099,200,percentile
ML-GAM,income,PIR<1.3,FPR_20,0.0007080300209464235,0.00019771005772884932,0.0012439061683224256,0.0002902965209398248,200,percentile
ML-GAM,income,PIR<1.3,rel_OE,1.6821606973054093,1.2937127162956203,2.1332307313000327,0.2222796529612551,200,percentile
ML-GAM,income,PIR>3.5,n,6387.0,3056.325,3399.025,100.26195639173167,200,percentile
ML-GAM,income,PIR>3.5,events,24.0,7.0,17.0,2.654847656721948,200,percentile
ML-GAM,income,PIR>3.5,observed,0.0035296881220717473,0.0018313679997801306,0.005194860954661932,0.0008172376681171629,200,percentile
ML-GAM,income,PIR>3.5,expected,0.0060587039317916746,0.00585892295297982,0.006291717670825986,0.00012048080263186242,200,percentile
ML-GAM,income,PIR>3.5,OE,0.582581384039994,0.301879617513854,0.8463000050119405,0.1375659220756507,200,percentile
ML-GAM,income,PIR>3.5,cal_intercept,-0.5479757348068862,-1.2142191564971458,-0.16779965632588253,0.25741169123562807,200,percentile
ML-GAM,income,PIR>3.5,cal_slope,0.9693142211590869,0.522627516215493,1.434155920683105,0.21972532738382541,200,percentile
ML-GAM,income,PIR>3.5,AUC,0.770931084211526,0.6477714328517205,0.8982527835273278,0.06203451516328341,200,percentile
ML-GAM,income,PIR>3.5,brier,0.0035342966620419366,0.0019087076440230635,0.005181158791637588,0.0007932887709934389,200,percentile
ML-GAM,income,PIR>3.5,scaled_brier,-0.004852466573160408,-0.035507694117846475,0.011494655368865299,0.013216144326043731,200,percentile
ML-GAM,income,PIR>3.5,pct_flagged_7.5,0.0019861386544721793,0.0009874827155168509,0.002812183045149226,0.0004680949260766356,200,percentile
ML-GAM,income,PIR>3.5,TPR_7.5,0.023947398435044735,0.0,0.08000144194772128,0.027121882730598554,200,percentile
ML-GAM,income,PIR>3.5,FPR_7.5,0.0019072569447182938,0.0009683251730650853,0.002689503368778575,0.00046020049171041367,200,percentile
ML-GAM,income,PIR>3.5,pct_flagged_20,0.00016881369398148908,0.0,0.00035163799501291675,0.00011384892590131565,200,percentile
ML-GAM,income,PIR>3.5,TPR_20,0.0,0.0,0.0,0.0,200,percentile
ML-GAM,income,PIR>3.5,FPR_20,0.00016995193027262475,0.0,0.00035362740052668833,0.00011436966153659665,200,percentile
ML-GAM,income,PIR>3.5,rel_OE,0.6403561310644963,0.3774092175592554,0.8900623170772589,0.12412637398963643,200,percentile
ML-GAM,education,<HS,n,5308.0,2530.875,2839.0,76.97219216596447,200,percentile
ML-GAM,education,<HS,events,86.0,33.0,51.025000000000006,4.5226148659962915,200,percentile
ML-GAM,education,<HS,observed,0.013345028923801577,0.009175460431664213,0.01706638628472439,0.002048273475880992,200,percentile
ML-GAM,education,<HS,expected,0.010883710231242221,0.010376487979759135,0.011340522105324297,0.0002502472280673574,200,percentile
ML-GAM,education,<HS,OE,1.2261470252574367,0.8737758600848752,1.5752502225459486,0.184222295814629,200,percentile
ML-GAM,education,<HS,cal_intercept,0.21368077365080257,-0.13792881127961532,0.47701510743442715,0.16173347098396212,200,percentile
ML-GAM,education,<HS,cal_slope,0.9257144251447524,0.754555096914184,1.1022840069199993,0.08815092134620531,200,percentile
ML-GAM,education,<HS,AUC,0.7847256500635776,0.7397007194688505,0.8234094841667347,0.02198578146957541,200,percentile
ML-GAM,education,<HS,brier,0.012887476303548988,0.009206920405092554,0.016360955161795088,0.001949428411805592,200,percentile
ML-GAM,education,<HS,scaled_brier,0.021224585348476932,0.0011520251030922052,0.03850045761035392,0.01020818556290199,200,percentile
ML-GAM,education,<HS,pct_flagged_7.5,0.012031149123186242,0.009206634041882608,0.014465770056842707,0.001415421565444399,200,percentile
ML-GAM,education,<HS,TPR_7.5,0.06554021358008504,0.018036326439768834,0.11780415985933529,0.025931076174253477,200,percentile
ML-GAM,education,<HS,FPR_7.5,0.01123222079736117,0.008728786191236161,0.013845851716743603,0.0014047536862462945,200,percentile
ML-GAM,education,<HS,pct_flagged_20,0.001098297639770632,0.0005127104767834819,0.0016032538596716876,0.00029065929533647454,200,percentile
ML-GAM,education,<HS,TPR_20,0.02460435610508452,0.0,0.04993484726515499,0.015512771619827006,200,percentile
ML-GAM,education,<HS,FPR_20,0.0007808806616839544,0.00020312891217533013,0.0012126751995675433,0.00026141648531712204,200,percentile
ML-GAM,education,<HS,rel_OE,1.3477443439150327,1.0249098089646118,1.6935988013198686,0.1756128586481733,200,percentile
ML-GAM,education,College+,n,4141.0,1949.775,2219.025,71.40429445300651,200,percentile
ML-GAM,education,College+,events,22.0,6.0,16.0,2.446698113436036,200,percentile
ML-GAM,education,College+,observed,0.004027443647182348,0.0018968958386931085,0.006163630045642492,0.0011062539242685837,200,percentile
ML-GAM,education,College+,expected,0.005838862068932269,0.005574947205448564,0.006081456245438524,0.00013830607417735088,200,percentile
ML-GAM,education,College+,OE,0.6897651630806261,0.3217644167409986,1.0527846554635198,0.18953535726563225,200,percentile
ML-GAM,education,College+,cal_intercept,-0.37473666867739774,-1.145863060393988,0.05684790952516235,0.30947347364851363,200,percentile
ML-GAM,education,College+,cal_slope,1.2766552374648554,0.7471296656108101,1.8198584927352999,0.2969640208487681,200,percentile
ML-GAM,education,College+,AUC,0.80368350095911,0.6878645273396397,0.9301208219584893,0.06800205002615756,200,percentile
ML-GAM,education,College+,brier,0.003915829071583953,0.001931352671745719,0.00588355104191957,0.0010544671641717481,200,percentile
ML-GAM,education,College+,scaled_brier,0.023781840367880558,-0.013796930416083656,0.050507263633782294,0.017807720360612126,200,percentile
ML-GAM,education,College+,pct_flagged_7.5,0.0023544286589274083,0.0010506165281414666,0.0036647066528812367,0.000674214712849179,200,percentile
ML-GAM,education,College+,TPR_7.5,0.13381504089210855,0.0,0.2638617955438405,0.07831812865649446,200,percentile
ML-GAM,education,College+,FPR_7.5,0.0018218943866246634,0.0007089993487856472,0.0030202122600607815,0.000603122052792494,200,percentile
ML-GAM,education,College+,pct_flagged_20,0.0,0.0,0.0,0.0,200,percentile
ML-GAM,education,College+,TPR_20,0.0,0.0,0.0,0.0,200,percentile
ML-GAM,education,College+,FPR_20,0.0,0.0,0.0,0.0,200,percentile
ML-GAM,education,College+,rel_OE,0.7581693532848259,0.3851893923069701,1.1430013801860532,0.1917875692531709,200,percentile
ML-GAM,education,HS/GED,n,4214.0,2032.95,2229.125,55.42173076696568,200,percentile
ML-GAM,education,HS/GED,events,38.0,13.0,25.0,3.2118460071848633,200,percentile
ML-GAM,education,HS/GED,observed,0.006604142168953903,0.0031713692739783854,0.00959034263445987,0.001551995152325472,200,percentile
ML-GAM,education,HS/GED,expected,0.008655868139107022,0.00823515528203044,0.009043188590654479,0.00020323367941636167,200,percentile
ML-GAM,education,HS/GED,OE,0.7629670488066396,0.3669902734236747,1.1089080022183933,0.18207150279733014,200,percentile
ML-GAM,education,HS/GED,cal_intercept,-0.2779519863785226,-1.0241461527291453,0.10519217213974612,0.27473205269932294,200,percentile
ML-GAM,education,HS/GED,cal_slope,1.0501966481825875,0.7046428443007646,1.4423537498290206,0.20889583472636047,200,percentile
ML-GAM,education,HS/GED,AUC,0.802861954043209,0.6966543700354536,0.9017287146203556,0.06192454006653344,200,percentile
ML-GAM,education,HS/GED,brier,0.006497856089676361,0.0032916261014296587,0.009496732882809753,0.001494622125461934,200,percentile
ML-GAM,education,HS/GED,scaled_brier,0.009552796741881031,-0.019989783058328253,0.029406304422451464,0.014705065608045574,200,percentile
ML-GAM,education,HS/GED,pct_flagged_7.5,0.00608182135590845,0.003953734468268201,0.008249220759728858,0.0011148101707603411,200,percentile
ML-GAM,education,HS/GED,TPR_7.5,0.08769078193620013,0.0,0.2145018762795164,0.05592775742874373,200,percentile
ML-GAM,education,HS/GED,FPR_7.5,0.005557863041855893,0.0036738627084207096,0.007728514118507835,0.0010190324703806064,200,percentile
ML-GAM,education,HS/GED,pct_flagged_20,0.00021015258075122995,0.0,0.0004521682419701971,0.0002110337059949883,200,percentile
ML-GAM,education,HS/GED,TPR_20,0.0,0.0,0.0,0.0,200,percentile
ML-GAM,education,HS/GED,FPR_20,0.00021162997823065278,0.0,0.0004524060516349011,0.00021259251582999273,200,percentile
ML-GAM,education,HS/GED,rel_OE,0.838630689012844,0.48298306145887704,1.1017408363492749,0.17369152831405166,200,percentile
ML-GAM,education,Some college,n,4833.0,2332.975,2539.125,55.33961932771744,200,percentile
ML-GAM,education,Some college,events,37.0,12.0,24.025000000000006,3.2807915149890454,200,percentile
ML-GAM,education,Some college,observed,0.0067594161332692965,0.0037287246881860655,0.009373953083479427,0.0014716190150646448,200,percentile
ML-GAM,education,Some college,expected,0.007151638459076502,0.006882175361912683,0.007476964663153153,0.00015548001813857823,200,percentile
ML-GAM,education,Some college,OE,0.9451562983711214,0.5252760656376787,1.3096626991831675,0.20282856177642827,200,percentile
ML-GAM,education,Some college,cal_intercept,-0.05946407732725794,-0.6559116193312589,0.27482242746611085,0.23847815598343347,200,percentile
ML-GAM,education,Some college,cal_slope,0.7903701975727384,0.5589778513690271,1.0736640179081052,0.13669175349815574,200,percentile
ML-GAM,education,Some college,AUC,0.7425640675380792,0.68443919296021,0.8192096989941988,0.03862418478581685,200,percentile
ML-GAM,education,Some college,brier,0.006742901208712417,0.003770091416537043,0.009380771108405116,0.0014472823052506989,200,percentile
ML-GAM,education,Some college,scaled_brier,-0.004345542259412305,-0.0170338042188422,0.0047874305088730865,0.005410842007627857,200,percentile
ML-GAM,education,Some college,pct_flagged_7.5,0.0035207826166830897,0.0022291154464821102,0.00494545134976265,0.0007262232659636568,200,percentile
ML-GAM,education,Some college,TPR_7.5,0.008890645763516319,0.0,0.027773226878233817,0.01015467572524076,200,percentile
ML-GAM,education,Some college,FPR_7.5,0.003502178229623568,0.0022335200142808704,0.004927522510339119,0.0007403150228599367,200,percentile
ML-GAM,education,Some college,pct_flagged_20,0.0003561427951172864,0.0,0.0006485611372127229,0.0001850360965474762,200,percentile
ML-GAM,education,Some college,TPR_20,0.0,0.0,0.0,0.0,200,percentile
ML-GAM,education,Some college,FPR_20,0.00036171831899484147,0.0,0.0006580360884079979,0.00018737033636571343,200,percentile
ML-GAM,education,Some college,rel_OE,1.0388876937314266,0.6292132995561219,1.4052871156387614,0.1961132224209443,200,percentile
ML-GAM,sex,GAP(max-min),OE,0.2477385305234152,0.0,0.47967707788831326,0.1617118026716973,200,basic
ML-GAM,sex,GAP(max-min),AUC,0.08107715162243556,0.0038635942600971362,0.15808049273153518,0.042566951504499434,200,basic
ML-GAM,sex,GAP(max-min),cal_slope,0.18705279071123515,0.0,0.3655885983361019,0.13630801093853087,200,basic
ML-GAM,sex,GAP(max-min),TPR_7.5,0.014475555745784179,0.0,0.02631872913549239,0.02610361559764289,200,basic
ML-GAM,sex,GAP(max-min),FPR_7.5,0.002654650475686492,0.0008598232296624757,0.004136546933097989,0.0008927513562590391,200,basic
ML-GAM,sex,GAP(max-min),pct_flagged_7.5,0.003055099403477186,0.001160131786662343,0.004661845705807653,0.0009644110491442052,200,basic
ML-GAM,sex,GAP(max/min),OE,1.321691138999862,1.0,1.6259305672620181,0.2612444189870583,200,basic
ML-GAM,race,GAP(max-min),OE,0.37416412388755715,0.0,0.6602294025624599,0.22064439166939046,200,basic
ML-GAM,race,GAP(max-min),AUC,0.04709935419002054,0.0,0.08339364499624728,0.04186035231836604,200,basic
ML-GAM,race,GAP(max-min),cal_slope,0.17365937654191566,0.0,0.31051329543496664,0.14763397166270484,200,basic
ML-GAM,race,GAP(max-min),TPR_7.5,0.0902880434992232,0.017490628233441663,0.15010500545350067,0.03459369615565376,200,basic
ML-GAM,race,GAP(max-min),FPR_7.5,0.009643417151393878,0.006000014863827055,0.012984603361534749,0.001884723773060771,200,basic
ML-GAM,race,GAP(max-min),pct_flagged_7.5,0.010479765992631385,0.006656349898237339,0.014081085607078688,0.00196002053238747,200,basic
ML-GAM,race,GAP(max/min),OE,1.4306887625771172,1.0,1.7656805162968692,0.402995003036605,200,basic
ML-GAM,age_group,GAP(max-min),OE,0.3865282894449815,0.0,0.6822289528280302,0.18725409819146394,200,basic
ML-GAM,age_group,GAP(max-min),AUC,0.1341291075817167,0.035688333625854496,0.24677682502495443,0.05793362253026227,200,basic
ML-GAM,age_group,GAP(max-min),cal_slope,0.5146214004423433,0.009709275743982726,0.9300817778342799,0.2521950104272392,200,basic
ML-GAM,age_group,GAP(max-min),TPR_7.5,0.15052609332738232,0.0507751233066106,0.2280191953828246,0.04414271961941066,200,basic
ML-GAM,age_group,GAP(max-min),FPR_7.5,0.03997194514925327,0.03225716906306411,0.047392580112428875,0.004324977299931917,200,basic
ML-GAM,age_group,GAP(max-min),pct_flagged_7.5,0.04247717346321562,0.034421424930969065,0.05035898770296618,0.004472885994488422,200,basic
ML-GAM,age_group,GAP(max/min),OE,1.5671900214643835,1.0,2.043526782084532,0.34344203558686565,200,basic
ML-GAM,income,GAP(max-min),OE,0.9478100023667713,0.5311426448034293,1.612492007666415,0.2816277081765674,200,basic
ML-GAM,income,GAP(max-min),AUC,0.013900600422131593,0.0,0.022386213578061566,0.03814822305871435,200,basic
ML-GAM,income,GAP(max-min),cal_slope,0.09062743490326497,0.0,0.15640900207744698,0.14463820247900205,200,basic
ML-GAM,income,GAP(max-min),TPR_7.5,0.07162427567507142,0.0,0.1381495443659933,0.045116893985578894,200,basic
ML-GAM,income,GAP(max-min),FPR_7.5,0.008100823871929074,0.00462588818924327,0.01538203568781505,0.0026666053109087543,200,basic
ML-GAM,income,GAP(max-min),pct_flagged_7.5,0.008711071962221796,0.005394486964310162,0.016330951032208493,0.002796823764254054,200,basic
ML-GAM,income,GAP(max/min),OE,2.6269143304821156,1.578538922309638,4.012278856191179,0.638348196558366,200,basic
ML-GAM,education,GAP(max-min),OE,0.5363818621768106,0.12995137117399824,0.8701004994645328,0.20286314055220947,200,basic
ML-GAM,education,GAP(max-min),AUC,0.06111943342103077,0.0,0.09708080478427611,0.04990821031793773,200,basic
ML-GAM,education,GAP(max-min),cal_slope,0.486285039892117,0.0,0.8967668115448995,0.24426925600886754,200,basic
ML-GAM,education,GAP(max-min),TPR_7.5,0.12492439512859223,0.007476829406656754,0.20985397689484836,0.0561612065368415,200,basic
ML-GAM,education,GAP(max-min),FPR_7.5,0.009410326410736506,0.006711413927538492,0.012849243595190608,0.0016394784120450266,200,basic
ML-GAM,education,GAP(max-min),pct_flagged_7.5,0.009676720464258834,0.007000890107756286,0.01281162527862393,0.0015069308732593835,200,basic
ML-GAM,education,GAP(max/min),OE,1.7776296787463495,1.0,2.2964427836695926,0.543192242628204,200,basic
ML-GBM,Overall,All,n,18511.0,9042.85,9642.175,150.16364239551265,200,percentile
ML-GBM,Overall,All,events,185.0,80.0,106.025,7.204128841283243,200,percentile
ML-GBM,Overall,All,observed,0.007058649758562692,0.005644956483087861,0.00857607183560686,0.0007733632523905439,200,percentile
ML-GBM,Overall,All,expected,0.00676520722730861,0.006504186173814451,0.007062531322767252,0.00014936347368594934,200,percentile
ML-GBM,Overall,All,OE,1.0433752465215795,0.8342522270092981,1.2500217255422679,0.11097426164118866,200,percentile
ML-GBM,Overall,All,cal_intercept,0.04573121934724188,-0.19046137240633493,0.23793208507581154,0.1140854195403309,200,percentile
ML-GBM,Overall,All,cal_slope,0.6533923766924299,0.5682293886696871,0.7566109244591875,0.05261826789339703,200,percentile
ML-GBM,Overall,All,AUC,0.7627878662809814,0.7223179553687213,0.8048933016942793,0.022790629250763444,200,percentile
ML-GBM,Overall,All,brier,0.007083521170899537,0.005670847612483305,0.008569985419199035,0.0007496277926984977,200,percentile
ML-GBM,Overall,All,scaled_brier,-0.010657413529853166,-0.02997355324513279,0.0030239622731029845,0.008328636021600815,200,percentile
ML-GBM,Overall,All,pct_flagged_7.5,0.010654173560651424,0.009129077817422372,0.012035499134277605,0.0006935063554982621,200,percentile
ML-GBM,Overall,All,TPR_7.5,0.0913857686109123,0.0516060516252784,0.13211702904929373,0.021629832852188956,200,percentile
ML-GBM,Overall,All,FPR_7.5,0.010079376096860724,0.008633210030173992,0.011310204147270745,0.0006563462515821503,200,percentile
ML-GBM,Overall,All,pct_flagged_20,0.0015683184775584242,0.0010618716414171803,0.0020624815779013376,0.0002770136434703661,200,percentile
ML-GBM,Overall,All,TPR_20,0.014523949537551295,0.004635301117740853,0.027313897114471495,0.00651350924728068,200,percentile
ML-GBM,Overall,All,FPR_20,0.0014816707887781598,0.001004674613115189,0.0019871660829774234,0.0002749597076305211,200,percentile
ML-GBM,Overall,All,rel_OE,1.0,1.0,1.0,0.0,200,percentile
ML-GBM,sex,Female,n,9527.0,4643.95,4978.3,85.12720307585363,200,percentile
ML-GBM,sex,Female,events,73.0,28.975,45.0,4.05242033268562,200,percentile
ML-GBM,sex,Female,observed,0.00495433887458683,0.003458059308126401,0.0064024979972890595,0.0007281744237619684,200,percentile
ML-GBM,sex,Female,expected,0.005689669410424047,0.005351219162414418,0.006076329750266612,0.0001780238506676952,200,percentile
ML-GBM,sex,Female,OE,0.8707604110548115,0.6162538533468174,1.1376660893449377,0.1290475438870945,200,percentile
ML-GBM,sex,Female,cal_intercept,-0.14498607031152821,-0.5033689307553764,0.1422047448597102,0.15996814736326015,200,percentile
ML-GBM,sex,Female,cal_slope,0.6719380591462802,0.5230321429949201,0.8260042204038506,0.08151200439230687,200,percentile
ML-GBM,sex,Female,AUC,0.767498629990493,0.6936683390022091,0.835729532589937,0.036809877019235895,200,percentile
ML-GBM,sex,Female,brier,0.00497403160357082,0.003617504049554468,0.006399922256539157,0.0007118492883745166,200,percentile
ML-GBM,sex,Female,scaled_brier,-0.008973642315341923,-0.04589599067272865,0.017954696860025886,0.016775798006503407,200,percentile
ML-GBM,sex,Female,pct_flagged_7.5,0.007900103213221888,0.0060049027703193295,0.00958497655836348,0.0008712640565915292,200,percentile
ML-GBM,sex,Female,TPR_7.5,0.09887018828067697,0.03516275130347933,0.17614054401206397,0.037495886938552075,200,percentile
ML-GBM,sex,Female,FPR_7.5,0.007417081276743816,0.005519154884639935,0.0092171258823291,0.0008710377422348866,200,percentile
ML-GBM,sex,Female,pct_flagged_20,0.0012521847572843432,0.0005719862763066106,0.0020132302171049317,0.00036145568113324876,200,percentile
ML-GBM,sex,Female,TPR_20,0.028902642124505676,0.0,0.06668718936811985,0.018953067082755553,200,percentile
ML-GBM,sex,Female,FPR_20,0.0011182654346011656,0.0004722103766965372,0.0018527241795211085,0.00034346236568906356,200,percentile
ML-GBM,sex,Female,rel_OE,0.8345611168731154,0.6360545953608068,1.0894973821341443,0.11548479923134908,200,percentile
ML-GBM,sex,Male,n,8984.0,4368.6,4676.025,74.56247186792626,200,percentile
ML-GBM,sex,Male,events,112.0,45.0,67.025,6.1528254734335395,200,percentile
ML-GBM,sex,Male,observed,0.009398629394121427,0.006701938597085476,0.012460564230645595,0.0014068879366879,200,percentile
ML-GBM,sex,Male,expected,0.007962255403474184,0.007539788843951315,0.008386128271763053,0.00021039734740616655,200,percentile
ML-GBM,sex,Male,OE,1.1803978794777805,0.8236880345039748,1.5456196039084622,0.17549814556447557,200,percentile
ML-GBM,sex,Male,cal_intercept,0.17636462934492073,-0.20618066032894336,0.4680551333607724,0.16407823350336503,200,percentile
ML-GBM,sex,Male,cal_slope,0.6212163825722107,0.4848272633405278,0.7714961830236207,0.07190394357455226,200,percentile
ML-GBM,sex,Male,AUC,0.7444301786176896,0.6859061050296834,0.8077135591714574,0.03218858923891084,200,percentile
ML-GBM,sex,Male,brier,0.00942925946772689,0.006843976742358654,0.01236811561407874,0.0013491780411126481,200,percentile
ML-GBM,sex,Male,scaled_brier,-0.012777716071698642,-0.032924418989638875,0.005644975488655996,0.009993015705648383,200,percentile
ML-GBM,sex,Male,pct_flagged_7.5,0.013719388781043857,0.011485023594740105,0.016010049324182995,0.001170183311071214,200,percentile
ML-GBM,sex,Male,TPR_7.5,0.08699862862923677,0.02899540110793023,0.15909037868404532,0.029056524713358324,200,percentile
ML-GBM,sex,Male,FPR_7.5,0.013053112089217507,0.010744104921418913,0.015208881714102415,0.0011080252259364125,200,percentile
ML-GBM,sex,Male,pct_flagged_20,0.0019201678382575122,0.0011499402084793227,0.0027113101443912197,0.0003962744679273438,200,percentile
ML-GBM,sex,Male,TPR_20,0.006095595715105608,0.0,0.013250528386479016,0.004309038635304444,200,percentile
ML-GBM,sex,Male,FPR_20,0.001887588109942402,0.0011072449570016327,0.002667362924408378,0.0004017909163891562,200,percentile
ML-GBM,sex,Male,rel_OE,1.1313263213910902,0.930070708884493,1.2961456483560343,0.09318965869756149,200,percentile
ML-GBM,race,Mexican American,n,3402.0,1453.0,1918.05,124.43597281999403,200,percentile
ML-GBM,race,Mexican American,events,29.0,8.0,20.0,3.173219438998854,200,percentile
ML-GBM,race,Mexican American,observed,0.00585160301417802,0.0029088099100715538,0.008772496105491944,0.0015815212678945167,200,percentile
ML-GBM,race,Mexican American,expected,0.005015975392261217,0.004392961690461123,0.005571257159361814,0.00031334283200977497,200,percentile
ML-GBM,race,Mexican American,OE,1.1665932458931183,0.6008435384501345,1.7696224945219756,0.31423046516006187,200,percentile
ML-GBM,race,Mexican American,cal_intercept,0.16550415240617375,-0.5301720806941745,0.6085301772592931,0.3091045028843556,200,percentile
ML-GBM,race,Mexican American,cal_slope,0.573873749971959,0.3856360556435793,0.8628978162387206,0.12302265313341935,200,percentile
ML-GBM,race,Mexican American,AUC,0.7225733516761182,0.6191944228364858,0.8526118165477778,0.05872027612340799,200,percentile
ML-GBM,race,Mexican American,brier,0.0059036655273566295,0.0030102016432904345,0.008810291888701305,0.0015601443688506383,200,percentile
ML-GBM,race,Mexican American,scaled_brier,-0.014835551686303905,-0.05712212137811553,0.009348817456979118,0.016889506533207033,200,percentile
ML-GBM,race,Mexican American,pct_flagged_7.5,0.00857818420262194,0.005296547300529741,0.011171163223138955,0.0016040231632772784,200,percentile
ML-GBM,race,Mexican American,TPR_7.5,0.06797524503573972,0.0,0.17840535204873595,0.05380903034838044,200,percentile
ML-GBM,race,Mexican American,FPR_7.5,0.008280650018989453,0.005084350913712876,0.011107943033987232,0.0016081073912450588,200,percentile
ML-GBM,race,Mexican American,pct_flagged_20,0.0013458111860581259,0.000259738682103739,0.0023582898138979212,0.0006275247189198118,200,percentile
ML-GBM,race,Mexican American,TPR_20,0.0,0.0,0.0,0.0,200,percentile
ML-GBM,race,Mexican American,FPR_20,0.0013667874450825374,0.00026020073760923116,0.0024067193441824836,0.0006425134853482757,200,percentile
ML-GBM,race,Mexican American,rel_OE,1.1180955747055767,0.5742712969594896,1.7199561264921002,0.3138707851683235,200,percentile
ML-GBM,race,NH Black,n,3771.0,1715.925,2075.775,97.26591226345542,200,percentile
ML-GBM,race,NH Black,events,59.0,21.975,39.0,4.548673118138782,200,percentile
ML-GBM,race,NH Black,observed,0.013577366759849318,0.009621913306319306,0.01740271100552537,0.0019254969734894337,200,percentile
ML-GBM,race,NH Black,expected,0.010225746514104276,0.009236890592249549,0.011137751808896514,0.00048594107484104145,200,percentile
ML-GBM,race,NH Black,OE,1.3277628915524342,0.943981472119412,1.7195213609557574,0.197348270592116,200,percentile
ML-GBM,race,NH Black,cal_intercept,0.31506495670997936,-0.06739228548068806,0.6071568042906847,0.1673409543159039,200,percentile
ML-GBM,race,NH Black,cal_slope,0.6363220174308426,0.4977711327604452,0.7978995718611089,0.0752557184037628,200,percentile
ML-GBM,race,NH Black,AUC,0.7653825338758303,0.7123631619895864,0.8290848192896265,0.029718997469052107,200,percentile
ML-GBM,race,NH Black,brier,0.013106369110302362,0.009471739064998553,0.01661838866965028,0.0018235190840628652,200,percentile
ML-GBM,race,NH Black,scaled_brier,0.021403142932277297,-0.0202744153398688,0.060722943476589165,0.020996126578996147,200,percentile
ML-GBM,race,NH Black,pct_flagged_7.5,0.024070909394981056,0.019340424254475463,0.028144533859414955,0.0024110222046302902,200,percentile
ML-GBM,race,NH Black,TPR_7.5,0.13881245073812354,0.062374920199144056,0.22949289348904145,0.04279316568764828,200,percentile
ML-GBM,race,NH Black,FPR_7.5,0.022599459294120588,0.01799142279554622,0.026663164403455904,0.002417001147132382,200,percentile
ML-GBM,race,NH Black,pct_flagged_20,0.004112172774446084,0.0022542816446673676,0.0062254776838187465,0.001012070999682517,200,percentile
ML-GBM,race,NH Black,TPR_20,0.05229823135074415,0.02254322282057637,0.09116286816604771,0.020957531581546084,200,percentile
ML-GBM,race,NH Black,FPR_20,0.00346179863616398,0.0016515305686187847,0.005256637001391956,0.0009693707096096052,200,percentile
ML-GBM,race,NH Black,rel_OE,1.2725650680126355,0.9017879233518855,1.7631577866959902,0.22392916080578917,200,percentile
ML-GBM,race,NH White,n,8634.0,4016.35,4657.025,178.93987641624005,200,percentile
ML-GBM,race,NH White,events,82.0,30.975,52.0,5.228523913262499,200,percentile
ML-GBM,race,NH White,observed,0.006613868217302638,0.004815998124406924,0.008448335401856716,0.0009701259634394466,200,percentile
ML-GBM,race,NH White,expected,0.0066448477756972015,0.006319843792059051,0.00696944726330958,0.00017694335983510457,200,percentile
ML-GBM,race,NH White,OE,0.9953378076608665,0.7248996135025186,1.2501480709440747,0.1416889617418007,200,percentile
ML-GBM,race,NH White,cal_intercept,-0.004910730790677157,-0.33528763866004685,0.23591937441372818,0.15432906298663593,200,percentile
ML-GBM,race,NH White,cal_slope,0.6455193440863325,0.5090534128994171,0.7740633978339008,0.06980534334954172,200,percentile
ML-GBM,race,NH White,AUC,0.7638625226507796,0.7088342611268104,0.8101217673719556,0.028625727313225966,200,percentile
ML-GBM,race,NH White,brier,0.006701688491242228,0.004871029943565004,0.008498062984229357,0.000949501007723469,200,percentile
ML-GBM,race,NH White,scaled_brier,-0.020024509038438332,-0.04111495936447158,-0.005155915992962975,0.009893351636720097,200,percentile
ML-GBM,race,NH White,pct_flagged_7.5,0.009714435325638829,0.008237299597988112,0.011442538330944154,0.000800251757000559,200,percentile
ML-GBM,race,NH White,TPR_7.5,0.08011506622168181,0.025134017156856335,0.1444705813686009,0.03067590993745937,200,percentile
ML-GBM,race,NH White,FPR_7.5,0.009264281691624559,0.007905499118491012,0.010741251331060273,0.0007356703924539692,200,percentile
ML-GBM,race,NH White,pct_flagged_20,0.001355541668456918,0.0007699111906896306,0.0019874779315392083,0.00031617116866030135,200,percentile
ML-GBM,race,NH White,TPR_20,0.006934827230444416,0.0,0.018643358429235153,0.007339480349959412,200,percentile
ML-GBM,race,NH White,FPR_20,0.0013227193772714745,0.0007806796263397864,0.0020004228956919737,0.00031733453106458197,200,percentile
ML-GBM,race,NH White,rel_OE,0.9539595758852235,0.8409050161542783,1.0417937251104161,0.05610864360519968,200,percentile
ML-GBM,race,Other Hispanic,n,1471.0,615.95,881.325,69.82482586109803,200,percentile
ML-GBM,race,Other Hispanic,events,6.0,1.0,6.0,1.409862960659367,200,percentile
ML-GBM,race,Other Hispanic,observed,0.0022833153649808487,0.00047788978797049783,0.00417895688473461,0.0010733920518442885,200,percentile
ML-GBM,race,Other Hispanic,expected,0.0053388351770233275,0.004380958489043658,0.0062539974005221,0.0004634469010767754,200,percentile
ML-GBM,race,Other Hispanic,OE,0.4276804376369441,0.08747321857675806,0.8397889952446485,0.2077552356891094,200,percentile
ML-GBM,race,Other Hispanic,cal_intercept,-0.8961487369105297,-2.5176953636192185,-0.18383507855682527,3.43377800462353,200,percentile
ML-GBM,race,Other Hispanic,cal_slope,0.8901286162527907,-0.10253380279209519,2.5238692219047083,204.97163956934887,200,percentile
ML-GBM,race,Other Hispanic,AUC,0.828840277520143,0.48865025098643955,0.9972072961984915,0.14262585897160376,196,percentile
ML-GBM,race,Other Hispanic,brier,0.002468468351551853,0.0005913095974851837,0.004224785247646741,0.0010314464863645325,200,percentile
ML-GBM,race,Other Hispanic,scaled_brier,-0.08356365489239614,-0.4588550880927359,0.049062843638724554,0.14481685510711606,196,percentile
ML-GBM,race,Other Hispanic,pct_flagged_7.5,0.006175461123197529,0.0027084579702856743,0.0101111597642616,0.0017990562239296962,200,percentile
ML-GBM,race,Other Hispanic,TPR_7.5,0.1273098298401407,0.0,1.0,0.2164344913571543,196,percentile
ML-GBM,race,Other Hispanic,FPR_7.5,0.005905790425523226,0.0021745154665385844,0.00955919701874096,0.001776495843784721,200,percentile
ML-GBM,race,Other Hispanic,pct_flagged_20,0.0009912764723751198,0.0,0.0024351133275616766,0.0007373414776579925,200,percentile
ML-GBM,race,Other Hispanic,TPR_20,0.0,0.0,0.0,0.0,196,percentile
ML-GBM,race,Other Hispanic,FPR_20,0.0009914802212150947,0.0,0.002442306350546587,0.0007377580535681623,200,percentile
ML-GBM,race,Other Hispanic,rel_OE,0.40990088567152777,0.08405312207475585,0.7868219489869035,0.20600549863289364,200,percentile
ML-GBM,race,Other/Multiracial,n,1233.0,536.0,705.025,45.186881351019935,200,percentile
ML-GBM,race,Other/Multiracial,events,9.0,1.0,7.025000000000006,1.6642184699064875,200,percentile
ML-GBM,race,Other/Multiracial,observed,0.0069298635233422876,0.0009811895941340399,0.012440049155856088,0.0030806361514186557,200,percentile
ML-GBM,race,Other/Multiracial,expected,0.005357023272092493,0.004633031727294813,0.00607546000380571,0.0003823086111945314,200,percentile
ML-GBM,race,Other/Multiracial,OE,1.2936034008744246,0.1792677098915892,2.2975784235127454,0.5822696332391258,200,percentile
ML-GBM,race,Other/Multiracial,cal_intercept,0.2810645584068589,-1.7159693000295635,0.9029897826153789,2.580780418408547,200,percentile
ML-GBM,race,Other/Multiracial,cal_slope,0.5438293487566588,-0.14164902325738027,2.234456554192465,0.5941983255508687,200,percentile
ML-GBM,race,Other/Multiracial,AUC,0.6592005677559414,0.43986782776992156,0.9870660356122513,0.16535225613635524,198,percentile
ML-GBM,race,Other/Multiracial,brier,0.006801161480400821,0.0009725685106870722,0.012279516862518183,0.0030209485479397308,200,percentile
ML-GBM,race,Other/Multiracial,scaled_brier,0.011723467626829298,-0.03640764058578022,0.0768423987928339,0.0367417396897093,198,percentile
ML-GBM,race,Other/Multiracial,pct_flagged_7.5,0.005660046887994737,0.0016809440045961433,0.010318159188199805,0.0024018387033970033,200,percentile
ML-GBM,race,Other/Multiracial,TPR_7.5,0.08620027129270726,0.0,0.34787226634014173,0.1182894238676352,198,percentile
ML-GBM,race,Other/Multiracial,FPR_7.5,0.004591930957361931,0.0006489122282618716,0.00863345910052004,0.0023560239764784763,200,percentile
ML-GBM,race,Other/Multiracial,pct_flagged_20,0.0006831965692233181,0.0,0.001506288561218737,0.0005011062649836164,200,percentile
ML-GBM,race,Other/Multiracial,TPR_20,0.0,0.0,0.0,0.0,198,percentile
ML-GBM,race,Other/Multiracial,FPR_20,0.0006996246270759588,0.0,0.0015514935983516032,0.0005157563481892536,200,percentile
ML-GBM,race,Other/Multiracial,rel_OE,1.2398256573433764,0.1940857390228921,2.270866461545634,0.5602728795331369,200,percentile
ML-GBM,age_group,40-49,n,6020.0,2921.95,3138.5,60.3421715164161,200,percentile
ML-GBM,age_group,40-49,events,20.0,6.0,14.0,2.2349215583235353,200,percentile
ML-GBM,age_group,40-49,observed,0.0025668456574225876,0.0011434078557405218,0.0038557507777777426,0.000765887741165619,200,percentile
ML-GBM,age_group,40-49,expected,0.0023833872964831677,0.0022284497028239457,0.002518647811996469,7.133564460169325e-05,200,percentile
ML-GBM,age_group,40-49,OE,1.0769737932270278,0.46355005927968207,1.632235898356339,0.31704203739904735,200,percentile
ML-GBM,age_group,40-49,cal_intercept,0.07395141526219157,-0.7825389353393224,0.4995936518789611,0.34524642024204477,200,percentile
ML-GBM,age_group,40-49,cal_slope,0.6179212289526792,0.2976378599231375,0.8993193319738806,0.15332395370711302,200,percentile
ML-GBM,age_group,40-49,AUC,0.7390771701748118,0.6285049065221042,0.8457631368807705,0.05767947849654369,200,percentile
ML-GBM,age_group,40-49,brier,0.002582191022060003,0.0011749038548032336,0.0038749469718713427,0.000761257301218154,200,percentile
ML-GBM,age_group,40-49,scaled_brier,-0.008567132753598994,-0.024282940787937846,-0.0027122284156837983,0.007150352848565027,200,percentile
ML-GBM,age_group,40-49,pct_flagged_7.5,0.0010995579745512927,0.00035581117568894846,0.001967260478856045,0.0004334577532074617,200,percentile
ML-GBM,age_group,40-49,TPR_7.5,0.0,0.0,0.0,0.0,200,percentile
ML-GBM,age_group,40-49,FPR_7.5,0.001114479969704009,0.0003602874443586844,0.0019950954998824754,0.00044044276138317795,200,percentile
ML-GBM,age_group,40-49,pct_flagged_20,9.928860828921896e-05,0.0,0.00020684880547452872,9.977952443136602e-05,200,percentile
ML-GBM,age_group,40-49,TPR_20,0.0,0.0,0.0,0.0,200,percentile
ML-GBM,age_group,40-49,FPR_20,9.953862154847966e-05,0.0,0.00020788213612567307,0.00010004203066761294,200,percentile
ML-GBM,age_group,40-49,rel_OE,1.0322017862868222,0.4892440362961167,1.5253994151965458,0.2818900721130345,200,percentile
ML-GBM,age_group,50-59,n,4853.0,2352.9,2546.1,51.50544660665275,200,percentile
ML-GBM,age_group,50-59,events,32.0,11.0,21.025000000000006,2.8720801209411855,200,percentile
ML-GBM,age_group,50-59,observed,0.005256059623114469,0.0029391966820478017,0.0075929686436780755,0.0012005674656899838,200,percentile
ML-GBM,age_group,50-59,expected,0.004395949242683454,0.004052647252750028,0.0048066153156993766,0.0001888490570294815,200,percentile
ML-GBM,age_group,50-59,OE,1.1956597615094327,0.6754508870804484,1.74596098437591,0.2797453088592301,200,percentile
ML-GBM,age_group,50-59,cal_intercept,0.18406080914383915,-0.39916429567701406,0.5752461963748267,0.2510500602375665,200,percentile
ML-GBM,age_group,50-59,cal_slope,0.5780549350159272,0.28767252142916777,0.8630501513015088,0.15859080623834118,200,percentile
ML-GBM,age_group,50-59,AUC,0.6910078483085383,0.5902225886588627,0.8056754720277638,0.056452072263638985,200,percentile
ML-GBM,age_group,50-59,brier,0.005256428013759058,0.003010434837632426,0.007543982325124565,0.0011819813029286105,200,percentile
ML-GBM,age_group,50-59,scaled_brier,-0.00535429084420902,-0.0238425342276745,0.007957745479024225,0.009228310205566982,200,percentile
ML-GBM,age_group,50-59,pct_flagged_7.5,0.003437596584189523,0.0016999275054972978,0.004911640304949259,0.0008716390922083546,200,percentile
ML-GBM,age_group,50-59,TPR_7.5,0.04628556642474035,0.0,0.13975281347482535,0.05015319348512344,200,percentile
ML-GBM,age_group,50-59,FPR_7.5,0.0032194972283959857,0.0014940137672217791,0.004836979275334848,0.0008841985501645153,200,percentile
ML-GBM,age_group,50-59,pct_flagged_20,0.0002708550393360413,0.0,0.0005686179678611439,0.0001571994054974406,200,percentile
ML-GBM,age_group,50-59,TPR_20,0.0,0.0,0.0,0.0,200,percentile
ML-GBM,age_group,50-59,FPR_20,0.00027448599661865456,0.0,0.0005771188775163139,0.00015966355446247468,200,percentile
ML-GBM,age_group,50-59,rel_OE,1.145953735720242,0.7319292412223707,1.5929031941216405,0.21736966315636314,200,percentile
ML-GBM,age_group,60-69,n,4785.0,2301.9,2518.0,56.787073870679095,200,percentile
ML-GBM,age_group,60-69,events,47.0,17.0,32.0,3.8531329026947843,200,percentile
ML-GBM,age_group,60-69,observed,0.010109367250397527,0.006729859314879694,0.014142501326475543,0.0019762491375010364,200,percentile
ML-GBM,age_group,60-69,expected,0.009287239914270122,0.008549463856076533,0.00989829176783346,0.0003572525721684569,200,percentile
ML-GBM,age_group,60-69,OE,1.0885222459758126,0.7145013932048129,1.5273057091778877,0.22099040633143352,200,percentile
ML-GBM,age_group,60-69,cal_intercept,0.08840231349565529,-0.3522531427489094,0.45240648718547744,0.21969606229743388,200,percentile
ML-GBM,age_group,60-69,cal_slope,0.4865512199282232,0.13168999162307718,0.7400355480095495,0.164470303763416,200,percentile
ML-GBM,age_group,60-69,AUC,0.6669000548682831,0.5291492513777609,0.7703216810579342,0.06213082599230341,200,percentile
ML-GBM,age_group,60-69,brier,0.010255663899486208,0.007103929329226357,0.014122288635484714,0.0019063373483138954,200,percentile
ML-GBM,age_group,60-69,scaled_brier,-0.024831796236242987,-0.06363754724376344,-0.000701455003727712,0.016050544460516087,200,percentile
ML-GBM,age_group,60-69,pct_flagged_7.5,0.01188627440834228,0.008794308681704801,0.01546902582808834,0.0017189599412467283,200,percentile
ML-GBM,age_group,60-69,TPR_7.5,0.016637480864189463,0.0,0.0424869696285867,0.012654871378916464,200,percentile
ML-GBM,age_group,60-69,FPR_7.5,0.011881899660341137,0.008788883893902354,0.015371615178372175,0.0017114385680242752,200,percentile
ML-GBM,age_group,60-69,pct_flagged_20,0.001635932598544943,0.00027404301725348815,0.0028074418039987898,0.0006606298952168276,200,percentile
ML-GBM,age_group,60-69,TPR_20,0.0,0.0,0.0,0.0,200,percentile
ML-GBM,age_group,60-69,FPR_20,0.0016594215696387523,0.0002761489995513965,0.0028387898899615597,0.0006679450714921234,200,percentile
ML-GBM,age_group,60-69,rel_OE,1.0432701461959586,0.7368131779179133,1.3816551857609782,0.1726218555410547,200,percentile
ML-GBM,age_group,70-79,n,2853.0,1368.875,1513.075,37.10977874350586,200,percentile
ML-GBM,age_group,70-79,events,86.0,33.975,53.0,4.745563916377285,200,percentile
ML-GBM,age_group,70-79,observed,0.022824554760039518,0.016880561623969774,0.028842584685122408,0.0032874809807074672,200,percentile
ML-GBM,age_group,70-79,expected,0.024748049105340467,0.0230570808257258,0.02638149254189764,0.0008787207261705713,200,percentile
ML-GBM,age_group,70-79,OE,0.9222769303102009,0.6707394312991318,1.1588429123696367,0.13384114841762687,200,percentile
ML-GBM,age_group,70-79,cal_intercept,-0.08848746132363523,-0.4366542458852544,0.1700495431593058,0.16406512053043515,200,percentile
ML-GBM,age_group,70-79,cal_slope,0.5322469130051352,0.353893328730029,0.7252157873127554,0.09836896309852493,200,percentile
ML-GBM,age_group,70-79,AUC,0.6803189661623464,0.6036153513421525,0.7703612921663558,0.04133050640188965,200,percentile
ML-GBM,age_group,70-79,brier,0.022735308373488947,0.016673074739132387,0.028043879240542552,0.0030458632678544042,200,percentile
ML-GBM,age_group,70-79,scaled_brier,-0.019356248348975535,-0.06157116567166929,0.012226344398794145,0.019939854384055808,200,percentile
ML-GBM,age_group,70-79,pct_flagged_7.5,0.0636283899970324,0.055238159539484154,0.07334739048071273,0.004720072300957129,200,percentile
ML-GBM,age_group,70-79,TPR_7.5,0.21866813024032442,0.12282963031452475,0.31742263072435056,0.050336005691745025,200,percentile
ML-GBM,age_group,70-79,FPR_7.5,0.05993092508617404,0.05023198491164927,0.0691926550535175,0.004451099815641017,200,percentile
ML-GBM,age_group,70-79,pct_flagged_20,0.010486768556155027,0.006348567220840169,0.014640195059435205,0.0020081395572628803,200,percentile
ML-GBM,age_group,70-79,TPR_20,0.04187639176791462,0.012702148265815264,0.08004564476454615,0.018773908289774786,200,percentile
ML-GBM,age_group,70-79,FPR_20,0.009800758991371726,0.006102031961462138,0.013919729130664835,0.001992099350098089,200,percentile
ML-GBM,age_group,70-79,rel_OE,0.8839359888831002,0.6513152198220058,1.1637792199010688,0.12778042596341344,200,percentile
ML-GBM,income,PIR 1.3-3.5,n,6093.0,2941.95,3185.225,59.52340023788453,200,percentile
ML-GBM,income,PIR 1.3-3.5,events,68.0,26.975,44.0,4.9006178463926275,200,percentile
ML-GBM,income,PIR 1.3-3.5,observed,0.008886390823754045,0.006097653697838443,0.011835972319225225,0.0014911249799512529,200,percentile
ML-GBM,income,PIR 1.3-3.5,expected,0.007911839141193852,0.007322502308078935,0.008528552588306112,0.00031161049834980015,200,percentile
ML-GBM,income,PIR 1.3-3.5,OE,1.123176377220068,0.7813506471026188,1.4870673534600072,0.18875608726426185,200,percentile
ML-GBM,income,PIR 1.3-3.5,cal_intercept,0.124746045087125,-0.2540875984155282,0.4234066804425405,0.18265533458724792,200,percentile
ML-GBM,income,PIR 1.3-3.5,cal_slope,0.7070432227313609,0.5336433172129164,0.8914130761186427,0.08926186565358664,200,percentile
ML-GBM,income,PIR 1.3-3.5,AUC,0.7824435110371648,0.7064980209842183,0.8445420050958847,0.034051105291117344,200,percentile
ML-GBM,income,PIR 1.3-3.5,brier,0.008809197216173677,0.006175985819706807,0.011629242480258,0.0014401825999666932,200,percentile
ML-GBM,income,PIR 1.3-3.5,scaled_brier,-0.00020145896432244292,-0.025760844064632367,0.020422240874761258,0.011677708287076984,200,percentile
ML-GBM,income,PIR 1.3-3.5,pct_flagged_7.5,0.014307201934388091,0.01078494321536936,0.017445104098476355,0.0016536718908685697,200,percentile
ML-GBM,income,PIR 1.3-3.5,TPR_7.5,0.0969049049003156,0.032635739340624616,0.17140579401609313,0.04113260520542313,200,percentile
ML-GBM,income,PIR 1.3-3.5,FPR_7.5,0.013500738403044804,0.010319623089902112,0.016571263461422035,0.0015561499314458594,200,percentile
ML-GBM,income,PIR 1.3-3.5,pct_flagged_20,0.0015013328346675113,0.00059865910441134,0.002385197822185264,0.0004777328797176452,200,percentile
ML-GBM,income,PIR 1.3-3.5,TPR_20,0.012676903631714857,0.0,0.03464841187914677,0.013696033326630849,200,percentile
ML-GBM,income,PIR 1.3-3.5,FPR_20,0.0014019578644790913,0.0005746301096209925,0.002254921599768746,0.00046339797947460705,200,percentile
ML-GBM,income,PIR 1.3-3.5,rel_OE,1.0764836342097732,0.8179408719843777,1.355265277288098,0.15467498648851857,200,percentile
ML-GBM,income,PIR<1.3,n,4506.0,2136.95,2412.2,74.19791390016076,200,percentile
ML-GBM,income,PIR<1.3,events,78.0,31.0,47.0,4.1582242779495004,200,percentile
ML-GBM,income,PIR<1.3,observed,0.015298893676155044,0.01089733097823048,0.019734087528471198,0.002506415583655011,200,percentile
ML-GBM,income,PIR<1.3,expected,0.009412354080502358,0.008678127451143668,0.010077011373781513,0.00034493839793887227,200,percentile
ML-GBM,income,PIR<1.3,OE,1.625405668476351,1.1128034817495702,2.1543839789816,0.2733033371251117,200,percentile
ML-GBM,income,PIR<1.3,cal_intercept,0.5356221817498357,0.11808963171622427,0.8398991470939468,0.19083601875781253,200,percentile
ML-GBM,income,PIR<1.3,cal_slope,0.49223505299135994,0.376013852670829,0.622984889801364,0.0697225814895326,200,percentile
ML-GBM,income,PIR<1.3,AUC,0.7006256832241675,0.6457854955704175,0.7674517509882102,0.032207689832956604,200,percentile
ML-GBM,income,PIR<1.3,brier,0.015094542548050432,0.010704514610068596,0.019403589491021476,0.002430220607750238,200,percentile
ML-GBM,income,PIR<1.3,scaled_brier,-0.0019718114817768306,-0.024700699453129724,0.021859352216304955,0.013203073631737046,200,percentile
ML-GBM,income,PIR<1.3,pct_flagged_7.5,0.01861586958959399,0.014891220926755953,0.022214367852586875,0.0018291116486851711,200,percentile
ML-GBM,income,PIR<1.3,TPR_7.5,0.06674284602446405,0.02194064650031761,0.12323488766963824,0.02638863116216654,200,percentile
ML-GBM,income,PIR<1.3,FPR_7.5,0.01795477767039081,0.01451939108104852,0.021497758772569035,0.001795490436303279,200,percentile
ML-GBM,income,PIR<1.3,pct_flagged_20,0.0033990652061747523,0.0018889624942909746,0.004842802287151244,0.0008072560364691336,200,percentile
ML-GBM,income,PIR<1.3,TPR_20,0.026019666451692035,0.011844948249243578,0.04888864180908493,0.012430720221152743,200,percentile
ML-GBM,income,PIR<1.3,FPR_20,0.0030695527125070596,0.0016189102064526008,0.004448763645441302,0.0008152063237239,200,percentile
ML-GBM,income,PIR<1.3,rel_OE,1.5578342249302477,1.2031578848129991,2.0365187965655402,0.2180851768530111,200,percentile
ML-GBM,income,PIR>3.5,n,6387.0,3056.325,3399.025,100.26195639173167,200,percentile
ML-GBM,income,PIR>3.5,events,24.0,7.0,17.0,2.654847656721948,200,percentile
ML-GBM,income,PIR>3.5,observed,0.0035296881220717473,0.0018313679997801306,0.005194860954661932,0.0008172376681171629,200,percentile
ML-GBM,income,PIR>3.5,expected,0.005127807807408297,0.004801545193097013,0.005560413878771138,0.00019517695911732184,200,percentile
ML-GBM,income,PIR>3.5,OE,0.6883425148993106,0.35437168259433033,0.9966819375794542,0.16051669148487008,200,percentile
ML-GBM,income,PIR>3.5,cal_intercept,-0.39263952465917223,-1.092517939572344,-0.0016042325565612304,0.26166468938669313,200,percentile
ML-GBM,income,PIR>3.5,cal_slope,0.6598250516750536,0.3036921274064606,0.9828810600507463,0.1659171182867518,200,percentile
ML-GBM,income,PIR>3.5,AUC,0.748069246310639,0.60233782366934,0.9091543498770642,0.07234311965978718,200,percentile
ML-GBM,income,PIR>3.5,brier,0.0036840654827067403,0.0020695984530878083,0.005322740147599792,0.0007959815903742912,200,percentile
ML-GBM,income,PIR>3.5,scaled_brier,-0.04743394267761181,-0.11560327156882241,-0.010693169720789212,0.028880054171115433,200,percentile
ML-GBM,income,PIR>3.5,pct_flagged_7.5,0.005757171545636807,0.004057895321673727,0.007847422006187548,0.000961054127758754,200,percentile
ML-GBM,income,PIR>3.5,TPR_7.5,0.10047555059379398,0.0,0.21576102191034777,0.06559364208436777,200,percentile
ML-GBM,income,PIR>3.5,FPR_7.5,0.005435480174196059,0.003753240405408627,0.0073458715362466846,0.0009016744041111976,200,percentile
ML-GBM,income,PIR>3.5,pct_flagged_20,0.0011916174713018206,0.000570300675698606,0.0019280802275404019,0.0003723759716757454,200,percentile
ML-GBM,income,PIR>3.5,TPR_20,0.0,0.0,0.0,0.0,200,percentile
ML-GBM,income,PIR>3.5,FPR_20,0.0011995329481727785,0.0005744008005873857,0.0019385381482398085,0.00037522699618064946,200,percentile
ML-GBM,income,PIR>3.5,rel_OE,0.6597267063734907,0.3873264210976523,0.9222647390103763,0.12801932932487478,200,percentile
ML-GBM,education,<HS,n,5308.0,2530.875,2839.0,76.97219216596447,200,percentile
ML-GBM,education,<HS,events,86.0,33.0,51.025000000000006,4.5226148659962915,200,percentile
ML-GBM,education,<HS,observed,0.013345028923801577,0.009175460431664213,0.01706638628472439,0.002048273475880992,200,percentile
ML-GBM,education,<HS,expected,0.00975855150125955,0.009100138435691437,0.010400495915606177,0.00034601290596164607,200,percentile
ML-GBM,education,<HS,OE,1.3675214935412408,0.9894890337097783,1.7745281413775364,0.21068740514079812,200,percentile
ML-GBM,education,<HS,cal_intercept,0.34302754538739066,-0.012106844010727497,0.6235318001421165,0.1723087012426778,200,percentile
ML-GBM,education,<HS,cal_slope,0.5325327635848142,0.401264144620836,0.6763827483151442,0.07039123439992633,200,percentile
ML-GBM,education,<HS,AUC,0.7193993840522812,0.6621674155109414,0.7903397730563021,0.03283312945241345,200,percentile
ML-GBM,education,<HS,brier,0.01317231241170724,0.009371169444223986,0.016697077080458363,0.0019803761526788056,200,percentile
ML-GBM,education,<HS,scaled_brier,-0.00040808914137202557,-0.025298193144461405,0.019923321961794468,0.012959380389074945,200,percentile
ML-GBM,education,<HS,pct_flagged_7.5,0.019528947016267856,0.016221570108607877,0.02374193622411233,0.0019065530911635505,200,percentile
ML-GBM,education,<HS,TPR_7.5,0.08818395933483889,0.036395207208879975,0.1490078587984334,0.02848212264393484,200,percentile
ML-GBM,education,<HS,FPR_7.5,0.018631999933853272,0.015467254913967785,0.02259227754298125,0.0018296420050977849,200,percentile
ML-GBM,education,<HS,pct_flagged_20,0.0030126354789702763,0.0018790873056751202,0.004261943130911352,0.0006533514961918782,200,percentile
ML-GBM,education,<HS,TPR_20,0.02593685192331888,0.011764105789503295,0.04409636777516435,0.012037952698076015,200,percentile
ML-GBM,education,<HS,FPR_20,0.0026990258266975592,0.0014466624910048993,0.003888575993608687,0.0006314336784541455,200,percentile
ML-GBM,education,<HS,rel_OE,1.3106708234648128,0.9717996709367194,1.6540026691838534,0.17588823338591125,200,percentile
ML-GBM,education,College+,n,4141.0,1949.775,2219.025,71.40429445300651,200,percentile
ML-GBM,education,College+,events,22.0,6.0,16.0,2.446698113436036,200,percentile
ML-GBM,education,College+,observed,0.004027443647182348,0.0018968958386931085,0.006163630045642492,0.0011062539242685837,200,percentile
ML-GBM,education,College+,expected,0.004907334910576965,0.004436466504117677,0.005383031011844245,0.00025084455053935245,200,percentile
ML-GBM,education,College+,OE,0.8206987541245343,0.38565446018576355,1.2838563244287244,0.22450492628959934,200,percentile
ML-GBM,education,College+,cal_intercept,-0.20135751311481828,-0.9815039727420655,0.2630452157254444,0.31778339140045814,200,percentile
ML-GBM,education,College+,cal_slope,0.8763391399343993,0.5317538129065997,1.270160223126443,0.20025303978511258,200,percentile
ML-GBM,education,College+,AUC,0.7938029791629968,0.6693682511309801,0.9317690896783895,0.07017880418784385,200,percentile
ML-GBM,education,College+,brier,0.003942512779080648,0.0019330998690267817,0.005931237287751272,0.0010528869404967769,200,percentile
ML-GBM,education,College+,scaled_brier,0.01712957865053044,-0.06439617374311853,0.06122687143134667,0.030337963901277604,200,percentile
ML-GBM,education,College+,pct_flagged_7.5,0.005663004134048765,0.0038658417938744246,0.0074271639109145604,0.000919854620866888,200,percentile
ML-GBM,education,College+,TPR_7.5,0.15714250806418859,0.0,0.3476442807539737,0.08581803145374325,200,percentile
ML-GBM,education,College+,FPR_7.5,0.004965603749804333,0.003274727021805601,0.006551722585889201,0.0008284779265807109,200,percentile
ML-GBM,education,College+,pct_flagged_20,0.0006807814997262738,0.0,0.0013964752351117177,0.00034982553830258524,200,percentile
ML-GBM,education,College+,TPR_20,0.02853168086192583,0.0,0.09517846209825609,0.033797064402890306,200,percentile
ML-GBM,education,College+,FPR_20,0.0005692353701001216,0.0,0.0011953050040405951,0.0003332339453641603,200,percentile
ML-GBM,education,College+,rel_OE,0.7865806255808659,0.40369200296640195,1.1835083648188462,0.20251777369029467,200,percentile
ML-GBM,education,HS/GED,n,4214.0,2032.95,2229.125,55.42173076696568,200,percentile
ML-GBM,education,HS/GED,events,38.0,13.0,25.0,3.2118460071848633,200,percentile
ML-GBM,education,HS/GED,observed,0.006604142168953903,0.0031713692739783854,0.00959034263445987,0.001551995152325472,200,percentile
ML-GBM,education,HS/GED,expected,0.008000570331348433,0.007293149791186266,0.008656878660866242,0.0003593123710175717,200,percentile
ML-GBM,education,HS/GED,OE,0.8254589229816603,0.4108598320325525,1.2014193285285777,0.194542780421956,200,percentile
ML-GBM,education,HS/GED,cal_intercept,-0.2057636729749348,-0.9365035788921637,0.1949648193687217,0.27846035617580656,200,percentile
ML-GBM,education,HS/GED,cal_slope,0.6367463009134252,0.44467571767799075,0.8635735195030472,0.10543638144165376,200,percentile
ML-GBM,education,HS/GED,AUC,0.7822045466676568,0.698710927511018,0.8564625492847268,0.040451580358167136,200,percentile
ML-GBM,education,HS/GED,brier,0.006866376618672375,0.0035998420089216427,0.00991341833996771,0.001528618136034223,200,percentile
ML-GBM,education,HS/GED,scaled_brier,-0.04661959646750513,-0.11662347930493877,-0.0027426943435068,0.030353157699970386,200,percentile
ML-GBM,education,HS/GED,pct_flagged_7.5,0.014383476669113613,0.010735794682796897,0.01735471852517828,0.001840100025877198,200,percentile
ML-GBM,education,HS/GED,TPR_7.5,0.11297581096146833,0.0,0.26079135184413244,0.06568024291827415,200,percentile
ML-GBM,education,HS/GED,FPR_7.5,0.013768545326501201,0.010331874498168926,0.017067235036880367,0.0018273028488900928,200,percentile
ML-GBM,education,HS/GED,pct_flagged_20,0.0017050009495981672,0.0004574187568231783,0.002889667980446344,0.0006216617912343184,200,percentile
ML-GBM,education,HS/GED,TPR_20,0.0,0.0,0.0,0.0,200,percentile
ML-GBM,education,HS/GED,FPR_20,0.0017222958347142521,0.00045894085144702835,0.002917570965153832,0.0006281076875100423,200,percentile
ML-GBM,education,HS/GED,rel_OE,0.7911429044666222,0.4472559986865333,1.0606438007063093,0.16006136236442878,200,percentile
ML-GBM,education,Some college,n,4833.0,2332.975,2539.125,55.33961932771744,200,percentile
ML-GBM,education,Some college,events,37.0,12.0,24.025000000000006,3.2807915149890454,200,percentile
ML-GBM,education,Some college,observed,0.0067594161332692965,0.0037287246881860655,0.009373953083479427,0.0014716190150646448,200,percentile
ML-GBM,education,Some college,expected,0.005889515850535197,0.005512485748390944,0.006350009529502716,0.00023629004297200657,200,percentile
ML-GBM,education,Some college,OE,1.1477031906884247,0.6351142228817964,1.5857003199218396,0.2523830851855863,200,percentile
ML-GBM,education,Some college,cal_intercept,0.14173102299030294,-0.4764069299272129,0.48772060527276206,0.25102137077469644,200,percentile
ML-GBM,education,Some college,cal_slope,0.5530392463549509,0.3455794413502887,0.7470018707229412,0.11616211175533048,200,percentile
ML-GBM,education,Some college,AUC,0.721792767793906,0.6222570429122888,0.8145431720413636,0.05042588968695782,200,percentile
ML-GBM,education,Some college,brier,0.006848281328009527,0.0038387000436366876,0.009474249387484507,0.0014427060688021408,200,percentile
ML-GBM,education,Some college,scaled_brier,-0.02004176110984801,-0.050089239651504636,-0.005772666037228756,0.010837338255667099,200,percentile
ML-GBM,education,Some college,pct_flagged_7.5,0.007381227187927038,0.004810639510444431,0.009635472388602115,0.0013798317764286403,200,percentile
ML-GBM,education,Some college,TPR_7.5,0.021248706338862604,0.0,0.0637488551568496,0.022831140318302145,200,percentile
ML-GBM,education,Some college,FPR_7.5,0.007323871046939275,0.00473844565378015,0.009701211888432726,0.0013721200594229875,200,percentile
ML-GBM,education,Some college,pct_flagged_20,0.0014921905515289885,0.0005104314926143715,0.0025668408477412213,0.0005651835999202228,200,percentile
ML-GBM,education,Some college,TPR_20,0.0,0.0,0.0,0.0,200,percentile
ML-GBM,education,Some college,FPR_20,0.001517425073578686,0.0005128665286298188,0.002610497415916608,0.0005753793798637639,200,percentile
ML-GBM,education,Some college,rel_OE,1.0999908177950888,0.6527499272661514,1.4942520451586279,0.21429889808250213,200,percentile
ML-GBM,sex,GAP(max-min),OE,0.309637468422969,0.0,0.5985750618361071,0.1952707374712695,200,basic
ML-GBM,sex,GAP(max-min),AUC,0.023068451372803445,0.0,0.043679360974006994,0.033195336441741656,200,basic
ML-GBM,sex,GAP(max-min),cal_slope,0.05072167657406956,0.0,0.09752326974972036,0.0703442797205181,200,basic
ML-GBM,sex,GAP(max-min),TPR_7.5,0.011871559651440197,0.0,0.0211091643426525,0.03118197016719439,200,basic
ML-GBM,sex,GAP(max-min),FPR_7.5,0.005636030812473691,0.0029418644309861606,0.008428248135590496,0.0014957579536981373,200,basic
ML-GBM,sex,GAP(max-min),pct_flagged_7.5,0.005819285567821969,0.0031491055988776794,0.008474439382948453,0.0015204743001731112,200,basic
ML-GBM,sex,GAP(max/min),OE,1.3555943339774532,1.0,1.6898277679436304,0.28098096257447586,200,basic
ML-GBM,race,GAP(max-min),OE,0.33242508389156766,0.0,0.5497638942742419,0.23423203687422223,200,basic
ML-GBM,race,GAP(max-min),AUC,0.04280918219971208,0.0,0.07071406028526324,0.04258675132050254,200,basic
ML-GBM,race,GAP(max-min),cal_slope,0.07164559411437355,0.0,0.1135488643729204,0.08799807452194586,200,basic
ML-GBM,race,GAP(max-min),TPR_7.5,0.07083720570238382,0.0,0.12027306540659354,0.04602149553086014,200,basic
ML-GBM,race,GAP(max-min),FPR_7.5,0.014318809275131135,0.009382900519396498,0.019418055326096577,0.0027208036586203886,200,basic
ML-GBM,race,GAP(max-min),pct_flagged_7.5,0.015492725192359117,0.010296194037948108,0.020427051805081586,0.0026744609919643297,200,basic
ML-GBM,race,GAP(max/min),OE,1.3339821730200287,1.0,1.5652799168474139,0.3370686663660559,200,basic
ML-GBM,age_group,GAP(max-min),OE,0.2733828311992318,0.0,0.4274721644371903,0.21041091619104302,200,basic
ML-GBM,age_group,GAP(max-min),AUC,0.0721771153065287,0.0,0.11863981769645424,0.0545907381646353,200,basic
ML-GBM,age_group,GAP(max-min),cal_slope,0.131370009024456,0.0,0.19941389401564208,0.14081332653694276,200,basic
ML-GBM,age_group,GAP(max-min),TPR_7.5,0.21866813024032442,0.11991362975629827,0.3227421622421265,0.052084470213226174,200,basic
ML-GBM,age_group,GAP(max-min),FPR_7.5,0.05881644511647004,0.04932523426881277,0.06946487184197128,0.004791875743347564,200,basic
ML-GBM,age_group,GAP(max-min),pct_flagged_7.5,0.0625288320224811,0.05206556961266616,0.07258911774011753,0.0051184696024215385,200,basic
ML-GBM,age_group,GAP(max/min),OE,1.2964216302225857,1.0,1.4441953953885431,0.2877919555199855,200,basic
ML-GBM,income,GAP(max-min),OE,0.9370631535770403,0.41381035467302607,1.7255793061015283,0.31984088625851403,200,basic
ML-GBM,income,GAP(max-min),AUC,0.08181782781299729,0.0,0.1450813057378287,0.04441939699742049,200,basic
ML-GBM,income,GAP(max-min),cal_slope,0.21480816974000094,0.0,0.3705435423616432,0.11286209515935312,200,basic
ML-GBM,income,GAP(max-min),TPR_7.5,0.03373270456932993,0.0,0.05676961863638525,0.04714085261707634,200,basic
ML-GBM,income,GAP(max-min),FPR_7.5,0.01251929749619475,0.008705075795279647,0.02269427787382955,0.003541908286920555,200,basic
ML-GBM,income,GAP(max-min),pct_flagged_7.5,0.012858698043957182,0.008968729383768283,0.023405067998476366,0.0036584291982246745,200,basic
ML-GBM,income,GAP(max/min),OE,2.361332669846947,1.2530800575557546,3.6047107717493874,0.5958132361906984,200,basic
ML-GBM,education,GAP(max-min),OE,0.5468227394167064,0.0,0.867723665746293,0.22618955612336444,200,basic
ML-GBM,education,GAP(max-min),AUC,0.07440359511071559,0.0,0.11791755771980614,0.055992039493921314,200,basic
ML-GBM,education,GAP(max-min),cal_slope,0.3438063763495851,0.0,0.6263980808490162,0.1834146275357746,200,basic
ML-GBM,education,GAP(max-min),TPR_7.5,0.13589380172532597,0.0,0.22008597598625634,0.06534032817447145,200,basic
ML-GBM,education,GAP(max-min),FPR_7.5,0.01366639618404894,0.009909239234192724,0.018589912278339858,0.002166026281164005,200,basic
ML-GBM,education,GAP(max-min),pct_flagged_7.5,0.013865942882219092,0.009873436855193134,0.018591470352878735,0.0022039445818537668,200,basic
ML-GBM,education,GAP(max/min),OE,1.666289228134652,1.0,2.0845612881318756,0.5566832876016861,200,basic
