tool,attribute,level,metric,value,lo,hi,se,n_rep,ci_method
PCE,Overall,All,n,13466.0,8438.95,8586.025,37.273860524394514,200,percentile
PCE,Overall,All,events,362.0,213.975,246.025,8.927423730974231,200,percentile
PCE,Overall,All,observed,0.027013720906110657,0.02467674019335717,0.029924370144193888,0.0014107056245544264,200,percentile
PCE,Overall,All,expected,0.1089726664981499,0.10712234019537113,0.11051632474278823,0.0009166838127484666,200,percentile
PCE,Overall,All,OE,0.2478944654122902,0.22585005578731523,0.27370667975889124,0.012803531426708299,200,percentile
PCE,Overall,All,cal_intercept,-1.639166516183807,-1.7406140083211425,-1.5325065013851573,0.05561926730458471,200,percentile
PCE,Overall,All,cal_slope,0.907346282537604,0.8186099120870779,1.0202635584059805,0.05114844793556375,200,percentile
PCE,Overall,All,AUC,0.7892506850621769,0.7687156508178908,0.8114116069915105,0.011275387836681272,200,percentile
PCE,Overall,All,brier,0.03921427532339987,0.037548226623387915,0.04102325135865828,0.000923955615362435,200,percentile
PCE,Overall,All,scaled_brier,-0.49194587875670504,-0.5901357013346836,-0.3812242829023388,0.05226796232785185,200,percentile
PCE,Overall,All,pct_flagged_7.5,0.46227536016634485,0.4542217436506758,0.47118669241051536,0.004422952684334637,200,percentile
PCE,Overall,All,TPR_7.5,0.8695225421028748,0.8346622189942506,0.9028496467718146,0.017859058618848952,200,percentile
PCE,Overall,All,FPR_7.5,0.4543540821667008,0.44412575927657955,0.4628379801654491,0.004959123944580936,200,percentile
PCE,Overall,All,pct_flagged_20,0.17830090598544482,0.17256609238081094,0.1841916679043517,0.0031715181358502828,200,percentile
PCE,Overall,All,TPR_20,0.5681037863012411,0.5210852898763605,0.6185705719486838,0.025359182542724373,200,percentile
PCE,Overall,All,FPR_20,0.16931179932208273,0.16244777398183927,0.17613701999202006,0.0034694193091552895,200,percentile
PCE,Overall,All,rel_OE,1.0,1.0,1.0,0.0,200,percentile
PCE,sex,Female,n,6883.0,4280.9,4411.05,34.77516586306971,200,percentile
PCE,sex,Female,events,145.0,81.0,103.0,5.351334779248818,200,percentile
PCE,sex,Female,observed,0.021294194048772756,0.01816319222437981,0.02519213712088221,0.0017412995721131723,200,percentile
PCE,sex,Female,expected,0.08426639321030928,0.08170792272454099,0.08656113384654597,0.0013071252018322323,200,percentile
PCE,sex,Female,OE,0.2527009076516116,0.2186343600956194,0.29830085201405876,0.019823401271219548,200,percentile
PCE,sex,Female,cal_intercept,-1.6118391721784657,-1.774190507083738,-1.4326394432370029,0.0835780739811885,200,percentile
PCE,sex,Female,cal_slope,0.8515732239266351,0.7118092033420319,1.0390080304636773,0.0806057761774399,200,percentile
PCE,sex,Female,AUC,0.7971115400491673,0.7601829061142814,0.8338202989404612,0.019317169573800006,200,percentile
PCE,sex,Female,brier,0.03024597979015382,0.027921620810765047,0.033208626586266894,0.0013139468375831327,200,percentile
PCE,sex,Female,scaled_brier,-0.4512902766437925,-0.5885288718294212,-0.3120265294883309,0.07086185944788105,200,percentile
PCE,sex,Female,pct_flagged_7.5,0.35304373093127994,0.34232502955699823,0.3642951710327017,0.00593051263432899,200,percentile
PCE,sex,Female,TPR_7.5,0.8200537416252984,0.7664192869043,0.8813630774760365,0.03233916823859399,200,percentile
PCE,sex,Female,FPR_7.5,0.3487531800679232,0.3356676700361519,0.3609678264970388,0.006500544124514818,200,percentile
PCE,sex,Female,pct_flagged_20,0.12567194537265727,0.11720560324494712,0.13203716459047954,0.003951049993404865,200,percentile
PCE,sex,Female,TPR_20,0.5212895120922051,0.43337369207215615,0.608368804664111,0.04376384809805036,200,percentile
PCE,sex,Female,FPR_20,0.12054144180621147,0.11094915371022784,0.12786358924726912,0.004245560867251616,200,percentile
PCE,sex,Female,rel_OE,1.0193890663566347,0.909661715412314,1.1308607975051637,0.06034597793777766,200,percentile
PCE,sex,Male,n,6583.0,4101.0,4216.025,30.75408662635102,200,percentile
PCE,sex,Male,events,217.0,123.975,152.0,7.173485517679798,200,percentile
PCE,sex,Male,observed,0.032951105313655873,0.02891846402677544,0.03725173513945846,0.0021658789664504925,200,percentile
PCE,sex,Male,expected,0.13480485228581618,0.13221012442426822,0.13726303217247673,0.0014185548063489024,200,percentile
PCE,sex,Male,OE,0.24443560268729958,0.21696700009455064,0.27725904629929865,0.016119977051451535,200,percentile
PCE,sex,Male,cal_intercept,-1.6571936445222908,-1.7837954598902839,-1.514616675572266,0.07141507918273521,200,percentile
PCE,sex,Male,cal_slope,0.9661270417468218,0.8366663956207033,1.1037708051723965,0.06833255348221232,200,percentile
PCE,sex,Male,AUC,0.7717723388939128,0.741857898793534,0.800278176140941,0.01507866691522537,200,percentile
PCE,sex,Male,brier,0.04852417444434505,0.045568522503792036,0.051378479968855986,0.0014101889998097545,200,percentile
PCE,sex,Male,scaled_brier,-0.5227890151013899,-0.6419352745464172,-0.4052214796236153,0.0680279620662663,200,percentile
PCE,sex,Male,pct_flagged_7.5,0.5764848853106487,0.5651702292777488,0.5884816175304195,0.0062497352825282276,200,percentile
PCE,sex,Male,TPR_7.5,0.902708752622374,0.8646567883093799,0.9410482433348883,0.02038111860414936,200,percentile
PCE,sex,Male,FPR_7.5,0.5652987473729227,0.55090228042454,0.5793936194763578,0.0069278126393868015,200,percentile
PCE,sex,Male,pct_flagged_20,0.23332826978581195,0.22350170252833892,0.24354623636222267,0.005368634682197371,200,percentile
PCE,sex,Male,TPR_20,0.5995092043469619,0.5450929500203766,0.6677369963755572,0.03238369520479875,200,percentile
PCE,sex,Male,FPR_20,0.22055010201692982,0.21053969467758402,0.23092941345566773,0.005907849595652446,200,percentile
PCE,sex,Male,rel_OE,0.9860470353009376,0.9109477925979199,1.0583469037393143,0.03922777005490643,200,percentile
PCE,race,Mexican American,n,2794.0,1719.85,1813.05,24.09378190806018,200,percentile
PCE,race,Mexican American,events,62.0,30.975,47.0,4.148875248684361,200,percentile
PCE,race,Mexican American,observed,0.02520622729693485,0.01920168317731077,0.032376831226357,0.0033080039074116136,200,percentile
PCE,race,Mexican American,expected,0.10641729003212724,0.10201402341511331,0.11013422157518414,0.0020348841008610966,200,percentile
PCE,race,Mexican American,OE,0.23686214232034214,0.18179203600565827,0.30601762540801875,0.030738216858517034,200,percentile
PCE,race,Mexican American,cal_intercept,-1.7231562953213366,-1.9901605857507267,-1.4458601911122206,0.140400407165005,200,percentile
PCE,race,Mexican American,cal_slope,0.9335402836333956,0.6979989381286713,1.239361744403081,0.12977051272493811,200,percentile
PCE,race,Mexican American,AUC,0.8031016069650846,0.7456634497046534,0.8587073366736487,0.028043862442449236,200,percentile
PCE,race,Mexican American,brier,0.038454488707697715,0.03447989627334584,0.04294547184802577,0.0022020627663618232,200,percentile
PCE,race,Mexican American,scaled_brier,-0.5650436220943249,-0.9192733444499027,-0.3322321313578045,0.1484266323109471,200,percentile
PCE,race,Mexican American,pct_flagged_7.5,0.43987115246957764,0.4241606718061002,0.4562411530439146,0.008584489918007063,200,percentile
PCE,race,Mexican American,TPR_7.5,0.8391719425320955,0.7418653576437588,0.9157469864132074,0.044843929105597834,200,percentile
PCE,race,Mexican American,FPR_7.5,0.43368281708293643,0.4141978689788786,0.4523718614786045,0.010104391868019546,200,percentile
PCE,race,Mexican American,pct_flagged_20,0.17680744452397995,0.1612632498005066,0.18881303036830974,0.006715003086245327,200,percentile
PCE,race,Mexican American,TPR_20,0.6622610793174005,0.5506737039968224,0.7795420262878534,0.05908300494570679,200,percentile
PCE,race,Mexican American,FPR_20,0.17092010424182455,0.15659712347346555,0.185760337177018,0.007248275724518538,200,percentile
PCE,race,Mexican American,rel_OE,0.9554958878424354,0.7451532936285131,1.1989428506418953,0.10929506844673595,200,percentile
PCE,race,NH Black,n,2577.0,1585.9,1675.05,24.098716577932493,200,percentile
PCE,race,NH Black,events,85.0,45.975,63.025000000000006,4.46907576473646,200,percentile
PCE,race,NH Black,observed,0.0328297981317907,0.02673892004271837,0.041121663459351226,0.00383675138192561,200,percentile
PCE,race,NH Black,expected,0.12508496146277162,0.12021874993291229,0.12917720429291998,0.0023652294794935342,200,percentile
PCE,race,NH Black,OE,0.2624599931748123,0.21629891440981075,0.32787362047865476,0.030240157079497926,200,percentile
PCE,race,NH Black,cal_intercept,-1.5855035520318885,-1.8045994663879432,-1.3369299830417611,0.12312742569217018,200,percentile
PCE,race,NH Black,cal_slope,0.9476551082003454,0.6961117991600976,1.2147192198241754,0.13651511200168742,200,percentile
PCE,race,NH Black,AUC,0.7706762824988777,0.7152046271887165,0.8186965937974817,0.026850183550408326,200,percentile
PCE,race,NH Black,brier,0.04502558319873966,0.04039708607028766,0.05067263663202063,0.0024506542806181477,200,percentile
PCE,race,NH Black,scaled_brier,-0.41803916833281596,-0.619765900651494,-0.23726479797260094,0.10381937573825463,200,percentile
PCE,race,NH Black,pct_flagged_7.5,0.5490880869227784,0.5308849191650484,0.5687877931490303,0.00976502092552149,200,percentile
PCE,race,NH Black,TPR_7.5,0.892403447271467,0.8187936165552043,0.946396765016788,0.03393159938118915,200,percentile
PCE,race,NH Black,FPR_7.5,0.5492865146087744,0.5284934227133592,0.5682232227907016,0.010820882078651917,200,percentile
PCE,race,NH Black,pct_flagged_20,0.20644159875824603,0.18995690918373534,0.22224427682942965,0.00803703845001511,200,percentile
PCE,race,NH Black,TPR_20,0.6110502700692967,0.5097562945301618,0.7006306655176991,0.051289653104765555,200,percentile
PCE,race,NH Black,FPR_20,0.1954366873642266,0.17818529379971795,0.2119146129834391,0.008625936795391934,200,percentile
PCE,race,NH Black,rel_OE,1.0587569703837363,0.8704968731317714,1.2932755115075956,0.10927246156475233,200,percentile
PCE,race,NH White,n,6689.0,4168.925,4287.175,33.29648147165029,200,percentile
PCE,race,NH White,events,191.0,107.0,133.025,6.630968914398453,200,percentile
PCE,race,NH White,observed,0.02724054453331013,0.02306571590950139,0.03178517432862721,0.0020222394318669436,200,percentile
PCE,race,NH White,expected,0.10680373845109364,0.10413811478970515,0.10919471870711153,0.001356465998257096,200,percentile
PCE,race,NH White,OE,0.25505235049224245,0.22011449690579485,0.2974461228258991,0.018434799708411425,200,percentile
PCE,race,NH White,cal_intercept,-1.593205851925794,-1.7536533988418996,-1.4370164059930959,0.07867428481839914,200,percentile
PCE,race,NH White,cal_slope,0.9308000410869411,0.8175498040635487,1.0568926797430542,0.06350232182820159,200,percentile
PCE,race,NH White,AUC,0.8025431096313054,0.7758496958276676,0.8302480032203736,0.01441700734912728,200,percentile
PCE,race,NH White,brier,0.03877488961615948,0.03598342309852675,0.04125551819801212,0.0013901574139332524,200,percentile
PCE,race,NH White,scaled_brier,-0.4632863601923456,-0.6110379675315808,-0.3410381994149954,0.0679783365888209,200,percentile
PCE,race,NH White,pct_flagged_7.5,0.44909552997458513,0.43572391817385314,0.46077509760627444,0.005972334147163817,200,percentile
PCE,race,NH White,TPR_7.5,0.8889481456638649,0.8446724478105945,0.9310019096733311,0.023104664764613505,200,percentile
PCE,race,NH White,FPR_7.5,0.43527851077807483,0.42296877520681636,0.4474730525955446,0.006350897510118859,200,percentile
PCE,race,NH White,pct_flagged_20,0.17700702646135447,0.16880301238598946,0.18631122154617635,0.004515595865559272,200,percentile
PCE,race,NH White,TPR_20,0.5549167809240536,0.4822227458552771,0.6277478203216815,0.03893319786013921,200,percentile
PCE,race,NH White,FPR_20,0.16554512499598642,0.15760905501362912,0.17417275041648633,0.004583404240491351,200,percentile
PCE,race,NH White,rel_OE,1.0288747272677004,0.9057687944644249,1.1219453317180124,0.05206359964876146,200,percentile
PCE,race,Other Hispanic,n,929.0,556.975,614.0,14.138311755527338,200,percentile
PCE,race,Other Hispanic,events,17.0,7.0,14.0,1.991413729795012,200,percentile
PCE,race,Other Hispanic,observed,0.019188673021253596,0.010296972973432045,0.03012576141891538,0.0049333341162629074,200,percentile
PCE,race,Other Hispanic,expected,0.0967417300166297,0.09072632282798272,0.10347330641698177,0.0032650341480032446,200,percentile
PCE,race,Other Hispanic,OE,0.19834949217835057,0.10855262648625319,0.30608900516121074,0.05052925324225892,200,percentile
PCE,race,Other Hispanic,cal_intercept,-1.860557848397104,-2.469035467399825,-1.4094261645678583,0.27795484501489826,200,percentile
PCE,race,Other Hispanic,cal_slope,0.8344416093507934,0.42862344311890516,1.369207715562247,0.2291432423246658,200,percentile
PCE,race,Other Hispanic,AUC,0.7509313396301082,0.6409373808602405,0.83881406360236,0.05152061469014535,200,percentile
PCE,race,Other Hispanic,brier,0.031720554334056884,0.0250374091524072,0.03889774256518125,0.0035489359141389434,200,percentile
PCE,race,Other Hispanic,scaled_brier,-0.6854285764128056,-1.574689267924085,-0.2712611232984655,0.34237092690615173,200,percentile
PCE,race,Other Hispanic,pct_flagged_7.5,0.41980624327233584,0.3853460380458653,0.45010450490573983,0.01501578762777658,200,percentile
PCE,race,Other Hispanic,TPR_7.5,0.7730897391376177,0.5467113575447544,1.0,0.11226011072619274,200,percentile
PCE,race,Other Hispanic,FPR_7.5,0.4146864970768912,0.3724285658467836,0.44925346718537285,0.017981160376162035,200,percentile
PCE,race,Other Hispanic,pct_flagged_20,0.13347685683530677,0.11374710967547029,0.15378368351826247,0.010415106071116207,200,percentile
PCE,race,Other Hispanic,TPR_20,0.34036539129357346,0.12573490596544576,0.5559523809523811,0.11650467986582337,200,percentile
PCE,race,Other Hispanic,FPR_20,0.1347378991346651,0.10998349880918734,0.15701930284642088,0.012047050009337973,200,percentile
PCE,race,Other Hispanic,rel_OE,0.8001368318105125,0.44514227238582,1.191551997395224,0.1971682441473816,200,percentile
PCE,race,Other/Multiracial,n,477.0,281.0,318.025,9.972001003815658,200,percentile
PCE,race,Other/Multiracial,events,7.0,2.0,7.0,1.303252598955174,200,percentile
PCE,race,Other/Multiracial,observed,0.015679572320388645,0.004797876905243432,0.028861967059162167,0.006065588398768145,200,percentile
PCE,race,Other/Multiracial,expected,0.09112955836466749,0.08071556577423102,0.099994705771745,0.005292300595242626,200,percentile
PCE,race,Other/Multiracial,OE,0.1720580303664446,0.05522631016665921,0.3260669600793927,0.06882331912385621,200,percentile
PCE,race,Other/Multiracial,cal_intercept,-2.0189642499513107,-3.166291129932223,-1.3251990281912633,0.454780321572978,200,percentile
PCE,race,Other/Multiracial,cal_slope,0.06074769799038226,-0.6684097859189753,0.8532308789152866,0.4237705413331812,200,percentile
PCE,race,Other/Multiracial,AUC,0.5653005268959707,0.32300582374859127,0.8196304734651325,0.13230992320588927,200,percentile
PCE,race,Other/Multiracial,brier,0.03193311553059979,0.022939742673425488,0.04068951065437694,0.005082713992139007,200,percentile
PCE,race,Other/Multiracial,scaled_brier,-1.0690480737008614,-3.364526571198662,-0.42883462500646796,0.9629980709436325,200,percentile
PCE,race,Other/Multiracial,pct_flagged_7.5,0.3920335429769392,0.34944922547332186,0.43439471898158344,0.02202558871125783,200,percentile
PCE,race,Other/Multiracial,TPR_7.5,0.5714285714285714,0.1991666666666667,1.0,0.19315924382445762,200,percentile
PCE,race,Other/Multiracial,FPR_7.5,0.40292045968087953,0.3553377711960567,0.4516398237363937,0.02582442771999762,200,percentile
PCE,race,Other/Multiracial,pct_flagged_20,0.14046121593291405,0.11228696565088497,0.17014398188093185,0.016164364859970887,200,percentile
PCE,race,Other/Multiracial,TPR_20,0.14285714285714285,0.0,0.5,0.14332918882532356,200,percentile
PCE,race,Other/Multiracial,FPR_20,0.14065017115112868,0.10435516570775218,0.17535506380118818,0.0178771752889303,200,percentile
PCE,race,Other/Multiracial,rel_OE,0.6940777402201503,0.22616253760211366,1.2787442496373067,0.2787273931255606,200,percentile
PCE,age_group,40-49,n,4420.0,2740.975,2852.075,29.934628944589303,200,percentile
PCE,age_group,40-49,events,35.0,16.975,27.0,2.6951659685425597,200,percentile
PCE,age_group,40-49,observed,0.00795660063450242,0.005647463755773878,0.010450144494185966,0.001313006302254515,200,percentile
PCE,age_group,40-49,expected,0.03239118661759163,0.0313740459053489,0.03349780904899861,0.0005495794424479034,200,percentile
PCE,age_group,40-49,OE,0.24564091240118988,0.17623335353514075,0.32248510470238306,0.04076453987300848,200,percentile
PCE,age_group,40-49,cal_intercept,-1.4889313941341742,-1.8329656452076382,-1.208864967413716,0.1717312987012677,200,percentile
PCE,age_group,40-49,cal_slope,0.8701526932314215,0.5395950594845308,1.2602842205908285,0.17972767049843474,200,percentile
PCE,age_group,40-49,AUC,0.7654684146757315,0.6732847926049529,0.8454950620548612,0.04444690021065867,200,percentile
PCE,age_group,40-49,brier,0.00941702260662264,0.0074920874911571685,0.011757318830823624,0.0011503785753919909,200,percentile
PCE,age_group,40-49,scaled_brier,-0.19304103351899293,-0.31656380332569545,-0.1020889379993183,0.06202677556245701,200,percentile
PCE,age_group,40-49,pct_flagged_7.5,0.1,0.09064208216220467,0.1084791590700399,0.004479908816733559,200,percentile
PCE,age_group,40-49,TPR_7.5,0.3979736834024783,0.2563939718102655,0.559138655462185,0.07942480265062606,200,percentile
PCE,age_group,40-49,FPR_7.5,0.09892285102055763,0.08978404214440512,0.10779475590869829,0.004860828735692346,200,percentile
PCE,age_group,40-49,pct_flagged_20,0.007013574660633484,0.004938760321989212,0.009442302883877662,0.0012082367676488676,200,percentile
PCE,age_group,40-49,TPR_20,0.028426691671605595,0.0,0.09953137842104186,0.029965517939975914,200,percentile
PCE,age_group,40-49,FPR_20,0.006896917833526891,0.0047306898905214575,0.009659024833429774,0.0013053796262848234,200,percentile
PCE,age_group,40-49,rel_OE,0.9909092241839595,0.7167537001566109,1.2851610463597907,0.1559049420281457,200,percentile
PCE,age_group,50-59,n,3406.0,2099.975,2201.025,26.897231835302478,200,percentile
PCE,age_group,50-59,events,45.0,22.975,35.0,3.094000516480226,200,percentile
PCE,age_group,50-59,observed,0.013519955107744815,0.010056953619475612,0.0178626168185472,0.0019287876648910953,200,percentile
PCE,age_group,50-59,expected,0.06713639527532944,0.06505865500788374,0.06911722529154646,0.0010357732467210696,200,percentile
PCE,age_group,50-59,OE,0.2013804144875348,0.15032346209234154,0.2652045041296608,0.028722461791146126,200,percentile
PCE,age_group,50-59,cal_intercept,-1.726299597013601,-2.0163485056377293,-1.4515096623770163,0.14651467562841483,200,percentile
PCE,age_group,50-59,cal_slope,0.6715537449076554,0.32364732351563413,1.0301267228175697,0.18144408452966054,200,percentile
PCE,age_group,50-59,AUC,0.6737270239257267,0.5849668751307392,0.7626770154397725,0.04279789680005083,200,percentile
PCE,age_group,50-59,brier,0.018879871952149293,0.016282228088230943,0.02232192368726734,0.0016151982803583413,200,percentile
PCE,age_group,50-59,scaled_brier,-0.41558349525599736,-0.6264021103195923,-0.2514959252337262,0.09118163133385528,200,percentile
PCE,age_group,50-59,pct_flagged_7.5,0.3018203170874927,0.28350108808145125,0.317716031539143,0.008467357408700815,200,percentile
PCE,age_group,50-59,TPR_7.5,0.6199043321708051,0.47196974029112204,0.7818359335027136,0.07574956971233673,200,percentile
PCE,age_group,50-59,FPR_7.5,0.2970666040012415,0.2748100260777718,0.31572810225343473,0.009666300569658098,200,percentile
PCE,age_group,50-59,pct_flagged_20,0.038461538461538464,0.03331776116956231,0.04494122450980843,0.0031475980495225308,200,percentile
PCE,age_group,50-59,TPR_20,0.1319965531198389,0.04089186262707898,0.23358651975101574,0.05185943303774585,200,percentile
PCE,age_group,50-59,FPR_20,0.037726751362974056,0.03133977120276377,0.04474487676547673,0.0034875096422041195,200,percentile
PCE,age_group,50-59,rel_OE,0.8123634957021137,0.6202500600772451,1.070773868198845,0.11270184126886286,200,percentile
PCE,age_group,60-69,n,3441.0,2119.95,2231.1,28.096622590714194,200,percentile
PCE,age_group,60-69,events,102.0,54.975,73.025,5.084153625772163,200,percentile
PCE,age_group,60-69,observed,0.02987645402215967,0.0243922908867442,0.03575652963771975,0.0030899780538367547,200,percentile
PCE,age_group,60-69,expected,0.14181119623474484,0.13880187597641996,0.14493021873130438,0.0015788242822350493,200,percentile
PCE,age_group,60-69,OE,0.21067768142019036,0.17144505792454048,0.25093102822476915,0.021566871045647657,200,percentile
PCE,age_group,60-69,cal_intercept,-1.751351234267877,-1.9650312253757927,-1.5650721218096812,0.10878649153588638,200,percentile
PCE,age_group,60-69,cal_slope,0.767222715047766,0.5391649127657079,1.0134121220933852,0.12045034454319495,200,percentile
PCE,age_group,60-69,AUC,0.6763397620487872,0.624632689153617,0.7265045447211751,0.02605569508882147,200,percentile
PCE,age_group,60-69,brier,0.0467533143799481,0.04294436440236116,0.05111930238684869,0.0021002991980304396,200,percentile
PCE,age_group,60-69,scaled_brier,-0.6130814896070143,-0.845483478056947,-0.4554457494552227,0.10300251925321087,200,percentile
PCE,age_group,60-69,pct_flagged_7.5,0.7477477477477478,0.7339950171126812,0.7636592236789315,0.007812913822798478,200,percentile
PCE,age_group,60-69,TPR_7.5,0.9121521911837858,0.8459608148900941,0.9659379789092599,0.029696672794534543,200,percentile
PCE,age_group,60-69,FPR_7.5,0.7446585310681935,0.7276636571198472,0.7614311681073898,0.008819770902238669,200,percentile
PCE,age_group,60-69,pct_flagged_20,0.2066259808195292,0.19539861161919955,0.21937932214942932,0.006549702303041314,200,percentile
PCE,age_group,60-69,TPR_20,0.400195573496087,0.31923682703321876,0.487608156674965,0.04663494092766021,200,percentile
PCE,age_group,60-69,FPR_20,0.19599713066240115,0.1821694595395518,0.20917737504036357,0.0070886908810214476,200,percentile
PCE,age_group,60-69,rel_OE,0.8498684352222141,0.7058188582254927,0.9905449734875134,0.07002492509547184,200,percentile
PCE,age_group,70-79,n,2199.0,1346.975,1427.025,20.782191835497958,200,percentile
PCE,age_group,70-79,events,180.0,103.0,126.0,6.393110299101867,200,percentile
PCE,age_group,70-79,observed,0.08022995462814278,0.07024871515762866,0.09249890175956153,0.005944053403622074,200,percentile
PCE,age_group,70-79,expected,0.27631559511723625,0.2712417559500477,0.28139553404846834,0.0026686370251759674,200,percentile
PCE,age_group,70-79,OE,0.2903562305055656,0.2556132544902561,0.33466350615205326,0.02103370328290765,200,percentile
PCE,age_group,70-79,cal_intercept,-1.5705104395498597,-1.7113011854506814,-1.4115286350114487,0.08068461259002942,200,percentile
PCE,age_group,70-79,cal_slope,0.881072874385702,0.6766394166810632,1.0979343159953137,0.11262671293562301,200,percentile
PCE,age_group,70-79,AUC,0.6652994506565806,0.6255218178806602,0.7046652481107553,0.020638073877931047,200,percentile
PCE,age_group,70-79,brier,0.11661544459587134,0.11040811661297331,0.12236582145694908,0.0030574042776697037,200,percentile
PCE,age_group,70-79,scaled_brier,-0.5803026347951357,-0.7267695518021196,-0.41115903682898397,0.0822540119238579,200,percentile
PCE,age_group,70-79,pct_flagged_7.5,0.992269213278763,0.9883973536554378,0.9959188738672364,0.0020181006121734817,200,percentile
PCE,age_group,70-79,TPR_7.5,1.0,1.0,1.0,0.0,200,percentile
PCE,age_group,70-79,FPR_7.5,0.9927559211966455,0.988770372775643,0.9965622614865352,0.0020169236625121253,200,percentile
PCE,age_group,70-79,pct_flagged_20,0.6948613005911778,0.6746931896132127,0.7125279915375207,0.009748226250850981,200,percentile
PCE,age_group,70-79,TPR_20,0.8781981846729343,0.8309399752253118,0.9258239225879668,0.025902717364629704,200,percentile
PCE,age_group,70-79,FPR_20,0.681221034289911,0.6577894480502459,0.7014377959495843,0.010891758419255066,200,percentile
PCE,age_group,70-79,rel_OE,1.1712896858050232,1.0519806070875086,1.284974670099263,0.060066483481496166,200,percentile
PCE,income,PIR 1.3-3.5,n,4520.0,2805.0,2909.025,26.634877199211587,200,percentile
PCE,income,PIR 1.3-3.5,events,144.0,81.0,103.025,5.839425868384821,200,percentile
PCE,income,PIR 1.3-3.5,observed,0.03194901200591318,0.02740836608586969,0.03781364799266269,0.0025841732902676245,200,percentile
PCE,income,PIR 1.3-3.5,expected,0.12286162652175261,0.11952490297856486,0.12594460432039142,0.0016029845771596742,200,percentile
PCE,income,PIR 1.3-3.5,OE,0.2600406075550092,0.22359506166915025,0.30908188596427627,0.02098163174909665,200,percentile
PCE,income,PIR 1.3-3.5,cal_intercept,-1.6071343938162377,-1.7677392525641196,-1.4164781950712542,0.0870237665332504,200,percentile
PCE,income,PIR 1.3-3.5,cal_slope,0.980426445864722,0.8348535815759575,1.1258753060758344,0.07553112141213351,200,percentile
PCE,income,PIR 1.3-3.5,AUC,0.8039298020207966,0.7706470949907293,0.8272605554913218,0.015006514516314615,200,percentile
PCE,income,PIR 1.3-3.5,brier,0.045580080274438245,0.04256038265138743,0.04917161751938298,0.0016729188517844047,200,percentile
PCE,income,PIR 1.3-3.5,scaled_brier,-0.4737350775546123,-0.6371102580881116,-0.32106767649944745,0.07790904230441104,200,percentile
PCE,income,PIR 1.3-3.5,pct_flagged_7.5,0.5176991150442478,0.5037915402952372,0.5288729736220767,0.006470822729709754,200,percentile
PCE,income,PIR 1.3-3.5,TPR_7.5,0.9363595169840898,0.8957796332647815,0.9710568552078188,0.01987436843526227,200,percentile
PCE,income,PIR 1.3-3.5,FPR_7.5,0.5101357657928691,0.49631352058770467,0.5226839128548951,0.007335947235136228,200,percentile
PCE,income,PIR 1.3-3.5,pct_flagged_20,0.215929203539823,0.20423469813366904,0.22600727529392747,0.0057867793142242436,200,percentile
PCE,income,PIR 1.3-3.5,TPR_20,0.6312692390699979,0.5503131001463106,0.7051152536684533,0.03791145501928822,200,percentile
PCE,income,PIR 1.3-3.5,FPR_20,0.20407534668339675,0.19272283171276516,0.2164232678797032,0.0061728309547466,200,percentile
PCE,income,PIR 1.3-3.5,rel_OE,1.04899723002092,0.929748581844665,1.1853013836849484,0.0668664236739323,200,percentile
PCE,income,PIR<1.3,n,3136.0,1933.95,2032.0,23.822825400238557,200,percentile
PCE,income,PIR<1.3,events,124.0,67.975,88.0,5.572074575539786,200,percentile
PCE,income,PIR<1.3,observed,0.03996337671369271,0.0332834102595872,0.046284313954201454,0.003665671271720164,200,percentile
PCE,income,PIR<1.3,expected,0.12298271089237017,0.11840243722326524,0.12726656879565312,0.0022396441096364313,200,percentile
PCE,income,PIR<1.3,OE,0.32495117747621577,0.27144054419460417,0.3768438652807359,0.02868999248000475,200,percentile
PCE,income,PIR<1.3,cal_intercept,-1.357160444294512,-1.5509429219310769,-1.2061999512036534,0.09903393965620472,200,percentile
PCE,income,PIR<1.3,cal_slope,0.7393097209227202,0.5975071363534363,0.9318346782586832,0.08740720246371732,200,percentile
PCE,income,PIR<1.3,AUC,0.745984805191013,0.71132802658679,0.7892438378368919,0.021268526681398458,200,percentile
PCE,income,PIR<1.3,brier,0.05150037984760865,0.046876818673118256,0.056275291198149065,0.002491444633768005,200,percentile
PCE,income,PIR<1.3,scaled_brier,-0.34233357973133827,-0.49674550237206716,-0.2326804499445994,0.07453417151719093,200,percentile
PCE,income,PIR<1.3,pct_flagged_7.5,0.5175382653061225,0.4987214104193139,0.5337482194548034,0.00921606252229275,200,percentile
PCE,income,PIR<1.3,TPR_7.5,0.8460355884386473,0.7851318756475689,0.9098229874013439,0.03180719861380514,200,percentile
PCE,income,PIR<1.3,FPR_7.5,0.5021629659827818,0.4801319293845094,0.5207488872260834,0.010420530684448287,200,percentile
PCE,income,PIR<1.3,pct_flagged_20,0.20982142857142858,0.1945495053171896,0.22528915098110533,0.007568856498569207,200,percentile
PCE,income,PIR<1.3,TPR_20,0.5375232524792252,0.46094369032914295,0.6219736336314631,0.04496552510511537,200,percentile
PCE,income,PIR<1.3,FPR_20,0.19322268268303763,0.17800813047173955,0.20898078614381504,0.008339146802179608,200,percentile
PCE,income,PIR<1.3,rel_OE,1.3108448263891945,1.1256721080595005,1.4772988787646777,0.09272746294403268,200,percentile
PCE,income,PIR>3.5,n,4696.0,2908.925,3035.075,30.586573317988474,200,percentile
PCE,income,PIR>3.5,events,60.0,31.0,45.025000000000006,3.8866832302958914,200,percentile
PCE,income,PIR>3.5,observed,0.012671438649998484,0.009752289047334613,0.016373745142371766,0.0017284327326067557,200,percentile
PCE,income,PIR>3.5,expected,0.0836909842202853,0.08100780229413833,0.08639166461431927,0.0014369238046793328,200,percentile
PCE,income,PIR>3.5,OE,0.15140745168733646,0.11767068184885754,0.19405868320746197,0.0206060509220093,200,percentile
PCE,income,PIR>3.5,cal_intercept,-2.106588295798058,-2.379233550396004,-1.8443143764164933,0.1424416598444176,200,percentile
PCE,income,PIR>3.5,cal_slope,0.821000287528209,0.6334675391796152,1.0665535352240776,0.11182236048791322,200,percentile
PCE,income,PIR>3.5,AUC,0.7710724913297335,0.7247161927456239,0.8286990196635294,0.02746413017058366,200,percentile
PCE,income,PIR>3.5,brier,0.0240174259328215,0.0217554520236715,0.026603206023391574,0.001285424486211391,200,percentile
PCE,income,PIR>3.5,scaled_brier,-0.9197241768204021,-1.323359202404862,-0.6235042912843058,0.18273810511443947,200,percentile
PCE,income,PIR>3.5,pct_flagged_7.5,0.360732538330494,0.3452857693221581,0.37474350233114445,0.007486318698815262,200,percentile
PCE,income,PIR>3.5,TPR_7.5,0.7843322754694412,0.6897300914853474,0.8851216668477372,0.051033949200619155,200,percentile
PCE,income,PIR>3.5,FPR_7.5,0.3585321542808016,0.3402306609150326,0.37437382812487957,0.00828882147596457,200,percentile
PCE,income,PIR>3.5,pct_flagged_20,0.1135008517887564,0.10474100487947025,0.1227791749189721,0.004712439612936645,200,percentile
PCE,income,PIR>3.5,TPR_20,0.4027599230512543,0.29038786506737213,0.5219846341395731,0.06217319097412306,200,percentile
PCE,income,PIR>3.5,FPR_20,0.11356774163454705,0.10382846703748877,0.12455318292680412,0.00540062223928818,200,percentile
PCE,income,PIR>3.5,rel_OE,0.6107738284334844,0.4714795486438375,0.7670552244368185,0.07654216411317051,200,percentile
PCE,education,<HS,n,4127.0,2557.95,2661.025,25.571355971695386,200,percentile
PCE,education,<HS,events,151.0,82.0,109.0,6.385046522577374,200,percentile
PCE,education,<HS,observed,0.03781721168744455,0.03220577278145665,0.04446220330683749,0.0032176776625831884,200,percentile
PCE,education,<HS,expected,0.1372850166866708,0.13321520103138085,0.14100908683734545,0.0020369431676567433,200,percentile
PCE,education,<HS,OE,0.2754649604170261,0.23629485965540004,0.3204721487706556,0.022757225304987937,200,percentile
PCE,education,<HS,cal_intercept,-1.5773789624685506,-1.753237698526271,-1.404563488848097,0.09035294028434533,200,percentile
PCE,education,<HS,cal_slope,0.8226509023259458,0.671597418110243,1.0047568428900544,0.088689991846236,200,percentile
PCE,education,<HS,AUC,0.7565105240004389,0.716303884169969,0.7963715989518765,0.019424719738052227,200,percentile
PCE,education,<HS,brier,0.0540449546473398,0.050365903026208254,0.057735333899624174,0.002034667435895546,200,percentile
PCE,education,<HS,scaled_brier,-0.48527909415774806,-0.6682134778079192,-0.34255521937164773,0.08423698507928172,200,percentile
PCE,education,<HS,pct_flagged_7.5,0.5677247395202326,0.5518028836032873,0.5831698808706731,0.007939468025359765,200,percentile
PCE,education,<HS,TPR_7.5,0.88103509395257,0.8289426210900827,0.9316684882022582,0.026378620167149796,200,percentile
PCE,education,<HS,FPR_7.5,0.5667585054111629,0.5481671495550762,0.5830116720540376,0.009017802199424834,200,percentile
PCE,education,<HS,pct_flagged_20,0.25006057669008963,0.23760623113938503,0.2626278420480971,0.006564847546373736,200,percentile
PCE,education,<HS,TPR_20,0.6166686360693919,0.5465923695654609,0.70552966512142,0.03766315994851715,200,percentile
PCE,education,<HS,FPR_20,0.24321345533821287,0.22926701351408893,0.2559750447570715,0.007254849965916068,200,percentile
PCE,education,<HS,rel_OE,1.1112186791217042,0.9789098931663619,1.2388304750679326,0.06742339422569803,200,percentile
PCE,education,College+,n,2796.0,1723.875,1823.025,23.610230620427007,200,percentile
PCE,education,College+,events,48.0,24.0,36.025000000000006,3.4290768202529347,200,percentile
PCE,education,College+,observed,0.01709407429638614,0.012633315082858925,0.021815629503753032,0.0025892950703857854,200,percentile
PCE,education,College+,expected,0.08251991253215146,0.07913331855391376,0.08594437570609814,0.0017839852313018972,200,percentile
PCE,education,College+,OE,0.20715090178659526,0.15288109407922906,0.2640512222725247,0.030759933651064515,200,percentile
PCE,education,College+,cal_intercept,-1.7777887510682566,-2.0999673672814896,-1.5144274317612598,0.15866074346718126,200,percentile
PCE,education,College+,cal_slope,1.0095907811767217,0.7927783181784153,1.3020460052765395,0.13456012692264366,200,percentile
PCE,education,College+,AUC,0.8200378355186551,0.7666151958191942,0.8733450178742965,0.027696770485972973,200,percentile
PCE,education,College+,brier,0.025795239010483837,0.022607608136753627,0.02940788939949919,0.001865735468202511,200,percentile
PCE,education,College+,scaled_brier,-0.5352602858235436,-0.8643535659896064,-0.3153032398562402,0.1473847823249281,200,percentile
PCE,education,College+,pct_flagged_7.5,0.3458512160228898,0.32850954942739147,0.360896640230252,0.008980053625529193,200,percentile
PCE,education,College+,TPR_7.5,0.8502457249156811,0.7637071440740907,0.9536350294785573,0.05122897585329673,200,percentile
PCE,education,College+,FPR_7.5,0.3375848926032295,0.31868312807887056,0.353619552569209,0.010061414105399638,200,percentile
PCE,education,College+,pct_flagged_20,0.11874105865522175,0.10931345898272321,0.1301546536020173,0.005673815090336016,200,percentile
PCE,education,College+,TPR_20,0.5415812384280001,0.41820678031069575,0.6811444751662641,0.06903734833733906,200,percentile
PCE,education,College+,FPR_20,0.1106774039141659,0.10037084960318379,0.12366392127792968,0.00610998380173171,200,percentile
PCE,education,College+,rel_OE,0.8356414954326167,0.625228374437779,1.0539564611446317,0.11676856637661016,200,percentile
PCE,education,HS/GED,n,3138.0,1939.975,2026.025,22.61337488341995,200,percentile
PCE,education,HS/GED,events,90.0,48.0,65.025,4.596306141974635,200,percentile
PCE,education,HS/GED,observed,0.02861859988288628,0.023620827335088915,0.034869979153821465,0.003237804191311106,200,percentile
PCE,education,HS/GED,expected,0.11363707546797455,0.10949935714002146,0.1174884633266777,0.0020798033277082185,200,percentile
PCE,education,HS/GED,OE,0.2518421014007144,0.20726308207277813,0.30517531467099024,0.027635232875958385,200,percentile
PCE,education,HS/GED,cal_intercept,-1.6236966447410635,-1.8407353890101146,-1.4151682084619255,0.11916249913877136,200,percentile
PCE,education,HS/GED,cal_slope,0.9857883006434524,0.8132922441630054,1.1809070358436486,0.09638864946739813,200,percentile
PCE,education,HS/GED,AUC,0.8030528168746132,0.7591254191449347,0.8396883211472999,0.020151530424511746,200,percentile
PCE,education,HS/GED,brier,0.04089879394553204,0.03739029591782717,0.04517573170234212,0.0021038014398725145,200,percentile
PCE,education,HS/GED,scaled_brier,-0.4712020967243906,-0.7021869417231341,-0.2927248024471332,0.10721939055580569,200,percentile
PCE,education,HS/GED,pct_flagged_7.5,0.49553855959209686,0.4791244822843127,0.5121577843870859,0.008709214701282634,200,percentile
PCE,education,HS/GED,TPR_7.5,0.9226090982932831,0.8711065381737396,0.9756477563100001,0.027117447170987526,200,percentile
PCE,education,HS/GED,FPR_7.5,0.4887229240869988,0.4695546777853877,0.508836128524003,0.00943078966414754,200,percentile
PCE,education,HS/GED,pct_flagged_20,0.1876991714467814,0.17268377826098347,0.19989543970929302,0.006898796806437891,200,percentile
PCE,education,HS/GED,TPR_20,0.6191272136537357,0.5149985453617928,0.7013101264453415,0.04856631450859871,200,percentile
PCE,education,HS/GED,FPR_20,0.1784597742867682,0.1630942764741731,0.18959040798073387,0.007103482480869218,200,percentile
PCE,education,HS/GED,rel_OE,1.0159246636743526,0.829629471077121,1.2208177971927487,0.09839029204126765,200,percentile
PCE,education,Some college,n,3390.0,2089.95,2195.1,26.056961183734565,200,percentile
PCE,education,Some college,events,71.0,38.0,53.0,3.7634048520458214,200,percentile
PCE,education,Some college,observed,0.0207218498695426,0.016468492297619826,0.025768574705325214,0.0023823991329441074,200,percentile
PCE,education,Some college,expected,0.09190623750193697,0.0887157221750572,0.09562470118571513,0.0017794348762217415,200,percentile
PCE,education,Some college,OE,0.22546728527653936,0.1782043479361244,0.27780850921734584,0.02591922579116126,200,percentile
PCE,education,Some college,cal_intercept,-1.7020211744830183,-1.9565460733932891,-1.4780108606895603,0.12346523950979667,200,percentile
PCE,education,Some college,cal_slope,0.809237640502374,0.5976079866651121,1.010979272259401,0.10658106664659583,200,percentile
PCE,education,Some college,AUC,0.7653274873118048,0.7087414532306215,0.8158478639901536,0.02751734749513845,200,percentile
PCE,education,Some college,brier,0.03146927786028557,0.028450786521739112,0.03482196274868344,0.0017463860193244213,200,percentile
PCE,education,Some college,scaled_brier,-0.5507871353550189,-0.7976846127038141,-0.3613106819577799,0.11300023747989059,200,percentile
PCE,education,Some college,pct_flagged_7.5,0.3997050147492625,0.38527311475829656,0.41596279765307137,0.008544340194888717,200,percentile
PCE,education,Some college,TPR_7.5,0.7872913802518746,0.6847726856716273,0.8824923539507981,0.05053113696089693,200,percentile
PCE,education,Some college,FPR_7.5,0.3927840351746919,0.37382397807108,0.4143088617933379,0.009508479397515245,200,percentile
PCE,education,Some college,pct_flagged_20,0.13097345132743363,0.1194678166993217,0.14149787284496754,0.005660586782118742,200,percentile
PCE,education,Some college,TPR_20,0.40640838545823676,0.2779275408757602,0.5141807469465273,0.06456482921513848,200,percentile
PCE,education,Some college,FPR_20,0.12560607555802672,0.11300415789204346,0.13827493772966531,0.0063247044124002585,200,percentile
PCE,education,Some college,rel_OE,0.9095293228977473,0.7358728565177658,1.0854886580224474,0.0943404691033691,200,percentile
PCE,sex,GAP(max-min),OE,0.008265304964311992,0.0,0.01588468290485388,0.016902612992493314,200,basic
PCE,sex,GAP(max-min),AUC,0.025339201155254454,0.0,0.04900631969383493,0.019263025113798946,200,basic
PCE,sex,GAP(max-min),cal_slope,0.1145538178201867,0.0,0.22317024505233612,0.08818977858742165,200,basic
PCE,sex,GAP(max-min),TPR_7.5,0.08265501099707562,0.010920027985936692,0.14923390391929192,0.03751769085074948,200,basic
PCE,sex,GAP(max-min),FPR_7.5,0.21654556730499952,0.19619955802934372,0.2321823062592807,0.009480274256501492,200,basic
PCE,sex,GAP(max-min),pct_flagged_7.5,0.22344115437936873,0.20475747548355905,0.24022846426392908,0.008638783667711413,200,basic
PCE,sex,GAP(max/min),OE,1.033813834291912,1.0,1.065030676919758,0.07430313351716583,200,basic
PCE,race,GAP(max-min),OE,0.0641105009964617,0.0,0.11051627023030133,0.036917541366258085,200,basic
PCE,race,GAP(max-min),AUC,0.05217026733497643,0.0,0.09156241333932987,0.03692700453092976,200,basic
PCE,race,GAP(max-min),cal_slope,0.11321349884955201,0.0,0.16018502812769725,0.13879273015541949,200,basic
PCE,race,GAP(max-min),TPR_7.5,0.11931370813384934,0.0,0.21635629623189775,0.07964476136434413,200,basic
PCE,race,GAP(max-min),FPR_7.5,0.13460001753188322,0.09359791321234123,0.1725563020357075,0.019848746138622114,200,basic
PCE,race,GAP(max-min),pct_flagged_7.5,0.1292818436504426,0.09902997790004966,0.16732474594136856,0.017228366316880656,200,basic
PCE,race,GAP(max/min),OE,1.3232198897631422,1.0,1.5753984595635984,0.24649042306898197,200,basic
PCE,age_group,GAP(max-min),OE,0.08897581601803078,0.007998765595466334,0.12430599151160063,0.029766932233372543,200,basic
PCE,age_group,GAP(max-min),AUC,0.10016896401915087,0.0,0.1536860553738591,0.045468446842906574,200,basic
PCE,age_group,GAP(max-min),cal_slope,0.20951912947804663,0.0,0.2910908682554094,0.16771260574655011,200,basic
PCE,age_group,GAP(max-min),TPR_7.5,0.6020263165975217,0.4604466050053089,0.7559542559130961,0.07777762508052093,200,basic
PCE,age_group,GAP(max-min),FPR_7.5,0.8938330701760878,0.883862712738135,0.9033738711211691,0.0053955742096569,200,basic
PCE,age_group,GAP(max-min),pct_flagged_7.5,0.8922692132787631,0.8824768461755143,0.9025195701611857,0.00497291428915994,200,basic
PCE,age_group,GAP(max/min),OE,1.441829540595857,1.0,1.6355003340933076,0.20995871063779786,200,basic
PCE,income,GAP(max-min),OE,0.1735437257888793,0.1107087801437538,0.2469775777329648,0.034721658828592114,200,basic
PCE,income,GAP(max-min),AUC,0.0579449968297836,0.009606478768008075,0.09617376185984686,0.02238328127633778,200,basic
PCE,income,GAP(max-min),cal_slope,0.24111672494200187,0.03010193899009239,0.4096183741093301,0.09737994862412529,200,basic
PCE,income,GAP(max-min),TPR_7.5,0.15202724151464864,0.05516312523925607,0.254130542997303,0.04792947505546263,200,basic
PCE,income,GAP(max-min),FPR_7.5,0.15160361151206753,0.12823295668261428,0.16858988692913127,0.010866532359914947,200,basic
PCE,income,GAP(max-min),pct_flagged_7.5,0.1569665767137538,0.13509326110883288,0.16947396785396399,0.009271602974965727,200,basic
PCE,income,GAP(max/min),OE,2.146203333157309,1.2664719702271743,2.7481829602406345,0.3482805696107705,200,basic
PCE,education,GAP(max-min),OE,0.06831405863043086,0.0,0.10237907480549646,0.030678481330779085,200,basic
PCE,education,GAP(max-min),AUC,0.06352731151821611,0.0,0.09408675549643453,0.028650664887591396,200,basic
PCE,education,GAP(max-min),cal_slope,0.20035314067434773,0.0,0.2800129416417345,0.12378991629318067,200,basic
PCE,education,GAP(max-min),TPR_7.5,0.13531771804140846,0.02288065459107383,0.2035552458500164,0.04861834130479055,200,basic
PCE,education,GAP(max-min),FPR_7.5,0.2291736128079334,0.20347326349572897,0.2519460981321285,0.013854031096344803,200,basic
PCE,education,GAP(max-min),pct_flagged_7.5,0.2218735234973428,0.19968699550841387,0.24206297371782806,0.011860395940073811,200,basic
PCE,education,GAP(max/min),OE,1.3297791998067539,1.0,1.5103095263768418,0.2050325175261088,200,basic
PCE-revised,Overall,All,n,13466.0,8438.95,8586.025,37.273860524394514,200,percentile
PCE-revised,Overall,All,events,362.0,213.975,246.025,8.927423730974231,200,percentile
PCE-revised,Overall,All,observed,0.027013720906110657,0.02467674019335717,0.029924370144193888,0.0014107056245544264,200,percentile
PCE-revised,Overall,All,expected,0.07788125514229248,0.07652460291921831,0.07915848947785499,0.000732691761398203,200,percentile
PCE-revised,Overall,All,OE,0.34685780110702374,0.31618689857515636,0.3837900966239031,0.0180828575435417,200,percentile
PCE-revised,Overall,All,cal_intercept,-1.211823125453635,-1.313562701264665,-1.0993638973047293,0.05616887049763648,200,percentile
PCE-revised,Overall,All,cal_slope,0.8964647834954831,0.8055834469725897,1.0084816178410314,0.048510965685795715,200,percentile
PCE-revised,Overall,All,AUC,0.7857246988156986,0.7650318254719308,0.8063281961575205,0.011047990634675289,200,percentile
PCE-revised,Overall,All,brier,0.03135185104093617,0.02958256644232217,0.03323641571438345,0.000993173838751332,200,percentile
PCE-revised,Overall,All,scaled_brier,-0.19281217276523743,-0.24780753096552963,-0.1299686742931985,0.03104997263451637,200,percentile
PCE-revised,Overall,All,pct_flagged_7.5,0.34999257388979654,0.3430862914005644,0.35757834546264666,0.004003018481769948,200,percentile
PCE-revised,Overall,All,TPR_7.5,0.7787904873998737,0.7381890849640139,0.8225944385665863,0.022073532571459362,200,percentile
PCE-revised,Overall,All,FPR_7.5,0.33994282687264554,0.3312561449626132,0.34815967503719464,0.004616241379797533,200,percentile
PCE-revised,Overall,All,pct_flagged_20,0.09728204366552799,0.09215617109757908,0.10115847319174216,0.0024071084747360415,200,percentile
PCE-revised,Overall,All,TPR_20,0.36628995731676267,0.3173467551823799,0.41658925627213933,0.024055935625424688,200,percentile
PCE-revised,Overall,All,FPR_20,0.0901628131543611,0.08465740895666268,0.09486147143512907,0.0026018547371178336,200,percentile
PCE-revised,Overall,All,rel_OE,1.0,1.0,1.0,0.0,200,percentile
PCE-revised,sex,Female,n,6883.0,4280.9,4411.05,34.77516586306971,200,percentile
PCE-revised,sex,Female,events,145.0,81.0,103.0,5.351334779248818,200,percentile
PCE-revised,sex,Female,observed,0.021294194048772756,0.01816319222437981,0.02519213712088221,0.0017412995721131723,200,percentile
PCE-revised,sex,Female,expected,0.05560259695720319,0.053553158298765925,0.057351756644945025,0.0009735817115251454,200,percentile
PCE-revised,sex,Female,OE,0.3829712138295034,0.3327288014079023,0.45010640965691556,0.029895627712239786,200,percentile
PCE-revised,sex,Female,cal_intercept,-1.0960215793000923,-1.2536041310302508,-0.9251307599986888,0.08331047457315328,200,percentile
PCE-revised,sex,Female,cal_slope,0.8701974598313131,0.7243053506720762,1.047304827047123,0.07607412381287168,200,percentile
PCE-revised,sex,Female,AUC,0.7997208970560797,0.7638484767272414,0.8327310228359254,0.018539197859950503,200,percentile
PCE-revised,sex,Female,brier,0.02355761213433224,0.021107043806418698,0.026631647067838642,0.0013797985691755342,200,percentile
PCE-revised,sex,Female,scaled_brier,-0.13036290008472307,-0.2029775599646894,-0.06155321125179223,0.0378231673415679,200,percentile
PCE-revised,sex,Female,pct_flagged_7.5,0.23521720180154002,0.2238695965991627,0.24412877951172973,0.005233063280658968,200,percentile
PCE-revised,sex,Female,TPR_7.5,0.6693996223015032,0.5944550151274852,0.747743975162429,0.039747203109704095,200,percentile
PCE-revised,sex,Female,FPR_7.5,0.22867940211394913,0.2160048335203946,0.23841372794109617,0.005759864300870497,200,percentile
PCE-revised,sex,Female,pct_flagged_20,0.059131192793839896,0.05336750829559424,0.06419224963008009,0.002860009963255766,200,percentile
PCE-revised,sex,Female,TPR_20,0.3013082386475905,0.2300775488259959,0.3786697107755323,0.03981905020474987,200,percentile
PCE-revised,sex,Female,FPR_20,0.05538501971383986,0.04901324437827919,0.059973731320548875,0.003072159162964137,200,percentile
PCE-revised,sex,Female,rel_OE,1.1041159016957982,0.9859861107436108,1.2270001540160582,0.06486974433679381,200,percentile
PCE-revised,sex,Male,n,6583.0,4101.0,4216.025,30.75408662635102,200,percentile
PCE-revised,sex,Male,events,217.0,123.975,152.0,7.173485517679798,200,percentile
PCE-revised,sex,Male,observed,0.032951105313655873,0.02891846402677544,0.03725173513945846,0.0021658789664504925,200,percentile
PCE-revised,sex,Male,expected,0.10117519472727954,0.09875192475248692,0.10322582877473702,0.0011424901745288511,200,percentile
PCE-revised,sex,Male,OE,0.32568363621613444,0.28994310039326987,0.3703518301228719,0.02156702788702288,200,percentile
PCE-revised,sex,Male,cal_intercept,-1.283418228194694,-1.40449652448339,-1.1359189124539868,0.07120272937511246,200,percentile
PCE-revised,sex,Male,cal_slope,0.9477426331360191,0.8268186766697788,1.0845999913128817,0.06785312985152839,200,percentile
PCE-revised,sex,Male,AUC,0.7642633874516016,0.7353544354006645,0.790948700408588,0.014726505524434474,200,percentile
PCE-revised,sex,Male,brier,0.03944297355981737,0.03638744883163601,0.04241619152447536,0.0015220679092086185,200,percentile
PCE-revised,sex,Male,scaled_brier,-0.23780213775124137,-0.3078750970439707,-0.165746922096944,0.041221262968286175,200,percentile
PCE-revised,sex,Male,pct_flagged_7.5,0.4699984809357436,0.45736032991226144,0.48193599193318104,0.006262994900511603,200,percentile
PCE-revised,sex,Male,TPR_7.5,0.852175494576472,0.8060242113553631,0.8959811638126216,0.02287883629245379,200,percentile
PCE-revised,sex,Male,FPR_7.5,0.4568365575531348,0.4427205931835946,0.4698331989570705,0.007129635892395533,200,percentile
PCE-revised,sex,Male,pct_flagged_20,0.13717150235454958,0.12907200649386627,0.1444056386882278,0.004137632476394995,200,percentile
PCE-revised,sex,Male,TPR_20,0.4098830296139479,0.3503465512930033,0.46686138330975585,0.03241307235127857,200,percentile
PCE-revised,sex,Male,FPR_20,0.1267004806665256,0.11783895833823309,0.1355142489354092,0.004484536273142332,200,percentile
PCE-revised,sex,Male,rel_OE,0.9389543356865254,0.866845235938067,1.0063706818614597,0.03708323214527155,200,percentile
PCE-revised,race,Mexican American,n,2794.0,1719.85,1813.05,24.09378190806018,200,percentile
PCE-revised,race,Mexican American,events,62.0,30.975,47.0,4.148875248684361,200,percentile
PCE-revised,race,Mexican American,observed,0.02520622729693485,0.01920168317731077,0.032376831226357,0.0033080039074116136,200,percentile
PCE-revised,race,Mexican American,expected,0.08019866068867779,0.07666140441335484,0.08349896848306572,0.0017217523827183436,200,percentile
PCE-revised,race,Mexican American,OE,0.3142973595878689,0.24190240310244768,0.4097673442806269,0.04084520515232563,200,percentile
PCE-revised,race,Mexican American,cal_intercept,-1.355659831996463,-1.6233844025268724,-1.0750659142809798,0.14029134840294977,200,percentile
PCE-revised,race,Mexican American,cal_slope,0.9024672775060081,0.6644505744399748,1.159736516527566,0.11955765410482877,200,percentile
PCE-revised,race,Mexican American,AUC,0.7946828160640315,0.7356354946923168,0.8475153570991623,0.027483457739596588,200,percentile
PCE-revised,race,Mexican American,brier,0.031081096129741182,0.02729275033735385,0.03536772034933137,0.0022387881652820288,200,percentile
PCE-revised,race,Mexican American,scaled_brier,-0.2649569114103125,-0.4881534201626743,-0.12297327341593826,0.09359254759523167,200,percentile
PCE-revised,race,Mexican American,pct_flagged_7.5,0.3550465282748747,0.3389968928733477,0.37245681123286983,0.008441385727485201,200,percentile
PCE-revised,race,Mexican American,TPR_7.5,0.7909235252917242,0.6841342486651412,0.8877420958313714,0.052434579105892914,200,percentile
PCE-revised,race,Mexican American,FPR_7.5,0.3468659755174005,0.32903039053530103,0.367552240746585,0.009930422019341129,200,percentile
PCE-revised,race,Mexican American,pct_flagged_20,0.11560486757337152,0.10404610568257282,0.12645895733633983,0.005927649643889172,200,percentile
PCE-revised,race,Mexican American,TPR_20,0.4853502161027056,0.36853912633780234,0.6055141835543758,0.0603165616331034,200,percentile
PCE-revised,race,Mexican American,FPR_20,0.11132941422368965,0.09872438664940186,0.12413096740450776,0.006588249702281733,200,percentile
PCE-revised,race,Mexican American,rel_OE,0.9061274060573652,0.7060819930986422,1.1311523708268274,0.10386407763222931,200,percentile
PCE-revised,race,NH Black,n,2577.0,1585.9,1675.05,24.098716577932493,200,percentile
PCE-revised,race,NH Black,events,85.0,45.975,63.025000000000006,4.46907576473646,200,percentile
PCE-revised,race,NH Black,observed,0.0328297981317907,0.02673892004271837,0.041121663459351226,0.00383675138192561,200,percentile
PCE-revised,race,NH Black,expected,0.09111038861887642,0.0874804235907927,0.09398288805510245,0.001793669906457665,200,percentile
PCE-revised,race,NH Black,OE,0.36032991000752856,0.29712207106354066,0.45153762808725634,0.04188571320306925,200,percentile
PCE-revised,race,NH Black,cal_intercept,-1.1739047696489275,-1.3905616844197504,-0.9187141382500644,0.12358207588118497,200,percentile
PCE-revised,race,NH Black,cal_slope,0.9871870513467568,0.7476506363630737,1.2687264337212656,0.1311702147741265,200,percentile
PCE-revised,race,NH Black,AUC,0.7695723792754143,0.7144507604537683,0.8176498080694038,0.02618485546936255,200,percentile
PCE-revised,race,NH Black,brier,0.03632256445507645,0.031806289156603725,0.04214422532778945,0.0026318808095847123,200,percentile
PCE-revised,race,NH Black,scaled_brier,-0.14394562896041463,-0.26819486348882715,-0.03557923153272936,0.06022919388622614,200,percentile
PCE-revised,race,NH Black,pct_flagged_7.5,0.42297244858362437,0.40603247052987657,0.4397688266438011,0.008938045934149421,200,percentile
PCE-revised,race,NH Black,TPR_7.5,0.8220651529709244,0.7436587673861447,0.9000560403298052,0.0395242447511277,200,percentile
PCE-revised,race,NH Black,FPR_7.5,0.41955624937583924,0.40049616132722543,0.4398098105092443,0.01034458335226529,200,percentile
PCE-revised,race,NH Black,pct_flagged_20,0.11913077221575476,0.10527602701659779,0.12997031107162718,0.006008665353521304,200,percentile
PCE-revised,race,NH Black,TPR_20,0.41030671675316505,0.30427069537800705,0.5138500587746341,0.05319641666397852,200,percentile
PCE-revised,race,NH Black,FPR_20,0.10818836479433622,0.09487274354435572,0.1184952315617131,0.005910739970602731,200,percentile
PCE-revised,race,NH Black,rel_OE,1.0388404379475034,0.8553893842324114,1.2760804854767713,0.10785505708940943,200,percentile
PCE-revised,race,NH White,n,6689.0,4168.925,4287.175,33.29648147165029,200,percentile
PCE-revised,race,NH White,events,191.0,107.0,133.025,6.630968914398453,200,percentile
PCE-revised,race,NH White,observed,0.02724054453331013,0.02306571590950139,0.03178517432862721,0.0020222394318669436,200,percentile
PCE-revised,race,NH White,expected,0.073443759336602,0.07150948948630972,0.07523923746754757,0.0010111491978232168,200,percentile
PCE-revised,race,NH White,OE,0.3709034610886854,0.3213854459162052,0.430532962086005,0.026853471429147784,200,percentile
PCE-revised,race,NH White,cal_intercept,-1.1249819405720747,-1.284670740671064,-0.9729234072369997,0.07854260250458533,200,percentile
PCE-revised,race,NH White,cal_slope,0.9209520344129432,0.8057414302258379,1.0350714064222202,0.06265274395586722,200,percentile
PCE-revised,race,NH White,AUC,0.7988178813013691,0.7718913600056455,0.8233610217976693,0.014396350621055688,200,percentile
PCE-revised,race,NH White,brier,0.03074564382730764,0.027961674708706846,0.03346110775026945,0.0015204934432930478,200,percentile
PCE-revised,race,NH White,scaled_brier,-0.1602787704412123,-0.2450741344469027,-0.09926660185886209,0.03714546807532861,200,percentile
PCE-revised,race,NH White,pct_flagged_7.5,0.32815069517117657,0.3159253951662878,0.33733241550691795,0.005439581134922196,200,percentile
PCE-revised,race,NH White,TPR_7.5,0.7689063450881899,0.7087870344402037,0.8238838955776732,0.0311687451844784,200,percentile
PCE-revised,race,NH White,FPR_7.5,0.31347245441927607,0.300221492238901,0.3248705760523264,0.005991379468430619,200,percentile
PCE-revised,race,NH White,pct_flagged_20,0.08416803707579608,0.07693092404662293,0.0907339518220952,0.0034846272051304947,200,percentile
PCE-revised,race,NH White,TPR_20,0.32382312601224367,0.2657469299706994,0.38851986643624753,0.03396844884287919,200,percentile
PCE-revised,race,NH White,FPR_20,0.0772399035207952,0.07016167963855802,0.0841887663468803,0.0036029042975863216,200,percentile
PCE-revised,race,NH White,rel_OE,1.0693242588314809,0.9423158499311383,1.165606675686454,0.05361293403296274,200,percentile
PCE-revised,race,Other Hispanic,n,929.0,556.975,614.0,14.138311755527338,200,percentile
PCE-revised,race,Other Hispanic,events,17.0,7.0,14.0,1.991413729795012,200,percentile
PCE-revised,race,Other Hispanic,observed,0.019188673021253596,0.010296972973432045,0.03012576141891538,0.0049333341162629074,200,percentile
PCE-revised,race,Other Hispanic,expected,0.07257566572939053,0.06793518720983778,0.07846353859364008,0.0027214254498069954,200,percentile
PCE-revised,race,Other Hispanic,OE,0.26439541171832304,0.14479412878855558,0.40604633580903965,0.06726289595113102,200,percentile
PCE-revised,race,Other Hispanic,cal_intercept,-1.5102786965517956,-2.1401377191377553,-1.0607727629394392,0.2812648972273428,200,percentile
PCE-revised,race,Other Hispanic,cal_slope,0.7830815202873928,0.47605068634133424,1.152183632122728,0.1942091798578372,200,percentile
PCE-revised,race,Other Hispanic,AUC,0.7670227711704509,0.667974191051761,0.8627659040309598,0.051515262314604945,200,percentile
PCE-revised,race,Other Hispanic,brier,0.026064914890643193,0.019362776614726896,0.033677430389343635,0.0036812349048718873,200,percentile
PCE-revised,race,Other Hispanic,scaled_brier,-0.38492385523324546,-0.9227367264572948,-0.11099226500264378,0.21963858083732762,200,percentile
PCE-revised,race,Other Hispanic,pct_flagged_7.5,0.3207750269106566,0.2932447029624286,0.35034087229951144,0.013931829225582032,200,percentile
PCE-revised,race,Other Hispanic,TPR_7.5,0.6596346087064265,0.446141704941208,0.8752117106657448,0.12677624166751922,200,percentile
PCE-revised,race,Other Hispanic,FPR_7.5,0.3199326328050916,0.2895548245466467,0.3549003703432827,0.016984119734580607,200,percentile
PCE-revised,race,Other Hispanic,pct_flagged_20,0.08719052744886975,0.0721193127027264,0.105110016948162,0.008509408597728073,200,percentile
PCE-revised,race,Other Hispanic,TPR_20,0.34036539129357346,0.12573490596544576,0.5559523809523811,0.11650467986582337,200,percentile
PCE-revised,race,Other Hispanic,FPR_20,0.08632063315137635,0.06780191020615725,0.10317454532911118,0.00968695488163589,200,percentile
PCE-revised,race,Other Hispanic,rel_OE,0.7622588013718719,0.41798203463398037,1.1516319300800213,0.18797998225924414,200,percentile
PCE-revised,race,Other/Multiracial,n,477.0,281.0,318.025,9.972001003815658,200,percentile
PCE-revised,race,Other/Multiracial,events,7.0,2.0,7.0,1.303252598955174,200,percentile
PCE-revised,race,Other/Multiracial,observed,0.015679572320388645,0.004797876905243432,0.028861967059162167,0.006065588398768145,200,percentile
PCE-revised,race,Other/Multiracial,expected,0.06539696571481342,0.05709045062217246,0.07286513114045949,0.003941930267475512,200,percentile
PCE-revised,race,Other/Multiracial,OE,0.23975993609191232,0.07574714116159088,0.4434907281303199,0.09591603108799145,200,percentile
PCE-revised,race,Other/Multiracial,cal_intercept,-1.6190578897783559,-2.788394284527169,-0.9625652806143964,0.45654801163879183,200,percentile
PCE-revised,race,Other/Multiracial,cal_slope,0.07699601667259676,-0.6357360573883446,0.8061060190761739,0.3702915211198079,200,percentile
PCE-revised,race,Other/Multiracial,AUC,0.5700954361677308,0.33333727163315596,0.7959321988521562,0.12424933542562329,200,percentile
PCE-revised,race,Other/Multiracial,brier,0.02434808568100814,0.015548222644000194,0.034810939708832686,0.005188433273185131,200,percentile
PCE-revised,race,Other/Multiracial,scaled_brier,-0.5775898761998182,-1.9123678556850567,-0.2244401417010369,0.5566479554920715,200,percentile
PCE-revised,race,Other/Multiracial,pct_flagged_7.5,0.2893081761006289,0.24697795773428027,0.3311695249195249,0.021453510810705786,200,percentile
PCE-revised,race,Other/Multiracial,TPR_7.5,0.7142857142857143,0.4,1.0,0.1702082856560591,200,percentile
PCE-revised,race,Other/Multiracial,FPR_7.5,0.2999476458399132,0.2550344503610308,0.34626396518140357,0.02569270362731785,200,percentile
PCE-revised,race,Other/Multiracial,pct_flagged_20,0.07547169811320754,0.05049358295066525,0.10391924637207657,0.013271293601843861,200,percentile
PCE-revised,race,Other/Multiracial,TPR_20,0.0,0.0,0.0,0.0,200,percentile
PCE-revised,race,Other/Multiracial,FPR_20,0.08034420079536878,0.05159663223396794,0.10857403861725105,0.014567182030926986,200,percentile
PCE-revised,race,Other/Multiracial,rel_OE,0.6912340888015197,0.22255095983231504,1.2656808668361157,0.27759646166687824,200,percentile
PCE-revised,age_group,40-49,n,4420.0,2740.975,2852.075,29.934628944589303,200,percentile
PCE-revised,age_group,40-49,events,35.0,16.975,27.0,2.6951659685425597,200,percentile
PCE-revised,age_group,40-49,observed,0.00795660063450242,0.005647463755773878,0.010450144494185966,0.001313006302254515,200,percentile
PCE-revised,age_group,40-49,expected,0.02503332654225421,0.024228557421807833,0.02596734560737672,0.0004476872402246566,200,percentile
PCE-revised,age_group,40-49,OE,0.31784032461975553,0.22711069272221707,0.4229956670430815,0.05296905700338432,200,percentile
PCE-revised,age_group,40-49,cal_intercept,-1.1988171800672685,-1.5478119140116624,-0.9056258458297964,0.17140899524923284,200,percentile
PCE-revised,age_group,40-49,cal_slope,0.9792329442806827,0.6596315542021566,1.3554486574417184,0.16971000788091786,200,percentile
PCE-revised,age_group,40-49,AUC,0.7841371289270792,0.6877939920499898,0.8556279031141258,0.04087067104191868,200,percentile
PCE-revised,age_group,40-49,brier,0.008573765083906823,0.006613449326378302,0.010731812545490022,0.001166246830288518,200,percentile
PCE-revised,age_group,40-49,scaled_brier,-0.08620887770405061,-0.16623013174897378,-0.03294616909982362,0.036471873037708595,200,percentile
PCE-revised,age_group,40-49,pct_flagged_7.5,0.060407239819004525,0.05382404427001075,0.06751692400426577,0.003575195741127071,200,percentile
PCE-revised,age_group,40-49,TPR_7.5,0.25584022504445036,0.11997619047619047,0.4008170217332239,0.07846710228753198,200,percentile
PCE-revised,age_group,40-49,FPR_7.5,0.05779747775880981,0.05085979520549169,0.06615223898985388,0.0040030054708624875,200,percentile
PCE-revised,age_group,40-49,pct_flagged_20,0.0038461538461538464,0.0020396496215742844,0.005462654750130637,0.000913473852511514,200,percentile
PCE-revised,age_group,40-49,TPR_20,0.0,0.0,0.0,0.0,200,percentile
PCE-revised,age_group,40-49,FPR_20,0.0036764528060789373,0.0020038105176520904,0.005638255465974232,0.0009918874788977805,200,percentile
PCE-revised,age_group,40-49,rel_OE,0.9163418657598109,0.6633439214907165,1.2040036265645757,0.14452345326726534,200,percentile
PCE-revised,age_group,50-59,n,3406.0,2099.975,2201.025,26.897231835302478,200,percentile
PCE-revised,age_group,50-59,events,45.0,22.975,35.0,3.094000516480226,200,percentile
PCE-revised,age_group,50-59,observed,0.013519955107744815,0.010056953619475612,0.0178626168185472,0.0019287876648910953,200,percentile
PCE-revised,age_group,50-59,expected,0.052818633446105004,0.050978619333838134,0.05450360216919059,0.0009546046004251535,200,percentile
PCE-revised,age_group,50-59,OE,0.2559694226383249,0.19160780984005996,0.3358168695549564,0.036400665794620354,200,percentile
PCE-revised,age_group,50-59,cal_intercept,-1.4732887810381259,-1.7719502780201983,-1.2061446124209414,0.1470520315231929,200,percentile
PCE-revised,age_group,50-59,cal_slope,0.6449567990131884,0.3384225318203371,0.9587428036824079,0.15639845925433318,200,percentile
PCE-revised,age_group,50-59,AUC,0.6814037136770639,0.5950847531077107,0.7680188679773692,0.0434021238070772,200,percentile
PCE-revised,age_group,50-59,brier,0.017072201034662806,0.014389775252538397,0.020512029628198487,0.0016785430910242066,200,percentile
PCE-revised,age_group,50-59,scaled_brier,-0.28004713557444605,-0.4319247358448963,-0.15349066462598335,0.06856708237688908,200,percentile
PCE-revised,age_group,50-59,pct_flagged_7.5,0.2143276570757487,0.20136678495846974,0.22827779406623008,0.0070228195138688065,200,percentile
PCE-revised,age_group,50-59,TPR_7.5,0.465908353530993,0.31378416701164064,0.6061458558534398,0.07780087990889345,200,percentile
PCE-revised,age_group,50-59,FPR_7.5,0.21121027382228982,0.19727146589377625,0.22547069022728883,0.007883231976885995,200,percentile
PCE-revised,age_group,50-59,pct_flagged_20,0.03229594832648268,0.026506944588933736,0.037079415174218304,0.002867722376552824,200,percentile
PCE-revised,age_group,50-59,TPR_20,0.15399597863981204,0.060212782473869006,0.2647471991572598,0.05147205559028041,200,percentile
PCE-revised,age_group,50-59,FPR_20,0.03169659906610325,0.025659257688616665,0.03728033615551092,0.0031776199823747445,200,percentile
PCE-revised,age_group,50-59,rel_OE,0.7379664572092036,0.5647145535579118,0.9775501213554645,0.10214096220784698,200,percentile
PCE-revised,age_group,60-69,n,3441.0,2119.95,2231.1,28.096622590714194,200,percentile
PCE-revised,age_group,60-69,events,102.0,54.975,73.025,5.084153625772163,200,percentile
PCE-revised,age_group,60-69,observed,0.02987645402215967,0.0243922908867442,0.03575652963771975,0.0030899780538367547,200,percentile
PCE-revised,age_group,60-69,expected,0.105732849969005,0.10306456292935354,0.10848509488997347,0.0013998208479561146,200,percentile
PCE-revised,age_group,60-69,OE,0.28256548490764966,0.2291066858591293,0.3373654187185754,0.028816168127237196,200,percentile
PCE-revised,age_group,60-69,cal_intercept,-1.4146818238898045,-1.627831680020042,-1.2167492920864746,0.10872570001948482,200,percentile
PCE-revised,age_group,60-69,cal_slope,0.6759533864846111,0.44260733896034193,0.8948861346219341,0.1113315741822951,200,percentile
PCE-revised,age_group,60-69,AUC,0.6714657718149478,0.6070638125277863,0.7193951769596054,0.027458807077223372,200,percentile
PCE-revised,age_group,60-69,brier,0.03890231252947349,0.03478236824193208,0.04348225524719834,0.0022957972188541557,200,percentile
PCE-revised,age_group,60-69,scaled_brier,-0.34220645266412375,-0.4891743417235432,-0.23744266558668303,0.06663783435189602,200,percentile
PCE-revised,age_group,60-69,pct_flagged_7.5,0.5358907294391165,0.5186402357388497,0.5540215503680866,0.00902008778192312,200,percentile
PCE-revised,age_group,60-69,TPR_7.5,0.7950217794288335,0.7078043882670676,0.880542066498615,0.04418939362696129,200,percentile
PCE-revised,age_group,60-69,FPR_7.5,0.5264524027006815,0.5076704595160135,0.5449275038877686,0.010220411969083815,200,percentile
PCE-revised,age_group,60-69,pct_flagged_20,0.13048532403371113,0.11972439459199208,0.1404767403392246,0.0053177575919634784,200,percentile
PCE-revised,age_group,60-69,TPR_20,0.2537825588023966,0.17616777850944143,0.3399453301884276,0.04055306220179518,200,percentile
PCE-revised,age_group,60-69,FPR_20,0.12402469211971405,0.1123617358166017,0.1361822891642924,0.005608577226928489,200,percentile
PCE-revised,age_group,60-69,rel_OE,0.8146435917134337,0.6815527392614311,0.9472704809393497,0.06665979297295789,200,percentile
PCE-revised,age_group,70-79,n,2199.0,1346.975,1427.025,20.782191835497958,200,percentile
PCE-revised,age_group,70-79,events,180.0,103.0,126.0,6.393110299101867,200,percentile
PCE-revised,age_group,70-79,observed,0.08022995462814278,0.07024871515762866,0.09249890175956153,0.005944053403622074,200,percentile
PCE-revised,age_group,70-79,expected,0.17934273586565136,0.17502405746441818,0.18395826476771968,0.002408119769171339,200,percentile
PCE-revised,age_group,70-79,OE,0.4473554740920445,0.39335895775621055,0.5149297938973326,0.03260412033452647,200,percentile
PCE-revised,age_group,70-79,cal_intercept,-0.9769514727936394,-1.1259833286046896,-0.8045823865647429,0.08256496487166438,200,percentile
PCE-revised,age_group,70-79,cal_slope,0.7602239890618187,0.565002827599331,0.9991258525727333,0.10506227384001295,200,percentile
PCE-revised,age_group,70-79,AUC,0.660661950177471,0.6214072039776212,0.7011707668878028,0.021120787321280185,200,percentile
PCE-revised,age_group,70-79,brier,0.08590898752137632,0.07950979908223761,0.09289786954895467,0.0036336513158389456,200,percentile
PCE-revised,age_group,70-79,scaled_brier,-0.164187126354445,-0.24275229314611296,-0.083419780871624,0.04143244899956374,200,percentile
PCE-revised,age_group,70-79,pct_flagged_7.5,0.8512960436562074,0.8355818716779911,0.8653814311058545,0.00792684634516764,200,percentile
PCE-revised,age_group,70-79,TPR_7.5,0.9501728554079429,0.9124631565883556,0.9784596548165234,0.017252127872547342,200,percentile
PCE-revised,age_group,70-79,FPR_7.5,0.8441274626938647,0.8259824763540028,0.8596470278410633,0.008919609608516238,200,percentile
PCE-revised,age_group,70-79,pct_flagged_20,0.3337880854934061,0.3141251369976257,0.35583703524141325,0.009976175285149371,200,percentile
PCE-revised,age_group,70-79,TPR_20,0.5548678414392931,0.4932461358847382,0.6252571149081224,0.03584613958781901,200,percentile
PCE-revised,age_group,70-79,FPR_20,0.3125995640604712,0.293501475418179,0.3335194263616624,0.010795486885614184,200,percentile
PCE-revised,age_group,70-79,rel_OE,1.2897373870914093,1.1605624718946805,1.4158639919443847,0.06624604157859204,200,percentile
PCE-revised,income,PIR 1.3-3.5,n,4520.0,2805.0,2909.025,26.634877199211587,200,percentile
PCE-revised,income,PIR 1.3-3.5,events,144.0,81.0,103.025,5.839425868384821,200,percentile
PCE-revised,income,PIR 1.3-3.5,observed,0.03194901200591318,0.02740836608586969,0.03781364799266269,0.0025841732902676245,200,percentile
PCE-revised,income,PIR 1.3-3.5,expected,0.08671679781489468,0.08414995672398011,0.08913174932925524,0.0012483139554519444,200,percentile
PCE-revised,income,PIR 1.3-3.5,OE,0.36842933331223104,0.3155121015455546,0.4371269189586991,0.02976206173757747,200,percentile
PCE-revised,income,PIR 1.3-3.5,cal_intercept,-1.1560666814161584,-1.3188499937905764,-0.9691138734321306,0.08631910429089695,200,percentile
PCE-revised,income,PIR 1.3-3.5,cal_slope,0.977062484700122,0.8202072632269609,1.1086246715397021,0.07719746833527852,200,percentile
PCE-revised,income,PIR 1.3-3.5,AUC,0.7948294438622217,0.7616981446997256,0.8226921961353301,0.015564108850812814,200,percentile
PCE-revised,income,PIR 1.3-3.5,brier,0.03591555196562672,0.03290638318381132,0.04025390431386892,0.0018312671489847969,200,percentile
PCE-revised,income,PIR 1.3-3.5,scaled_brier,-0.16125308342564004,-0.24898677702039018,-0.07777409770230098,0.04215415828115141,200,percentile
PCE-revised,income,PIR 1.3-3.5,pct_flagged_7.5,0.4013274336283186,0.38974556806692484,0.4124668980787342,0.005856199772518471,200,percentile
PCE-revised,income,PIR 1.3-3.5,TPR_7.5,0.8462192076003807,0.7878586309023212,0.8982124007845218,0.02883357938968689,200,percentile
PCE-revised,income,PIR 1.3-3.5,FPR_7.5,0.3916498857456351,0.3785167163802378,0.40550325197222115,0.006864944413296795,200,percentile
PCE-revised,income,PIR 1.3-3.5,pct_flagged_20,0.11261061946902655,0.10312337654278303,0.12138779830465479,0.004550620162927198,200,percentile
PCE-revised,income,PIR 1.3-3.5,TPR_20,0.40938540058702205,0.33899422795792844,0.4829981792791529,0.04041249813150361,200,percentile
PCE-revised,income,PIR 1.3-3.5,FPR_20,0.10443217622737,0.09336177721882305,0.11308604801817886,0.004813541009192133,200,percentile
PCE-revised,income,PIR 1.3-3.5,rel_OE,1.062191284544733,0.9437062168156146,1.2047309078827957,0.06757889829053508,200,percentile
PCE-revised,income,PIR<1.3,n,3136.0,1933.95,2032.0,23.822825400238557,200,percentile
PCE-revised,income,PIR<1.3,events,124.0,67.975,88.0,5.572074575539786,200,percentile
PCE-revised,income,PIR<1.3,observed,0.03996337671369271,0.0332834102595872,0.046284313954201454,0.003665671271720164,200,percentile
PCE-revised,income,PIR<1.3,expected,0.09055463179577626,0.08729164141646707,0.09381047935400588,0.0017606465650706286,200,percentile
PCE-revised,income,PIR<1.3,OE,0.44131786437849246,0.3655273162985083,0.5112251150899916,0.03934305049262454,200,percentile
PCE-revised,income,PIR<1.3,cal_intercept,-0.9614316349268547,-1.175179802450734,-0.8067671638887778,0.10171248139941419,200,percentile
PCE-revised,income,PIR<1.3,cal_slope,0.7248896188137258,0.6011664460320071,0.8893638869727762,0.07787172273902877,200,percentile
PCE-revised,income,PIR<1.3,AUC,0.7455760961853348,0.7115834319318793,0.7882413784068115,0.020464589205806082,200,percentile
PCE-revised,income,PIR<1.3,brier,0.04368851656639171,0.038603131194303184,0.04871896318585144,0.002605353435418322,200,percentile
PCE-revised,income,PIR<1.3,scaled_brier,-0.13872097660731209,-0.24173373604193243,-0.06699529661239499,0.04832471489206709,200,percentile
PCE-revised,income,PIR<1.3,pct_flagged_7.5,0.4033801020408163,0.3872343155216605,0.41884908920749936,0.00880742793474676,200,percentile
PCE-revised,income,PIR<1.3,TPR_7.5,0.7501948231139078,0.6664615070037134,0.8263829170359377,0.03986871681171994,200,percentile
PCE-revised,income,PIR<1.3,FPR_7.5,0.38301002988247596,0.36126574390270166,0.39979555398503197,0.009849442152589651,200,percentile
PCE-revised,income,PIR<1.3,pct_flagged_20,0.13042091836734693,0.1198663848117422,0.1421816828818541,0.00594756507824233,200,percentile
PCE-revised,income,PIR<1.3,TPR_20,0.3608261488921214,0.2986455414643928,0.4523273642414385,0.04065073541560809,200,percentile
PCE-revised,income,PIR<1.3,FPR_20,0.11852524070994508,0.10518588478119785,0.1304048801651034,0.006578582833901079,200,percentile
PCE-revised,income,PIR<1.3,rel_OE,1.272330802334536,1.091017983334102,1.4347970365615865,0.09048839629250341,200,percentile
PCE-revised,income,PIR>3.5,n,4696.0,2908.925,3035.075,30.586573317988474,200,percentile
PCE-revised,income,PIR>3.5,events,60.0,31.0,45.025000000000006,3.8866832302958914,200,percentile
PCE-revised,income,PIR>3.5,observed,0.012671438649998484,0.009752289047334613,0.016373745142371766,0.0017284327326067557,200,percentile
PCE-revised,income,PIR>3.5,expected,0.05876386245046588,0.05659643117754358,0.060858951096034085,0.0010812341262071343,200,percentile
PCE-revised,income,PIR>3.5,OE,0.2156331820543567,0.16685340244372965,0.27747283635704967,0.029313128743416045,200,percentile
PCE-revised,income,PIR>3.5,cal_intercept,-1.679001150015115,-1.9491847803709716,-1.4151700236814395,0.14175225338084615,200,percentile
PCE-revised,income,PIR>3.5,cal_slope,0.8329810134374169,0.6788779242240611,1.0554738664295733,0.10458563203882845,200,percentile
PCE-revised,income,PIR>3.5,AUC,0.771164028140126,0.7248545484662565,0.8264744230769577,0.026072025086510634,200,percentile
PCE-revised,income,PIR>3.5,brier,0.0178219264839152,0.015571782460748768,0.020589398797218193,0.001354445459666863,200,percentile
PCE-revised,income,PIR>3.5,scaled_brier,-0.4245149852604777,-0.6418016707713614,-0.2601924254893776,0.09842875910515342,200,percentile
PCE-revised,income,PIR>3.5,pct_flagged_7.5,0.25766609880749575,0.2444870088639192,0.2712763563549853,0.006872264139803332,200,percentile
PCE-revised,income,PIR>3.5,TPR_7.5,0.6682035007222171,0.5498824021515905,0.7866021172692937,0.06252503711033412,200,percentile
PCE-revised,income,PIR>3.5,FPR_7.5,0.25473299676798666,0.2399642584559732,0.26898850160442905,0.0076239470868858005,200,percentile
PCE-revised,income,PIR>3.5,pct_flagged_20,0.055153321976149916,0.048125811619109816,0.06096087101394853,0.0032823235439848604,200,percentile
PCE-revised,income,PIR>3.5,TPR_20,0.1990778995666697,0.10608981245545415,0.304064921219519,0.05091349779980997,200,percentile
PCE-revised,income,PIR>3.5,FPR_20,0.054242940781888904,0.04759671351371064,0.06154858247844136,0.0035492435821177976,200,percentile
PCE-revised,income,PIR>3.5,rel_OE,0.6216760337122202,0.478580719228804,0.783232106559898,0.077980451766626,200,percentile
PCE-revised,education,<HS,n,4127.0,2557.95,2661.025,25.571355971695386,200,percentile
PCE-revised,education,<HS,events,151.0,82.0,109.0,6.385046522577374,200,percentile
PCE-revised,education,<HS,observed,0.03781721168744455,0.03220577278145665,0.04446220330683749,0.0032176776625831884,200,percentile
PCE-revised,education,<HS,expected,0.10154483239344882,0.0982788788607395,0.10472905400689865,0.0016738034536251827,200,percentile
PCE-revised,education,<HS,OE,0.3724188695384989,0.32022570639763503,0.4352057748131666,0.030848170253480002,200,percentile
PCE-revised,education,<HS,cal_intercept,-1.176861256066046,-1.3543794741090063,-1.0015817896588532,0.09108880147061746,200,percentile
PCE-revised,education,<HS,cal_slope,0.7903305361951782,0.6508438627002805,0.9495929000326169,0.07973346831807195,200,percentile
PCE-revised,education,<HS,AUC,0.7504026471237436,0.7144766185520051,0.78539331995617,0.018877800078162005,200,percentile
PCE-revised,education,<HS,brier,0.04403515403948169,0.040097920390811344,0.04823823408679358,0.0021685335173340222,200,percentile
PCE-revised,education,<HS,scaled_brier,-0.2101868551771946,-0.31633573096715084,-0.1262890590486407,0.05201037667291012,200,percentile
PCE-revised,education,<HS,pct_flagged_7.5,0.4637751393263872,0.44760911013276944,0.4781843914219463,0.007992717074498168,200,percentile
PCE-revised,education,<HS,TPR_7.5,0.8017251565876164,0.7329252517036079,0.8615810869433355,0.03481243045331205,200,percentile
PCE-revised,education,<HS,FPR_7.5,0.4595067989061258,0.44179440424315364,0.4747135686055723,0.008970810511796866,200,percentile
PCE-revised,education,<HS,pct_flagged_20,0.15507632662951296,0.14414643781419978,0.1653655820738594,0.005509657609775736,200,percentile
PCE-revised,education,<HS,TPR_20,0.4572303182641063,0.3775997122740248,0.5459330944540401,0.04012842200812978,200,percentile
PCE-revised,education,<HS,FPR_20,0.1466318071658206,0.13382498484221364,0.15775926993296405,0.0060401743878079495,200,percentile
PCE-revised,education,<HS,rel_OE,1.0736932205356058,0.9471160615777475,1.2013307949885517,0.06484995357198968,200,percentile
PCE-revised,education,College+,n,2796.0,1723.875,1823.025,23.610230620427007,200,percentile
PCE-revised,education,College+,events,48.0,24.0,36.025000000000006,3.4290768202529347,200,percentile
PCE-revised,education,College+,observed,0.01709407429638614,0.012633315082858925,0.021815629503753032,0.0025892950703857854,200,percentile
PCE-revised,education,College+,expected,0.05602848685867746,0.05365523965650815,0.058444761648921026,0.0012859134782713475,200,percentile
PCE-revised,education,College+,OE,0.30509612618136733,0.22479114342423817,0.39478176748517996,0.04545672221790842,200,percentile
PCE-revised,education,College+,cal_intercept,-1.3118933090141525,-1.6445796702960767,-1.0484651983352065,0.15912922870806187,200,percentile
PCE-revised,education,College+,cal_slope,0.9582026943009687,0.7650814265483937,1.2267816743106685,0.12307823742013929,200,percentile
PCE-revised,education,College+,AUC,0.8056724888154377,0.7540155066333741,0.8580059178631797,0.028311232194420024,200,percentile
PCE-revised,education,College+,brier,0.020183139752506293,0.016817820070701647,0.023857168988521527,0.0020360475725332105,200,percentile
PCE-revised,education,College+,scaled_brier,-0.20124387654077136,-0.3673514593411633,-0.08509687660941992,0.07553989916937306,200,percentile
PCE-revised,education,College+,pct_flagged_7.5,0.24141630901287553,0.22765142525440882,0.2563570758210328,0.00746178788787959,200,percentile
PCE-revised,education,College+,TPR_7.5,0.7679351951856328,0.6666422341150788,0.8839471988988845,0.05719531096474155,200,percentile
PCE-revised,education,College+,FPR_7.5,0.2323217074910474,0.21675186157895626,0.24808413819285483,0.00833490629854735,200,percentile
PCE-revised,education,College+,pct_flagged_20,0.05185979971387697,0.04353851495812246,0.05960649886816301,0.004337533960626475,200,percentile
PCE-revised,education,College+,TPR_20,0.30951643361363307,0.18429052144275648,0.45689266927800937,0.06860827645460311,200,percentile
PCE-revised,education,College+,FPR_20,0.048495826857794064,0.03929448525237738,0.05695494040555433,0.004589434234585604,200,percentile
PCE-revised,education,College+,rel_OE,0.8796000124766669,0.6600593545612842,1.114828458116588,0.1235458677848763,200,percentile
PCE-revised,education,HS/GED,n,3138.0,1939.975,2026.025,22.61337488341995,200,percentile
PCE-revised,education,HS/GED,events,90.0,48.0,65.025,4.596306141974635,200,percentile
PCE-revised,education,HS/GED,observed,0.02861859988288628,0.023620827335088915,0.034869979153821465,0.003237804191311106,200,percentile
PCE-revised,education,HS/GED,expected,0.08019484532888606,0.0774978852222183,0.08301792940412484,0.0016013525563330527,200,percentile
PCE-revised,education,HS/GED,OE,0.3568633341147913,0.293842547113254,0.43039941608928545,0.03928996338902572,200,percentile
PCE-revised,education,HS/GED,cal_intercept,-1.1795611251303035,-1.3858922463597116,-0.9717752691459256,0.11834582797174278,200,percentile
PCE-revised,education,HS/GED,cal_slope,0.9838674671123958,0.7921422502193562,1.1620429507507664,0.09233118848634204,200,percentile
PCE-revised,education,HS/GED,AUC,0.8012895026075755,0.7588781329713437,0.8348360378216745,0.019319848373805376,200,percentile
PCE-revised,education,HS/GED,brier,0.03256802493447086,0.02846000033850241,0.037311169969065014,0.002342789407371408,200,percentile
PCE-revised,education,HS/GED,scaled_brier,-0.17152957208412056,-0.3000887628877421,-0.07158643570535694,0.05809909994638924,200,percentile
PCE-revised,education,HS/GED,pct_flagged_7.5,0.36392606755895474,0.3478524130895634,0.3821602122538428,0.008486487350697782,200,percentile
PCE-revised,education,HS/GED,TPR_7.5,0.8120506672836874,0.7254395713270348,0.881328302466276,0.03810772172207456,200,percentile
PCE-revised,education,HS/GED,FPR_7.5,0.3547618436069095,0.33835391976245877,0.3737889955481067,0.008969522249933951,200,percentile
PCE-revised,education,HS/GED,pct_flagged_20,0.09496494582536648,0.08428299781269757,0.10504669803934329,0.005197265163081865,200,percentile
PCE-revised,education,HS/GED,TPR_20,0.34273113612974654,0.23131875896959872,0.43536932268484796,0.05619606503483347,200,percentile
PCE-revised,education,HS/GED,FPR_20,0.08749929220645429,0.07736714549671392,0.09708807228296872,0.005092339250691708,200,percentile
PCE-revised,education,HS/GED,rel_OE,1.0288462101063724,0.8411021724859608,1.226076333143733,0.09975613795373048,200,percentile
PCE-revised,education,Some college,n,3390.0,2089.95,2195.1,26.056961183734565,200,percentile
PCE-revised,education,Some college,events,71.0,38.0,53.0,3.7634048520458214,200,percentile
PCE-revised,education,Some college,observed,0.0207218498695426,0.016468492297619826,0.025768574705325214,0.0023823991329441074,200,percentile
PCE-revised,education,Some college,expected,0.06481805065914076,0.06247903481273283,0.06747596662147125,0.0013226500475874464,200,percentile
PCE-revised,education,Some college,OE,0.31969258036642867,0.253051557387256,0.3965917053664541,0.03661480354413457,200,percentile
PCE-revised,education,Some college,cal_intercept,-1.2706498348745916,-1.5314402535255192,-1.045637536261794,0.12207441858206192,200,percentile
PCE-revised,education,Some college,cal_slope,0.8586634676465623,0.630961604742914,1.1036870497302345,0.11024465164187433,200,percentile
PCE-revised,education,Some college,AUC,0.7697397598317522,0.710881350089617,0.8218538722108083,0.02645571499572429,200,percentile
PCE-revised,education,Some college,brier,0.024566634696958023,0.021186434993785155,0.028298944755726935,0.0018097188448856034,200,percentile
PCE-revised,education,Some college,scaled_brier,-0.21062902098202207,-0.34455143766265145,-0.10926715604124367,0.06216911771416755,200,percentile
PCE-revised,education,Some college,pct_flagged_7.5,0.2884955752212389,0.27352114765214447,0.3050427995654797,0.008022955671810474,200,percentile
PCE-revised,education,Some college,TPR_7.5,0.6891928044516106,0.5664537324782377,0.8043125794571794,0.056514412762745124,200,percentile
PCE-revised,education,Some college,FPR_7.5,0.2802421437315793,0.2641942277951859,0.2981469730803047,0.008781297628269853,200,percentile
PCE-revised,education,Some college,pct_flagged_20,0.06578171091445428,0.05837969362379299,0.07264235424306713,0.003968599548111307,200,percentile
PCE-revised,education,Some college,TPR_20,0.22422531611488924,0.1280903110690097,0.31427235046938484,0.05029070278577361,200,percentile
PCE-revised,education,Some college,FPR_20,0.06272516007428637,0.05310993284213607,0.07138034010558897,0.004565739358051041,200,percentile
PCE-revised,education,Some college,rel_OE,0.921681966921617,0.7486120422947289,1.1012697111706808,0.09514145959247615,200,percentile
PCE-revised,sex,GAP(max-min),OE,0.057287577613368945,0.0,0.10617655598336458,0.03365826977406193,200,basic
PCE-revised,sex,GAP(max-min),AUC,0.03545750960447813,0.0,0.06773258673579033,0.02186141961170075,200,basic
PCE-revised,sex,GAP(max-min),cal_slope,0.077545173304706,0.0,0.14973165713153214,0.07584885564242377,200,basic
PCE-revised,sex,GAP(max-min),TPR_7.5,0.18277587227496883,0.10077405459233435,0.26581161276801013,0.04418024492486289,200,basic
PCE-revised,sex,GAP(max-min),FPR_7.5,0.22815715543918566,0.21107117869879144,0.2465745950598017,0.009470839626999603,200,basic
PCE-revised,sex,GAP(max-min),pct_flagged_7.5,0.23478127913420357,0.21828321045816246,0.2502800654161407,0.008492902533933148,200,basic
PCE-revised,sex,GAP(max/min),OE,1.1758994657482607,1.0,1.3271888277625403,0.11163753458943772,200,basic
PCE-revised,race,GAP(max-min),OE,0.10650804937036235,0.0,0.1864799731283218,0.05093401016565744,200,basic
PCE-revised,race,GAP(max-min),AUC,0.03179511013091818,0.0,0.05087559401048384,0.03249250490820558,200,basic
PCE-revised,race,GAP(max-min),cal_slope,0.20410553105936402,0.0,0.3425982434673752,0.14648894693190348,200,basic
PCE-revised,race,GAP(max-min),TPR_7.5,0.16243054426449788,0.0,0.30148336421287086,0.09816315263564883,200,basic
PCE-revised,race,GAP(max-min),FPR_7.5,0.10608379495656317,0.07815014947689236,0.13121184179207396,0.013466848291957217,200,basic
PCE-revised,race,GAP(max-min),pct_flagged_7.5,0.10219742167296775,0.07500947814263789,0.1298517771773276,0.013227945726319306,200,basic
PCE-revised,race,GAP(max/min),OE,1.4028362242678856,1.0,1.7264342472929486,0.26196721266087436,200,basic
PCE-revised,age_group,GAP(max-min),OE,0.19138605145371962,0.08643407181080132,0.25290948756914255,0.043189361682408445,200,basic
PCE-revised,age_group,GAP(max-min),AUC,0.12347517874960823,0.017628733035532335,0.18979191219124836,0.04390397780226936,200,basic
PCE-revised,age_group,GAP(max-min),cal_slope,0.3342761452674944,0.0,0.5259255136997022,0.18048191974295127,200,basic
PCE-revised,age_group,GAP(max-min),TPR_7.5,0.6943326303634926,0.5589031319190231,0.8311154634604849,0.07716615739598015,200,basic
PCE-revised,age_group,GAP(max-min),FPR_7.5,0.7863299849350549,0.7672290311205755,0.8051832820377631,0.00989983639777422,200,basic
PCE-revised,age_group,GAP(max-min),pct_flagged_7.5,0.7908888038372028,0.7742501119504476,0.8072998042209266,0.008806026713253737,200,basic
PCE-revised,age_group,GAP(max/min),OE,1.7476910698202452,1.0132184879282717,2.0377255976538367,0.2613201619981274,200,basic
PCE-revised,income,GAP(max-min),OE,0.22568468232413577,0.13729242189109797,0.3238134047021269,0.04760740235740115,200,basic
PCE-revised,income,GAP(max-min),AUC,0.04925334767688683,0.0,0.08434990424116744,0.021973230546265668,200,basic
PCE-revised,income,GAP(max-min),cal_slope,0.2521728658863962,0.06142551264380075,0.4146727753328494,0.09261504251516622,200,basic
PCE-revised,income,GAP(max-min),TPR_7.5,0.1780157068781636,0.045112337031727234,0.2782629108920113,0.061297035923651794,200,basic
PCE-revised,income,GAP(max-min),FPR_7.5,0.13691688897764842,0.11146432144630045,0.1523797165437078,0.010288748785950673,200,basic
PCE-revised,income,GAP(max-min),pct_flagged_7.5,0.14571400323332057,0.12613221355678933,0.16039563684007058,0.009201721599127053,200,basic
PCE-revised,income,GAP(max/min),OE,2.0466138846258146,1.2210271578613403,2.604613736278167,0.33025961047954294,200,basic
PCE-revised,education,GAP(max-min),OE,0.06732274335713156,0.0,0.10204854226147561,0.04095624854075047,200,basic
PCE-revised,education,GAP(max-min),AUC,0.05526984169169413,0.0,0.07979511506142575,0.02673316974203339,200,basic
PCE-revised,education,GAP(max-min),cal_slope,0.19353693091721758,0.0,0.2840100154775777,0.10964273589583291,200,basic
PCE-revised,education,GAP(max-min),TPR_7.5,0.12285786283207678,0.0,0.1904853693849606,0.057192247457454784,200,basic
PCE-revised,education,GAP(max-min),FPR_7.5,0.22718509141507837,0.20642533292133514,0.25277610241201576,0.011924303959789237,200,basic
PCE-revised,education,GAP(max-min),pct_flagged_7.5,0.22235883031351167,0.20465890361733988,0.2433174923446853,0.010254329315970152,200,basic
PCE-revised,education,GAP(max/min),OE,1.2206607609206774,1.0,1.3392256490572116,0.18215051392318862,200,basic
PREVENT-CVD,Overall,All,n,13466.0,8438.95,8586.025,37.273860524394514,200,percentile
PREVENT-CVD,Overall,All,events,362.0,213.975,246.025,8.927423730974231,200,percentile
PREVENT-CVD,Overall,All,observed,0.027013720906110657,0.02467674019335717,0.029924370144193888,0.0014107056245544264,200,percentile
PREVENT-CVD,Overall,All,expected,0.08655967894364107,0.08511470370848091,0.08766763462822516,0.0006382445078496334,200,percentile
PREVENT-CVD,Overall,All,OE,0.3120820367610105,0.2841856319841541,0.34375614416954225,0.016223393184387324,200,percentile
PREVENT-CVD,Overall,All,cal_intercept,-1.2996495299072188,-1.3973791732769603,-1.1970564006457325,0.05483513090915827,200,percentile
PREVENT-CVD,Overall,All,cal_slope,1.1902492420026405,1.073384356292893,1.3326540182639062,0.06960654928018163,200,percentile
PREVENT-CVD,Overall,All,AUC,0.7939289277771578,0.773113858138475,0.815634548841111,0.011262967622435397,200,percentile
PREVENT-CVD,Overall,All,brier,0.031014350156044545,0.02926498291024367,0.03288439983784301,0.0009573500223666729,200,percentile
PREVENT-CVD,Overall,All,scaled_brier,-0.17997161788724547,-0.23465903795280277,-0.1288002082582198,0.027833862970765382,200,percentile
PREVENT-CVD,Overall,All,pct_flagged_7.5,0.42195158176147335,0.4129604188326155,0.42886714688845984,0.004142881661864743,200,percentile
PREVENT-CVD,Overall,All,TPR_7.5,0.8447774362747836,0.8099339045525372,0.8787835590375921,0.018397147352350148,200,percentile
PREVENT-CVD,Overall,All,FPR_7.5,0.41276896453413,0.4035498740734307,0.42095165326876405,0.004657688446341192,200,percentile
PREVENT-CVD,Overall,All,pct_flagged_20,0.10597059260359423,0.10062379325709193,0.11124313084806178,0.0027057395311075806,200,percentile
PREVENT-CVD,Overall,All,TPR_20,0.4208616735310927,0.36942457438581167,0.4764223261484194,0.025798394044079135,200,percentile
PREVENT-CVD,Overall,All,FPR_20,0.09916826585770383,0.09326289490728273,0.10549440922585557,0.003048303668659771,200,percentile
PREVENT-CVD,Overall,All,rel_OE,1.0,1.0,1.0,0.0,200,percentile
PREVENT-CVD,sex,Female,n,6883.0,4280.9,4411.05,34.77516586306971,200,percentile
PREVENT-CVD,sex,Female,events,145.0,81.0,103.0,5.351334779248818,200,percentile
PREVENT-CVD,sex,Female,observed,0.021294194048772756,0.01816319222437981,0.02519213712088221,0.0017412995721131723,200,percentile
PREVENT-CVD,sex,Female,expected,0.07645097106783205,0.07472280352924195,0.07821207758883998,0.000931812544319966,200,percentile
PREVENT-CVD,sex,Female,OE,0.27853399049541466,0.23924465842022435,0.32848390162005253,0.02211056652597178,200,percentile
PREVENT-CVD,sex,Female,cal_intercept,-1.417129512882787,-1.5827899494634599,-1.2443614461514918,0.08199417829487218,200,percentile
PREVENT-CVD,sex,Female,cal_slope,1.1773698174998177,0.9619353713356337,1.4289860416834363,0.11692698646754926,200,percentile
PREVENT-CVD,sex,Female,AUC,0.8020634725207949,0.7630102467072408,0.8350756053886599,0.018610534829377773,200,percentile
PREVENT-CVD,sex,Female,brier,0.025357456567232917,0.02316894524777857,0.02811372592738891,0.0012382625084240543,200,percentile
PREVENT-CVD,sex,Female,scaled_brier,-0.21672468247904164,-0.3071001358287214,-0.12407984475834599,0.04420393683897689,200,percentile
PREVENT-CVD,sex,Female,pct_flagged_7.5,0.3761441232020921,0.36499559255972447,0.386277370987606,0.005797996147593008,200,percentile
PREVENT-CVD,sex,Female,TPR_7.5,0.8200537416252984,0.7554111940908513,0.8790241384368775,0.03206788747550789,200,percentile
PREVENT-CVD,sex,Female,FPR_7.5,0.3695009201572773,0.3564619797184269,0.3819014418797674,0.006345630468136213,200,percentile
PREVENT-CVD,sex,Female,pct_flagged_20,0.08019758826093273,0.07411178160310515,0.08695581024717869,0.003389670845133428,200,percentile
PREVENT-CVD,sex,Female,TPR_20,0.4160241524562793,0.3497805139553139,0.49880404951518426,0.04230184789688164,200,percentile
PREVENT-CVD,sex,Female,FPR_20,0.07537694307270174,0.06838657678913644,0.0819463370376542,0.0038127438297733316,200,percentile
PREVENT-CVD,sex,Female,rel_OE,0.8925024759073634,0.7935693315977054,0.991945825768493,0.05280028572665808,200,percentile
PREVENT-CVD,sex,Male,n,6583.0,4101.0,4216.025,30.75408662635102,200,percentile
PREVENT-CVD,sex,Male,events,217.0,123.975,152.0,7.173485517679798,200,percentile
PREVENT-CVD,sex,Male,observed,0.032951105313655873,0.02891846402677544,0.03725173513945846,0.0021658789664504925,200,percentile
PREVENT-CVD,sex,Male,expected,0.0971290601238315,0.09532629115637412,0.09892535706922533,0.0009730207538254081,200,percentile
PREVENT-CVD,sex,Male,OE,0.33925073784968107,0.3005257813578105,0.38634744244569175,0.02239441854135726,200,percentile
PREVENT-CVD,sex,Male,cal_intercept,-1.211864963851931,-1.3397187664938408,-1.0717433577171178,0.07005542802506406,200,percentile
PREVENT-CVD,sex,Male,cal_slope,1.1852391293038278,1.0258378225585345,1.3644573296277298,0.08805181224585736,200,percentile
PREVENT-CVD,sex,Male,AUC,0.7795370626929569,0.7518259266180166,0.8069672470306087,0.014472133251909098,200,percentile
PREVENT-CVD,sex,Male,brier,0.036886715585409,0.0337628656111704,0.03969542817257665,0.0014915622597240685,200,percentile
PREVENT-CVD,sex,Male,scaled_brier,-0.15758147232479347,-0.2147452934437513,-0.09905436336729719,0.03262874118481391,200,percentile
PREVENT-CVD,sex,Male,pct_flagged_7.5,0.46984657451010176,0.4579541520874663,0.48085674354273106,0.006247304262634608,200,percentile
PREVENT-CVD,sex,Male,TPR_7.5,0.861363359675727,0.822156481076318,0.9063554217892893,0.021915250965642716,200,percentile
PREVENT-CVD,sex,Male,FPR_7.5,0.45822651841967993,0.44451651209269455,0.4707554679148034,0.006933028658483255,200,percentile
PREVENT-CVD,sex,Male,pct_flagged_20,0.13291812243657908,0.12561334823062464,0.14137181420607106,0.004009398386488712,200,percentile
PREVENT-CVD,sex,Male,TPR_20,0.4241069309707601,0.3658788272388697,0.48839071593409233,0.03372988830899204,200,percentile
PREVENT-CVD,sex,Male,FPR_20,0.12416351010974863,0.11601554805784418,0.13241628794309115,0.004449986722687242,200,percentile
PREVENT-CVD,sex,Male,rel_OE,1.087056279722617,1.0063451834852268,1.1646150059941869,0.04326752584160153,200,percentile
PREVENT-CVD,race,Mexican American,n,2794.0,1719.85,1813.05,24.09378190806018,200,percentile
PREVENT-CVD,race,Mexican American,events,62.0,30.975,47.0,4.148875248684361,200,percentile
PREVENT-CVD,race,Mexican American,observed,0.02520622729693485,0.01920168317731077,0.032376831226357,0.0033080039074116136,200,percentile
PREVENT-CVD,race,Mexican American,expected,0.0857178314437009,0.08291659936968399,0.08871643151083797,0.0014340965820447615,200,percentile
PREVENT-CVD,race,Mexican American,OE,0.29406048744350455,0.22485747535116263,0.37981592736981423,0.038568350734225154,200,percentile
PREVENT-CVD,race,Mexican American,cal_intercept,-1.3747600682949783,-1.6429623424579396,-1.0960534979292524,0.13918943278490428,200,percentile
PREVENT-CVD,race,Mexican American,cal_slope,1.067832215890731,0.7741396727035603,1.401508788525889,0.15735005403572883,200,percentile
PREVENT-CVD,race,Mexican American,AUC,0.7857821487042873,0.7236115793760509,0.8419971023641403,0.02873304433772385,200,percentile
PREVENT-CVD,race,Mexican American,brier,0.030517833015301126,0.026325564393896068,0.035482714160079566,0.0023530114782349862,200,percentile
PREVENT-CVD,race,Mexican American,scaled_brier,-0.24203289461955135,-0.4144842394200161,-0.12571582262505615,0.0785426371245151,200,percentile
PREVENT-CVD,race,Mexican American,pct_flagged_7.5,0.4262705798138869,0.41142387018655247,0.44276379102237884,0.008692523106587526,200,percentile
PREVENT-CVD,race,Mexican American,TPR_7.5,0.8391719425320955,0.754051057580557,0.9182774828218196,0.0436317282714246,200,percentile
PREVENT-CVD,race,Mexican American,FPR_7.5,0.41735620573079146,0.39931980108098597,0.437326612743108,0.010163149575044713,200,percentile
PREVENT-CVD,race,Mexican American,pct_flagged_20,0.10128847530422333,0.08972003399343301,0.11279028567325673,0.006141730437767694,200,percentile
PREVENT-CVD,race,Mexican American,TPR_20,0.36990453217618036,0.24499895316715334,0.500167909989339,0.06566534412748284,200,percentile
PREVENT-CVD,race,Mexican American,FPR_20,0.09887055124359367,0.086206089819313,0.1102074979677112,0.006577703141229476,200,percentile
PREVENT-CVD,race,Mexican American,rel_OE,0.9422538076701074,0.7353246629610639,1.1883328993935274,0.10870913087388843,200,percentile
PREVENT-CVD,race,NH Black,n,2577.0,1585.9,1675.05,24.098716577932493,200,percentile
PREVENT-CVD,race,NH Black,events,85.0,45.975,63.025000000000006,4.46907576473646,200,percentile
PREVENT-CVD,race,NH Black,observed,0.0328297981317907,0.02673892004271837,0.041121663459351226,0.00383675138192561,200,percentile
PREVENT-CVD,race,NH Black,expected,0.09387097599794554,0.09032153562376471,0.09676441134828404,0.0016787038197206554,200,percentile
PREVENT-CVD,race,NH Black,OE,0.349733213943671,0.2888256524891412,0.43250288326448916,0.04065927117930712,200,percentile
PREVENT-CVD,race,NH Black,cal_intercept,-1.2055234130771628,-1.4148262370269802,-0.9699589216511976,0.12233635854357718,200,percentile
PREVENT-CVD,race,NH Black,cal_slope,1.1131593606257069,0.8523448550579936,1.393601895867729,0.1489138987700175,200,percentile
PREVENT-CVD,race,NH Black,AUC,0.7842266437622043,0.7364216172220917,0.8284030442378449,0.024557039826340093,200,percentile
PREVENT-CVD,race,NH Black,brier,0.03654855137584211,0.032269164845084256,0.04221436978886952,0.002569199779877599,200,percentile
PREVENT-CVD,race,NH Black,scaled_brier,-0.15106287836420695,-0.2706624509574262,-0.048744440835113874,0.05859429158021941,200,percentile
PREVENT-CVD,race,NH Black,pct_flagged_7.5,0.4481955762514552,0.42687026413144313,0.46336148351042733,0.009620688835192293,200,percentile
PREVENT-CVD,race,NH Black,TPR_7.5,0.8337882020210149,0.7553689606749783,0.9023081253664009,0.03795719043972171,200,percentile
PREVENT-CVD,race,NH Black,FPR_7.5,0.44791206133343886,0.42492137009488884,0.4660333119901197,0.010668182660508453,200,percentile
PREVENT-CVD,race,NH Black,pct_flagged_20,0.12844392704695382,0.11571361165216341,0.14093614135326968,0.006766481508498875,200,percentile
PREVENT-CVD,race,NH Black,TPR_20,0.45865063241812115,0.36583793811909116,0.5714884920992412,0.050622210893795774,200,percentile
PREVENT-CVD,race,NH Black,FPR_20,0.12281352002972415,0.10845124594193557,0.135580643179078,0.00721597967901,200,percentile
PREVENT-CVD,race,NH Black,rel_OE,1.1206451277152278,0.9239974829186,1.3671955985761721,0.11635611352004982,200,percentile
PREVENT-CVD,race,NH White,n,6689.0,4168.925,4287.175,33.29648147165029,200,percentile
PREVENT-CVD,race,NH White,events,191.0,107.0,133.025,6.630968914398453,200,percentile
PREVENT-CVD,race,NH White,observed,0.02724054453331013,0.02306571590950139,0.03178517432862721,0.0020222394318669436,200,percentile
PREVENT-CVD,race,NH White,expected,0.08552042895839043,0.08407965089814727,0.087016554344187,0.0008822371182808068,200,percentile
PREVENT-CVD,race,NH White,OE,0.318526752789838,0.27267350591629347,0.3722803867389699,0.022906331216784176,200,percentile
PREVENT-CVD,race,NH White,cal_intercept,-1.2632317613243778,-1.4257615952241924,-1.0986426367874111,0.0760566699280072,200,percentile
PREVENT-CVD,race,NH White,cal_slope,1.3088964244819863,1.1487562585436153,1.5080140253608572,0.09816170722242533,200,percentile
PREVENT-CVD,race,NH White,AUC,0.807242333368194,0.780907066419496,0.8343172371824713,0.014393146296732478,200,percentile
PREVENT-CVD,race,NH White,brier,0.030558267695118286,0.02781452928877518,0.03349498641810218,0.001413377585599836,200,percentile
PREVENT-CVD,race,NH White,scaled_brier,-0.1532075720142796,-0.22737561667578127,-0.08995846259689623,0.034672869329397116,200,percentile
PREVENT-CVD,race,NH White,pct_flagged_7.5,0.41560771415757214,0.40301927314264085,0.4258112164673369,0.00587635644124965,200,percentile
PREVENT-CVD,race,NH White,TPR_7.5,0.8576328933397758,0.8133730107840568,0.9064498792414969,0.0259617338044561,200,percentile
PREVENT-CVD,race,NH White,FPR_7.5,0.40208218954204683,0.389443608202234,0.4149730206096361,0.006457474847502233,200,percentile
PREVENT-CVD,race,NH White,pct_flagged_20,0.1049484227836747,0.09887402039966334,0.11184706071416176,0.0037020300582962322,200,percentile
PREVENT-CVD,race,NH White,TPR_20,0.4296396699450326,0.3634328601985344,0.5065926324429978,0.03718194538868412,200,percentile
PREVENT-CVD,race,NH White,FPR_20,0.09513349044618369,0.08855710845223765,0.10348881445714089,0.0037244716807201903,200,percentile
PREVENT-CVD,race,NH White,rel_OE,1.0206507112543706,0.89829304910944,1.1109784946091426,0.051640553267418156,200,percentile
PREVENT-CVD,race,Other Hispanic,n,929.0,556.975,614.0,14.138311755527338,200,percentile
PREVENT-CVD,race,Other Hispanic,events,17.0,7.0,14.0,1.991413729795012,200,percentile
PREVENT-CVD,race,Other Hispanic,observed,0.019188673021253596,0.010296972973432045,0.03012576141891538,0.0049333341162629074,200,percentile
PREVENT-CVD,race,Other Hispanic,expected,0.08188321281180745,0.0774595447386948,0.08641504330859502,0.0022898938241222642,200,percentile
PREVENT-CVD,race,Other Hispanic,OE,0.23434196537152258,0.12671234595949238,0.361293638984546,0.059257975401342255,200,percentile
PREVENT-CVD,race,Other Hispanic,cal_intercept,-1.584650452130508,-2.2049813918580785,-1.11787326813916,0.26999780239237914,200,percentile
PREVENT-CVD,race,Other Hispanic,cal_slope,1.4503727163134854,0.7838333365988018,2.5478817795186663,0.43885301910787067,200,percentile
PREVENT-CVD,race,Other Hispanic,AUC,0.8001552168405938,0.6876333976123613,0.8919395781219026,0.055423571833248114,200,percentile
PREVENT-CVD,race,Other Hispanic,brier,0.02356954393134784,0.01787969204667428,0.030314092684033647,0.0031845851685100572,200,percentile
PREVENT-CVD,race,Other Hispanic,scaled_brier,-0.2523357081518598,-0.7734693709246498,0.009808441649884363,0.19299524663161197,200,percentile
PREVENT-CVD,race,Other Hispanic,pct_flagged_7.5,0.41227125941872983,0.3841969006686242,0.44478527510442406,0.015602532187922166,200,percentile
PREVENT-CVD,race,Other Hispanic,TPR_7.5,0.8298173043532132,0.5944103415549573,1.0,0.10472710374365152,200,percentile
PREVENT-CVD,race,Other Hispanic,FPR_7.5,0.4063618269718957,0.3657739739390676,0.44446465586135536,0.019464912637547297,200,percentile
PREVENT-CVD,race,Other Hispanic,pct_flagged_20,0.08288482238966631,0.06704787166615961,0.09955269644235909,0.008714748431490284,200,percentile
PREVENT-CVD,race,Other Hispanic,TPR_20,0.48945191305963975,0.2843057466713462,0.7131704211877165,0.11772431347840952,200,percentile
PREVENT-CVD,race,Other Hispanic,FPR_20,0.07466649486955945,0.05892203053456061,0.09255711385753018,0.009498630388178338,200,percentile
PREVENT-CVD,race,Other Hispanic,rel_OE,0.7508986028278823,0.41841401617101553,1.1406721795382613,0.18356757536538348,200,percentile
PREVENT-CVD,race,Other/Multiracial,n,477.0,281.0,318.025,9.972001003815658,200,percentile
PREVENT-CVD,race,Other/Multiracial,events,7.0,2.0,7.0,1.303252598955174,200,percentile
PREVENT-CVD,race,Other/Multiracial,observed,0.015679572320388645,0.004797876905243432,0.028861967059162167,0.006065588398768145,200,percentile
PREVENT-CVD,race,Other/Multiracial,expected,0.07567265503107336,0.0690176028945366,0.0820468221787816,0.0034436099768613165,200,percentile
PREVENT-CVD,race,Other/Multiracial,OE,0.2072026191488876,0.0654935395503148,0.3852119747686215,0.08144184730257284,200,percentile
PREVENT-CVD,race,Other/Multiracial,cal_intercept,-1.7321761899516577,-2.8997323688241985,-1.0953265538768342,0.44357600255251056,200,percentile
PREVENT-CVD,race,Other/Multiracial,cal_slope,0.09861582426052155,-0.7384604092708517,1.0996538632506008,0.5983745961580795,200,percentile
PREVENT-CVD,race,Other/Multiracial,AUC,0.5654627783357877,0.3239693655610453,0.8183042327947075,0.12942600921175007,200,percentile
PREVENT-CVD,race,Other/Multiracial,brier,0.02405368926383398,0.015509437781659833,0.03374691275871515,0.0050323855324366845,200,percentile
PREVENT-CVD,race,Other/Multiracial,scaled_brier,-0.5585149964163236,-1.8912745748865971,-0.2187649197267432,0.529828285759364,200,percentile
PREVENT-CVD,race,Other/Multiracial,pct_flagged_7.5,0.36268343815513626,0.31948696376645863,0.40263663419913426,0.022996622690090767,200,percentile
PREVENT-CVD,race,Other/Multiracial,TPR_7.5,0.7142857142857143,0.4,1.0,0.1702082856560591,200,percentile
PREVENT-CVD,race,Other/Multiracial,FPR_7.5,0.36622558045758585,0.3134807438581916,0.41654885918516854,0.026133184854001637,200,percentile
PREVENT-CVD,race,Other/Multiracial,pct_flagged_20,0.07127882599580712,0.049620748957581944,0.09282191995889474,0.012549914684574039,200,percentile
PREVENT-CVD,race,Other/Multiracial,TPR_20,0.0,0.0,0.0,0.0,200,percentile
PREVENT-CVD,race,Other/Multiracial,FPR_20,0.07863851093314843,0.05051610535923452,0.105611872796099,0.01463354856572252,200,percentile
PREVENT-CVD,race,Other/Multiracial,rel_OE,0.6639363844820119,0.21248258867482597,1.1968961809842358,0.26173127598502366,200,percentile
PREVENT-CVD,age_group,40-49,n,4420.0,2740.975,2852.075,29.934628944589303,200,percentile
PREVENT-CVD,age_group,40-49,events,35.0,16.975,27.0,2.6951659685425597,200,percentile
PREVENT-CVD,age_group,40-49,observed,0.00795660063450242,0.005647463755773878,0.010450144494185966,0.001313006302254515,200,percentile
PREVENT-CVD,age_group,40-49,expected,0.0275423018285271,0.026659332173008435,0.028399137548915116,0.0004402984874004599,200,percentile
PREVENT-CVD,age_group,40-49,OE,0.28888655291190385,0.2078779023928062,0.3807622602563193,0.047829273669082316,200,percentile
PREVENT-CVD,age_group,40-49,cal_intercept,-1.285372883878351,-1.6217622836177394,-1.0008656509685436,0.16989617815949415,200,percentile
PREVENT-CVD,age_group,40-49,cal_slope,1.1984974071536942,0.8574536678002807,1.5347190095526708,0.18354738804586646,200,percentile
PREVENT-CVD,age_group,40-49,AUC,0.7762028222047139,0.6930732154991452,0.8500699988166133,0.043326031112169115,200,percentile
PREVENT-CVD,age_group,40-49,brier,0.008396253562427953,0.006357336306075086,0.010572261945589854,0.0011376955969071368,200,percentile
PREVENT-CVD,age_group,40-49,scaled_brier,-0.06371997246368877,-0.15049760211317195,0.004324861496933814,0.042077319212224996,200,percentile
PREVENT-CVD,age_group,40-49,pct_flagged_7.5,0.049773755656108594,0.04412615548963815,0.0566303095437128,0.00332846027775339,200,percentile
PREVENT-CVD,age_group,40-49,TPR_7.5,0.2842669167160559,0.1471546344993374,0.4494036000395953,0.07730288617420546,200,percentile
PREVENT-CVD,age_group,40-49,FPR_7.5,0.045599599316964466,0.038423496304378725,0.052401575568973735,0.0035969676818769806,200,percentile
PREVENT-CVD,age_group,40-49,pct_flagged_20,0.004298642533936652,0.0023009003013626096,0.006351432732209923,0.0010335137619584894,200,percentile
PREVENT-CVD,age_group,40-49,TPR_20,0.028426691671605595,0.0,0.08492336621276325,0.027607097976930096,200,percentile
PREVENT-CVD,age_group,40-49,FPR_20,0.004674080094434103,0.0022616147541907996,0.006947663211544599,0.0012965816207248931,200,percentile
PREVENT-CVD,age_group,40-49,rel_OE,0.9256750433640962,0.6825390206807773,1.2098134785327115,0.14600550572856008,200,percentile
PREVENT-CVD,age_group,50-59,n,3406.0,2099.975,2201.025,26.897231835302478,200,percentile
PREVENT-CVD,age_group,50-59,events,45.0,22.975,35.0,3.094000516480226,200,percentile
PREVENT-CVD,age_group,50-59,observed,0.013519955107744815,0.010056953619475612,0.0178626168185472,0.0019287876648910953,200,percentile
PREVENT-CVD,age_group,50-59,expected,0.05830052835987691,0.056965272610309585,0.05964643751412102,0.0006706003722961131,200,percentile
PREVENT-CVD,age_group,50-59,OE,0.2319010734223363,0.1739033311548395,0.3022837565779671,0.032709742881678563,200,percentile
PREVENT-CVD,age_group,50-59,cal_intercept,-1.5454453027233446,-1.8362649016805408,-1.274176465530281,0.14359878431851944,200,percentile
PREVENT-CVD,age_group,50-59,cal_slope,1.154891962423704,0.6650719041929104,1.547642189787098,0.2162635504768001,200,percentile
PREVENT-CVD,age_group,50-59,AUC,0.7149769235331939,0.632327905402443,0.7977355123622306,0.043407400123827,200,percentile
PREVENT-CVD,age_group,50-59,brier,0.01589841493332288,0.012945922331580498,0.019575325159550128,0.0015894740867143493,200,percentile
PREVENT-CVD,age_group,50-59,scaled_brier,-0.19203847554597986,-0.3158171579612625,-0.08537303774717284,0.05763569200144632,200,percentile
PREVENT-CVD,age_group,50-59,pct_flagged_7.5,0.21550205519671167,0.20205195115818395,0.22878534002356213,0.007127270906774535,200,percentile
PREVENT-CVD,age_group,50-59,TPR_7.5,0.5759054811308587,0.43216419766929143,0.7184987581457681,0.07285626930969862,200,percentile
PREVENT-CVD,age_group,50-59,FPR_7.5,0.21128578651615096,0.19664251700192217,0.2267842143807563,0.007769214714690953,200,percentile
PREVENT-CVD,age_group,50-59,pct_flagged_20,0.01644157369348209,0.011917075417996142,0.01972474417546815,0.00200087290796037,200,percentile
PREVENT-CVD,age_group,50-59,TPR_20,0.15791639625136894,0.0607940983521031,0.26317199561176324,0.0529761383499799,200,percentile
PREVENT-CVD,age_group,50-59,FPR_20,0.015867177706516904,0.01142763859255996,0.019827271624809135,0.0021334328164419355,200,percentile
PREVENT-CVD,age_group,50-59,rel_OE,0.7430772877194594,0.5631235982781909,0.9800774516921588,0.10243052236393516,200,percentile
PREVENT-CVD,age_group,60-69,n,3441.0,2119.95,2231.1,28.096622590714194,200,percentile
PREVENT-CVD,age_group,60-69,events,102.0,54.975,73.025,5.084153625772163,200,percentile
PREVENT-CVD,age_group,60-69,observed,0.02987645402215967,0.0243922908867442,0.03575652963771975,0.0030899780538367547,200,percentile
PREVENT-CVD,age_group,60-69,expected,0.11677910377270818,0.11489639135238908,0.11881305458747332,0.0010193404442578383,200,percentile
PREVENT-CVD,age_group,60-69,OE,0.25583732925634883,0.2083210385411255,0.30504063221785266,0.026334309229438184,200,percentile
PREVENT-CVD,age_group,60-69,cal_intercept,-1.4870776369864078,-1.6940304993188169,-1.3011021890880956,0.10795624357527675,200,percentile
PREVENT-CVD,age_group,60-69,cal_slope,0.9763898455530239,0.677292241422572,1.3115957713027353,0.16853739435315918,200,percentile
PREVENT-CVD,age_group,60-69,AUC,0.6584255993287843,0.6078928150399933,0.7152088847752963,0.027838852513123867,200,percentile
PREVENT-CVD,age_group,60-69,brier,0.038012554697793625,0.033982958078562754,0.042321915357384776,0.0021848062604245505,200,percentile
PREVENT-CVD,age_group,60-69,scaled_brier,-0.31150805389710046,-0.4416687784284065,-0.2211016917982812,0.0623370913882391,200,percentile
PREVENT-CVD,age_group,60-69,pct_flagged_7.5,0.7393199651264167,0.7260676593996457,0.7565598537483547,0.007835450969648732,200,percentile
PREVENT-CVD,age_group,60-69,TPR_7.5,0.8828695882450477,0.8266948971871886,0.9495006615830957,0.0332386791960655,200,percentile
PREVENT-CVD,age_group,60-69,FPR_7.5,0.7364644508915023,0.7206908335441591,0.7561782863010172,0.008741197160635771,200,percentile
PREVENT-CVD,age_group,60-69,pct_flagged_20,0.0947399011915141,0.08460793060398268,0.1040978971929487,0.00503868978682273,200,percentile
PREVENT-CVD,age_group,60-69,TPR_20,0.2288914559465642,0.14671311402450818,0.3125841799880817,0.042768832714530365,200,percentile
PREVENT-CVD,age_group,60-69,FPR_20,0.08853091735221559,0.07892097524471206,0.09833474210364254,0.005243644998298143,200,percentile
PREVENT-CVD,age_group,60-69,rel_OE,0.8197758894154702,0.6872566427205731,0.9537166547254954,0.06779771366174533,200,percentile
PREVENT-CVD,age_group,70-79,n,2199.0,1346.975,1427.025,20.782191835497958,200,percentile
PREVENT-CVD,age_group,70-79,events,180.0,103.0,126.0,6.393110299101867,200,percentile
PREVENT-CVD,age_group,70-79,observed,0.08022995462814278,0.07024871515762866,0.09249890175956153,0.005944053403622074,200,percentile
PREVENT-CVD,age_group,70-79,expected,0.2016676520679178,0.19906673423934315,0.2045402637710397,0.0014189097788114802,200,percentile
PREVENT-CVD,age_group,70-79,OE,0.39783254183533046,0.34830025329655995,0.4616472069540294,0.02924233007699408,200,percentile
PREVENT-CVD,age_group,70-79,cal_intercept,-1.0875849395809314,-1.2299119455770442,-0.9209381468083747,0.07992172086267804,200,percentile
PREVENT-CVD,age_group,70-79,cal_slope,1.3681961580267568,1.0789403957120804,1.7680044817538798,0.1767674171793118,200,percentile
PREVENT-CVD,age_group,70-79,AUC,0.6577945295407642,0.6241091662583382,0.7005316083857507,0.020031234183437104,200,percentile
PREVENT-CVD,age_group,70-79,brier,0.0873473636150404,0.08160877746666906,0.09436896882378203,0.003364131442363526,200,percentile
PREVENT-CVD,age_group,70-79,scaled_brier,-0.1836791373699751,-0.25688802191895965,-0.10983963532863651,0.03777872671701284,200,percentile
PREVENT-CVD,age_group,70-79,pct_flagged_7.5,0.9931787175989086,0.9893944054048418,0.9964554718653079,0.001887817627909743,200,percentile
PREVENT-CVD,age_group,70-79,TPR_7.5,1.0,1.0,1.0,0.0,200,percentile
PREVENT-CVD,age_group,70-79,FPR_7.5,0.9931785585510244,0.9890074899295245,0.9965235105333251,0.0020496271339133544,200,percentile
PREVENT-CVD,age_group,70-79,pct_flagged_20,0.4665757162346521,0.4443862492399075,0.4894598976415046,0.011049644085058053,200,percentile
PREVENT-CVD,age_group,70-79,TPR_20,0.6723495691602533,0.605530097702453,0.7368921973832793,0.03592360033730931,200,percentile
PREVENT-CVD,age_group,70-79,FPR_20,0.4498345557746868,0.42459383628856223,0.4761982691295146,0.012929320372821494,200,percentile
PREVENT-CVD,age_group,70-79,rel_OE,1.2747691150836307,1.1437427414662493,1.3947313755550172,0.06597925400275145,200,percentile
PREVENT-CVD,income,PIR 1.3-3.5,n,4520.0,2805.0,2909.025,26.634877199211587,200,percentile
PREVENT-CVD,income,PIR 1.3-3.5,events,144.0,81.0,103.025,5.839425868384821,200,percentile
PREVENT-CVD,income,PIR 1.3-3.5,observed,0.03194901200591318,0.02740836608586969,0.03781364799266269,0.0025841732902676245,200,percentile
PREVENT-CVD,income,PIR 1.3-3.5,expected,0.09644245153256512,0.09436210284014357,0.09824313007367821,0.0010578118167618579,200,percentile
PREVENT-CVD,income,PIR 1.3-3.5,OE,0.3312754030845551,0.28439821984453484,0.3925833319210942,0.026541703189641153,200,percentile
PREVENT-CVD,income,PIR 1.3-3.5,cal_intercept,-1.247554723525134,-1.4013759898136526,-1.0746351640707332,0.08386083946727625,200,percentile
PREVENT-CVD,income,PIR 1.3-3.5,cal_slope,1.3454991864697825,1.1068696041541577,1.551207763104806,0.11762618922383096,200,percentile
PREVENT-CVD,income,PIR 1.3-3.5,AUC,0.8046106311150648,0.7719376973619201,0.8298007220824584,0.015836750678997417,200,percentile
PREVENT-CVD,income,PIR 1.3-3.5,brier,0.035778810105090535,0.03247555470426004,0.039934444984464905,0.0017317050283457798,200,percentile
PREVENT-CVD,income,PIR 1.3-3.5,scaled_brier,-0.15683182582300104,-0.2430717555385696,-0.08393872570542282,0.03966893362980278,200,percentile
PREVENT-CVD,income,PIR 1.3-3.5,pct_flagged_7.5,0.4849557522123894,0.47179758658126464,0.49598955840364756,0.006618298603572747,200,percentile
PREVENT-CVD,income,PIR 1.3-3.5,TPR_7.5,0.9016901672211248,0.8489201239837217,0.9459284848713903,0.023876606549278048,200,percentile
PREVENT-CVD,income,PIR 1.3-3.5,FPR_7.5,0.47872674691680245,0.46419637042506073,0.4902277985916438,0.0072360930561668115,200,percentile
PREVENT-CVD,income,PIR 1.3-3.5,pct_flagged_20,0.13274336283185842,0.12247558235782138,0.14418171673191615,0.005183259574178797,200,percentile
PREVENT-CVD,income,PIR 1.3-3.5,TPR_20,0.499525709970731,0.43190631657413614,0.5742119507764513,0.03814298372459178,200,percentile
PREVENT-CVD,income,PIR 1.3-3.5,FPR_20,0.12377938049786417,0.11302274954130108,0.134840304890213,0.0057883671051514075,200,percentile
PREVENT-CVD,income,PIR 1.3-3.5,rel_OE,1.0615010287767468,0.9387386210086668,1.2030580991997897,0.0672187630366137,200,percentile
PREVENT-CVD,income,PIR<1.3,n,3136.0,1933.95,2032.0,23.822825400238557,200,percentile
PREVENT-CVD,income,PIR<1.3,events,124.0,67.975,88.0,5.572074575539786,200,percentile
PREVENT-CVD,income,PIR<1.3,observed,0.03996337671369271,0.0332834102595872,0.046284313954201454,0.003665671271720164,200,percentile
PREVENT-CVD,income,PIR<1.3,expected,0.09641375271537943,0.09319814854757705,0.09931900259042509,0.0015212951355472422,200,percentile
PREVENT-CVD,income,PIR<1.3,OE,0.4144987160873986,0.34399074416783954,0.48453619826474453,0.036913984043290916,200,percentile
PREVENT-CVD,income,PIR<1.3,cal_intercept,-0.9985616930210898,-1.200888938188155,-0.8332911682510443,0.09839469056129824,200,percentile
PREVENT-CVD,income,PIR<1.3,cal_slope,0.9661448244990617,0.8002208452095666,1.1966918048966537,0.10555150929327294,200,percentile
PREVENT-CVD,income,PIR<1.3,AUC,0.7581078751076603,0.7265952129719848,0.7994366474250566,0.01998859602064425,200,percentile
PREVENT-CVD,income,PIR<1.3,brier,0.04225645133407508,0.03741161765038182,0.04713527144822001,0.002514515312317352,200,percentile
PREVENT-CVD,income,PIR<1.3,scaled_brier,-0.10139485871473441,-0.1944655399709921,-0.031585848511224104,0.04137877145423263,200,percentile
PREVENT-CVD,income,PIR<1.3,pct_flagged_7.5,0.46875,0.4526408467534744,0.4856868899893085,0.009181755061953432,200,percentile
PREVENT-CVD,income,PIR<1.3,TPR_7.5,0.8300621275511907,0.7575080434296161,0.8887984935305644,0.03255569182827567,200,percentile
PREVENT-CVD,income,PIR<1.3,FPR_7.5,0.4480917484781266,0.4275555927896496,0.4687551716525311,0.010528109177999527,200,percentile
PREVENT-CVD,income,PIR<1.3,pct_flagged_20,0.13488520408163265,0.12443854617637443,0.14642112179968028,0.005915076288547158,200,percentile
PREVENT-CVD,income,PIR<1.3,TPR_20,0.3654084828906016,0.2925625586956738,0.4639536319104293,0.04393581729653766,200,percentile
PREVENT-CVD,income,PIR<1.3,FPR_20,0.12569044899407097,0.11273864251948806,0.13873650198027435,0.006546557948957519,200,percentile
PREVENT-CVD,income,PIR<1.3,rel_OE,1.328172298506299,1.1415867450591362,1.5016638694865068,0.09389965758134347,200,percentile
PREVENT-CVD,income,PIR>3.5,n,4696.0,2908.925,3035.075,30.586573317988474,200,percentile
PREVENT-CVD,income,PIR>3.5,events,60.0,31.0,45.025000000000006,3.8866832302958914,200,percentile
PREVENT-CVD,income,PIR>3.5,observed,0.012671438649998484,0.009752289047334613,0.016373745142371766,0.0017284327326067557,200,percentile
PREVENT-CVD,income,PIR>3.5,expected,0.06864938653956804,0.06684750148288217,0.07037287400659444,0.0009942187136254335,200,percentile
PREVENT-CVD,income,PIR>3.5,OE,0.18458196480306402,0.14360842036187546,0.23685344055401564,0.024912695516708112,200,percentile
PREVENT-CVD,income,PIR>3.5,cal_intercept,-1.8203443929712233,-2.0725774177854603,-1.5633457306116727,0.1385115332337476,200,percentile
PREVENT-CVD,income,PIR>3.5,cal_slope,1.0659288274919603,0.7781045878045039,1.4249719295653829,0.1666683537345796,200,percentile
PREVENT-CVD,income,PIR>3.5,AUC,0.7689335564926685,0.7102420525047409,0.8276727006593169,0.03086832102266017,200,percentile
PREVENT-CVD,income,PIR>3.5,brier,0.01803692463424513,0.015702533817216396,0.02064637229781771,0.0012957997044984661,200,percentile
PREVENT-CVD,income,PIR>3.5,scaled_brier,-0.4416998887682262,-0.65982469508386,-0.27568986921803207,0.10022374057995179,200,percentile
PREVENT-CVD,income,PIR>3.5,pct_flagged_7.5,0.32112436115843274,0.30591883141776915,0.3348971360380991,0.007350450565629949,200,percentile
PREVENT-CVD,income,PIR>3.5,TPR_7.5,0.7179729756138845,0.605791532146189,0.8282656813545075,0.060847551433258616,200,percentile
PREVENT-CVD,income,PIR>3.5,FPR_7.5,0.31871638511324285,0.30142160688605135,0.332508246289424,0.007954029422569632,200,percentile
PREVENT-CVD,income,PIR>3.5,pct_flagged_20,0.056643952299829645,0.05002697694902024,0.06251640902969413,0.003223228947775644,200,percentile
PREVENT-CVD,income,PIR>3.5,TPR_20,0.3032209732679194,0.18953166175192077,0.41519086814653905,0.06451890280731297,200,percentile
PREVENT-CVD,income,PIR>3.5,FPR_20,0.05474875747482084,0.04703763046742594,0.06123622824042148,0.003535428312970258,200,percentile
PREVENT-CVD,income,PIR>3.5,rel_OE,0.5914533457893802,0.4556381338096146,0.7465102179355865,0.07363636923996403,200,percentile
PREVENT-CVD,education,<HS,n,4127.0,2557.95,2661.025,25.571355971695386,200,percentile
PREVENT-CVD,education,<HS,events,151.0,82.0,109.0,6.385046522577374,200,percentile
PREVENT-CVD,education,<HS,observed,0.03781721168744455,0.03220577278145665,0.04446220330683749,0.0032176776625831884,200,percentile
PREVENT-CVD,education,<HS,expected,0.10650941548893784,0.10414677791357504,0.10915807399030887,0.0013848905710214415,200,percentile
PREVENT-CVD,education,<HS,OE,0.3550597993035862,0.30469352855451576,0.41326618258929465,0.02956090532067406,200,percentile
PREVENT-CVD,education,<HS,cal_intercept,-1.1945493927691417,-1.3558833588743358,-1.0308167218025077,0.08894275125105187,200,percentile
PREVENT-CVD,education,<HS,cal_slope,1.0038899780907147,0.8115773270213037,1.2454585666946372,0.10596872627772108,200,percentile
PREVENT-CVD,education,<HS,AUC,0.7537866874078515,0.71534099342797,0.7918444986339058,0.01861041746046106,200,percentile
PREVENT-CVD,education,<HS,brier,0.043016609755465944,0.039048209394290156,0.04734849871357526,0.002188406915569783,200,percentile
PREVENT-CVD,education,<HS,scaled_brier,-0.1821949262100211,-0.2704509958226601,-0.10576828876220747,0.04355015413132277,200,percentile
PREVENT-CVD,education,<HS,pct_flagged_7.5,0.5282287375817786,0.5141627706186739,0.54383333889597,0.00808680718625518,200,percentile
PREVENT-CVD,education,<HS,TPR_7.5,0.88103509395257,0.82923597732506,0.9360759759747704,0.027048336858790833,200,percentile
PREVENT-CVD,education,<HS,FPR_7.5,0.5244811618387192,0.5089722922430702,0.5429726370973248,0.008806057383321417,200,percentile
PREVENT-CVD,education,<HS,pct_flagged_20,0.15871092803489217,0.14908029665886163,0.1708772535288661,0.005456993731974558,200,percentile
PREVENT-CVD,education,<HS,TPR_20,0.4568505829238607,0.3844278884683684,0.5385216134015431,0.03941730359363403,200,percentile
PREVENT-CVD,education,<HS,FPR_20,0.15297696606665462,0.1409805153562839,0.16526856473799895,0.006307353891200168,200,percentile
PREVENT-CVD,education,<HS,rel_OE,1.137713028883773,1.0043125769611843,1.2698399967194194,0.0689100570581176,200,percentile
PREVENT-CVD,education,College+,n,2796.0,1723.875,1823.025,23.610230620427007,200,percentile
PREVENT-CVD,education,College+,events,48.0,24.0,36.025000000000006,3.4290768202529347,200,percentile
PREVENT-CVD,education,College+,observed,0.01709407429638614,0.012633315082858925,0.021815629503753032,0.0025892950703857854,200,percentile
PREVENT-CVD,education,College+,expected,0.06858776685151863,0.06591563302990565,0.07086832456329574,0.0012786014139577195,200,percentile
PREVENT-CVD,education,College+,OE,0.2492292004985675,0.1843383816644124,0.3144967398327933,0.036822075977664785,200,percentile
PREVENT-CVD,education,College+,cal_intercept,-1.5079664617262643,-1.8229279766071256,-1.258759451697412,0.15456212468393793,200,percentile
PREVENT-CVD,education,College+,cal_slope,1.4271616013947184,1.0911550687409675,1.9296486242315598,0.2131678782901333,200,percentile
PREVENT-CVD,education,College+,AUC,0.8318365497841987,0.775042912301867,0.8875087574348126,0.029246366964943232,200,percentile
PREVENT-CVD,education,College+,brier,0.020344648169338567,0.01700176951062643,0.02371772868429132,0.0018946404472812998,200,percentile
PREVENT-CVD,education,College+,scaled_brier,-0.21085640457697408,-0.39323310794471067,-0.09649988786474074,0.08013716182444294,200,percentile
PREVENT-CVD,education,College+,pct_flagged_7.5,0.3197424892703863,0.3002970782250074,0.3365895956775336,0.008801995102383595,200,percentile
PREVENT-CVD,education,College+,TPR_7.5,0.809090460050657,0.7127242309446585,0.9077925830581058,0.05392790626376153,200,percentile
PREVENT-CVD,education,College+,FPR_7.5,0.3125779465502894,0.2919499874469077,0.32941841907985575,0.009908185585140498,200,percentile
PREVENT-CVD,education,College+,pct_flagged_20,0.06938483547925609,0.06105775656186811,0.07792108655961473,0.004818884646840559,200,percentile
PREVENT-CVD,education,College+,TPR_20,0.45927070869795183,0.31547404221903286,0.6051328154581596,0.07183362563706586,200,percentile
PREVENT-CVD,education,College+,FPR_20,0.06061869708468892,0.05143276582999525,0.06976715201615838,0.004912747410748734,200,percentile
PREVENT-CVD,education,College+,rel_OE,0.798601557094505,0.5961372779052655,1.0027366720873712,0.11121375963666363,200,percentile
PREVENT-CVD,education,HS/GED,n,3138.0,1939.975,2026.025,22.61337488341995,200,percentile
PREVENT-CVD,education,HS/GED,events,90.0,48.0,65.025,4.596306141974635,200,percentile
PREVENT-CVD,education,HS/GED,observed,0.02861859988288628,0.023620827335088915,0.034869979153821465,0.003237804191311106,200,percentile
PREVENT-CVD,education,HS/GED,expected,0.0894258028531592,0.08658665425501448,0.09160611589861822,0.0013352505544828453,200,percentile
PREVENT-CVD,education,HS/GED,OE,0.32002620015477173,0.2652005287831144,0.38598677034449447,0.03536621260215774,200,percentile
PREVENT-CVD,education,HS/GED,cal_intercept,-1.2718025661545898,-1.4732361355981467,-1.066285609884191,0.11671507720852566,200,percentile
PREVENT-CVD,education,HS/GED,cal_slope,1.2991953467593331,1.023285539076925,1.5925731938552823,0.14804397966547436,200,percentile
PREVENT-CVD,education,HS/GED,AUC,0.8009799225695327,0.7580939624859784,0.8370082071402755,0.021264825891835946,200,percentile
PREVENT-CVD,education,HS/GED,brier,0.03229355486119468,0.028523807030510523,0.03657051386164902,0.002212670806412113,200,percentile
PREVENT-CVD,education,HS/GED,scaled_brier,-0.16165639714820945,-0.2682623385944404,-0.06662131910590421,0.05585889330001341,200,percentile
PREVENT-CVD,education,HS/GED,pct_flagged_7.5,0.44008922880815804,0.42139576203262463,0.45432257363625256,0.008565572202464601,200,percentile
PREVENT-CVD,education,HS/GED,TPR_7.5,0.8673298827884852,0.796816093779656,0.938863056370835,0.035618475677201646,200,percentile
PREVENT-CVD,education,HS/GED,FPR_7.5,0.4315540201222193,0.4109127569603018,0.4472627777635084,0.009407094477618377,200,percentile
PREVENT-CVD,education,HS/GED,pct_flagged_20,0.10930528999362651,0.09924645907000634,0.11786295572916668,0.005187406181728425,200,percentile
PREVENT-CVD,education,HS/GED,TPR_20,0.42509615875010265,0.3252242302543507,0.5467570777420064,0.052442630647792844,200,percentile
PREVENT-CVD,education,HS/GED,FPR_20,0.10362353662545783,0.09326691916930041,0.1144112617528661,0.005695006810607352,200,percentile
PREVENT-CVD,education,HS/GED,rel_OE,1.0254553689671182,0.846117443607666,1.2319180133895893,0.10011641199389222,200,percentile
PREVENT-CVD,education,Some college,n,3390.0,2089.95,2195.1,26.056961183734565,200,percentile
PREVENT-CVD,education,Some college,events,71.0,38.0,53.0,3.7634048520458214,200,percentile
PREVENT-CVD,education,Some college,observed,0.0207218498695426,0.016468492297619826,0.025768574705325214,0.0023823991329441074,200,percentile
PREVENT-CVD,education,Some college,expected,0.07442652367150185,0.07225375842419146,0.07687252299443137,0.001183777533587724,200,percentile
PREVENT-CVD,education,Some college,OE,0.2784202304141348,0.22123503562685465,0.34215053336656426,0.031726168865286175,200,percentile
PREVENT-CVD,education,Some college,cal_intercept,-1.4024913152881804,-1.6524502634027938,-1.182502843935054,0.11954980202875613,200,percentile
PREVENT-CVD,education,Some college,cal_slope,1.1422991313121091,0.8431229619330985,1.4305840073249716,0.15244880343449113,200,percentile
PREVENT-CVD,education,Some college,AUC,0.7799541007267885,0.7215844361216501,0.8292160171125555,0.02731989160297731,200,percentile
PREVENT-CVD,education,Some college,brier,0.024536122580022454,0.02149333589480239,0.028129729263670238,0.0017402068557857264,200,percentile
PREVENT-CVD,education,Some college,scaled_brier,-0.20912540216286124,-0.3373747732083932,-0.09860641430783412,0.06083430281638357,200,percentile
PREVENT-CVD,education,Some college,pct_flagged_7.5,0.36047197640117995,0.34656596004307527,0.37612888896482205,0.007887802413005051,200,percentile
PREVENT-CVD,education,Some college,TPR_7.5,0.7592632157375134,0.6607749957578055,0.8696736100676175,0.05109427737552469,200,percentile
PREVENT-CVD,education,Some college,FPR_7.5,0.3525646882129555,0.33561960825637976,0.37166293633684716,0.008726676894964945,200,percentile
PREVENT-CVD,education,Some college,pct_flagged_20,0.06873156342182891,0.060351851506849505,0.07639066943146235,0.004146269890581945,200,percentile
PREVENT-CVD,education,Some college,TPR_20,0.3108071955483896,0.2040970016245066,0.4187715228507757,0.057434896488714,200,percentile
PREVENT-CVD,education,Some college,FPR_20,0.06574053243969803,0.05660841975774475,0.07436612633310462,0.004556611400142732,200,percentile
PREVENT-CVD,education,Some college,rel_OE,0.8921379561084651,0.7245044232101719,1.061854781282468,0.09173289682886522,200,percentile
PREVENT-CVD,sex,GAP(max-min),OE,0.06071674735426641,0.007809872860100556,0.11512122645405641,0.029705728310880534,200,basic
PREVENT-CVD,sex,GAP(max-min),AUC,0.022526409827838045,0.0,0.043308206365911206,0.018337128294501914,200,basic
PREVENT-CVD,sex,GAP(max-min),cal_slope,0.00786931180401007,0.0,0.008611063451642469,0.08958636453967271,200,basic
PREVENT-CVD,sex,GAP(max-min),TPR_7.5,0.04130961805042854,0.0,0.08090655392632913,0.03160853660050239,200,basic
PREVENT-CVD,sex,GAP(max-min),FPR_7.5,0.08872559826240262,0.07117941724766326,0.10841787703281133,0.009570597532574315,200,basic
PREVENT-CVD,sex,GAP(max-min),pct_flagged_7.5,0.09370245130800964,0.07790250205929605,0.11016289919340663,0.008799059168786592,200,basic
PREVENT-CVD,sex,GAP(max/min),OE,1.217986850532219,1.0,1.4155543663929002,0.1178511788994354,200,basic
PREVENT-CVD,race,GAP(max-min),OE,0.11539124857214844,0.0027483132272728417,0.2065132279489499,0.05247465685479654,200,basic
PREVENT-CVD,race,GAP(max-min),AUC,0.023015689605989653,0.0,0.03387842274234279,0.0330654368652571,200,basic
PREVENT-CVD,race,GAP(max-min),cal_slope,0.38254050042275445,0.0,0.6423574131236383,0.3077251705917374,200,basic
PREVENT-CVD,race,GAP(max-min),TPR_7.5,0.027815588986562556,0.0,0.037755926498062156,0.05990614445597319,200,basic
PREVENT-CVD,race,GAP(max-min),FPR_7.5,0.04582987179139203,0.005304989883300831,0.06948334903128227,0.015743869267307756,200,basic
PREVENT-CVD,race,GAP(max-min),pct_flagged_7.5,0.035924316832725345,0.004266853658100395,0.0589482712067137,0.013238866301993512,200,basic
PREVENT-CVD,race,GAP(max/min),OE,1.4924053973397753,1.0,1.9017380394756354,0.2988657440217462,200,basic
PREVENT-CVD,age_group,GAP(max-min),OE,0.16593146841299417,0.07384117647953425,0.22452728107061182,0.038569559309204395,200,basic
PREVENT-CVD,age_group,GAP(max-min),AUC,0.1184082926639497,0.0093227138294463,0.17346510179675012,0.042423994171206944,200,basic
PREVENT-CVD,age_group,GAP(max-min),cal_slope,0.3918063124737329,0.0,0.6160960337553272,0.2030409647248785,200,basic
PREVENT-CVD,age_group,GAP(max-min),TPR_7.5,0.7157330832839441,0.5786208010672257,0.8738907907647777,0.0765187869813998,200,basic
PREVENT-CVD,age_group,GAP(max-min),FPR_7.5,0.94757895923406,0.9390655446127137,0.9555165950171113,0.00432742492560984,200,basic
PREVENT-CVD,age_group,GAP(max-min),pct_flagged_7.5,0.9434049619428,0.9360602598074731,0.9507495228125283,0.003991790310250567,200,basic
PREVENT-CVD,age_group,GAP(max/min),OE,1.7155269527830135,1.0390429938029397,2.011768346067168,0.2548179484782684,200,basic
PREVENT-CVD,income,GAP(max-min),OE,0.22991675128433456,0.1504000195262522,0.3221006760507853,0.043581843791393876,200,basic
PREVENT-CVD,income,GAP(max-min),AUC,0.0465027560074045,0.0,0.07533111320248502,0.021815033920313393,200,basic
PREVENT-CVD,income,GAP(max-min),cal_slope,0.3793543619707208,0.09638646532409245,0.6183462079909734,0.13477662128451973,200,basic
PREVENT-CVD,income,GAP(max-min),TPR_7.5,0.18371719160724032,0.05966288677389525,0.3044710445359259,0.06326532468716493,200,basic
PREVENT-CVD,income,GAP(max-min),FPR_7.5,0.1600103618035596,0.13380159750093276,0.18131889190852796,0.011189206167590152,200,basic
PREVENT-CVD,income,GAP(max-min),pct_flagged_7.5,0.16383139105395667,0.14280396874620457,0.1833477790788856,0.010071683487238216,200,basic
PREVENT-CVD,income,GAP(max/min),OE,2.245607887691734,1.3954334794027177,2.8565224168598475,0.3630782141975986,200,basic
PREVENT-CVD,education,GAP(max-min),OE,0.10583059880501872,0.008800835985276284,0.15738386474692487,0.03988824008276341,200,basic
PREVENT-CVD,education,GAP(max-min),AUC,0.07804986237634726,0.014304140789435704,0.1256573971326136,0.03038355257856508,200,basic
PREVENT-CVD,education,GAP(max-min),cal_slope,0.4232716233040037,0.0,0.6603903203631687,0.19522438185482813,200,basic
PREVENT-CVD,education,GAP(max-min),TPR_7.5,0.12177187821505653,0.0,0.19420037082907013,0.05090566994419142,200,basic
PREVENT-CVD,education,GAP(max-min),FPR_7.5,0.21190321528842976,0.18578585970332273,0.23376749379049286,0.013385399311234482,200,basic
PREVENT-CVD,education,GAP(max-min),pct_flagged_7.5,0.20848624831139229,0.1861066351771643,0.22951912246593162,0.0117626849439996,200,basic
PREVENT-CVD,education,GAP(max/min),OE,1.4246316185796495,1.0,1.6601482497626001,0.22792011320318414,200,basic
PREVENT-ASCVD,Overall,All,n,13466.0,8438.95,8586.025,37.273860524394514,200,percentile
PREVENT-ASCVD,Overall,All,events,362.0,213.975,246.025,8.927423730974231,200,percentile
PREVENT-ASCVD,Overall,All,observed,0.027013720906110657,0.02467674019335717,0.029924370144193888,0.0014107056245544264,200,percentile
PREVENT-ASCVD,Overall,All,expected,0.05393491033257518,0.05308414244824739,0.05460471653742534,0.000391605042532678,200,percentile
PREVENT-ASCVD,Overall,All,OE,0.5008578069294597,0.4570550975105821,0.5530327433694829,0.026105332587980187,200,percentile
PREVENT-ASCVD,Overall,All,cal_intercept,-0.7502769405018775,-0.8438112642481811,-0.6484923566025678,0.05459351905041397,200,percentile
PREVENT-ASCVD,Overall,All,cal_slope,1.2754260123583772,1.1436795325505178,1.425326751393522,0.07506355115022889,200,percentile
PREVENT-ASCVD,Overall,All,AUC,0.7920386116491069,0.7720975343178446,0.8116294867658059,0.011038113598060334,200,percentile
PREVENT-ASCVD,Overall,All,brier,0.026273483567038708,0.02438794999627598,0.028457833022292003,0.0011108787313130592,200,percentile
PREVENT-ASCVD,Overall,All,scaled_brier,0.00039933913977263646,-0.01931982806610013,0.02195744420736008,0.010858170297927629,200,percentile
PREVENT-ASCVD,Overall,All,pct_flagged_7.5,0.26986484479429673,0.2619133372939254,0.27633669983662557,0.0038024498775369162,200,percentile
PREVENT-ASCVD,Overall,All,TPR_7.5,0.7155529947280849,0.6741020951158684,0.7629067729264988,0.023179077731741302,200,percentile
PREVENT-ASCVD,Overall,All,FPR_7.5,0.2591127648343615,0.25016125652182714,0.2671508477074003,0.004340341869647874,200,percentile
PREVENT-ASCVD,Overall,All,pct_flagged_20,0.010322293182830834,0.008686692410515371,0.012032155057181049,0.0008388583047266295,200,percentile
PREVENT-ASCVD,Overall,All,TPR_20,0.06372746076259794,0.042342524322024594,0.08779794507810518,0.0123029939402912,200,percentile
PREVENT-ASCVD,Overall,All,FPR_20,0.008673901576428653,0.007165120927830289,0.01014389095846122,0.0008148184975729,200,percentile
PREVENT-ASCVD,Overall,All,rel_OE,1.0,1.0,1.0,0.0,200,percentile
PREVENT-ASCVD,sex,Female,n,6883.0,4280.9,4411.05,34.77516586306971,200,percentile
PREVENT-ASCVD,sex,Female,events,145.0,81.0,103.0,5.351334779248818,200,percentile
PREVENT-ASCVD,sex,Female,observed,0.021294194048772756,0.01816319222437981,0.02519213712088221,0.0017412995721131723,200,percentile
PREVENT-ASCVD,sex,Female,expected,0.04599046245930717,0.045006234195152005,0.04702498184520151,0.0005447936203224928,200,percentile
PREVENT-ASCVD,sex,Female,OE,0.4630132621000294,0.3981553701440232,0.5454449417032935,0.036748904474354145,200,percentile
PREVENT-ASCVD,sex,Female,cal_intercept,-0.831680200009182,-0.992325873320429,-0.6620801611499433,0.08162619457917088,200,percentile
PREVENT-ASCVD,sex,Female,cal_slope,1.2828664392091382,1.0329905558688657,1.5904404548288436,0.13898304172739492,200,percentile
PREVENT-ASCVD,sex,Female,AUC,0.8022367561675957,0.7617416406678875,0.836938715080293,0.01922547309699398,200,percentile
PREVENT-ASCVD,sex,Female,brier,0.020914576183289724,0.01831245221114728,0.023923927694191056,0.0014058096885448841,200,percentile
PREVENT-ASCVD,sex,Female,scaled_brier,-0.0035423307667248327,-0.038315393564643134,0.0308399027856546,0.01683991792918224,200,percentile
PREVENT-ASCVD,sex,Female,pct_flagged_7.5,0.22010751125962516,0.20855735014083784,0.22924674531785033,0.005221835578627171,200,percentile
PREVENT-ASCVD,sex,Female,TPR_7.5,0.7036391948750931,0.6100953369799722,0.7748890994337079,0.0397077896552713,200,percentile
PREVENT-ASCVD,sex,Female,FPR_7.5,0.21245749805152217,0.20018873408317697,0.2217717692788475,0.005606866196899075,200,percentile
PREVENT-ASCVD,sex,Female,pct_flagged_20,0.005520848467238123,0.0038213264615799877,0.007442503330183705,0.0009232736133714481,200,percentile
PREVENT-ASCVD,sex,Female,TPR_20,0.049155737317772605,0.02029337920883693,0.09113685006162811,0.018954712463091695,200,percentile
PREVENT-ASCVD,sex,Female,FPR_20,0.00480556769479381,0.003159098479580838,0.00678346443954257,0.0008984196340815817,200,percentile
PREVENT-ASCVD,sex,Female,rel_OE,0.9244405411958363,0.8195820470458666,1.029891246000251,0.05466536541426337,200,percentile
PREVENT-ASCVD,sex,Male,n,6583.0,4101.0,4216.025,30.75408662635102,200,percentile
PREVENT-ASCVD,sex,Male,events,217.0,123.975,152.0,7.173485517679798,200,percentile
PREVENT-ASCVD,sex,Male,observed,0.032951105313655873,0.02891846402677544,0.03725173513945846,0.0021658789664504925,200,percentile
PREVENT-ASCVD,sex,Male,expected,0.06224140200988091,0.0610911297313963,0.06338611475413447,0.0006111027363541025,200,percentile
PREVENT-ASCVD,sex,Male,OE,0.529408147143357,0.469184469375908,0.6005972785638665,0.03501056299588757,200,percentile
PREVENT-ASCVD,sex,Male,cal_intercept,-0.6911623972035512,-0.8186019317056024,-0.557105834860825,0.06962242392833425,200,percentile
PREVENT-ASCVD,sex,Male,cal_slope,1.25663697593894,1.0888356629974696,1.4510444211876776,0.09412121733184013,200,percentile
PREVENT-ASCVD,sex,Male,AUC,0.7743208544255533,0.7466961828009188,0.8009953695517507,0.014363201943989393,200,percentile
PREVENT-ASCVD,sex,Male,brier,0.031836512456557636,0.02860778188005157,0.03532513858271621,0.0017171542023354457,200,percentile
PREVENT-ASCVD,sex,Male,scaled_brier,0.0009043532808754584,-0.0235749767640951,0.024523842725273085,0.01310728341177416,200,percentile
PREVENT-ASCVD,sex,Male,pct_flagged_7.5,0.32188971593498406,0.31116003585936175,0.33204423850597914,0.005694155189582654,200,percentile
PREVENT-ASCVD,sex,Male,TPR_7.5,0.7235453831869032,0.6714437849191611,0.7778843269591654,0.027870869150783344,200,percentile
PREVENT-ASCVD,sex,Male,FPR_7.5,0.30812894604545926,0.29544766265475353,0.31925196669972616,0.006547337415817389,200,percentile
PREVENT-ASCVD,sex,Male,pct_flagged_20,0.01534254898982227,0.012592800849351172,0.018399565517733016,0.0015117324920303945,200,percentile
PREVENT-ASCVD,sex,Male,TPR_20,0.07350292079403932,0.042189579927999585,0.10897509629010489,0.018355700309579538,200,percentile
PREVENT-ASCVD,sex,Male,FPR_20,0.01273798624686472,0.010319864006891461,0.0156322346612092,0.0014147701971019416,200,percentile
PREVENT-ASCVD,sex,Male,rel_OE,1.057002885487454,0.975701322316274,1.1340718348279384,0.04203332110069717,200,percentile
PREVENT-ASCVD,race,Mexican American,n,2794.0,1719.85,1813.05,24.09378190806018,200,percentile
PREVENT-ASCVD,race,Mexican American,events,62.0,30.975,47.0,4.148875248684361,200,percentile
PREVENT-ASCVD,race,Mexican American,observed,0.02520622729693485,0.01920168317731077,0.032376831226357,0.0033080039074116136,200,percentile
PREVENT-ASCVD,race,Mexican American,expected,0.05476982600722189,0.053047765065229686,0.056624724773275376,0.0008969744547852187,200,percentile
PREVENT-ASCVD,race,Mexican American,OE,0.4602210584640379,0.3533214632072899,0.5913439363399202,0.06014114323858258,200,percentile
PREVENT-ASCVD,race,Mexican American,cal_intercept,-0.852974359840565,-1.1188505132493693,-0.585090377455896,0.13772882388392707,200,percentile
PREVENT-ASCVD,race,Mexican American,cal_slope,1.2278061948958383,0.893914266411516,1.635866344997383,0.18137991252648836,200,percentile
PREVENT-ASCVD,race,Mexican American,AUC,0.7923209012938874,0.7308007387089823,0.8442419387469229,0.027483105532640727,200,percentile
PREVENT-ASCVD,race,Mexican American,brier,0.025093309255121075,0.020485268574694192,0.031090905863014523,0.002615757123456223,200,percentile
PREVENT-ASCVD,race,Mexican American,scaled_brier,-0.02126240464370932,-0.0909033410961945,0.028078510099553224,0.03269295382602655,200,percentile
PREVENT-ASCVD,race,Mexican American,pct_flagged_7.5,0.27415891195418757,0.2585290117054636,0.2900772344349182,0.008021856553114286,200,percentile
PREVENT-ASCVD,race,Mexican American,TPR_7.5,0.7426751080513528,0.6281604772004815,0.8369257013637752,0.0558827950252148,200,percentile
PREVENT-ASCVD,race,Mexican American,FPR_7.5,0.2711249264625638,0.2527415995223198,0.28825186641715467,0.009080340194170144,200,percentile
PREVENT-ASCVD,race,Mexican American,pct_flagged_20,0.012526843235504653,0.00860077813722449,0.016436178031138178,0.0021037013177336262,200,percentile
PREVENT-ASCVD,race,Mexican American,TPR_20,0.0964968344807427,0.0289817834554472,0.1769523773486133,0.038177158580691574,200,percentile
PREVENT-ASCVD,race,Mexican American,FPR_20,0.012112288603485092,0.00845966666135737,0.01746432191926924,0.0022897373599803615,200,percentile
PREVENT-ASCVD,race,Mexican American,rel_OE,0.9188656982017552,0.7162831983003309,1.1582843120890591,0.10575120089796106,200,percentile
PREVENT-ASCVD,race,NH Black,n,2577.0,1585.9,1675.05,24.098716577932493,200,percentile
PREVENT-ASCVD,race,NH Black,events,85.0,45.975,63.025000000000006,4.46907576473646,200,percentile
PREVENT-ASCVD,race,NH Black,observed,0.0328297981317907,0.02673892004271837,0.041121663459351226,0.00383675138192561,200,percentile
PREVENT-ASCVD,race,NH Black,expected,0.0567097206479395,0.05468546544655911,0.05849862345712565,0.0009949397337173144,200,percentile
PREVENT-ASCVD,race,NH Black,OE,0.578909537142704,0.4767568312778771,0.7190029329959752,0.06733694988660875,200,percentile
PREVENT-ASCVD,race,NH Black,cal_intercept,-0.611099470702205,-0.8156636692794789,-0.37414988683613865,0.12175791136647277,200,percentile
PREVENT-ASCVD,race,NH Black,cal_slope,1.1628803890092085,0.8634269058109161,1.495753050585188,0.1648887161653238,200,percentile
PREVENT-ASCVD,race,NH Black,AUC,0.7790857973880925,0.7261801342826241,0.824498378206158,0.025302642728903115,200,percentile
PREVENT-ASCVD,race,NH Black,brier,0.031281995611966325,0.026300621668873047,0.037997965345144734,0.0030302860073930615,200,percentile
PREVENT-ASCVD,race,NH Black,scaled_brier,0.014802432528509435,-0.029268037675767303,0.05059721450026911,0.021889513676275587,200,percentile
PREVENT-ASCVD,race,NH Black,pct_flagged_7.5,0.28909584788513776,0.26965358666449213,0.30466240347397777,0.00875666776230693,200,percentile
PREVENT-ASCVD,race,NH Black,TPR_7.5,0.7165577115201106,0.6234415717042143,0.805151312012267,0.04668789218313547,200,percentile
PREVENT-ASCVD,race,NH Black,FPR_7.5,0.2785872690784772,0.2591490236135769,0.29457699407873,0.009211683314369529,200,percentile
PREVENT-ASCVD,race,NH Black,pct_flagged_20,0.01435778036476523,0.010010025538791167,0.01913389937843563,0.0024057654194942946,200,percentile
PREVENT-ASCVD,race,NH Black,TPR_20,0.05861524525045215,0.019690317236847187,0.11866374891469905,0.02463009207575835,200,percentile
PREVENT-ASCVD,race,NH Black,FPR_20,0.011937878143685602,0.00760423484136756,0.016582070963024033,0.002240160058960298,200,percentile
PREVENT-ASCVD,race,NH Black,rel_OE,1.1558361058435833,0.9536909069813636,1.4116749186895563,0.11998719370032632,200,percentile
PREVENT-ASCVD,race,NH White,n,6689.0,4168.925,4287.175,33.29648147165029,200,percentile
PREVENT-ASCVD,race,NH White,events,191.0,107.0,133.025,6.630968914398453,200,percentile
PREVENT-ASCVD,race,NH White,observed,0.02724054453331013,0.02306571590950139,0.03178517432862721,0.0020222394318669436,200,percentile
PREVENT-ASCVD,race,NH White,expected,0.05325607959276006,0.052269815364302995,0.054167486172709084,0.0005415080209296194,200,percentile
PREVENT-ASCVD,race,NH White,OE,0.5115011232823335,0.43897773882383945,0.5979709068889321,0.03693075988081388,200,percentile
PREVENT-ASCVD,race,NH White,cal_intercept,-0.7179309286191133,-0.8768463094641114,-0.5560523953639143,0.07604442439670842,200,percentile
PREVENT-ASCVD,race,NH White,cal_slope,1.4016533859589027,1.224333896694531,1.63437174080081,0.10805563129944765,200,percentile
PREVENT-ASCVD,race,NH White,AUC,0.8050851559264814,0.77895765723172,0.8340153558588946,0.014659595779340838,200,percentile
PREVENT-ASCVD,race,NH White,brier,0.026258212219498783,0.02301392416277261,0.029927839239781654,0.0016241071181865765,200,percentile
PREVENT-ASCVD,race,NH White,scaled_brier,0.009067874488142946,-0.022569294925199313,0.03279858481258962,0.01323722167661267,200,percentile
PREVENT-ASCVD,race,NH White,pct_flagged_7.5,0.2670055314695769,0.2561187420459111,0.2760872457158793,0.005217747795265955,200,percentile
PREVENT-ASCVD,race,NH White,TPR_7.5,0.7219334666020563,0.6695369437257749,0.7834814788326098,0.032259987220315964,200,percentile
PREVENT-ASCVD,race,NH White,FPR_7.5,0.25181178781889424,0.2400744326385533,0.2621015901346391,0.0056971541905307755,200,percentile
PREVENT-ASCVD,race,NH White,pct_flagged_20,0.007474958887726118,0.005499410181217452,0.009304386540169114,0.0010297462689288046,200,percentile
PREVENT-ASCVD,race,NH White,TPR_20,0.04697287848613368,0.020605261847237544,0.07803739139834075,0.014463669554719432,200,percentile
PREVENT-ASCVD,race,NH White,FPR_20,0.006211737907477378,0.004431355401617899,0.008172290686340046,0.0010133671896051441,200,percentile
PREVENT-ASCVD,race,NH White,rel_OE,1.0212501756099668,0.8992010012229292,1.1118211613767364,0.051680828846452545,200,percentile
PREVENT-ASCVD,race,Other Hispanic,n,929.0,556.975,614.0,14.138311755527338,200,percentile
PREVENT-ASCVD,race,Other Hispanic,events,17.0,7.0,14.0,1.991413729795012,200,percentile
PREVENT-ASCVD,race,Other Hispanic,observed,0.019188673021253596,0.010296972973432045,0.03012576141891538,0.0049333341162629074,200,percentile
PREVENT-ASCVD,race,Other Hispanic,expected,0.05198766159970801,0.049315176435219196,0.0548728471329199,0.0014055086771791357,200,percentile
PREVENT-ASCVD,race,Other Hispanic,OE,0.3691005217545959,0.19897263513099575,0.5691538708837677,0.09348410049770745,200,percentile
PREVENT-ASCVD,race,Other Hispanic,cal_intercept,-1.061135431811774,-1.6919732312147286,-0.5891278075760126,0.271003416150688,200,percentile
PREVENT-ASCVD,race,Other Hispanic,cal_slope,1.4619524996041708,0.8402258674029928,2.454174395059652,0.4240275082815447,200,percentile
PREVENT-ASCVD,race,Other Hispanic,AUC,0.7919806519291729,0.6889292983316294,0.877915230853108,0.052252002556988496,200,percentile
PREVENT-ASCVD,race,Other Hispanic,brier,0.019283666270761963,0.012609018358995189,0.027405329107987934,0.003758999902245713,200,percentile
PREVENT-ASCVD,race,Other Hispanic,scaled_brier,-0.024611419096636,-0.22542249585666246,0.0909341501281118,0.08163400566333531,200,percentile
PREVENT-ASCVD,race,Other Hispanic,pct_flagged_7.5,0.2572658772874058,0.23054109838087564,0.28654014374474923,0.014135431607346384,200,percentile
PREVENT-ASCVD,race,Other Hispanic,TPR_7.5,0.6596346087064265,0.4461478770554833,0.8526587493876342,0.11394050752641711,200,percentile
PREVENT-ASCVD,race,Other Hispanic,FPR_7.5,0.24863670525465875,0.21934204604897586,0.27986637544503884,0.016383590584483618,200,percentile
PREVENT-ASCVD,race,Other Hispanic,pct_flagged_20,0.015069967707212056,0.007716936112193222,0.023785718473354048,0.003985260454881963,200,percentile
PREVENT-ASCVD,race,Other Hispanic,TPR_20,0.18029185715784762,0.0,0.37435805589386556,0.0936099879674433,200,percentile
PREVENT-ASCVD,race,Other Hispanic,FPR_20,0.00998840453046421,0.0034502811094998084,0.01725873766124266,0.0033840002115476894,200,percentile
PREVENT-ASCVD,race,Other Hispanic,rel_OE,0.73693674461698,0.40902464761709806,1.1228111436379162,0.18042124435693774,200,percentile
PREVENT-ASCVD,race,Other/Multiracial,n,477.0,281.0,318.025,9.972001003815658,200,percentile
PREVENT-ASCVD,race,Other/Multiracial,events,7.0,2.0,7.0,1.303252598955174,200,percentile
PREVENT-ASCVD,race,Other/Multiracial,observed,0.015679572320388645,0.004797876905243432,0.028861967059162167,0.006065588398768145,200,percentile
PREVENT-ASCVD,race,Other/Multiracial,expected,0.04736520868435733,0.04332827787557664,0.05141454236028593,0.002109638890454699,200,percentile
PREVENT-ASCVD,race,Other/Multiracial,OE,0.3310356431632682,0.10524117519099038,0.613652491481256,0.1303121227636429,200,percentile
PREVENT-ASCVD,race,Other/Multiracial,cal_intercept,-1.2024613057199756,-2.3707590321171836,-0.5722929007576111,0.4434481618574792,200,percentile
PREVENT-ASCVD,race,Other/Multiracial,cal_slope,0.07339928793882415,-0.8624048448594834,1.1837600538067974,0.6362337686126777,200,percentile
PREVENT-ASCVD,race,Other/Multiracial,AUC,0.5611144997544119,0.31897036766261044,0.8095359235033965,0.13040687741888168,200,percentile
PREVENT-ASCVD,race,Other/Multiracial,brier,0.018268668902628446,0.009125747747743431,0.029618171092504416,0.005336275573295037,200,percentile
PREVENT-ASCVD,race,Other/Multiracial,scaled_brier,-0.183685136072667,-0.6913875409938314,-0.05188202844356763,0.20585139294792784,200,percentile
PREVENT-ASCVD,race,Other/Multiracial,pct_flagged_7.5,0.20545073375262055,0.1673140770252324,0.24286968550213583,0.01950274682330021,200,percentile
PREVENT-ASCVD,race,Other/Multiracial,TPR_7.5,0.42857142857142855,0.0,0.8004545454545456,0.19264656019699214,200,percentile
PREVENT-ASCVD,race,Other/Multiracial,FPR_7.5,0.21717044391868934,0.17510555716639098,0.26256960450941114,0.022300234654045896,200,percentile
PREVENT-ASCVD,race,Other/Multiracial,pct_flagged_20,0.006289308176100629,0.0018536121673003812,0.012731905634448013,0.0032240037274806855,200,percentile
PREVENT-ASCVD,race,Other/Multiracial,TPR_20,0.0,0.0,0.0,0.0,200,percentile
PREVENT-ASCVD,race,Other/Multiracial,FPR_20,0.006833879408534944,0.0019195826681534473,0.014158988602148316,0.0034981557060309153,200,percentile
PREVENT-ASCVD,race,Other/Multiracial,rel_OE,0.6609373730095235,0.2129775445219272,1.1865141295999022,0.2608120033659976,200,percentile
PREVENT-ASCVD,age_group,40-49,n,4420.0,2740.975,2852.075,29.934628944589303,200,percentile
PREVENT-ASCVD,age_group,40-49,events,35.0,16.975,27.0,2.6951659685425597,200,percentile
PREVENT-ASCVD,age_group,40-49,observed,0.00795660063450242,0.005647463755773878,0.010450144494185966,0.001313006302254515,200,percentile
PREVENT-ASCVD,age_group,40-49,expected,0.018418775818011567,0.017869373696597204,0.018965060434669914,0.0002834373442829556,200,percentile
PREVENT-ASCVD,age_group,40-49,OE,0.4319831411771529,0.3116802806092262,0.5677627902098537,0.07158375433830498,200,percentile
PREVENT-ASCVD,age_group,40-49,cal_intercept,-0.8627377995476481,-1.196244346044003,-0.583418304229197,0.16969420106679156,200,percentile
PREVENT-ASCVD,age_group,40-49,cal_slope,1.2232230966399265,0.8380998243066495,1.5984729222470329,0.19794852589404635,200,percentile
PREVENT-ASCVD,age_group,40-49,AUC,0.7762590208472395,0.680538617893266,0.8481419615052525,0.043545043568112604,200,percentile
PREVENT-ASCVD,age_group,40-49,brier,0.007924896371491968,0.005855495467372814,0.01012797129791073,0.0011919635556736662,200,percentile
PREVENT-ASCVD,age_group,40-49,scaled_brier,-0.004003808053570701,-0.04984066087911174,0.031290924757480854,0.021538842060673465,200,percentile
PREVENT-ASCVD,age_group,40-49,pct_flagged_7.5,0.018552036199095023,0.014568987219926844,0.02162251754516948,0.0019090997850223941,200,percentile
PREVENT-ASCVD,age_group,40-49,TPR_7.5,0.14213345835802796,0.03670766659833862,0.27618209679507694,0.060341904458740145,200,percentile
PREVENT-ASCVD,age_group,40-49,FPR_7.5,0.017527389627194852,0.013296347598266572,0.02119926702383341,0.0021917337763530356,200,percentile
PREVENT-ASCVD,age_group,40-49,pct_flagged_20,0.00045248868778280545,0.0,0.0011338448126353472,0.0003067628457243895,200,percentile
PREVENT-ASCVD,age_group,40-49,TPR_20,0.028426691671605595,0.0,0.08492336621276325,0.027607097976930096,200,percentile
PREVENT-ASCVD,age_group,40-49,FPR_20,0.0,0.0,0.0,0.0,200,percentile
PREVENT-ASCVD,age_group,40-49,rel_OE,0.8624865884100974,0.6320522456718484,1.1234207441188877,0.13607653495852276,200,percentile
PREVENT-ASCVD,age_group,50-59,n,3406.0,2099.975,2201.025,26.897231835302478,200,percentile
PREVENT-ASCVD,age_group,50-59,events,45.0,22.975,35.0,3.094000516480226,200,percentile
PREVENT-ASCVD,age_group,50-59,observed,0.013519955107744815,0.010056953619475612,0.0178626168185472,0.0019287876648910953,200,percentile
PREVENT-ASCVD,age_group,50-59,expected,0.037554741346011104,0.036668710017735064,0.038386661452354955,0.00043090219558664203,200,percentile
PREVENT-ASCVD,age_group,50-59,OE,0.3600066096362782,0.2700658924926822,0.4721657813254351,0.05092509717115868,200,percentile
PREVENT-ASCVD,age_group,50-59,cal_intercept,-1.0671670352510982,-1.35939474905287,-0.7945513635923424,0.14380570672799572,200,percentile
PREVENT-ASCVD,age_group,50-59,cal_slope,1.0551457392198966,0.5267430189010749,1.470151722785415,0.23029942835126738,200,percentile
PREVENT-ASCVD,age_group,50-59,AUC,0.6946484410213036,0.6054651025559903,0.7791991318760679,0.0439022288234025,200,percentile
PREVENT-ASCVD,age_group,50-59,brier,0.013971342825648245,0.010857886902323997,0.01788987647399119,0.0017059500377687603,200,percentile
PREVENT-ASCVD,age_group,50-59,scaled_brier,-0.04754959994839658,-0.10554955014839813,0.002257626350164907,0.026248938604185684,200,percentile
PREVENT-ASCVD,age_group,50-59,pct_flagged_7.5,0.08514386376981797,0.07782479898434194,0.09347526715007358,0.0043431346315834715,200,percentile
PREVENT-ASCVD,age_group,50-59,TPR_7.5,0.35591122593112723,0.23767079320158466,0.5021080825887784,0.07048043592311085,200,percentile
PREVENT-ASCVD,age_group,50-59,FPR_7.5,0.08095615248699298,0.07147110914883792,0.08972223861672719,0.0048120131041217585,200,percentile
PREVENT-ASCVD,age_group,50-59,pct_flagged_20,0.0026423957721667646,0.0011710649357939316,0.004089446078996962,0.0007832404663527888,200,percentile
PREVENT-ASCVD,age_group,50-59,TPR_20,0.02591984313153004,0.0,0.09296514015610513,0.02660428346129388,200,percentile
PREVENT-ASCVD,age_group,50-59,FPR_20,0.003090588842296524,0.0012265319427215034,0.005006201893872579,0.001063019325725789,200,percentile
PREVENT-ASCVD,age_group,50-59,rel_OE,0.7187800702225675,0.5470907568294823,0.9499096638697386,0.09919704364238245,200,percentile
PREVENT-ASCVD,age_group,60-69,n,3441.0,2119.95,2231.1,28.096622590714194,200,percentile
PREVENT-ASCVD,age_group,60-69,events,102.0,54.975,73.025,5.084153625772163,200,percentile
PREVENT-ASCVD,age_group,60-69,observed,0.02987645402215967,0.0243922908867442,0.03575652963771975,0.0030899780538367547,200,percentile
PREVENT-ASCVD,age_group,60-69,expected,0.0725736890801517,0.07143600099454336,0.0738314164187819,0.0006402548657984631,200,percentile
PREVENT-ASCVD,age_group,60-69,OE,0.41167059854382726,0.3355834697561534,0.4911405339538362,0.04231370318381874,200,percentile
PREVENT-ASCVD,age_group,60-69,cal_intercept,-0.9439490168852044,-1.149883412136486,-0.758774393438844,0.10743581401845777,200,percentile
PREVENT-ASCVD,age_group,60-69,cal_slope,1.0596290121477616,0.7268058889825584,1.420141730145293,0.17987547281187452,200,percentile
PREVENT-ASCVD,age_group,60-69,AUC,0.665524990771724,0.6123567272672021,0.7185964832054001,0.028129086671862022,200,percentile
PREVENT-ASCVD,age_group,60-69,brier,0.030912996568688,0.02640455407658617,0.03579484307710542,0.0025072006758710486,200,percentile
PREVENT-ASCVD,age_group,60-69,scaled_brier,-0.06655930631994522,-0.11762896149101419,-0.029679382181341737,0.02391486584508819,200,percentile
PREVENT-ASCVD,age_group,60-69,pct_flagged_7.5,0.38390002906131937,0.368245172226632,0.398859649122807,0.0077772843965093165,200,percentile
PREVENT-ASCVD,age_group,60-69,TPR_7.5,0.6290870294426512,0.543709532685429,0.7176671629758524,0.04656024287657996,200,percentile
PREVENT-ASCVD,age_group,60-69,FPR_7.5,0.36976363738209955,0.35305201927791235,0.38628471871018477,0.008925493199469055,200,percentile
PREVENT-ASCVD,age_group,60-69,pct_flagged_20,0.00959023539668701,0.006641209790530839,0.012512105551948443,0.0016090913398480841,200,percentile
PREVENT-ASCVD,age_group,60-69,TPR_20,0.02928260293873807,0.0,0.05939642729583193,0.014823012441733282,200,percentile
PREVENT-ASCVD,age_group,60-69,FPR_20,0.00811622715042847,0.005186658302977903,0.010813562703927002,0.0014839950107456638,200,percentile
PREVENT-ASCVD,age_group,60-69,rel_OE,0.8219310807344699,0.6893736477807844,0.9581599399670316,0.06786096950964032,200,percentile
PREVENT-ASCVD,age_group,70-79,n,2199.0,1346.975,1427.025,20.782191835497958,200,percentile
PREVENT-ASCVD,age_group,70-79,events,180.0,103.0,126.0,6.393110299101867,200,percentile
PREVENT-ASCVD,age_group,70-79,observed,0.08022995462814278,0.07024871515762866,0.09249890175956153,0.005944053403622074,200,percentile
PREVENT-ASCVD,age_group,70-79,expected,0.12152751263007291,0.11976168835420221,0.1234306090953597,0.0008702592998291671,200,percentile
PREVENT-ASCVD,age_group,70-79,OE,0.660179352739334,0.5807423132755443,0.7637181681312061,0.048527444487233874,200,percentile
PREVENT-ASCVD,age_group,70-79,cal_intercept,-0.4674874330812757,-0.6133099402150558,-0.30642646599590945,0.07978157427125432,200,percentile
PREVENT-ASCVD,age_group,70-79,cal_slope,1.5211096289809256,1.1556226307488666,1.940191568320645,0.19769230882280497,200,percentile
PREVENT-ASCVD,age_group,70-79,AUC,0.6612019139629751,0.6242801102921008,0.7007243281319184,0.020296759208350338,200,percentile
PREVENT-ASCVD,age_group,70-79,brier,0.07361240812863187,0.06648254722936002,0.08288649382245748,0.004305613310937935,200,percentile
PREVENT-ASCVD,age_group,70-79,scaled_brier,0.0024487500568139975,-0.019727136688005797,0.02190347887555416,0.011447831709701681,200,percentile
PREVENT-ASCVD,age_group,70-79,pct_flagged_7.5,0.8826739427012278,0.8663319414885479,0.8953856832291901,0.007494502173284253,200,percentile
PREVENT-ASCVD,age_group,70-79,TPR_7.5,0.9667819036052954,0.9413514373257372,0.9885814073230752,0.013354259564038148,200,percentile
PREVENT-ASCVD,age_group,70-79,FPR_7.5,0.8784175833772686,0.8579224892208529,0.8945488103972827,0.008866403509354687,200,percentile
PREVENT-ASCVD,age_group,70-79,pct_flagged_20,0.04320145520691223,0.034447867583637895,0.050810887404815305,0.0044851511558481084,200,percentile
PREVENT-ASCVD,age_group,70-79,TPR_20,0.09965428918411404,0.05905759972604285,0.14511753222114038,0.02253249488285386,200,percentile
PREVENT-ASCVD,age_group,70-79,FPR_20,0.03688530531703498,0.028743602746078258,0.04432916749741631,0.0042819714115829065,200,percentile
PREVENT-ASCVD,age_group,70-79,rel_OE,1.3180973593815082,1.182859351737369,1.4411734941703558,0.06813453330225036,200,percentile
PREVENT-ASCVD,income,PIR 1.3-3.5,n,4520.0,2805.0,2909.025,26.634877199211587,200,percentile
PREVENT-ASCVD,income,PIR 1.3-3.5,events,144.0,81.0,103.025,5.839425868384821,200,percentile
PREVENT-ASCVD,income,PIR 1.3-3.5,observed,0.03194901200591318,0.02740836608586969,0.03781364799266269,0.0025841732902676245,200,percentile
PREVENT-ASCVD,income,PIR 1.3-3.5,expected,0.059932472617381806,0.05865028666139168,0.06106088713583034,0.0006550439139923998,200,percentile
PREVENT-ASCVD,income,PIR 1.3-3.5,OE,0.5330834956515247,0.458253309924574,0.6342520443112678,0.04279940133568011,200,percentile
PREVENT-ASCVD,income,PIR 1.3-3.5,cal_intercept,-0.6913438045565758,-0.8475172653478963,-0.5150219449227422,0.08359426994233417,200,percentile
PREVENT-ASCVD,income,PIR 1.3-3.5,cal_slope,1.4284367297482978,1.16682668766586,1.664555570268177,0.12848076250637777,200,percentile
PREVENT-ASCVD,income,PIR 1.3-3.5,AUC,0.7990428555433834,0.7664331490351404,0.8251423697463648,0.015806044360177587,200,percentile
PREVENT-ASCVD,income,PIR 1.3-3.5,brier,0.030529552645974328,0.026979436511540725,0.03541162526495174,0.0020298388694930595,200,percentile
PREVENT-ASCVD,income,PIR 1.3-3.5,scaled_brier,0.012891764000362738,-0.0200452217056227,0.04066603669125015,0.015058428108514994,200,percentile
PREVENT-ASCVD,income,PIR 1.3-3.5,pct_flagged_7.5,0.3236725663716814,0.3125269587740125,0.3349611773706737,0.006211362755237737,200,percentile
PREVENT-ASCVD,income,PIR 1.3-3.5,TPR_7.5,0.7838143780270438,0.7193132111748761,0.8424946731263177,0.03292065793316858,200,percentile
PREVENT-ASCVD,income,PIR 1.3-3.5,FPR_7.5,0.31203961972007077,0.2988500468145296,0.32474189392971753,0.00701210663689536,200,percentile
PREVENT-ASCVD,income,PIR 1.3-3.5,pct_flagged_20,0.012610619469026548,0.0094651288973509,0.015469343407990596,0.0016678393755192157,200,percentile
PREVENT-ASCVD,income,PIR 1.3-3.5,TPR_20,0.055470959620743956,0.020726727735450066,0.0949096523037898,0.018584479258435357,200,percentile
PREVENT-ASCVD,income,PIR 1.3-3.5,FPR_20,0.010555368301435346,0.007507439860148436,0.013435093179179755,0.0014934090624767636,200,percentile
PREVENT-ASCVD,income,PIR 1.3-3.5,rel_OE,1.0643409931445944,0.9427659013007114,1.2061635933300963,0.06750649124786717,200,percentile
PREVENT-ASCVD,income,PIR<1.3,n,3136.0,1933.95,2032.0,23.822825400238557,200,percentile
PREVENT-ASCVD,income,PIR<1.3,events,124.0,67.975,88.0,5.572074575539786,200,percentile
PREVENT-ASCVD,income,PIR<1.3,observed,0.03996337671369271,0.0332834102595872,0.046284313954201454,0.003665671271720164,200,percentile
PREVENT-ASCVD,income,PIR<1.3,expected,0.060267647496904025,0.05839290351768774,0.06201446109223922,0.0009359017878427413,200,percentile
PREVENT-ASCVD,income,PIR<1.3,OE,0.6630983350685067,0.552446603607692,0.7732555623977603,0.05922524022047913,200,percentile
PREVENT-ASCVD,income,PIR<1.3,cal_intercept,-0.4453376513158307,-0.6462094086953936,-0.27961421460606867,0.09783030186226192,200,percentile
PREVENT-ASCVD,income,PIR<1.3,cal_slope,1.0399250730131844,0.8607581040703204,1.2823538322134063,0.11740524318389811,200,percentile
PREVENT-ASCVD,income,PIR<1.3,AUC,0.7581323700898825,0.7253505322817362,0.7994075090880272,0.0201194313479072,200,percentile
PREVENT-ASCVD,income,PIR<1.3,brier,0.037465390484420574,0.03208280154200911,0.04221034086473956,0.002874503741708482,200,percentile
PREVENT-ASCVD,income,PIR<1.3,scaled_brier,0.023481926273212106,-0.012634929759998675,0.05150492127419514,0.01682598835290889,200,percentile
PREVENT-ASCVD,income,PIR<1.3,pct_flagged_7.5,0.3125,0.2971962495282087,0.3276226171610384,0.008343402668965215,200,percentile
PREVENT-ASCVD,income,PIR<1.3,TPR_7.5,0.6942877100078098,0.6181326279485666,0.7827072624518234,0.041281462693476365,200,percentile
PREVENT-ASCVD,income,PIR<1.3,FPR_7.5,0.2941620263339251,0.27764737749204554,0.311910625579595,0.009293758113832576,200,percentile
PREVENT-ASCVD,income,PIR<1.3,pct_flagged_20,0.01721938775510204,0.01321471604781685,0.022358842146144756,0.0022483350718798946,200,percentile
PREVENT-ASCVD,income,PIR<1.3,TPR_20,0.09726404424908787,0.05291458019943607,0.14955959393655677,0.025238537453490435,200,percentile
PREVENT-ASCVD,income,PIR<1.3,FPR_20,0.01367261837721804,0.009881635702238321,0.018176977368012593,0.002117563008755957,200,percentile
PREVENT-ASCVD,income,PIR<1.3,rel_OE,1.3239253255004104,1.1356062956657713,1.4936779726418172,0.09387054060276301,200,percentile
PREVENT-ASCVD,income,PIR>3.5,n,4696.0,2908.925,3035.075,30.586573317988474,200,percentile
PREVENT-ASCVD,income,PIR>3.5,events,60.0,31.0,45.025000000000006,3.8866832302958914,200,percentile
PREVENT-ASCVD,income,PIR>3.5,observed,0.012671438649998484,0.009752289047334613,0.016373745142371766,0.0017284327326067557,200,percentile
PREVENT-ASCVD,income,PIR>3.5,expected,0.042799095975810886,0.04161982061280092,0.04382103269537774,0.0005992943415975274,200,percentile
PREVENT-ASCVD,income,PIR>3.5,OE,0.29606790426508317,0.23062668090937088,0.3796410123246017,0.04002409564204344,200,percentile
PREVENT-ASCVD,income,PIR>3.5,cal_intercept,-1.2870134339249026,-1.5413195400990773,-1.0297984101839965,0.13838568049303637,200,percentile
PREVENT-ASCVD,income,PIR>3.5,cal_slope,1.1408478892684906,0.8328305305517765,1.5382186527102,0.1780514129512432,200,percentile
PREVENT-ASCVD,income,PIR>3.5,AUC,0.7700129892194878,0.7144627753734576,0.8273153685681549,0.03015720992244742,200,percentile
PREVENT-ASCVD,income,PIR>3.5,brier,0.013873375635591231,0.011390654359225877,0.016858345640035115,0.0014415420703169706,200,percentile
PREVENT-ASCVD,income,PIR>3.5,scaled_brier,-0.10890545457494927,-0.19394867291157883,-0.04520630424384567,0.03863726967040937,200,percentile
PREVENT-ASCVD,income,PIR>3.5,pct_flagged_7.5,0.18121805792163542,0.1703424071679007,0.19211058152299942,0.005569679568032322,200,percentile
PREVENT-ASCVD,income,PIR>3.5,TPR_7.5,0.5852543759027714,0.4574830724127983,0.6997526186235526,0.06568505921252954,200,percentile
PREVENT-ASCVD,income,PIR>3.5,FPR_7.5,0.1778425259422312,0.16419487684559567,0.18936335749282618,0.006346116586332544,200,percentile
PREVENT-ASCVD,income,PIR>3.5,pct_flagged_20,0.002555366269165247,0.0012550746651950365,0.003818963147329125,0.0007258526270397748,200,percentile
PREVENT-ASCVD,income,PIR>3.5,TPR_20,0.0,0.0,0.0,0.0,200,percentile
PREVENT-ASCVD,income,PIR>3.5,FPR_20,0.002821218145658747,0.0012538708063926718,0.004507155166674801,0.0008668650183741381,200,percentile
PREVENT-ASCVD,income,PIR>3.5,rel_OE,0.5911216719973801,0.45694625785708365,0.7438038146118825,0.07372860348346168,200,percentile
PREVENT-ASCVD,education,<HS,n,4127.0,2557.95,2661.025,25.571355971695386,200,percentile
PREVENT-ASCVD,education,<HS,events,151.0,82.0,109.0,6.385046522577374,200,percentile
PREVENT-ASCVD,education,<HS,observed,0.03781721168744455,0.03220577278145665,0.04446220330683749,0.0032176776625831884,200,percentile
PREVENT-ASCVD,education,<HS,expected,0.06646894295075473,0.06491979744129105,0.06813152297208325,0.0008642621843723773,200,percentile
PREVENT-ASCVD,education,<HS,OE,0.5689455858424352,0.4879129966190363,0.6630113263118917,0.04730281937518239,200,percentile
PREVENT-ASCVD,education,<HS,cal_intercept,-0.634167618605548,-0.7972550725254749,-0.4699015192703465,0.08807229075646304,200,percentile
PREVENT-ASCVD,education,<HS,cal_slope,1.0775391474959415,0.8473852756121646,1.3014474255887365,0.1199969891305749,200,percentile
PREVENT-ASCVD,education,<HS,AUC,0.7502297358270228,0.708988874029288,0.7852664847684362,0.01881777895373066,200,percentile
PREVENT-ASCVD,education,<HS,brier,0.036419940045539036,0.03173936155902919,0.04128118596352107,0.002515854849960465,200,percentile
PREVENT-ASCVD,education,<HS,scaled_brier,-0.0009033389535892944,-0.0339572401003869,0.028011573210056092,0.016621944448022976,200,percentile
PREVENT-ASCVD,education,<HS,pct_flagged_7.5,0.3656409013811485,0.35193286648547284,0.3794679324904549,0.007527094772484922,200,percentile
PREVENT-ASCVD,education,<HS,TPR_7.5,0.735633542116822,0.6614651873825786,0.8000774695901315,0.03437714733915638,200,percentile
PREVENT-ASCVD,education,<HS,FPR_7.5,0.362096448360796,0.34534746324026794,0.3787147712597622,0.008400779238923888,200,percentile
PREVENT-ASCVD,education,<HS,pct_flagged_20,0.02011146110976496,0.01591054444716051,0.024644792089936342,0.002210276775448664,200,percentile
PREVENT-ASCVD,education,<HS,TPR_20,0.07930993736495338,0.037654096866546055,0.11894307426497239,0.022124303628385352,200,percentile
PREVENT-ASCVD,education,<HS,FPR_20,0.018216781795245215,0.014464788289367465,0.022782427533766504,0.002115545714483777,200,percentile
PREVENT-ASCVD,education,<HS,rel_OE,1.1359423332749705,1.003841677484104,1.2665340783076393,0.06860477803431787,200,percentile
PREVENT-ASCVD,education,College+,n,2796.0,1723.875,1823.025,23.610230620427007,200,percentile
PREVENT-ASCVD,education,College+,events,48.0,24.0,36.025000000000006,3.4290768202529347,200,percentile
PREVENT-ASCVD,education,College+,observed,0.01709407429638614,0.012633315082858925,0.021815629503753032,0.0025892950703857854,200,percentile
PREVENT-ASCVD,education,College+,expected,0.042455582521954444,0.04093833271983975,0.04393968182633176,0.0007569307866350319,200,percentile
PREVENT-ASCVD,education,College+,OE,0.40263431287384943,0.29907655738963196,0.5070394476157407,0.059684834870590946,200,percentile
PREVENT-ASCVD,education,College+,cal_intercept,-0.964842666483019,-1.2750022992350616,-0.7221506813630196,0.1547556387894808,200,percentile
PREVENT-ASCVD,education,College+,cal_slope,1.4544005338993895,1.113047944833759,1.9441914656349302,0.21314344809205987,200,percentile
PREVENT-ASCVD,education,College+,AUC,0.8248471517477152,0.7675777010934409,0.881397272507483,0.028551748586633608,200,percentile
PREVENT-ASCVD,education,College+,brier,0.017041026010472478,0.013292200615291594,0.020869825177183273,0.002137766283911314,200,percentile
PREVENT-ASCVD,education,College+,scaled_brier,-0.014234078347998613,-0.08004660397778689,0.03167455461369947,0.02984893784189123,200,percentile
PREVENT-ASCVD,education,College+,pct_flagged_7.5,0.18419170243204577,0.1709779195743857,0.19879641922017288,0.007049300259596571,200,percentile
PREVENT-ASCVD,education,College+,TPR_7.5,0.6856246654555845,0.5519695589615232,0.8160596856528768,0.06764270056243595,200,percentile
PREVENT-ASCVD,education,College+,FPR_7.5,0.17201848061376973,0.15752513875853974,0.1869083530051426,0.007677763134486492,200,percentile
PREVENT-ASCVD,education,College+,pct_flagged_20,0.00357653791130186,0.0017513903356136478,0.006062299272465098,0.0011804619123150083,200,percentile
PREVENT-ASCVD,education,College+,TPR_20,0.020577632432512066,0.0,0.07125308856230937,0.020901625799041375,200,percentile
PREVENT-ASCVD,education,College+,FPR_20,0.0032656725046093,0.001393161476455523,0.005462452446702124,0.0011580764706591317,200,percentile
PREVENT-ASCVD,education,College+,rel_OE,0.8038894618459168,0.6014544101283198,1.0127197104425611,0.11228618190949441,200,percentile
PREVENT-ASCVD,education,HS/GED,n,3138.0,1939.975,2026.025,22.61337488341995,200,percentile
PREVENT-ASCVD,education,HS/GED,events,90.0,48.0,65.025,4.596306141974635,200,percentile
PREVENT-ASCVD,education,HS/GED,observed,0.02861859988288628,0.023620827335088915,0.034869979153821465,0.003237804191311106,200,percentile
PREVENT-ASCVD,education,HS/GED,expected,0.05561076889724872,0.053766460556028677,0.0569318637660504,0.0008265808806568507,200,percentile
PREVENT-ASCVD,education,HS/GED,OE,0.5146233445497668,0.4266131057101848,0.6206043508317812,0.05671868042121939,200,percentile
PREVENT-ASCVD,education,HS/GED,cal_intercept,-0.7219721596659472,-0.9203867397357951,-0.5164944189254339,0.11567161046596539,200,percentile
PREVENT-ASCVD,education,HS/GED,cal_slope,1.4342213340950452,1.1410142243759227,1.7689937658080577,0.16695467186721985,200,percentile
PREVENT-ASCVD,education,HS/GED,AUC,0.8034017357503,0.7611108830061648,0.8409102569122135,0.02129260116099136,200,percentile
PREVENT-ASCVD,education,HS/GED,brier,0.027510571500351307,0.0233676572459675,0.0324715181451737,0.002552672381735109,200,percentile
PREVENT-ASCVD,education,HS/GED,scaled_brier,0.01039599047089701,-0.038368730991707053,0.047548613489442185,0.02154360976848787,200,percentile
PREVENT-ASCVD,education,HS/GED,pct_flagged_7.5,0.2858508604206501,0.26847972115872504,0.2993435900609721,0.008281089631199851,200,percentile
PREVENT-ASCVD,education,HS/GED,TPR_7.5,0.7567714517788896,0.6626002147528686,0.8329107350418077,0.04461241485118031,200,percentile
PREVENT-ASCVD,education,HS/GED,FPR_7.5,0.2725561398105483,0.25574275732097407,0.2879366894356301,0.008848425763477259,200,percentile
PREVENT-ASCVD,education,HS/GED,pct_flagged_20,0.007966857871255577,0.004805350408548083,0.0115489222506159,0.0015643167998543352,200,percentile
PREVENT-ASCVD,education,HS/GED,TPR_20,0.07739090170671696,0.034081930697981704,0.1391491110440405,0.026582038322275837,200,percentile
PREVENT-ASCVD,education,HS/GED,FPR_20,0.004967445780341542,0.002387679996536515,0.008046202967272681,0.001435189653189195,200,percentile
PREVENT-ASCVD,education,HS/GED,rel_OE,1.0274839234406619,0.8459029952436145,1.233498166482265,0.0999583377797628,200,percentile
PREVENT-ASCVD,education,Some college,n,3390.0,2089.95,2195.1,26.056961183734565,200,percentile
PREVENT-ASCVD,education,Some college,events,71.0,38.0,53.0,3.7634048520458214,200,percentile
PREVENT-ASCVD,education,Some college,observed,0.0207218498695426,0.016468492297619826,0.025768574705325214,0.0023823991329441074,200,percentile
PREVENT-ASCVD,education,Some college,expected,0.04658284160482381,0.04515645182970288,0.04808122404868671,0.0007359764272438272,200,percentile
PREVENT-ASCVD,education,Some college,OE,0.44483868213391226,0.3525345878172406,0.5479579272927678,0.05071582900631693,200,percentile
PREVENT-ASCVD,education,Some college,cal_intercept,-0.8680974814164562,-1.1156642763145437,-0.6552490779365516,0.11934825557323488,200,percentile
PREVENT-ASCVD,education,Some college,cal_slope,1.2224806940290824,0.9075506892680487,1.5287053103302508,0.16221475762923565,200,percentile
PREVENT-ASCVD,education,Some college,AUC,0.7805848745120908,0.7239900722377913,0.8280265578721192,0.027165914414436297,200,percentile
PREVENT-ASCVD,education,Some college,brier,0.02066004429147377,0.017129896282482546,0.024639114805412005,0.0019485285966814462,200,percentile
PREVENT-ASCVD,education,Some college,scaled_brier,-0.018114589261555958,-0.07175609492892637,0.023192454012268576,0.024741752814540684,200,percentile
PREVENT-ASCVD,education,Some college,pct_flagged_7.5,0.20914454277286135,0.1957423852600085,0.22336073092042902,0.00696337651093276,200,percentile
PREVENT-ASCVD,education,Some college,TPR_7.5,0.6331364754228882,0.5267789871114009,0.7570789307057167,0.06025800145988655,200,percentile
PREVENT-ASCVD,education,Some college,FPR_7.5,0.20224983195722018,0.18691507088973952,0.2178166247927705,0.007599131067577314,200,percentile
PREVENT-ASCVD,education,Some college,pct_flagged_20,0.006194690265486726,0.0037741086826452684,0.008666013031885267,0.0012530270133146609,200,percentile
PREVENT-ASCVD,education,Some college,TPR_20,0.0445396326619586,0.0,0.10480008394027836,0.025545589404752204,200,percentile
PREVENT-ASCVD,education,Some college,FPR_20,0.005671444389302109,0.0034687868124686546,0.008297026837329871,0.001239371812228088,200,percentile
PREVENT-ASCVD,education,Some college,rel_OE,0.8881536355817707,0.7194547656696272,1.0580794939195828,0.09129900652275373,200,percentile
PREVENT-ASCVD,sex,GAP(max-min),OE,0.06639488504332763,0.0,0.13086639802771313,0.04297986897619053,200,basic
PREVENT-ASCVD,sex,GAP(max-min),AUC,0.027915901742042393,0.0,0.053700613981801135,0.020048186158056952,200,basic
PREVENT-ASCVD,sex,GAP(max-min),cal_slope,0.02622946327019826,0.0,0.04858701406063455,0.1080213338072941,200,basic
PREVENT-ASCVD,sex,GAP(max-min),TPR_7.5,0.019906188311810125,0.0,0.03720788678866749,0.03156358172594556,200,basic
PREVENT-ASCVD,sex,GAP(max-min),FPR_7.5,0.09567144799393709,0.07884385630858902,0.11078929981948187,0.008588237782174896,200,basic
PREVENT-ASCVD,sex,GAP(max-min),pct_flagged_7.5,0.1017822046753589,0.08539906574006474,0.11556504886481206,0.007856064026764977,200,basic
PREVENT-ASCVD,sex,GAP(max/min),OE,1.143397372123185,1.0,1.2831387306973416,0.10117578423768461,200,basic
PREVENT-ASCVD,race,GAP(max-min),OE,0.2098090153881081,0.027456090121350418,0.36623183253047537,0.08634198557535452,200,basic
PREVENT-ASCVD,race,GAP(max-min),AUC,0.025999358538388972,0.0,0.03773235789757099,0.03239810063733932,200,basic
PREVENT-ASCVD,race,GAP(max-min),cal_slope,0.2990721105949623,0.0,0.48476069269686506,0.28851929541283033,200,basic
PREVENT-ASCVD,race,GAP(max-min),TPR_7.5,0.0830404993449263,0.0,0.14078492722542293,0.07521469551409976,200,basic
PREVENT-ASCVD,race,GAP(max-min),FPR_7.5,0.029950563823818444,0.0,0.04605675428943584,0.01292309967714332,200,basic
PREVENT-ASCVD,race,GAP(max-min),pct_flagged_7.5,0.03182997059773196,0.003032318820078553,0.05361041776685749,0.012837740407900162,200,basic
PREVENT-ASCVD,race,GAP(max/min),OE,1.5684332668800829,1.0,2.023472976000532,0.3148691227414775,200,basic
PREVENT-ASCVD,age_group,GAP(max-min),OE,0.30017274310305586,0.14566980971343652,0.39645653203031306,0.06426074780611041,200,basic
PREVENT-ASCVD,age_group,GAP(max-min),AUC,0.1150571068842644,0.0,0.17944597045236987,0.04579803500863962,200,basic
PREVENT-ASCVD,age_group,GAP(max-min),cal_slope,0.465963889761029,0.0,0.7214115756447343,0.2424403612715934,200,basic
PREVENT-ASCVD,age_group,GAP(max-min),TPR_7.5,0.8246484452472674,0.7212712205187343,0.9706027990465952,0.060559775776307896,200,basic
PREVENT-ASCVD,age_group,GAP(max-min),FPR_7.5,0.8608901937500738,0.845776401377688,0.8814242194340113,0.009034320798691308,200,basic
PREVENT-ASCVD,age_group,GAP(max-min),pct_flagged_7.5,0.8641219065021327,0.8509031298127024,0.8804308388214831,0.007738839202414449,200,basic
PREVENT-ASCVD,age_group,GAP(max/min),OE,1.83379786667341,1.0590006146301083,2.1787666080380523,0.2825090024288417,200,basic
PREVENT-ASCVD,income,GAP(max-min),OE,0.3670304308034235,0.24307722695166173,0.5140932197794276,0.06976696009844326,200,basic
PREVENT-ASCVD,income,GAP(max-min),AUC,0.040910485453500844,0.0,0.06834645003598926,0.020991154885302832,200,basic
PREVENT-ASCVD,income,GAP(max-min),cal_slope,0.38851165673511345,0.08162753773580411,0.6369107914460099,0.14557271301376776,200,basic
PREVENT-ASCVD,income,GAP(max-min),TPR_7.5,0.19856000212427238,0.06351010398045465,0.3325662972775353,0.06712756821391283,200,basic
PREVENT-ASCVD,income,GAP(max-min),FPR_7.5,0.13419709377783956,0.1140796524374236,0.1511795181383696,0.009684885133667035,200,basic
PREVENT-ASCVD,income,GAP(max-min),pct_flagged_7.5,0.14245450845004598,0.12546716345155615,0.15749573480083703,0.008357927867919111,200,basic
PREVENT-ASCVD,income,GAP(max/min),OE,2.2396832804774554,1.395539819998878,2.848675990297597,0.3614933367972495,200,basic
PREVENT-ASCVD,education,GAP(max-min),OE,0.16631127296858572,0.00914072052722159,0.25052029070162496,0.06371661880635489,200,basic
PREVENT-ASCVD,education,GAP(max-min),AUC,0.07461741592069238,0.007032276644474034,0.11779764801988488,0.02913475173451444,200,basic
PREVENT-ASCVD,education,GAP(max-min),cal_slope,0.376861386403448,0.0,0.5291736507447353,0.19322969179353278,200,basic
PREVENT-ASCVD,education,GAP(max-min),TPR_7.5,0.1236349763560014,0.0,0.1946639365113232,0.059983816994375536,200,basic
PREVENT-ASCVD,education,GAP(max-min),FPR_7.5,0.1900779677470263,0.16834598763263314,0.21292003703245108,0.011128601361497766,200,basic
PREVENT-ASCVD,education,GAP(max-min),pct_flagged_7.5,0.18144919894910275,0.15988411780275802,0.1997353126949132,0.009995818546974834,200,basic
PREVENT-ASCVD,education,GAP(max/min),OE,1.4130578732386705,1.0,1.6538023110139988,0.22452987808585784,200,basic
Framingham-office,Overall,All,n,13466.0,8438.95,8586.025,37.273860524394514,200,percentile
Framingham-office,Overall,All,events,362.0,213.975,246.025,8.927423730974231,200,percentile
Framingham-office,Overall,All,observed,0.027013720906110657,0.02467674019335717,0.029924370144193888,0.0014107056245544264,200,percentile
Framingham-office,Overall,All,expected,0.18575248121043958,0.18280639223345546,0.1882616385982594,0.0013660260588648145,200,percentile
Framingham-office,Overall,All,OE,0.14542858717190824,0.1323388310334888,0.16017080129895353,0.0075722168587364184,200,percentile
Framingham-office,Overall,All,cal_intercept,-2.3709308740900834,-2.4807349195669093,-2.254714300563378,0.057270798568964505,200,percentile
Framingham-office,Overall,All,cal_slope,0.9053868078136545,0.8215167223133811,1.0034595155572097,0.045684681351371374,200,percentile
Framingham-office,Overall,All,AUC,0.7814660019033505,0.7590146791735551,0.80341866585461,0.01154472842005216,200,percentile
Framingham-office,Overall,All,brier,0.0673275246872992,0.06504997806572145,0.06942963641149463,0.0011207220304604347,200,percentile
Framingham-office,Overall,All,scaled_brier,-1.5615422484721173,-1.8087941468041655,-1.3056714858642082,0.12092053164943029,200,percentile
Framingham-office,Overall,All,pct_flagged_7.5,0.7110500519827714,0.7016114659141542,0.718331353037279,0.004227559337761603,200,percentile
Framingham-office,Overall,All,TPR_7.5,0.9442478276779578,0.9201866752608534,0.9651800462005459,0.011956905937474383,200,percentile
Framingham-office,Overall,All,FPR_7.5,0.7076273316819285,0.696260416919549,0.7161138330502747,0.004874770588569483,200,percentile
Framingham-office,Overall,All,pct_flagged_20,0.3447942967473637,0.3370451507500371,0.3523837813753156,0.004094100644627692,200,percentile
Framingham-office,Overall,All,TPR_20,0.7650432063842674,0.72052266814005,0.8033402997285684,0.02222715953636732,200,percentile
Framingham-office,Overall,All,FPR_20,0.3343993724809795,0.3251694797817664,0.34259338116802573,0.004679883438104803,200,percentile
Framingham-office,Overall,All,rel_OE,1.0,1.0,1.0,0.0,200,percentile
Framingham-office,sex,Female,n,6883.0,4280.9,4411.05,34.77516586306971,200,percentile
Framingham-office,sex,Female,events,145.0,81.0,103.0,5.351334779248818,200,percentile
Framingham-office,sex,Female,observed,0.021294194048772756,0.01816319222437981,0.02519213712088221,0.0017412995721131723,200,percentile
Framingham-office,sex,Female,expected,0.13572553159551803,0.13239493149741452,0.13873417075008065,0.0017054210768525527,200,percentile
Framingham-office,sex,Female,OE,0.15689158700245562,0.13481209482388598,0.18353963408489588,0.012394319892929535,200,percentile
Framingham-office,sex,Female,cal_intercept,-2.1851257050920396,-2.351479278638876,-2.0135715012802295,0.08312553654630173,200,percentile
Framingham-office,sex,Female,cal_slope,0.9163005249812244,0.7823131408719181,1.0667798151641295,0.07088091932958522,200,percentile
Framingham-office,sex,Female,AUC,0.7835492165514296,0.7476482109259273,0.8138583120429707,0.018005910231044826,200,percentile
Framingham-office,sex,Female,brier,0.044319153417783946,0.041479241546036244,0.04721798976925581,0.0013941036260564552,200,percentile
Framingham-office,sex,Female,scaled_brier,-1.126562170264124,-1.4044462105840336,-0.8607246462001845,0.13060305654530585,200,percentile
Framingham-office,sex,Female,pct_flagged_7.5,0.5682115356675868,0.5557005028605899,0.5804038626472738,0.0065810587656964115,200,percentile
Framingham-office,sex,Female,TPR_7.5,0.8885328867724782,0.8355861091265328,0.9310611280885552,0.026240312373413767,200,percentile
Framingham-office,sex,Female,FPR_7.5,0.5649611919198599,0.5500805664432061,0.5776640155854457,0.00728976470126394,200,percentile
Framingham-office,sex,Female,pct_flagged_20,0.22141508063344473,0.21192007238390276,0.23059214650731513,0.0050287192314005585,200,percentile
Framingham-office,sex,Female,TPR_20,0.6214642206984774,0.5409824223446403,0.690576303227486,0.03997456571017982,200,percentile
Framingham-office,sex,Female,FPR_20,0.2109861434573317,0.19939574655630676,0.22171014792737162,0.005570917727933748,200,percentile
Framingham-office,sex,Female,rel_OE,1.0788221906948543,0.9576794120498114,1.1973445773643652,0.06374955618171989,200,percentile
Framingham-office,sex,Male,n,6583.0,4101.0,4216.025,30.75408662635102,200,percentile
Framingham-office,sex,Male,events,217.0,123.975,152.0,7.173485517679798,200,percentile
Framingham-office,sex,Male,observed,0.032951105313655873,0.02891846402677544,0.03725173513945846,0.0021658789664504925,200,percentile
Framingham-office,sex,Male,expected,0.2380592553558907,0.23416144016810625,0.24125910243355403,0.0020191984537932276,200,percentile
Framingham-office,sex,Male,OE,0.13841556071573466,0.12257170298040136,0.15722923633922836,0.009108760857369816,200,percentile
Framingham-office,sex,Male,cal_intercept,-2.48247593643389,-2.6175550235710254,-2.3368570693726647,0.07224130948440159,200,percentile
Framingham-office,sex,Male,cal_slope,0.9509395089013002,0.8368800994928018,1.0632388688470442,0.062208500613038654,200,percentile
Framingham-office,sex,Male,AUC,0.7758605343466177,0.747752483211272,0.8028877229364884,0.014923269827457121,200,percentile
Framingham-office,sex,Male,brier,0.09121228792490291,0.08778528544078404,0.09471961147971929,0.00177372811897182,200,percentile
Framingham-office,sex,Male,scaled_brier,-1.8624303593998435,-2.1940946017762,-1.5439986480994292,0.17321956313355588,200,percentile
Framingham-office,sex,Male,pct_flagged_7.5,0.8603979948351815,0.8525992955691162,0.8686916261332238,0.004368093400823552,200,percentile
Framingham-office,sex,Male,TPR_7.5,0.9816242698014902,0.9613338067023867,0.995595384249528,0.009740349268915774,200,percentile
Framingham-office,sex,Male,FPR_7.5,0.8575128610438028,0.8479178947606449,0.8671960214041066,0.004934145229713753,200,percentile
Framingham-office,sex,Male,pct_flagged_20,0.4737961415767887,0.4626256544819332,0.4854147907936672,0.006424596174365669,200,percentile
Framingham-office,sex,Male,TPR_20,0.861363359675727,0.8205580275831372,0.9086948930498125,0.022616983789239004,200,percentile
Framingham-office,sex,Male,FPR_20,0.46405772864956646,0.45073179187274004,0.47522485276414483,0.007224719986484164,200,percentile
Framingham-office,sex,Male,rel_OE,0.9517768370541645,0.8781368808966545,1.0208255966743751,0.037880814639266396,200,percentile
Framingham-office,race,Mexican American,n,2794.0,1719.85,1813.05,24.09378190806018,200,percentile
Framingham-office,race,Mexican American,events,62.0,30.975,47.0,4.148875248684361,200,percentile
Framingham-office,race,Mexican American,observed,0.02520622729693485,0.01920168317731077,0.032376831226357,0.0033080039074116136,200,percentile
Framingham-office,race,Mexican American,expected,0.18654901802802504,0.18112174736198075,0.19163942570516304,0.0029364622246487756,200,percentile
Framingham-office,race,Mexican American,OE,0.13511852039418482,0.10376879941043977,0.17484021404292754,0.017588042795535833,200,percentile
Framingham-office,race,Mexican American,cal_intercept,-2.469372827429207,-2.737197277842843,-2.183794066268173,0.14197318408485018,200,percentile
Framingham-office,race,Mexican American,cal_slope,0.8995008544862749,0.6898202050840138,1.131354823526942,0.11462055828966448,200,percentile
Framingham-office,race,Mexican American,AUC,0.7807934020372248,0.7148137955235393,0.8393875727965069,0.030944323053313526,200,percentile
Framingham-office,race,Mexican American,brier,0.06887600996662763,0.06506405275814715,0.07443625381244774,0.002468613062023195,200,percentile
Framingham-office,race,Mexican American,scaled_brier,-1.8031567636471477,-2.5348464392579375,-1.2338563456865779,0.3415638879367623,200,percentile
Framingham-office,race,Mexican American,pct_flagged_7.5,0.6818181818181818,0.6662991081039865,0.6991229346409203,0.008557801455494684,200,percentile
Framingham-office,race,Mexican American,TPR_7.5,0.9035031655192572,0.8140575936727046,0.966203774097947,0.03932017727612549,200,percentile
Framingham-office,race,Mexican American,FPR_7.5,0.6712519037888434,0.6504496924199347,0.6902050949638017,0.009927580434020674,200,percentile
Framingham-office,race,Mexican American,pct_flagged_20,0.3543307086614173,0.3387394242316117,0.3727990256870772,0.008810687991396437,200,percentile
Framingham-office,race,Mexican American,TPR_20,0.7587579137981433,0.6374900417309062,0.8684505794907131,0.05738786807736287,200,percentile
Framingham-office,race,Mexican American,FPR_20,0.3455142128192941,0.327251989258696,0.3624339491155437,0.010006469560568774,200,percentile
Framingham-office,race,Mexican American,rel_OE,0.9291056388690891,0.7258081771971633,1.158745291054408,0.1063947676366878,200,percentile
Framingham-office,race,NH Black,n,2577.0,1585.9,1675.05,24.098716577932493,200,percentile
Framingham-office,race,NH Black,events,85.0,45.975,63.025000000000006,4.46907576473646,200,percentile
Framingham-office,race,NH Black,observed,0.0328297981317907,0.02673892004271837,0.041121663459351226,0.00383675138192561,200,percentile
Framingham-office,race,NH Black,expected,0.21294116763062054,0.20647672371366535,0.21921300058171564,0.003406866095754455,200,percentile
Framingham-office,race,NH Black,OE,0.1541730915495827,0.1269561299441626,0.19293058219221754,0.017982383119607488,200,percentile
Framingham-office,race,NH Black,cal_intercept,-2.37293642221015,-2.5954512315734775,-2.117408877541485,0.12778734605517464,200,percentile
Framingham-office,race,NH Black,cal_slope,0.9084321057150974,0.6985594590248454,1.1192032787981374,0.10250831927855167,200,percentile
Framingham-office,race,NH Black,AUC,0.7720706053734034,0.7187773803816467,0.81712429896841,0.025253053108565012,200,percentile
Framingham-office,race,NH Black,brier,0.08198513667354666,0.07698123226633277,0.08702934706515264,0.002611789141904109,200,percentile
Framingham-office,race,NH Black,scaled_brier,-1.5820461783038633,-2.1039563298567483,-1.1225090152084516,0.2662174540131341,200,percentile
Framingham-office,race,NH Black,pct_flagged_7.5,0.7691113698098564,0.7514306051020125,0.7859953934931759,0.009054488768408229,200,percentile
Framingham-office,race,NH Black,TPR_7.5,0.9648308528497287,0.9200271810193346,1.0,0.020641356273117653,200,percentile
Framingham-office,race,NH Black,FPR_7.5,0.7752169249440033,0.7558673271184245,0.7926835313069385,0.009581901529010367,200,percentile
Framingham-office,race,NH Black,pct_flagged_20,0.4024058983313931,0.3846270912890725,0.4213410700876218,0.008988657430218008,200,percentile
Framingham-office,race,NH Black,TPR_20,0.8103421039208341,0.7243112439967857,0.8877130132982185,0.04061635940841473,200,percentile
Framingham-office,race,NH Black,FPR_20,0.39528430224273564,0.37439747140551094,0.41553144064687036,0.010216709457523383,200,percentile
Framingham-office,race,NH Black,rel_OE,1.0601291984452668,0.872658602954556,1.2958619301073353,0.11059476234851906,200,percentile
Framingham-office,race,NH White,n,6689.0,4168.925,4287.175,33.29648147165029,200,percentile
Framingham-office,race,NH White,events,191.0,107.0,133.025,6.630968914398453,200,percentile
Framingham-office,race,NH White,observed,0.02724054453331013,0.02306571590950139,0.03178517432862721,0.0020222394318669436,200,percentile
Framingham-office,race,NH White,expected,0.1787162395488952,0.17540109919110344,0.1817654752872807,0.0017501758442908812,200,percentile
Framingham-office,race,NH White,OE,0.1524234428951117,0.1311462164531763,0.1787636582079922,0.011035439836642768,200,percentile
Framingham-office,race,NH White,cal_intercept,-2.289608143224703,-2.4517548655578496,-2.1226431295157946,0.07992240257626573,200,percentile
Framingham-office,race,NH White,cal_slope,0.930988459018899,0.8160647705670757,1.0385943160425826,0.05930482956220613,200,percentile
Framingham-office,race,NH White,AUC,0.7951632192458933,0.7652935194818216,0.8229873663012597,0.014751559085435762,200,percentile
Framingham-office,race,NH White,brier,0.06328786067555095,0.06014033698353874,0.06612509965683001,0.0015265030379604902,200,percentile
Framingham-office,race,NH White,scaled_brier,-1.3883565938945353,-1.7310451224209729,-1.1121456136480241,0.1492853159487443,200,percentile
Framingham-office,race,NH White,pct_flagged_7.5,0.7077291074899088,0.6959573552010873,0.7173398699426855,0.005852776153230918,200,percentile
Framingham-office,race,NH White,TPR_7.5,0.9620170677534061,0.9309539128658698,0.9863587261556386,0.014978385954348717,200,percentile
Framingham-office,race,NH White,FPR_7.5,0.7011721454053453,0.6870911326816851,0.7131757114005192,0.006529564595100652,200,percentile
Framingham-office,race,NH White,pct_flagged_20,0.3284496935266856,0.3187107741329452,0.3381638153378404,0.005295099264129466,200,percentile
Framingham-office,race,NH White,TPR_20,0.7741255538088715,0.7159754023550351,0.8324974478201076,0.02972225232029121,200,percentile
Framingham-office,race,NH White,FPR_20,0.31524488535466305,0.30368278352519595,0.3265176538444453,0.005946495834873815,200,percentile
Framingham-office,race,NH White,rel_OE,1.0480982168583883,0.929260622761221,1.1416829644978304,0.052954090210751405,200,percentile
Framingham-office,race,Other Hispanic,n,929.0,556.975,614.0,14.138311755527338,200,percentile
Framingham-office,race,Other Hispanic,events,17.0,7.0,14.0,1.991413729795012,200,percentile
Framingham-office,race,Other Hispanic,observed,0.019188673021253596,0.010296972973432045,0.03012576141891538,0.0049333341162629074,200,percentile
Framingham-office,race,Other Hispanic,expected,0.17180269640272355,0.1630891638302385,0.18206425139802765,0.004919022118222436,200,percentile
Framingham-office,race,Other Hispanic,OE,0.1116901738042186,0.06108137296340268,0.17405585209870286,0.028250371462185977,200,percentile
Framingham-office,race,Other Hispanic,cal_intercept,-2.6432376787363676,-3.2422083169104496,-2.201030259830723,0.27560759037096655,200,percentile
Framingham-office,race,Other Hispanic,cal_slope,0.9509318813881377,0.5549553152075926,1.4968155451517977,0.24862752334565594,200,percentile
Framingham-office,race,Other Hispanic,AUC,0.7602942861213126,0.6341639037331775,0.871950190079176,0.06545103793481763,200,percentile
Framingham-office,race,Other Hispanic,brier,0.05803044428255498,0.05002758400296256,0.06574259565872473,0.003898830521043931,200,percentile
Framingham-office,race,Other Hispanic,scaled_brier,-2.083368848656574,-4.235698901287964,-1.0784799888583974,0.8316425598852706,200,percentile
Framingham-office,race,Other Hispanic,pct_flagged_7.5,0.6803013993541442,0.6515600943077162,0.710841590551972,0.016058843386539706,200,percentile
Framingham-office,race,Other Hispanic,TPR_7.5,0.8865448695688088,0.678604769985242,1.0,0.08478999418226164,200,percentile
Framingham-office,race,Other Hispanic,FPR_7.5,0.6745319899289329,0.6427369564448752,0.707549081401742,0.018612110809492956,200,percentile
Framingham-office,race,Other Hispanic,pct_flagged_20,0.310010764262648,0.2824533271222274,0.3377683792815372,0.014459736864119072,200,percentile
Framingham-office,race,Other Hispanic,TPR_20,0.6029070434908309,0.3917660201484986,0.8123457638951576,0.12153339979116881,200,percentile
Framingham-office,race,Other Hispanic,FPR_20,0.30633680458493323,0.2729155999799604,0.33695681896168833,0.017667752906191343,200,percentile
Framingham-office,race,Other Hispanic,rel_OE,0.7680070058866203,0.4296506262239782,1.160053617811425,0.1880562427103557,200,percentile
Framingham-office,race,Other/Multiracial,n,477.0,281.0,318.025,9.972001003815658,200,percentile
Framingham-office,race,Other/Multiracial,events,7.0,2.0,7.0,1.303252598955174,200,percentile
Framingham-office,race,Other/Multiracial,observed,0.015679572320388645,0.004797876905243432,0.028861967059162167,0.006065588398768145,200,percentile
Framingham-office,race,Other/Multiracial,expected,0.1600376002613793,0.14634235091492012,0.17220917774443606,0.006872187806359498,200,percentile
Framingham-office,race,Other/Multiracial,OE,0.0979743028811991,0.030923263661454554,0.18061645768304527,0.038544502015169034,200,percentile
Framingham-office,race,Other/Multiracial,cal_intercept,-2.714760502671693,-3.9034361427300293,-2.0812854189603924,0.4519025917797839,200,percentile
Framingham-office,race,Other/Multiracial,cal_slope,0.07593688437003089,-0.873929094650651,0.915394904206765,0.4756609129180151,200,percentile
Framingham-office,race,Other/Multiracial,AUC,0.5498178200663049,0.3109829967285081,0.7951136420401752,0.13165546955078972,200,percentile
Framingham-office,race,Other/Multiracial,brier,0.05623908193152995,0.04517410052246109,0.06729189119923987,0.0056361032822047534,200,percentile
Framingham-office,race,Other/Multiracial,scaled_brier,-2.643908907843148,-8.835063515845087,-1.2257872995181258,2.2359799567376175,200,percentile
Framingham-office,race,Other/Multiracial,pct_flagged_7.5,0.6750524109014675,0.62922976011994,0.71017343387471,0.021405014311755562,200,percentile
Framingham-office,race,Other/Multiracial,TPR_7.5,0.7142857142857143,0.4,1.0,0.1702082856560591,200,percentile
Framingham-office,race,Other/Multiracial,FPR_7.5,0.688516874451346,0.6342187502670087,0.7346337725161688,0.025020082242369623,200,percentile
Framingham-office,race,Other/Multiracial,pct_flagged_20,0.2746331236897275,0.23086641437545052,0.31432397220613784,0.021645920128692347,200,percentile
Framingham-office,race,Other/Multiracial,TPR_20,0.42857142857142855,0.0,0.8,0.19858748498465223,200,percentile
Framingham-office,race,Other/Multiracial,FPR_20,0.2811727588906405,0.2308228040317075,0.32786850164841064,0.024696912294868055,200,percentile
Framingham-office,race,Other/Multiracial,rel_OE,0.6736935618124765,0.21544660974970656,1.222081313050646,0.2661215951370089,200,percentile
Framingham-office,age_group,40-49,n,4420.0,2740.975,2852.075,29.934628944589303,200,percentile
Framingham-office,age_group,40-49,events,35.0,16.975,27.0,2.6951659685425597,200,percentile
Framingham-office,age_group,40-49,observed,0.00795660063450242,0.005647463755773878,0.010450144494185966,0.001313006302254515,200,percentile
Framingham-office,age_group,40-49,expected,0.07471608262029467,0.07296573716924623,0.0765658212854882,0.0009658656633447553,200,percentile
Framingham-office,age_group,40-49,OE,0.10649113758998412,0.07546282480579676,0.14034887685673098,0.017578250035963253,200,percentile
Framingham-office,age_group,40-49,cal_intercept,-2.375201878963486,-2.7274276235833543,-2.0976551781995423,0.1688187542242577,200,percentile
Framingham-office,age_group,40-49,cal_slope,1.2581122846816173,0.826611919096661,1.7115664402667123,0.21845397081306384,200,percentile
Framingham-office,age_group,40-49,AUC,0.7659180097756751,0.6769588661710988,0.8497000598531527,0.04420888345087698,200,percentile
Framingham-office,age_group,40-49,brier,0.01474199325655283,0.01305779138053707,0.016684946060388287,0.0009920854159625918,200,percentile
Framingham-office,age_group,40-49,scaled_brier,-0.8676606827468978,-1.3246166190460746,-0.5733783169528218,0.20678363859304702,200,percentile
Framingham-office,age_group,40-49,pct_flagged_7.5,0.36945701357466065,0.3552817585826228,0.3859383706227765,0.008073254367101967,200,percentile
Framingham-office,age_group,40-49,TPR_7.5,0.7441597749555496,0.5861277758937012,0.8943487228690893,0.07837094751793947,200,percentile
Framingham-office,age_group,40-49,FPR_7.5,0.3726246662833303,0.3575683123044134,0.3913548454101853,0.008802601603010263,200,percentile
Framingham-office,age_group,40-49,pct_flagged_20,0.03800904977375565,0.03215869546986273,0.042625288975710524,0.00289385773208716,200,percentile
Framingham-office,age_group,40-49,TPR_20,0.22741353337284476,0.08771285555537095,0.35298861480075905,0.06841245118455581,200,percentile
Framingham-office,age_group,40-49,FPR_20,0.03716382541229126,0.030715402554880738,0.04262308045718804,0.003193874842253897,200,percentile
Framingham-office,age_group,40-49,rel_OE,0.7322572518985079,0.532176801496238,0.9586678969479989,0.11465776799064692,200,percentile
Framingham-office,age_group,50-59,n,3406.0,2099.975,2201.025,26.897231835302478,200,percentile
Framingham-office,age_group,50-59,events,45.0,22.975,35.0,3.094000516480226,200,percentile
Framingham-office,age_group,50-59,observed,0.013519955107744815,0.010056953619475612,0.0178626168185472,0.0019287876648910953,200,percentile
Framingham-office,age_group,50-59,expected,0.14715657518101807,0.14378098178715193,0.15047393810526305,0.0017550777839112181,200,percentile
Framingham-office,age_group,50-59,OE,0.09187462463783115,0.06821537061085566,0.12027215926174996,0.01306951239755086,200,percentile
Framingham-office,age_group,50-59,cal_intercept,-2.6660595289946563,-2.9577854109717476,-2.395528110530542,0.1458891007285988,200,percentile
Framingham-office,age_group,50-59,cal_slope,0.8518395975914203,0.45853852782703886,1.2643716714229034,0.2031646528532581,200,percentile
Framingham-office,age_group,50-59,AUC,0.6812275279556596,0.5726812979365921,0.7768809112971512,0.050126203600310254,200,percentile
Framingham-office,age_group,50-59,brier,0.03990874339843399,0.03715367084964454,0.043083298581582184,0.0015741026999020469,200,percentile
Framingham-office,age_group,50-59,scaled_brier,-1.9922956370897724,-2.789461517570643,-1.4314829848333166,0.3515062235573071,200,percentile
Framingham-office,age_group,50-59,pct_flagged_7.5,0.7422196124486201,0.7296219530201774,0.7560427462317497,0.007005321911531399,200,percentile
Framingham-office,age_group,50-59,TPR_7.5,0.8178991618505634,0.7071874692056469,0.9246462269378005,0.05963644539766058,200,percentile
Framingham-office,age_group,50-59,FPR_7.5,0.7415270297792154,0.7276433721275571,0.7569323865468511,0.008011899532003755,200,percentile
Framingham-office,age_group,50-59,pct_flagged_20,0.22108044627128598,0.2049331463697912,0.23517395075814432,0.007375643712339919,200,percentile
Framingham-office,age_group,50-59,TPR_20,0.5319066300909124,0.3884101073127824,0.6909099195412038,0.07981111480451847,200,percentile
Framingham-office,age_group,50-59,FPR_20,0.21750472054767453,0.2020931084738959,0.23174025620202587,0.008140578351951259,200,percentile
Framingham-office,age_group,50-59,rel_OE,0.6317507886480943,0.4844838553826322,0.8355557375479893,0.08758061940688368,200,percentile
Framingham-office,age_group,60-69,n,3441.0,2119.95,2231.1,28.096622590714194,200,percentile
Framingham-office,age_group,60-69,events,102.0,54.975,73.025,5.084153625772163,200,percentile
Framingham-office,age_group,60-69,observed,0.02987645402215967,0.0243922908867442,0.03575652963771975,0.0030899780538367547,200,percentile
Framingham-office,age_group,60-69,expected,0.255471168280827,0.25080978061131903,0.26069885157856026,0.002720066769406482,200,percentile
Framingham-office,age_group,60-69,OE,0.11694648058804796,0.09461225972914673,0.13895342535817518,0.011933680590456144,200,percentile
Framingham-office,age_group,60-69,cal_intercept,-2.5989878645214453,-2.811112963171836,-2.401516994067057,0.11021570275843073,200,percentile
Framingham-office,age_group,60-69,cal_slope,0.6890644480868586,0.47936893119016183,0.9248805590431323,0.11001492163381725,200,percentile
Framingham-office,age_group,60-69,AUC,0.6723738710597079,0.6187669402631308,0.7210967493688035,0.027383594868403523,200,percentile
Framingham-office,age_group,60-69,brier,0.09610615583031924,0.09149232312714026,0.10052881319888558,0.002316146872808368,200,percentile
Framingham-office,age_group,60-69,scaled_brier,-2.3158517864064914,-2.985129452234571,-1.8361215239398108,0.309937554703384,200,percentile
Framingham-office,age_group,60-69,pct_flagged_7.5,0.9380993897122929,0.9285741385459344,0.9458862271971984,0.004348204916283488,200,percentile
Framingham-office,age_group,60-69,TPR_7.5,0.9707173970612619,0.9350629345708721,1.0,0.017096359329399218,200,percentile
Framingham-office,age_group,60-69,FPR_7.5,0.9374733662590622,0.9273638028552771,0.947003746907431,0.005027498357383767,200,percentile
Framingham-office,age_group,60-69,pct_flagged_20,0.5684394071490846,0.55236612362401,0.5845736795503025,0.008589341412282353,200,percentile
Framingham-office,age_group,60-69,TPR_20,0.7755000441363414,0.6999242424242423,0.8532402993845501,0.04228585395713414,200,percentile
Framingham-office,age_group,60-69,FPR_20,0.5601202568520416,0.5430299354826723,0.577157200911773,0.009403115654640946,200,percentile
Framingham-office,age_group,60-69,rel_OE,0.8041505653204748,0.6734580407177073,0.9330363829329986,0.06629121710096732,200,percentile
Framingham-office,age_group,70-79,n,2199.0,1346.975,1427.025,20.782191835497958,200,percentile
Framingham-office,age_group,70-79,events,180.0,103.0,126.0,6.393110299101867,200,percentile
Framingham-office,age_group,70-79,observed,0.08022995462814278,0.07024871515762866,0.09249890175956153,0.005944053403622074,200,percentile
Framingham-office,age_group,70-79,expected,0.35962084660172966,0.35272588787881387,0.36782451424012436,0.0037597979026686578,200,percentile
Framingham-office,age_group,70-79,OE,0.22309595059986964,0.1964224538812407,0.258242924453668,0.016374704862542628,200,percentile
Framingham-office,age_group,70-79,cal_intercept,-2.0870327452959274,-2.231384694525379,-1.9063275375640698,0.086003466723333,200,percentile
Framingham-office,age_group,70-79,cal_slope,0.6311293814520317,0.4761857542019827,0.8215730270272856,0.08711642085152867,200,percentile
Framingham-office,age_group,70-79,AUC,0.6556295665391275,0.6171740756241666,0.6992524102219794,0.021236866488338214,200,percentile
Framingham-office,age_group,70-79,brier,0.1677099009516578,0.16125829241494694,0.1745819872461538,0.003693106824669231,200,percentile
Framingham-office,age_group,70-79,scaled_brier,-1.2727040939868721,-1.5503469471915412,-0.9850707757661806,0.14654382562894586,200,percentile
Framingham-office,age_group,70-79,pct_flagged_7.5,0.9940882219190541,0.9905441709765831,0.9968822203265904,0.001755619171509134,200,percentile
Framingham-office,age_group,70-79,TPR_7.5,1.0,1.0,1.0,0.0,200,percentile
Framingham-office,age_group,70-79,FPR_7.5,0.9936614847599522,0.989361593984507,0.9966707975012199,0.0020115672872997046,200,percentile
Framingham-office,age_group,70-79,pct_flagged_20,0.8030923146884947,0.7827436196203721,0.8184354926528085,0.00868910722816604,200,percentile
Framingham-office,age_group,70-79,TPR_20,0.9224911084123557,0.8739913970591238,0.9589528934920151,0.02230124956616135,200,percentile
Framingham-office,age_group,70-79,FPR_20,0.788592188434365,0.7685140548784843,0.8082940765813474,0.010552224642646659,200,percentile
Framingham-office,age_group,70-79,rel_OE,1.5340584333405671,1.377350484710177,1.6828174975344987,0.0789055410959457,200,percentile
Framingham-office,income,PIR 1.3-3.5,n,4520.0,2805.0,2909.025,26.634877199211587,200,percentile
Framingham-office,income,PIR 1.3-3.5,events,144.0,81.0,103.025,5.839425868384821,200,percentile
Framingham-office,income,PIR 1.3-3.5,observed,0.03194901200591318,0.02740836608586969,0.03781364799266269,0.0025841732902676245,200,percentile
Framingham-office,income,PIR 1.3-3.5,expected,0.20122112716273455,0.19734828809615299,0.20534039324138165,0.002206936697407871,200,percentile
Framingham-office,income,PIR 1.3-3.5,OE,0.15877563383329474,0.13696833561304655,0.18802767880806207,0.012807329374980466,200,percentile
Framingham-office,income,PIR 1.3-3.5,cal_intercept,-2.2937694453412223,-2.4593376292327873,-2.1028023932446867,0.08669424616302122,200,percentile
Framingham-office,income,PIR 1.3-3.5,cal_slope,0.9923274814677113,0.855303133855139,1.127868543287315,0.07373257173524929,200,percentile
Framingham-office,income,PIR 1.3-3.5,AUC,0.7981879507562679,0.7646141976722705,0.8233333260583983,0.01633131538517438,200,percentile
Framingham-office,income,PIR 1.3-3.5,brier,0.07497774924540092,0.07155641961567591,0.07876778510727575,0.0018450185047746144,200,percentile
Framingham-office,income,PIR 1.3-3.5,scaled_brier,-1.4242462591933869,-1.7692842807657359,-1.11222816843197,0.1701612222595611,200,percentile
Framingham-office,income,PIR 1.3-3.5,pct_flagged_7.5,0.7477876106194691,0.7358760367289051,0.7584240784503071,0.006133927188661895,200,percentile
Framingham-office,income,PIR 1.3-3.5,TPR_7.5,0.9722645201896281,0.9463678045589953,0.9927190839343176,0.012557826966587526,200,percentile
Framingham-office,income,PIR 1.3-3.5,FPR_7.5,0.7470309726665083,0.7341075677675576,0.7583417716911544,0.006924317224301218,200,percentile
Framingham-office,income,PIR 1.3-3.5,pct_flagged_20,0.39048672566371684,0.3792656464920308,0.40451149710847434,0.006152830217765238,200,percentile
Framingham-office,income,PIR 1.3-3.5,TPR_20,0.8184837277900088,0.7517985008833457,0.8694630867065839,0.03176976464588918,200,percentile
Framingham-office,income,PIR 1.3-3.5,FPR_20,0.3787777388989206,0.3664136431003251,0.39144925928613417,0.0070117205667808,200,percentile
Framingham-office,income,PIR 1.3-3.5,rel_OE,1.0917773246714502,0.9666733844227241,1.2340052320880512,0.06961767217615088,200,percentile
Framingham-office,income,PIR<1.3,n,3136.0,1933.95,2032.0,23.822825400238557,200,percentile
Framingham-office,income,PIR<1.3,events,124.0,67.975,88.0,5.572074575539786,200,percentile
Framingham-office,income,PIR<1.3,observed,0.03996337671369271,0.0332834102595872,0.046284313954201454,0.003665671271720164,200,percentile
Framingham-office,income,PIR<1.3,expected,0.20285420923655512,0.19601948892760396,0.20837718718366624,0.003110258805829195,200,percentile
Framingham-office,income,PIR<1.3,OE,0.19700541026038101,0.16317066436942412,0.23048595815662248,0.017550819814824224,200,percentile
Framingham-office,income,PIR<1.3,cal_intercept,-2.0714370806993316,-2.296316046983636,-1.8997935642105257,0.10315068915206782,200,percentile
Framingham-office,income,PIR<1.3,cal_slope,0.7657692602451969,0.6446637403890175,0.939288388758323,0.07442441328473237,200,percentile
Framingham-office,income,PIR<1.3,AUC,0.7476026228935934,0.7111101013943689,0.7954929351527681,0.021315531202854114,200,percentile
Framingham-office,income,PIR<1.3,brier,0.08061229038237608,0.07517810412960019,0.08555857813967942,0.002667084924069887,200,percentile
Framingham-office,income,PIR<1.3,scaled_brier,-1.101122062390799,-1.4792439293064061,-0.8066169423666827,0.16858608869518651,200,percentile
Framingham-office,income,PIR<1.3,pct_flagged_7.5,0.7417091836734694,0.7251718735150657,0.7573234136782399,0.00818404383756491,200,percentile
Framingham-office,income,PIR<1.3,TPR_7.5,0.9338896233196585,0.8869929925739556,0.9750648170559422,0.023259736021611525,200,percentile
Framingham-office,income,PIR<1.3,FPR_7.5,0.7331075111560297,0.7159503332376654,0.7525781234730345,0.009106342615048257,200,percentile
Framingham-office,income,PIR<1.3,pct_flagged_20,0.38903061224489793,0.3722551966246375,0.4070860851353495,0.009134319509534762,200,percentile
Framingham-office,income,PIR<1.3,TPR_20,0.7501948231139078,0.6789368687164491,0.82602386406192,0.03837184664029107,200,percentile
Framingham-office,income,PIR<1.3,FPR_20,0.3681328842444813,0.3505892650835861,0.3903240411791819,0.010304472093898316,200,percentile
Framingham-office,income,PIR<1.3,rel_OE,1.3546539514098754,1.1608324837328836,1.5327535493298126,0.09594537808464232,200,percentile
Framingham-office,income,PIR>3.5,n,4696.0,2908.925,3035.075,30.586573317988474,200,percentile
Framingham-office,income,PIR>3.5,events,60.0,31.0,45.025000000000006,3.8866832302958914,200,percentile
Framingham-office,income,PIR>3.5,observed,0.012671438649998484,0.009752289047334613,0.016373745142371766,0.0017284327326067557,200,percentile
Framingham-office,income,PIR>3.5,expected,0.15646738762358425,0.1519595649740084,0.16089234950522213,0.002202917800869262,200,percentile
Framingham-office,income,PIR>3.5,OE,0.08098453513189814,0.06274516435848626,0.1042810961373825,0.010997192183784626,200,percentile
Framingham-office,income,PIR>3.5,cal_intercept,-2.92135656359375,-3.2029517775060334,-2.6576041509785444,0.1441258223991304,200,percentile
Framingham-office,income,PIR>3.5,cal_slope,0.819674965691621,0.6802985659679939,1.035340480495287,0.0963462613698933,200,percentile
Framingham-office,income,PIR>3.5,AUC,0.7666497897971778,0.7158155906879352,0.8202150413977102,0.027921476518423142,200,percentile
Framingham-office,income,PIR>3.5,brier,0.04945013380622311,0.04640142541270987,0.052369416262248766,0.0016051704523332253,200,percentile
Framingham-office,income,PIR>3.5,scaled_brier,-2.9525725063267934,-4.0285480021577555,-2.1713840094979675,0.493515671656946,200,percentile
Framingham-office,income,PIR>3.5,pct_flagged_7.5,0.6522572402044293,0.6366334782443942,0.6679708057748382,0.007559839773157852,200,percentile
Framingham-office,income,PIR>3.5,TPR_7.5,0.9170508751805543,0.8539922543935692,0.9821659182538305,0.034582171293104653,200,percentile
Framingham-office,income,PIR>3.5,FPR_7.5,0.6502272608616322,0.6316121073333952,0.6666113603887863,0.008523302836487997,200,percentile
Framingham-office,income,PIR>3.5,pct_flagged_20,0.2659710391822828,0.25191867060120887,0.2796321713207753,0.006846609132424905,200,percentile
Framingham-office,income,PIR>3.5,TPR_20,0.6682035007222171,0.5483327965170697,0.8017430266663232,0.06460931855536826,200,percentile
Framingham-office,income,PIR>3.5,FPR_20,0.2635162153169144,0.24624227353332862,0.2780600326358979,0.0077041083891712025,200,percentile
Framingham-office,income,PIR>3.5,rel_OE,0.5568680594838478,0.4314607566657216,0.6994002110157158,0.06975768952345694,200,percentile
Framingham-office,education,<HS,n,4127.0,2557.95,2661.025,25.571355971695386,200,percentile
Framingham-office,education,<HS,events,151.0,82.0,109.0,6.385046522577374,200,percentile
Framingham-office,education,<HS,observed,0.03781721168744455,0.03220577278145665,0.04446220330683749,0.0032176776625831884,200,percentile
Framingham-office,education,<HS,expected,0.2252261188872859,0.21981993004257416,0.23107101535824368,0.0029185453263165556,200,percentile
Framingham-office,education,<HS,OE,0.16790775365787003,0.14427288365750326,0.19610971852938566,0.01395932165032167,200,percentile
Framingham-office,education,<HS,cal_intercept,-2.3010684809757023,-2.4815638796505377,-2.1170940360438877,0.09262312489537264,200,percentile
Framingham-office,education,<HS,cal_slope,0.8390756798853659,0.7103386671250406,1.0169908559587373,0.07637912241913475,200,percentile
Framingham-office,education,<HS,AUC,0.7570414993360556,0.7178598874480281,0.8000998602052791,0.019877158386435168,200,percentile
Framingham-office,education,<HS,brier,0.09046622327354074,0.08555729918270437,0.09498321545155129,0.002406119500791562,200,percentile
Framingham-office,education,<HS,scaled_brier,-1.4862189455498234,-1.8724008913001913,-1.1459510654184337,0.18635417055815418,200,percentile
Framingham-office,education,<HS,pct_flagged_7.5,0.7850739035619094,0.7712792352851282,0.7962068358871688,0.006781722767490422,200,percentile
Framingham-office,education,<HS,TPR_7.5,0.940517546976285,0.9012677233391757,0.9703468950679293,0.01830888240560728,200,percentile
Framingham-office,education,<HS,FPR_7.5,0.7815665683721394,0.7660245656532405,0.796067685984558,0.007758440620495485,200,percentile
Framingham-office,education,<HS,pct_flagged_20,0.44754058638236005,0.43206187059021256,0.46224372349813114,0.008219180035221737,200,percentile
Framingham-office,education,<HS,TPR_20,0.8083343180346959,0.7417431799735955,0.86429123748775,0.03287085746000572,200,percentile
Framingham-office,education,<HS,FPR_20,0.4402512961740519,0.42159007282757627,0.45703001673287447,0.009253925176340811,200,percentile
Framingham-office,education,<HS,rel_OE,1.1545718549777948,1.020501228419603,1.2900455801800361,0.06999891211820702,200,percentile
Framingham-office,education,College+,n,2796.0,1723.875,1823.025,23.610230620427007,200,percentile
Framingham-office,education,College+,events,48.0,24.0,36.025000000000006,3.4290768202529347,200,percentile
Framingham-office,education,College+,observed,0.01709407429638614,0.012633315082858925,0.021815629503753032,0.0025892950703857854,200,percentile
Framingham-office,education,College+,expected,0.14955024931009336,0.14477944731269335,0.15425611049984567,0.002629219099895977,200,percentile
Framingham-office,education,College+,OE,0.11430321497452986,0.08396229354428285,0.1475063214412132,0.016992093088745868,200,percentile
Framingham-office,education,College+,cal_intercept,-2.5523758251771844,-2.879957416049576,-2.279966685579778,0.16012906645529318,200,percentile
Framingham-office,education,College+,cal_slope,0.9824236509246828,0.7823406278349665,1.2506375295743921,0.12809123784592868,200,percentile
Framingham-office,education,College+,AUC,0.8013211306761168,0.7435917643560298,0.8599377796336803,0.03135275654223424,200,percentile
Framingham-office,education,College+,brier,0.04734004120963183,0.04319789201561087,0.05211238145510432,0.0022385947062176104,200,percentile
Framingham-office,education,College+,scaled_brier,-1.8175464925468998,-2.643164188772574,-1.2899931841117658,0.36899646126995483,200,percentile
Framingham-office,education,College+,pct_flagged_7.5,0.6169527896995708,0.599024102723715,0.6365972970472694,0.01004522295112471,200,percentile
Framingham-office,education,College+,TPR_7.5,0.8914009897807053,0.8015709202963893,0.9762059934514998,0.04528929100210765,200,percentile
Framingham-office,education,College+,FPR_7.5,0.6193932687334206,0.5973624328637206,0.6388562802234163,0.01137774922508318,200,percentile
Framingham-office,education,College+,pct_flagged_20,0.25357653791130186,0.23742664087848664,0.2680227461064927,0.00799972830186716,200,percentile
Framingham-office,education,College+,TPR_20,0.7473575627531208,0.620314230559453,0.8834945676860391,0.06230237229905321,200,percentile
Framingham-office,education,College+,FPR_20,0.24932275023358008,0.23089511392500012,0.2641205136677492,0.00906884830467137,200,percentile
Framingham-office,education,College+,rel_OE,0.7859748705350091,0.5848356681153614,0.9976241345274844,0.1102641090323404,200,percentile
Framingham-office,education,HS/GED,n,3138.0,1939.975,2026.025,22.61337488341995,200,percentile
Framingham-office,education,HS/GED,events,90.0,48.0,65.025,4.596306141974635,200,percentile
Framingham-office,education,HS/GED,observed,0.02861859988288628,0.023620827335088915,0.034869979153821465,0.003237804191311106,200,percentile
Framingham-office,education,HS/GED,expected,0.1896728157802786,0.1835140167655112,0.1949565771137379,0.002896513226824515,200,percentile
Framingham-office,education,HS/GED,OE,0.15088403557017224,0.12406498908795861,0.18274220617343226,0.0167815456346214,200,percentile
Framingham-office,education,HS/GED,cal_intercept,-2.3221519469735443,-2.552355523824542,-2.0916523474286537,0.12321889251813391,200,percentile
Framingham-office,education,HS/GED,cal_slope,0.8819691186547554,0.7035898215001566,1.0586506766352566,0.08599608400597662,200,percentile
Framingham-office,education,HS/GED,AUC,0.7819592667396527,0.7323726876299332,0.8177149518458018,0.021898089792907735,200,percentile
Framingham-office,education,HS/GED,brier,0.06919949679900544,0.06517288171212107,0.07361813290641017,0.0022761368987673394,200,percentile
Framingham-office,education,HS/GED,scaled_brier,-1.4892285312508915,-1.9885975445348523,-1.0893175660329386,0.24585996782394606,200,percentile
Framingham-office,education,HS/GED,pct_flagged_7.5,0.7386870618228171,0.7236985953328834,0.751874373549943,0.007392846820551041,200,percentile
Framingham-office,education,HS/GED,TPR_7.5,0.9668324706971213,0.9285499139414802,1.0,0.018384864703495957,200,percentile
Framingham-office,education,HS/GED,FPR_7.5,0.7398631861334558,0.7233646757328747,0.755229455350771,0.008156671730817504,200,percentile
Framingham-office,education,HS/GED,pct_flagged_20,0.3546845124282983,0.3379450361123302,0.37054592999053926,0.008683631573896275,200,percentile
Framingham-office,education,HS/GED,TPR_20,0.7899389810817683,0.7015600220167018,0.8682539811668498,0.03980494076960545,200,percentile
Framingham-office,education,HS/GED,FPR_20,0.3407968958280972,0.32376247299825217,0.3587379232663963,0.009333348680258861,200,percentile
Framingham-office,education,HS/GED,rel_OE,1.0375129024104128,0.8520363853687929,1.240653966279315,0.10174117296981093,200,percentile
Framingham-office,education,Some college,n,3390.0,2089.95,2195.1,26.056961183734565,200,percentile
Framingham-office,education,Some college,events,71.0,38.0,53.0,3.7634048520458214,200,percentile
Framingham-office,education,Some college,observed,0.0207218498695426,0.016468492297619826,0.025768574705325214,0.0023823991329441074,200,percentile
Framingham-office,education,Some college,expected,0.16392237629966244,0.15875306742150877,0.16939223387800725,0.002610191296293044,200,percentile
Framingham-office,education,Some college,OE,0.12641257610651946,0.09965839502929591,0.15633952781365373,0.014467167351525543,200,percentile
Framingham-office,education,Some college,cal_intercept,-2.4520314750144303,-2.704164166292432,-2.2275439977711686,0.12234421332298681,200,percentile
Framingham-office,education,Some college,cal_slope,0.8972710607964242,0.702690870889281,1.1036966471878167,0.1064248734576295,200,percentile
Framingham-office,education,Some college,AUC,0.7706314537841457,0.7150775442969981,0.822217996034455,0.026443812630577487,200,percentile
Framingham-office,education,Some college,brier,0.055342045522988874,0.051451098575905754,0.059326704307755176,0.0019255517397574213,200,percentile
Framingham-office,education,Some college,scaled_brier,-1.7272228051217233,-2.3455796590266464,-1.267960087839944,0.27877700939612626,200,percentile
Framingham-office,education,Some college,pct_flagged_7.5,0.6737463126843658,0.6572628719443757,0.691159996394662,0.008512803844430594,200,percentile
Framingham-office,education,Some college,TPR_7.5,0.9579577532284582,0.9052996224645228,1.0,0.024383537851396988,200,percentile
Framingham-office,education,Some college,FPR_7.5,0.6683836023244718,0.6493733162441226,0.6856735508991063,0.009494177848610839,200,percentile
Framingham-office,education,Some college,pct_flagged_20,0.28584070796460176,0.2732517802434829,0.30271019598993226,0.007531229743781277,200,percentile
Framingham-office,education,Some college,TPR_20,0.6471505576800688,0.5162404012364921,0.752314558588564,0.06092069829984123,200,percentile
Framingham-office,education,Some college,FPR_20,0.2793153812662683,0.26511829236893436,0.29530767768689575,0.00818955201570992,200,percentile
Framingham-office,education,Some college,rel_OE,0.8692415883617824,0.7068572661425672,1.038136154714886,0.08965115779957872,200,percentile
Framingham-office,sex,GAP(max-min),OE,0.01847602628672096,0.0,0.03449911546252439,0.013278004859398685,200,basic
Framingham-office,sex,GAP(max-min),AUC,0.007688682204811892,0.0,0.014525435724444069,0.01485662498840659,200,basic
Framingham-office,sex,GAP(max-min),cal_slope,0.034638983920075805,0.0,0.06497438776090553,0.0601094822548432,200,basic
Framingham-office,sex,GAP(max-min),TPR_7.5,0.09309138302901199,0.03857044061814999,0.14213775592660954,0.028293911603637256,200,basic
Framingham-office,sex,GAP(max-min),FPR_7.5,0.2925516691239428,0.277528739742367,0.31071977099447196,0.0085753769917586,200,basic
Framingham-office,sex,GAP(max-min),pct_flagged_7.5,0.2921864591675948,0.27805818677056743,0.307311549540997,0.007855059979082748,200,basic
Framingham-office,sex,GAP(max/min),OE,1.133482291956071,1.0,1.2498446346115017,0.10289691600180971,200,basic
Framingham-office,race,GAP(max-min),OE,0.0424829177453641,0.0,0.07649829311006358,0.02218428651654405,200,basic
Framingham-office,race,GAP(max-min),AUC,0.034868933124580725,0.0,0.05488834592947649,0.03930720367812871,200,basic
Framingham-office,race,GAP(max-min),cal_slope,0.05143102690186274,0.0,0.04070142549136898,0.14060503427271473,200,basic
Framingham-office,race,GAP(max-min),TPR_7.5,0.07828598328091985,0.0,0.1341171027013883,0.05649494847916752,200,basic
Framingham-office,race,GAP(max-min),FPR_7.5,0.10396502115515993,0.07555412280518681,0.12886294623712274,0.014366960661459972,200,basic
Framingham-office,race,GAP(max-min),pct_flagged_7.5,0.08880997045571215,0.0633460226606183,0.11014994686208815,0.013262878491269604,200,basic
Framingham-office,race,GAP(max/min),OE,1.3803639684528766,1.0,1.7043451794033042,0.2663494468348482,200,basic
Framingham-office,age_group,GAP(max-min),OE,0.1312213259620385,0.08435869284823211,0.16245768318363332,0.020268769267848007,200,basic
Framingham-office,age_group,GAP(max-min),AUC,0.11028844323654763,0.0,0.17195173185238266,0.045536086175039334,200,basic
Framingham-office,age_group,GAP(max-min),cal_slope,0.6269829032295856,0.09953266607782663,0.9759386347642689,0.21817832441692916,200,basic
Framingham-office,age_group,GAP(max-min),TPR_7.5,0.25584022504445036,0.09446756715007798,0.3528769694949102,0.06942615311691169,200,basic
Framingham-office,age_group,GAP(max-min),FPR_7.5,0.621036818476622,0.6058259240224855,0.6400388339618461,0.009132512513826144,200,basic
Framingham-office,age_group,GAP(max-min),pct_flagged_7.5,0.6246312083443935,0.6099568735037042,0.6422496474081919,0.008296310840170814,200,basic
Framingham-office,age_group,GAP(max/min),OE,2.428265165482979,1.4360158848252502,2.9035090805364505,0.3933755693262189,200,basic
Framingham-office,income,GAP(max-min),OE,0.11602087512848287,0.07993760921091514,0.1569205252650802,0.0201641344635414,200,basic
Framingham-office,income,GAP(max-min),AUC,0.050585327862674556,0.0,0.0880832479612576,0.022189141503653184,200,basic
Framingham-office,income,GAP(max-min),cal_slope,0.22655822122251446,0.032973888411882535,0.3697220437444029,0.08534537086454039,200,basic
Framingham-office,income,GAP(max-min),TPR_7.5,0.055213645009073775,0.0,0.09301007359021596,0.030644949627844833,200,basic
Framingham-office,income,GAP(max-min),FPR_7.5,0.09680371180487612,0.0757192112998226,0.11803439445156474,0.010755438742328307,200,basic
Framingham-office,income,GAP(max-min),pct_flagged_7.5,0.09553037041503976,0.07659332540219464,0.11243248671231068,0.009592732002157088,200,basic
Framingham-office,income,GAP(max/min),OE,2.4326300069454203,1.4567796064865073,3.095093633363267,0.39372968904510913,200,basic
Framingham-office,education,GAP(max-min),OE,0.05360453868334017,0.008424862126987148,0.07768078307377149,0.018550808804248295,200,basic
Framingham-office,education,GAP(max-min),AUC,0.04427963134006119,0.0,0.07265754293490626,0.029882170843465568,200,basic
Framingham-office,education,GAP(max-min),cal_slope,0.14334797103931685,0.0,0.24343182977681005,0.12333829146612783,200,basic
Framingham-office,education,GAP(max-min),TPR_7.5,0.07543148091641605,0.0,0.1289123593017468,0.04042900130277211,200,basic
Framingham-office,education,GAP(max-min),FPR_7.5,0.16217329963871885,0.13239016354040584,0.1874633331161118,0.014263370945122566,200,basic
Framingham-office,education,GAP(max-min),pct_flagged_7.5,0.16812111386233863,0.14310383198777787,0.19273437216949468,0.012321894630856525,200,basic
Framingham-office,education,GAP(max/min),OE,1.4689678999430142,1.0,1.707625144412922,0.234635431475068,200,basic
PCE (recal),Overall,All,n,13466.0,8438.95,8586.025,37.273860524394514,200,percentile
PCE (recal),Overall,All,events,362.0,213.975,246.025,8.927423730974231,200,percentile
PCE (recal),Overall,All,observed,0.027013720906110657,0.02467674019335717,0.029924370144193888,0.0014107056245544264,200,percentile
PCE (recal),Overall,All,expected,0.026821501037281523,0.026250592365226325,0.027271020064470262,0.00025817396091772435,200,percentile
PCE (recal),Overall,All,OE,1.007166633536354,0.9154252390540476,1.111539792070529,0.05212009743324583,200,percentile
PCE (recal),Overall,All,cal_intercept,-0.0006655406868579812,-0.09932170982597753,0.10474912099499623,0.05510756212617904,200,percentile
PCE (recal),Overall,All,cal_slope,0.9861425299577217,0.889237706379629,1.109279357651077,0.05659208288863727,200,percentile
PCE (recal),Overall,All,AUC,0.7879798183197898,0.7673796443204107,0.8104024239269895,0.011371551162738313,200,percentile
PCE (recal),Overall,All,brier,0.0252704750214096,0.023207355084523044,0.027642339729497034,0.0012221838977336612,200,percentile
PCE (recal),Overall,All,scaled_brier,0.03855979100756868,0.026795094494937405,0.05028062431340894,0.0059899905154842045,200,percentile
PCE (recal),Overall,All,pct_flagged_7.5,0.07448388534085845,0.07009876726570623,0.07790732214466063,0.0020474862199727144,200,percentile
PCE (recal),Overall,All,TPR_7.5,0.327307602382256,0.2799283591686855,0.3780830207753727,0.024090398422303934,200,percentile
PCE (recal),Overall,All,FPR_7.5,0.06878831202280776,0.06410433300648531,0.07216298531592588,0.002226321812621778,200,percentile
PCE (recal),Overall,All,pct_flagged_20,0.004158621713946235,0.0030428486558740533,0.005201990197534532,0.0005785405479610467,200,percentile
PCE (recal),Overall,All,TPR_20,0.02749456203121249,0.012479726406274419,0.04383215207258486,0.008117729808955105,200,percentile
PCE (recal),Overall,All,FPR_20,0.0035400936233273925,0.0023884145161692095,0.0046951770645654286,0.0005949546868206426,200,percentile
PCE (recal),Overall,All,rel_OE,1.0,1.0,1.0,0.0,200,percentile
PCE (recal),sex,Female,n,6883.0,4280.9,4411.05,34.77516586306971,200,percentile
PCE (recal),sex,Female,events,145.0,81.0,103.0,5.351334779248818,200,percentile
PCE (recal),sex,Female,observed,0.021294194048772756,0.01816319222437981,0.02519213712088221,0.0017412995721131723,200,percentile
PCE (recal),sex,Female,expected,0.020713904022995337,0.019988905867747892,0.021438698386190922,0.000366246183600507,200,percentile
PCE (recal),sex,Female,OE,1.028014517453263,0.8864104704261925,1.2144097257869062,0.08029150738894349,200,percentile
PCE (recal),sex,Female,cal_intercept,0.013902799026665752,-0.1481805582800871,0.18886972729092974,0.0827538443408183,200,percentile
PCE (recal),sex,Female,cal_slope,0.9285425192267294,0.7743446059390677,1.1369828502343393,0.08944617032171964,200,percentile
PCE (recal),sex,Female,AUC,0.79588929776225,0.7591344897536771,0.8331094452949095,0.019435571229886713,200,percentile
PCE (recal),sex,Female,brier,0.02002084394740956,0.017229715421789325,0.023468672563395798,0.001545467359300543,200,percentile
PCE (recal),sex,Female,scaled_brier,0.03934154711903115,0.019761779918586044,0.0573699896263278,0.00967044564947323,200,percentile
PCE (recal),sex,Female,pct_flagged_7.5,0.05114049106494261,0.045680727822812676,0.05492242261117188,0.0025878735299998453,200,percentile
PCE (recal),sex,Female,TPR_7.5,0.2807644951034366,0.20716974289764079,0.3497914566355966,0.03668329526808225,200,percentile
PCE (recal),sex,Female,FPR_7.5,0.047998186472392915,0.042298484339140435,0.052457446485737726,0.0028192159749948907,200,percentile
PCE (recal),sex,Female,pct_flagged_20,0.0030509952055789626,0.0018779279103633445,0.004510957030784593,0.0007201760894253536,200,percentile
PCE (recal),sex,Female,TPR_20,0.0410874870883078,0.013250141873708376,0.0752621047295192,0.01609513908274456,200,percentile
PCE (recal),sex,Female,FPR_20,0.0022535605014709203,0.001170855900330889,0.003744970483050162,0.0006566987392106091,200,percentile
PCE (recal),sex,Female,rel_OE,1.0206995379143053,0.9127681281021875,1.1297180249516137,0.06041338582130001,200,percentile
PCE (recal),sex,Male,n,6583.0,4101.0,4216.025,30.75408662635102,200,percentile
PCE (recal),sex,Male,events,217.0,123.975,152.0,7.173485517679798,200,percentile
PCE (recal),sex,Male,observed,0.032951105313655873,0.02891846402677544,0.03725173513945846,0.0021658789664504925,200,percentile
PCE (recal),sex,Male,expected,0.03320743302107794,0.03249190439484578,0.03385765587166638,0.0003995597462678108,200,percentile
PCE (recal),sex,Male,OE,0.992281014095267,0.8802582806899125,1.1277659615279125,0.06573355229661777,200,percentile
PCE (recal),sex,Male,cal_intercept,-0.010385992949806607,-0.13792864156532247,0.12999633622581402,0.07077256037443796,200,percentile
PCE (recal),sex,Male,cal_slope,1.0463872916848849,0.908180483445424,1.1928782104632145,0.07453161411000568,200,percentile
PCE (recal),sex,Male,AUC,0.7702699932739806,0.7410974622700784,0.7982709318273193,0.015201461808804996,200,percentile
PCE (recal),sex,Male,brier,0.030720065251787505,0.027227394102523807,0.0342729301946221,0.0018831080995556303,200,percentile
PCE (recal),sex,Male,scaled_brier,0.035940777060007645,0.021192329781148007,0.04959985466000912,0.007367192372827339,200,percentile
PCE (recal),sex,Male,pct_flagged_7.5,0.09889108309281483,0.0927477830265003,0.10512045706994208,0.0033667265379096877,200,percentile
PCE (recal),sex,Male,TPR_7.5,0.3585311077325965,0.3013224731291075,0.42356350532661247,0.03346950211436782,200,percentile
PCE (recal),sex,Male,FPR_7.5,0.09063048830108024,0.08291682102580274,0.09696171337418479,0.0035640382501046105,200,percentile
PCE (recal),sex,Male,pct_flagged_20,0.005316724897463163,0.0034959489151332054,0.00689350209417482,0.0008887590757190893,200,percentile
PCE (recal),sex,Male,TPR_20,0.01837573019850983,0.004507105495968016,0.034036450437987927,0.007976451742439264,200,percentile
PCE (recal),sex,Male,FPR_20,0.00489172967609113,0.003031581061333942,0.006374109914788043,0.0009149332312130458,200,percentile
PCE (recal),sex,Male,rel_OE,0.9852203012436772,0.9120374198380902,1.05669255923909,0.039127569949614555,200,percentile
PCE (recal),race,Mexican American,n,2794.0,1719.85,1813.05,24.09378190806018,200,percentile
PCE (recal),race,Mexican American,events,62.0,30.975,47.0,4.148875248684361,200,percentile
PCE (recal),race,Mexican American,observed,0.02520622729693485,0.01920168317731077,0.032376831226357,0.0033080039074116136,200,percentile
PCE (recal),race,Mexican American,expected,0.026318810997676193,0.025024339873231893,0.027460841991258037,0.0005812535835196251,200,percentile
PCE (recal),race,Mexican American,OE,0.9577266731069433,0.7403241548259124,1.2371014659376065,0.12447973064736262,200,percentile
PCE (recal),race,Mexican American,cal_intercept,-0.0753033526682266,-0.34236526129150074,0.20023204535930078,0.13929123003136953,200,percentile
PCE (recal),race,Mexican American,cal_slope,1.0229199742890032,0.7602470441040203,1.3586067632003334,0.14231933293977503,200,percentile
PCE (recal),race,Mexican American,AUC,0.8028690829487769,0.7441659803089752,0.8586917393852884,0.02810069313280095,200,percentile
PCE (recal),race,Mexican American,brier,0.023446190142054412,0.018361149014279224,0.030263876916770276,0.0028708067034072912,200,percentile
PCE (recal),race,Mexican American,scaled_brier,0.04577302735304023,0.010940583875155676,0.07665126698484398,0.01690634859910945,200,percentile
PCE (recal),race,Mexican American,pct_flagged_7.5,0.07516105941302792,0.06444231382802178,0.08475583290594657,0.005097545622426204,200,percentile
PCE (recal),race,Mexican American,TPR_7.5,0.36990453217618036,0.24400160093119042,0.5,0.06691458245204081,200,percentile
PCE (recal),race,Mexican American,FPR_7.5,0.07426496433780769,0.06254208223658443,0.08491793348849057,0.005472289846087492,200,percentile
PCE (recal),race,Mexican American,pct_flagged_20,0.003937007874015748,0.001816487852310124,0.006383946531451864,0.00117917580663804,200,percentile
PCE (recal),race,Mexican American,TPR_20,0.0321656114935809,0.0,0.07535710556392303,0.02051072922693241,200,percentile
PCE (recal),race,Mexican American,FPR_20,0.0037428241923595324,0.0016061408681836335,0.006443357476205963,0.001260112971997678,200,percentile
PCE (recal),race,Mexican American,rel_OE,0.9509118364497267,0.744142697009995,1.1924192637333877,0.1087764260984036,200,percentile
PCE (recal),race,NH Black,n,2577.0,1585.9,1675.05,24.098716577932493,200,percentile
PCE (recal),race,NH Black,events,85.0,45.975,63.025000000000006,4.46907576473646,200,percentile
PCE (recal),race,NH Black,observed,0.0328297981317907,0.02673892004271837,0.041121663459351226,0.00383675138192561,200,percentile
PCE (recal),race,NH Black,expected,0.030819667335400418,0.029455699382227123,0.03208182985469364,0.0006761454809264017,200,percentile
PCE (recal),race,NH Black,OE,1.0652223391808444,0.8736864392769289,1.3327116117510651,0.1228800344456376,200,percentile
PCE (recal),race,NH Black,cal_intercept,0.05845671353690706,-0.16188482742483715,0.30186230076417414,0.12217360706928954,200,percentile
PCE (recal),race,NH Black,cal_slope,1.0220713379789483,0.7476527107625429,1.3139245526601906,0.1506136708458343,200,percentile
PCE (recal),race,NH Black,AUC,0.769037857631602,0.7127749202232097,0.8174993064385319,0.026962179931348352,200,percentile
PCE (recal),race,NH Black,brier,0.030002931340044593,0.02476175062124751,0.03746572175342468,0.003336031353506034,200,percentile
PCE (recal),race,NH Black,scaled_brier,0.05508538074473335,0.026805589320711396,0.08716465718352585,0.014966224607720107,200,percentile
PCE (recal),race,NH Black,pct_flagged_7.5,0.08808692277842453,0.07808198111300907,0.09730539770596905,0.005128079119400017,200,percentile
PCE (recal),race,NH Black,TPR_7.5,0.3634145205528033,0.2620468771310961,0.4715762636849216,0.05153090414038006,200,percentile
PCE (recal),race,NH Black,FPR_7.5,0.07680106625354294,0.06520653552667072,0.08562487386982257,0.0051191545809558614,200,percentile
PCE (recal),race,NH Black,pct_flagged_20,0.00543267365153279,0.0026918193967163037,0.008460068208439298,0.001525545803578677,200,percentile
PCE (recal),race,NH Black,TPR_20,0.082061343350633,0.02525202337869448,0.14426081873035354,0.031343192158552996,200,percentile
PCE (recal),race,NH Black,FPR_20,0.002785504900193307,0.0004054097904677725,0.0052395371343195085,0.0011839853325644404,200,percentile
PCE (recal),race,NH Black,rel_OE,1.0576426022381675,0.8739913328048793,1.2966582021413602,0.10937470571716532,200,percentile
PCE (recal),race,NH White,n,6689.0,4168.925,4287.175,33.29648147165029,200,percentile
PCE (recal),race,NH White,events,191.0,107.0,133.025,6.630968914398453,200,percentile
PCE (recal),race,NH White,observed,0.02724054453331013,0.02306571590950139,0.03178517432862721,0.0020222394318669436,200,percentile
PCE (recal),race,NH White,expected,0.026236643730275625,0.02546732741430027,0.026942257110309564,0.0003904622247618601,200,percentile
PCE (recal),race,NH White,OE,1.0382633088803221,0.8957978467353077,1.2044912677681634,0.07545251188833559,200,percentile
PCE (recal),race,NH White,cal_intercept,0.04177760727017999,-0.11819659128533219,0.20131103776697903,0.07788732445280375,200,percentile
PCE (recal),race,NH White,cal_slope,1.0112295884197573,0.8847144192438916,1.143813776370599,0.06915858681575439,200,percentile
PCE (recal),race,NH White,AUC,0.8009229736116574,0.7738555420527952,0.8288147094334907,0.01455197945203864,200,percentile
PCE (recal),race,NH White,brier,0.025666314768893153,0.022053414370918633,0.029797256086646105,0.0017929489702169265,200,percentile
PCE (recal),race,NH White,scaled_brier,0.0314048940045798,0.017405577653972642,0.042740676974606095,0.006566431998074128,200,percentile
PCE (recal),race,NH White,pct_flagged_7.5,0.07280609956645238,0.06726179162596285,0.07910314626842695,0.003214266562324341,200,percentile
PCE (recal),race,NH White,TPR_7.5,0.3081654998501991,0.24543703875787862,0.37533178139681395,0.033761514683077365,200,percentile
PCE (recal),race,NH White,FPR_7.5,0.0669432660064292,0.06069511573331072,0.07315090893177469,0.003419163104619677,200,percentile
PCE (recal),race,NH White,pct_flagged_20,0.003737479443863059,0.0022470850297169023,0.005404227483553685,0.0008131593324557099,200,percentile
PCE (recal),race,NH White,TPR_20,0.005219208720681519,0.0,0.016405791787493976,0.004864409093441945,200,percentile
PCE (recal),race,NH White,FPR_20,0.0037087930615440647,0.0020690764412493014,0.00564618120893103,0.0008693180826211065,200,percentile
PCE (recal),race,NH White,rel_OE,1.0308754026479032,0.907553243938011,1.1245335216702246,0.052343316440263944,200,percentile
PCE (recal),race,Other Hispanic,n,929.0,556.975,614.0,14.138311755527338,200,percentile
PCE (recal),race,Other Hispanic,events,17.0,7.0,14.0,1.991413729795012,200,percentile
PCE (recal),race,Other Hispanic,observed,0.019188673021253596,0.010296972973432045,0.03012576141891538,0.0049333341162629074,200,percentile
PCE (recal),race,Other Hispanic,expected,0.023857457560415327,0.02222147081881525,0.02578738908931042,0.0009406334332919959,200,percentile
PCE (recal),race,Other Hispanic,OE,0.8043050259090369,0.4499872969752962,1.226621617907574,0.2044909907807973,200,percentile
PCE (recal),race,Other Hispanic,cal_intercept,-0.23499191306915532,-0.8477220575913231,0.21236834329469761,0.2758580008981967,200,percentile
PCE (recal),race,Other Hispanic,cal_slope,0.9159911848809745,0.47228329566297594,1.4796576560715264,0.25006384851350016,200,percentile
PCE (recal),race,Other Hispanic,AUC,0.7511991854385804,0.6431624475741422,0.8402273974400603,0.05155058018549122,200,percentile
PCE (recal),race,Other Hispanic,brier,0.018193405787833985,0.010449247698185954,0.0282283048116339,0.004374488141474726,200,percentile
PCE (recal),race,Other Hispanic,scaled_brier,0.033318091034514,-0.05885716129281191,0.09230482535557957,0.03605038154704706,200,percentile
PCE (recal),race,Other Hispanic,pct_flagged_7.5,0.059203444564047365,0.04624175667300367,0.07357701403722917,0.007316187128208201,200,percentile
PCE (recal),race,Other Hispanic,TPR_7.5,0.34036539129357346,0.12573490596544576,0.5559523809523811,0.11650467986582337,200,percentile
PCE (recal),race,Other Hispanic,FPR_7.5,0.05593848629067456,0.042966503480427444,0.07381630118759876,0.00778924000664972,200,percentile
PCE (recal),race,Other Hispanic,pct_flagged_20,0.006458557588805167,0.002180670635675474,0.011435106981981982,0.002457428186794753,200,percentile
PCE (recal),race,Other Hispanic,TPR_20,0.0,0.0,0.0,0.0,200,percentile
PCE (recal),race,Other Hispanic,FPR_20,0.0055491136280356726,0.0011877678000334268,0.01037605829504398,0.002277183822721315,200,percentile
PCE (recal),race,Other Hispanic,rel_OE,0.7985818822104626,0.44797276665919256,1.1899411801896786,0.19655637389799877,200,percentile
PCE (recal),race,Other/Multiracial,n,477.0,281.0,318.025,9.972001003815658,200,percentile
PCE (recal),race,Other/Multiracial,events,7.0,2.0,7.0,1.303252598955174,200,percentile
PCE (recal),race,Other/Multiracial,observed,0.015679572320388645,0.004797876905243432,0.028861967059162167,0.006065588398768145,200,percentile
PCE (recal),race,Other/Multiracial,expected,0.022140051009977568,0.019345586188611957,0.024419209819851035,0.0014044705988657223,200,percentile
PCE (recal),race,Other/Multiracial,OE,0.7081994668089309,0.23037004043965265,1.357789345257048,0.28542099930083054,200,percentile
PCE (recal),race,Other/Multiracial,cal_intercept,-0.392976780226063,-1.5409061740076133,0.2971473306331756,0.45081854936568405,200,percentile
PCE (recal),race,Other/Multiracial,cal_slope,0.047390833744483905,-0.8029762319789431,0.9678688440893745,0.4936326842435822,200,percentile
PCE (recal),race,Other/Multiracial,AUC,0.568307742123827,0.3248588855137448,0.8196304734651326,0.1317970739016036,200,percentile
PCE (recal),race,Other/Multiracial,brier,0.016133841548775098,0.005998890556600265,0.028435337697771464,0.005708094643423335,200,percentile
PCE (recal),race,Other/Multiracial,scaled_brier,-0.04536288499317109,-0.20494970479067426,-0.001732130320156928,0.06153636828862166,200,percentile
PCE (recal),race,Other/Multiracial,pct_flagged_7.5,0.050314465408805034,0.028109950022716948,0.06940352571842553,0.011189602576803105,200,percentile
PCE (recal),race,Other/Multiracial,TPR_7.5,0.0,0.0,0.0,0.0,200,percentile
PCE (recal),race,Other/Multiracial,FPR_7.5,0.048072977451901006,0.025777160817619302,0.07166559974769313,0.011919107061336838,200,percentile
PCE (recal),race,Other/Multiracial,pct_flagged_20,0.0,0.0,0.0,0.0,200,percentile
PCE (recal),race,Other/Multiracial,TPR_20,0.0,0.0,0.0,0.0,200,percentile
PCE (recal),race,Other/Multiracial,FPR_20,0.0,0.0,0.0,0.0,200,percentile
PCE (recal),race,Other/Multiracial,rel_OE,0.703160175513666,0.23246350471860142,1.3004487128101236,0.284566048108615,200,percentile
PCE (recal),age_group,40-49,n,4420.0,2740.975,2852.075,29.934628944589303,200,percentile
PCE (recal),age_group,40-49,events,35.0,16.975,27.0,2.6951659685425597,200,percentile
PCE (recal),age_group,40-49,observed,0.00795660063450242,0.005647463755773878,0.010450144494185966,0.001313006302254515,200,percentile
PCE (recal),age_group,40-49,expected,0.00771451193137314,0.007478772907806832,0.007978028751037968,0.00012949835802628855,200,percentile
PCE (recal),age_group,40-49,OE,1.0313809486955048,0.7394373978308056,1.351454114503025,0.17135413748568304,200,percentile
PCE (recal),age_group,40-49,cal_intercept,0.0159961359539646,-0.32750571018785674,0.2938546966889154,0.17081194754514845,200,percentile
PCE (recal),age_group,40-49,cal_slope,0.9141991550154515,0.5219469474691688,1.3713194708988121,0.2072345470012295,200,percentile
PCE (recal),age_group,40-49,AUC,0.7563376055944641,0.6605903030114842,0.8415750395717311,0.04640412217756411,200,percentile
PCE (recal),age_group,40-49,brier,0.007825715185650211,0.005537953708980546,0.010189852277955236,0.0012715958833179664,200,percentile
PCE (recal),age_group,40-49,scaled_brier,0.008561439945204752,-0.0020639011021177764,0.019923828409556903,0.006084864078672857,200,percentile
PCE (recal),age_group,40-49,pct_flagged_7.5,0.001583710407239819,0.0006672560770050734,0.002737309678664056,0.0005735882353524796,200,percentile
PCE (recal),age_group,40-49,TPR_7.5,0.028426691671605595,0.0,0.09953137842104186,0.029965517939975914,200,percentile
PCE (recal),age_group,40-49,FPR_7.5,0.0013965139129240177,0.0002318909416187406,0.002629944565666188,0.0006306319285742378,200,percentile
PCE (recal),age_group,40-49,pct_flagged_20,0.0,0.0,0.0,0.0,200,percentile
PCE (recal),age_group,40-49,TPR_20,0.0,0.0,0.0,0.0,200,percentile
PCE (recal),age_group,40-49,FPR_20,0.0,0.0,0.0,0.0,200,percentile
PCE (recal),age_group,40-49,rel_OE,1.0240420148492506,0.7404269228063663,1.3221533933692358,0.16110248729896054,200,percentile
PCE (recal),age_group,50-59,n,3406.0,2099.975,2201.025,26.897231835302478,200,percentile
PCE (recal),age_group,50-59,events,45.0,22.975,35.0,3.094000516480226,200,percentile
PCE (recal),age_group,50-59,observed,0.013519955107744815,0.010056953619475612,0.0178626168185472,0.0019287876648910953,200,percentile
PCE (recal),age_group,50-59,expected,0.015747830327684256,0.015253805216813313,0.01621211610506323,0.000253244445582644,200,percentile
PCE (recal),age_group,50-59,OE,0.8585281163448341,0.6426300839793743,1.1325125605316733,0.1225010721087929,200,percentile
PCE (recal),age_group,50-59,cal_intercept,-0.16145282750277784,-0.4547188894411307,0.11122999035603715,0.14574762661995058,200,percentile
PCE (recal),age_group,50-59,cal_slope,0.7302860131317036,0.3603327894547127,1.1373662188133846,0.2004328763662529,200,percentile
PCE (recal),age_group,50-59,AUC,0.6713636777262022,0.581567840869777,0.7634449772232544,0.04247390210898358,200,percentile
PCE (recal),age_group,50-59,brier,0.013260268445744435,0.010006876486524922,0.01727462236100992,0.0018372458669525945,200,percentile
PCE (recal),age_group,50-59,scaled_brier,0.005765653388193792,-0.008083304986842316,0.02286605110241593,0.008052413045400806,200,percentile
PCE (recal),age_group,50-59,pct_flagged_7.5,0.012037580739870817,0.00851730255177219,0.015285614465035006,0.001721604037615108,200,percentile
PCE (recal),age_group,50-59,TPR_7.5,0.10999712759986575,0.02067474000714019,0.20651422081174392,0.048732980239670834,200,percentile
PCE (recal),age_group,50-59,FPR_7.5,0.010628279213385036,0.007249473468296384,0.013272384155346423,0.0016359356188216988,200,percentile
PCE (recal),age_group,50-59,pct_flagged_20,0.0,0.0,0.0,0.0,200,percentile
PCE (recal),age_group,50-59,TPR_20,0.0,0.0,0.0,0.0,200,percentile
PCE (recal),age_group,50-59,FPR_20,0.0,0.0,0.0,0.0,200,percentile
PCE (recal),age_group,50-59,rel_OE,0.8524191407437498,0.6504054163290194,1.1206972892771958,0.11804284672316712,200,percentile
PCE (recal),age_group,60-69,n,3441.0,2119.95,2231.1,28.096622590714194,200,percentile
PCE (recal),age_group,60-69,events,102.0,54.975,73.025,5.084153625772163,200,percentile
PCE (recal),age_group,60-69,observed,0.02987645402215967,0.0243922908867442,0.03575652963771975,0.0030899780538367547,200,percentile
PCE (recal),age_group,60-69,expected,0.03375714234211626,0.03296147605558978,0.034603043828899706,0.00042663250398572016,200,percentile
PCE (recal),age_group,60-69,OE,0.8850409705706946,0.7199289384886595,1.0546491769748538,0.09078579029689848,200,percentile
PCE (recal),age_group,60-69,cal_intercept,-0.1230615214875818,-0.3361662532544479,0.0623032837888511,0.10821574330034298,200,percentile
PCE (recal),age_group,60-69,cal_slope,0.8336731136858211,0.5864619329028453,1.098710086164492,0.13215265408539564,200,percentile
PCE (recal),age_group,60-69,AUC,0.6745952451958861,0.6235659367660726,0.725289830001179,0.026184557163754427,200,percentile
PCE (recal),age_group,60-69,brier,0.02883337789794906,0.023929564759884763,0.034335883645255035,0.0027921354553914848,200,percentile
PCE (recal),age_group,60-69,scaled_brier,0.005191636424958346,-0.009612825154218805,0.018438918663630476,0.007281574220770926,200,percentile
PCE (recal),age_group,60-69,pct_flagged_7.5,0.062191223481546064,0.054718130037523766,0.0688231927426127,0.0037743060793161355,200,percentile
PCE (recal),age_group,60-69,TPR_7.5,0.11713041175495228,0.05994230769230769,0.17763084112149533,0.03223915880003633,200,percentile
PCE (recal),age_group,60-69,FPR_7.5,0.05933443546781043,0.051468759914948425,0.06747049407774852,0.004150700771839423,200,percentile
PCE (recal),age_group,60-69,pct_flagged_20,0.002034292356873002,0.0005915344153216742,0.0035397158605487873,0.0007681222440237634,200,percentile
PCE (recal),age_group,60-69,TPR_20,0.009760867646246023,0.0,0.030509264075039476,0.009466799086377643,200,percentile
PCE (recal),age_group,60-69,FPR_20,0.0018036060334285491,0.0005908528984730692,0.003575600381358173,0.0007542664922659164,200,percentile
PCE (recal),age_group,60-69,rel_OE,0.8787433390869464,0.7291717685964502,1.0230549204225639,0.07233767397225871,200,percentile
PCE (recal),age_group,70-79,n,2199.0,1346.975,1427.025,20.782191835497958,200,percentile
PCE (recal),age_group,70-79,events,180.0,103.0,126.0,6.393110299101867,200,percentile
PCE (recal),age_group,70-79,observed,0.08022995462814278,0.07024871515762866,0.09249890175956153,0.005944053403622074,200,percentile
PCE (recal),age_group,70-79,expected,0.0715255813260796,0.06963539806535088,0.07354036456389462,0.0009509113696132713,200,percentile
PCE (recal),age_group,70-79,OE,1.1216959462710359,0.9940733919090461,1.2971848370318795,0.08103160789763854,200,percentile
PCE (recal),age_group,70-79,cal_intercept,0.1286679370123498,-0.011971498054454568,0.28965195330248367,0.080399813861759,200,percentile
PCE (recal),age_group,70-79,cal_slope,0.9392642145848326,0.7248565036671846,1.1726687955009485,0.12175141811727797,200,percentile
PCE (recal),age_group,70-79,AUC,0.663111609616276,0.6223736798231337,0.7018461214433517,0.02055374184615334,200,percentile
PCE (recal),age_group,70-79,brier,0.07203829354478253,0.06398640367730271,0.08215617683013744,0.004843113182591964,200,percentile
PCE (recal),age_group,70-79,scaled_brier,0.02378020776335721,0.007343071076579089,0.0385576465832923,0.008443518231514381,200,percentile
PCE (recal),age_group,70-79,pct_flagged_7.5,0.3369713506139154,0.3155595334157278,0.3547450867337347,0.009947022232903455,200,percentile
PCE (recal),age_group,70-79,TPR_7.5,0.5594175831804821,0.4993991353261337,0.6268631957296825,0.03459145700793102,200,percentile
PCE (recal),age_group,70-79,FPR_7.5,0.31987772627447647,0.2943954689870106,0.3397975893970597,0.011291685088084142,200,percentile
PCE (recal),age_group,70-79,pct_flagged_20,0.022282855843565257,0.014835161539581582,0.028942706810874012,0.0033498520097582024,200,percentile
PCE (recal),age_group,70-79,TPR_20,0.04982714459205702,0.02343856379703335,0.0790007092558398,0.014928433867695011,200,percentile
PCE (recal),age_group,70-79,FPR_20,0.01949847192907129,0.013089749095175058,0.02617571314861074,0.003521132842547308,200,percentile
PCE (recal),age_group,70-79,rel_OE,1.1137143635632045,1.0026685000900752,1.2227555541096333,0.05696345662235982,200,percentile
PCE (recal),income,PIR 1.3-3.5,n,4520.0,2805.0,2909.025,26.634877199211587,200,percentile
PCE (recal),income,PIR 1.3-3.5,events,144.0,81.0,103.025,5.839425868384821,200,percentile
PCE (recal),income,PIR 1.3-3.5,observed,0.03194901200591318,0.02740836608586969,0.03781364799266269,0.0025841732902676245,200,percentile
PCE (recal),income,PIR 1.3-3.5,expected,0.030410796359841966,0.02940053579400982,0.03129428546453123,0.00047063682378362717,200,percentile
PCE (recal),income,PIR 1.3-3.5,OE,1.050581235291242,0.9057333324038281,1.2581566337464927,0.08504173942357929,200,percentile
PCE (recal),income,PIR 1.3-3.5,cal_intercept,0.03994265026742095,-0.11969398615573766,0.2287428665667094,0.08620767971757481,200,percentile
PCE (recal),income,PIR 1.3-3.5,cal_slope,1.061997898828326,0.8987828945436286,1.2096339519632708,0.08281760695984633,200,percentile
PCE (recal),income,PIR 1.3-3.5,AUC,0.80226021433341,0.769168137694852,0.82657061649251,0.015108562875425807,200,percentile
PCE (recal),income,PIR 1.3-3.5,brier,0.029698187129710053,0.025735925127385397,0.03482613840307069,0.0022473975548722527,200,percentile
PCE (recal),income,PIR 1.3-3.5,scaled_brier,0.039772202038447446,0.023705793884413445,0.0546544998326941,0.008377499053943695,200,percentile
PCE (recal),income,PIR 1.3-3.5,pct_flagged_7.5,0.0915929203539823,0.08220800657121616,0.09937950119683493,0.004307560048815803,200,percentile
PCE (recal),income,PIR 1.3-3.5,TPR_7.5,0.37471605082405707,0.3020232998845914,0.4377780980570522,0.03816884973857452,200,percentile
PCE (recal),income,PIR 1.3-3.5,FPR_7.5,0.08320681271951341,0.0734799282693757,0.0910027635813452,0.004503928869838372,200,percentile
PCE (recal),income,PIR 1.3-3.5,pct_flagged_20,0.006194690265486726,0.004183204900481234,0.008369732284400026,0.0011743848803550394,200,percentile
PCE (recal),income,PIR 1.3-3.5,TPR_20,0.027735479810371978,0.006361721731765828,0.050876857649123364,0.013853993567808112,200,percentile
PCE (recal),income,PIR 1.3-3.5,FPR_20,0.006264692190263331,0.003696573751996122,0.009117440610729615,0.0013448742332484009,200,percentile
PCE (recal),income,PIR 1.3-3.5,rel_OE,1.0431056791490907,0.9212937594035882,1.179572679634279,0.06644597842384577,200,percentile
PCE (recal),income,PIR<1.3,n,3136.0,1933.95,2032.0,23.822825400238557,200,percentile
PCE (recal),income,PIR<1.3,events,124.0,67.975,88.0,5.572074575539786,200,percentile
PCE (recal),income,PIR<1.3,observed,0.03996337671369271,0.0332834102595872,0.046284313954201454,0.003665671271720164,200,percentile
PCE (recal),income,PIR<1.3,expected,0.03055302722011161,0.029392623867140654,0.031753083624835254,0.0006231933073107179,200,percentile
PCE (recal),income,PIR<1.3,OE,1.3080005600029943,1.0932579028996492,1.5029167012611926,0.1150306174819967,200,percentile
PCE (recal),income,PIR<1.3,cal_intercept,0.29098378024733856,0.09854282944663091,0.4423250755576611,0.09816390623859778,200,percentile
PCE (recal),income,PIR<1.3,cal_slope,0.8069062871279374,0.6524339426889638,1.0246823509128737,0.09671272168130182,200,percentile
PCE (recal),income,PIR<1.3,AUC,0.7459603650978033,0.7127470000100015,0.7897353321826337,0.0212416004916979,200,percentile
PCE (recal),income,PIR<1.3,brier,0.03690762743214326,0.03098370327306314,0.042125148856816605,0.0031984794492985625,200,percentile
PCE (recal),income,PIR<1.3,scaled_brier,0.038019762242980204,0.020289219647539023,0.05799612799774759,0.009864727723561546,200,percentile
PCE (recal),income,PIR<1.3,pct_flagged_7.5,0.09693877551020408,0.0866821771265299,0.10707388542665389,0.005334331227831439,200,percentile
PCE (recal),income,PIR<1.3,TPR_7.5,0.31946921774913156,0.2576456466248489,0.40747317424393004,0.04189133737883003,200,percentile
PCE (recal),income,PIR<1.3,FPR_7.5,0.08864393772295523,0.07866472457176452,0.09918032087771184,0.005541063661931368,200,percentile
PCE (recal),income,PIR<1.3,pct_flagged_20,0.004145408163265306,0.0022162440400297968,0.006060679976756454,0.00110704468296698,200,percentile
PCE (recal),income,PIR<1.3,TPR_20,0.023960191331184866,0.0,0.05341156914980803,0.013391174336149139,200,percentile
PCE (recal),income,PIR<1.3,FPR_20,0.0033246306410775867,0.0013318639880073582,0.005452263463588295,0.001044091906521173,200,percentile
PCE (recal),income,PIR<1.3,rel_OE,1.2986933010383346,1.1171855008786944,1.468507564503632,0.09170644775277041,200,percentile
PCE (recal),income,PIR>3.5,n,4696.0,2908.925,3035.075,30.586573317988474,200,percentile
PCE (recal),income,PIR>3.5,events,60.0,31.0,45.025000000000006,3.8866832302958914,200,percentile
PCE (recal),income,PIR>3.5,observed,0.012671438649998484,0.009752289047334613,0.016373745142371766,0.0017284327326067557,200,percentile
PCE (recal),income,PIR>3.5,expected,0.020172267712273734,0.0194342607219642,0.020911791572132823,0.00038940952456296626,200,percentile
PCE (recal),income,PIR>3.5,OE,0.6281613366794948,0.4906392030517004,0.8054068345815977,0.08570679163979156,200,percentile
PCE (recal),income,PIR>3.5,cal_intercept,-0.49295235347376104,-0.765539056229447,-0.22818552762450026,0.1411809062424509,200,percentile
PCE (recal),income,PIR>3.5,cal_slope,0.8870371390236101,0.6766864135677825,1.1478638167606157,0.12405957695446534,200,percentile
PCE (recal),income,PIR>3.5,AUC,0.7673245534124807,0.7192690944443104,0.8266802619419518,0.028278349344866012,200,percentile
PCE (recal),income,PIR>3.5,brier,0.012550090956875015,0.009895823915699552,0.015865038179550494,0.0015771273027336715,200,percentile
PCE (recal),income,PIR>3.5,scaled_brier,-0.0031346863979988537,-0.03075495048928466,0.019713751279408283,0.014149405710593066,200,percentile
PCE (recal),income,PIR>3.5,pct_flagged_7.5,0.04024701873935264,0.03531508804938179,0.04524647962677624,0.002650572263599217,200,percentile
PCE (recal),income,PIR>3.5,TPR_7.5,0.18248807460278058,0.09328106173116077,0.30005378467246085,0.05202489065228916,200,percentile
PCE (recal),income,PIR>3.5,FPR_7.5,0.03971140384162499,0.03405527934170304,0.04581017993926189,0.0029951985115364912,200,percentile
PCE (recal),income,PIR>3.5,pct_flagged_20,0.0012776831345826234,0.00021462569510417772,0.0025705596326144713,0.0005614760465168547,200,percentile
PCE (recal),income,PIR>3.5,TPR_20,0.0,0.0,0.0,0.0,200,percentile
PCE (recal),income,PIR>3.5,FPR_20,0.0006387446615239182,0.0,0.0015053651620538283,0.00038339996729694326,200,percentile
PCE (recal),income,PIR>3.5,rel_OE,0.6236915677735476,0.47736358173725246,0.7841994979679419,0.07825485277333834,200,percentile
PCE (recal),education,<HS,n,4127.0,2557.95,2661.025,25.571355971695386,200,percentile
PCE (recal),education,<HS,events,151.0,82.0,109.0,6.385046522577374,200,percentile
PCE (recal),education,<HS,observed,0.03781721168744455,0.03220577278145665,0.04446220330683749,0.0032176776625831884,200,percentile
PCE (recal),education,<HS,expected,0.03435002175255278,0.03323550599167252,0.03546615485206963,0.0005922151232405098,200,percentile
PCE (recal),education,<HS,OE,1.1009370520888855,0.9378899855594452,1.285901149939924,0.0909938622398075,200,percentile
PCE (recal),education,<HS,cal_intercept,0.08214455795937652,-0.08916105454207311,0.25221802506466345,0.08956179056848994,200,percentile
PCE (recal),education,<HS,cal_slope,0.8931465742575796,0.7263013539689672,1.0876592808908427,0.09815160440476406,200,percentile
PCE (recal),education,<HS,AUC,0.7559755227488728,0.7157013102706083,0.7964997485841895,0.019498295517275763,200,percentile
PCE (recal),education,<HS,brier,0.03478923763124172,0.029627742237039636,0.03989771769396017,0.0027427705334069742,200,percentile
PCE (recal),education,<HS,scaled_brier,0.04391209702101717,0.024257135379462093,0.06144318953776018,0.010041534316959784,200,percentile
PCE (recal),education,<HS,pct_flagged_7.5,0.11121880300460382,0.1022932637926102,0.12015147303983406,0.004696117089182103,200,percentile
PCE (recal),education,<HS,TPR_7.5,0.40317923807152584,0.33292241192912464,0.47859243298261067,0.03979120543782924,200,percentile
PCE (recal),education,<HS,FPR_7.5,0.10354132599012045,0.09314944380044933,0.11289160895591133,0.005033332957405322,200,percentile
PCE (recal),education,<HS,pct_flagged_20,0.007753816331475648,0.0053513566980357375,0.010247028413134386,0.0013632512420609449,200,percentile
PCE (recal),education,<HS,TPR_20,0.046264130129556144,0.016884792026672868,0.07711194182927932,0.01516961670890461,200,percentile
PCE (recal),education,<HS,FPR_20,0.0064940898069647856,0.004327145316093222,0.009317892044122285,0.0013050286418248077,200,percentile
PCE (recal),education,<HS,rel_OE,1.0931031821648873,0.964825205256097,1.2193955424626004,0.0664920460878928,200,percentile
PCE (recal),education,College+,n,2796.0,1723.875,1823.025,23.610230620427007,200,percentile
PCE (recal),education,College+,events,48.0,24.0,36.025000000000006,3.4290768202529347,200,percentile
PCE (recal),education,College+,observed,0.01709407429638614,0.012633315082858925,0.021815629503753032,0.0025892950703857854,200,percentile
PCE (recal),education,College+,expected,0.019947879500576998,0.019105022834584325,0.020766203743165193,0.00047165413384395546,200,percentile
PCE (recal),education,College+,OE,0.8569369138154102,0.6306105851268172,1.1000590953579124,0.12770595000903176,200,percentile
PCE (recal),education,College+,cal_intercept,-0.16191543346327716,-0.4797012176450465,0.10011087747568301,0.15704632252046613,200,percentile
PCE (recal),education,College+,cal_slope,1.1102284486451042,0.8723046312058611,1.4177226598873243,0.1489121166944448,200,percentile
PCE (recal),education,College+,AUC,0.8187938027101703,0.7652369198203988,0.8734186223120171,0.027830987699207888,200,percentile
PCE (recal),education,College+,brier,0.01623641548242185,0.012168058607725893,0.020683962915003795,0.002331047520400479,200,percentile
PCE (recal),education,College+,scaled_brier,0.033654083834549375,0.009006113706601713,0.054737234337582374,0.012206791628141943,200,percentile
PCE (recal),education,College+,pct_flagged_7.5,0.046494992846924176,0.038727269480531165,0.05362053656529984,0.0038548980421953334,200,percentile
PCE (recal),education,College+,TPR_7.5,0.30951643361363307,0.18357380713640378,0.43023013969502216,0.06543828030974785,200,percentile
PCE (recal),education,College+,FPR_7.5,0.043172545279703364,0.034677299430660675,0.05114924073458938,0.00426913771881006,200,percentile
PCE (recal),education,College+,pct_flagged_20,0.00178826895565093,0.00036008787962247554,0.0032421333647766728,0.0007426112824616048,200,percentile
PCE (recal),education,College+,TPR_20,0.0,0.0,0.0,0.0,200,percentile
PCE (recal),education,College+,FPR_20,0.001118433983934302,0.0,0.0029860494601044326,0.0008412492386559095,200,percentile
PCE (recal),education,College+,rel_OE,0.8508392606360888,0.6365649088861864,1.0717243734108177,0.11932939964652453,200,percentile
PCE (recal),education,HS/GED,n,3138.0,1939.975,2026.025,22.61337488341995,200,percentile
PCE (recal),education,HS/GED,events,90.0,48.0,65.025,4.596306141974635,200,percentile
PCE (recal),education,HS/GED,observed,0.02861859988288628,0.023620827335088915,0.034869979153821465,0.003237804191311106,200,percentile
PCE (recal),education,HS/GED,expected,0.027887303981109304,0.02669977922794971,0.029057480119510547,0.0006133762872816344,200,percentile
PCE (recal),education,HS/GED,OE,1.0262232556532662,0.844515898918456,1.2412776089538533,0.11342135436165572,200,percentile
PCE (recal),education,HS/GED,cal_intercept,0.013186317164166699,-0.20014282326749916,0.22059046386880687,0.11839651552163494,200,percentile
PCE (recal),education,HS/GED,cal_slope,1.0645004190631406,0.8726674509739755,1.2771409540240903,0.10441944546570452,200,percentile
PCE (recal),education,HS/GED,AUC,0.8016692935709494,0.7580007640969603,0.8391754644062773,0.02023161334479667,200,percentile
PCE (recal),education,HS/GED,brier,0.026826514728902417,0.022172206451633966,0.03216047220135272,0.0028294188412387026,200,percentile
PCE (recal),education,HS/GED,scaled_brier,0.035002724786202366,0.011931071497770302,0.05374775210888556,0.010497090078240732,200,percentile
PCE (recal),education,HS/GED,pct_flagged_7.5,0.07488846398980242,0.06543216539873019,0.08325864034774069,0.004842394369167699,200,percentile
PCE (recal),education,HS/GED,TPR_7.5,0.29850776372590826,0.20354226457383331,0.39542414059423714,0.048596603380626616,200,percentile
PCE (recal),education,HS/GED,FPR_7.5,0.0706024055573103,0.06018154903942125,0.08023743043292754,0.005085939200678921,200,percentile
PCE (recal),education,HS/GED,pct_flagged_20,0.0031867431485022306,0.0015565934616005412,0.005213217180546727,0.0010812664246633726,200,percentile
PCE (recal),education,HS/GED,TPR_20,0.011055843100959566,0.0,0.03615171369425398,0.011069589232894798,200,percentile
PCE (recal),education,HS/GED,FPR_20,0.003664547660051474,0.001583110957673094,0.006493963605870896,0.0013478150753374434,200,percentile
PCE (recal),education,HS/GED,rel_OE,1.0189210220854923,0.8313749078554589,1.228251522161376,0.09904098572919347,200,percentile
PCE (recal),education,Some college,n,3390.0,2089.95,2195.1,26.056961183734565,200,percentile
PCE (recal),education,Some college,events,71.0,38.0,53.0,3.7634048520458214,200,percentile
PCE (recal),education,Some college,observed,0.0207218498695426,0.016468492297619826,0.025768574705325214,0.0023823991329441074,200,percentile
PCE (recal),education,Some college,expected,0.022305535585346568,0.021381399132234743,0.02335633521281263,0.0004865324769419841,200,percentile
PCE (recal),education,Some college,OE,0.9290003277552162,0.7366929651027444,1.1483454422861066,0.10714267847027965,200,percentile
PCE (recal),education,Some college,cal_intercept,-0.0829780715794984,-0.3395774623032983,0.13775492390134683,0.12219841329640393,200,percentile
PCE (recal),education,Some college,cal_slope,0.8761243199144829,0.6395524049085629,1.1086643506892522,0.11742893119621653,200,percentile
PCE (recal),education,Some college,AUC,0.7623546436467884,0.7048303153159952,0.813794588008729,0.028104536816218877,200,percentile
PCE (recal),education,Some college,brier,0.0199038145756476,0.016008901692603338,0.024165676150536095,0.0021443977572774687,200,percentile
PCE (recal),education,Some college,scaled_brier,0.019151957491854832,-0.006775799810131861,0.038465799067684124,0.011571200482888136,200,percentile
PCE (recal),education,Some college,pct_flagged_7.5,0.05191740412979351,0.04570153144204257,0.058745030192198774,0.0034754847214696254,200,percentile
PCE (recal),education,Some college,TPR_7.5,0.19619715160052809,0.10734250885754139,0.2811768054767547,0.0486023256014953,200,percentile
PCE (recal),education,Some college,FPR_7.5,0.04897279572912395,0.04141131909656467,0.05608862770619392,0.0037845313032317477,200,percentile
PCE (recal),education,Some college,pct_flagged_20,0.002654867256637168,0.0011603756389322879,0.00455380322557085,0.0008685126960182792,200,percentile
PCE (recal),education,Some college,TPR_20,0.028028164514361156,0.0,0.07320334931870068,0.0189615174657216,200,percentile
PCE (recal),education,Some college,FPR_20,0.0020757983417461255,0.0005973813729883723,0.0036211192668712125,0.0007595158353186546,200,percentile
PCE (recal),education,Some college,rel_OE,0.9223898973830368,0.7465003002661382,1.1044350172736,0.09618417750931081,200,percentile
PCE (recal),sex,GAP(max-min),OE,0.03573350335799608,0.0,0.06882074654219103,0.06962955947672429,200,basic
PCE (recal),sex,GAP(max-min),AUC,0.025619304488269434,0.0,0.049339066755433834,0.019366876140172226,200,basic
PCE (recal),sex,GAP(max-min),cal_slope,0.1178447724581555,0.0,0.23286399955187745,0.09519808703041405,200,basic
PCE (recal),sex,GAP(max-min),TPR_7.5,0.0777666126291599,0.0,0.15020464274992704,0.04649830636777302,200,basic
PCE (recal),sex,GAP(max-min),FPR_7.5,0.042632301828687325,0.03402625460651497,0.05129786405745675,0.0046580025445602975,200,basic
PCE (recal),sex,GAP(max-min),pct_flagged_7.5,0.04775059202787222,0.03927122922013358,0.056323254393881604,0.0044015373942870055,200,basic
PCE (recal),sex,GAP(max/min),OE,1.036011475429243,1.0,1.0693872452215598,0.07551783649758721,200,basic
PCE (recal),race,GAP(max-min),OE,0.26091731327180756,0.0,0.4489581439823683,0.1503980103345724,200,basic
PCE (recal),race,GAP(max-min),AUC,0.05166989751019646,0.0,0.0910685775312521,0.03637352109369288,200,basic
PCE (recal),race,GAP(max-min),cal_slope,0.10692878940802863,0.0,0.14605506822119518,0.15099507275742818,200,basic
PCE (recal),race,GAP(max-min),TPR_7.5,0.06173903232598127,0.0,0.08528974714262788,0.06682399646511132,200,basic
PCE (recal),race,GAP(max-min),FPR_7.5,0.020862579962868374,0.0045692528680308375,0.03715756655285721,0.009380010297297459,200,basic
PCE (recal),race,GAP(max-min),pct_flagged_7.5,0.028883478214377166,0.016612069751452255,0.04981082477150482,0.009610112656439847,200,basic
PCE (recal),race,GAP(max/min),OE,1.3244009484796084,1.0,1.5805433750891982,0.24759219876316407,200,basic
PCE (recal),age_group,GAP(max-min),OE,0.2631678299262018,0.0,0.3827986387433553,0.12511171086079587,200,basic
PCE (recal),age_group,GAP(max-min),AUC,0.09322599597818804,0.0,0.14914370231877858,0.046065206579165345,200,basic
PCE (recal),age_group,GAP(max-min),cal_slope,0.20897820145312895,0.0,0.27948161430505175,0.1816000403279801,200,basic
PCE (recal),age_group,GAP(max-min),TPR_7.5,0.5309908915088765,0.44292671957383967,0.6131151074047827,0.04353072369028113,200,basic
PCE (recal),age_group,GAP(max-min),FPR_7.5,0.31848121236155247,0.2982306095628993,0.3441847679286097,0.011410142579140399,200,basic
PCE (recal),age_group,GAP(max-min),pct_flagged_7.5,0.3353876402066756,0.3173070413211506,0.357027917471872,0.010063153533479044,200,basic
PCE (recal),age_group,GAP(max/min),OE,1.3065337347909274,1.0,1.4500034014698044,0.19499772510756705,200,basic
PCE (recal),income,GAP(max-min),OE,0.6798392233234994,0.4218661193994273,0.9685862519970302,0.14096716663163728,200,basic
PCE (recal),income,GAP(max-min),AUC,0.056299849235606714,0.008336863883437781,0.0922959100520247,0.022143054632050192,200,basic
PCE (recal),income,GAP(max-min),cal_slope,0.25509161170038863,0.016068470759612596,0.42758290491349993,0.1056047789454021,200,basic
PCE (recal),income,GAP(max-min),TPR_7.5,0.1922279762212765,0.08581402747343791,0.3085084639021245,0.05992934585430157,200,basic
PCE (recal),income,GAP(max-min),FPR_7.5,0.04893253388133024,0.037447437161497614,0.0574165888081384,0.005448629626651907,200,basic
PCE (recal),income,GAP(max-min),pct_flagged_7.5,0.05669175677085144,0.0457109192153243,0.06424666465347781,0.0051320655064574505,200,basic
PCE (recal),income,GAP(max/min),OE,2.0822684931823052,1.2099163562211563,2.6675714091953635,0.33846883160543745,200,basic
PCE (recal),education,GAP(max-min),OE,0.24400013827347533,0.0,0.382812759294748,0.12215909206101082,200,basic
PCE (recal),education,GAP(max-min),AUC,0.06281827996129752,0.0,0.09412014499467214,0.028872873201097014,200,basic
PCE (recal),education,GAP(max-min),cal_slope,0.23410412873062125,0.0,0.3409671211641454,0.1379542611038281,200,basic
PCE (recal),education,GAP(max-min),TPR_7.5,0.20698208647099775,0.08652465586603425,0.2968680756780615,0.05848927210375342,200,basic
PCE (recal),education,GAP(max-min),FPR_7.5,0.06036878071041708,0.046866377757764546,0.0732472510974562,0.0066795256884093724,200,basic
PCE (recal),education,GAP(max-min),pct_flagged_7.5,0.06472381015767964,0.05211319830643621,0.07531013833344179,0.006119271919978473,200,basic
PCE (recal),education,GAP(max/min),OE,1.2847352405290766,1.0,1.4502647181040713,0.19599495454247937,200,basic
PCE-revised (recal),Overall,All,n,13466.0,8438.95,8586.025,37.273860524394514,200,percentile
PCE-revised (recal),Overall,All,events,362.0,213.975,246.025,8.927423730974231,200,percentile
PCE-revised (recal),Overall,All,observed,0.027013720906110657,0.02467674019335717,0.029924370144193888,0.0014107056245544264,200,percentile
PCE-revised (recal),Overall,All,expected,0.02688701977643662,0.026418386978275,0.027369507991804452,0.00026898953536517816,200,percentile
PCE-revised (recal),Overall,All,OE,1.0047123530509348,0.9143629478957557,1.1134553864349501,0.05246462497622064,200,percentile
PCE-revised (recal),Overall,All,cal_intercept,-8.857656036359018e-05,-0.0985687538577616,0.10848122559337865,0.055457005378932764,200,percentile
PCE-revised (recal),Overall,All,cal_slope,0.9907031717018988,0.8904817264858269,1.116387674421181,0.05433556196582238,200,percentile
PCE-revised (recal),Overall,All,AUC,0.7846425973737571,0.7639294255099941,0.8057885682935708,0.011139553156733326,200,percentile
PCE-revised (recal),Overall,All,brier,0.025356046970574236,0.02328109833285834,0.0277736145303883,0.0012292747360056532,200,percentile
PCE-revised (recal),Overall,All,scaled_brier,0.03530412159023355,0.023606408726051825,0.046906264715542496,0.0058482996499864045,200,percentile
PCE-revised (recal),Overall,All,pct_flagged_7.5,0.07470666864696272,0.07053876429526214,0.07864622010990643,0.0021018413268563507,200,percentile
PCE-revised (recal),Overall,All,TPR_7.5,0.29430564564917877,0.25086894843324414,0.35351195663205986,0.025076040139781392,200,percentile
PCE-revised (recal),Overall,All,FPR_7.5,0.06848298572979014,0.064015022184682,0.07277049631070766,0.0023123693839165755,200,percentile
PCE-revised (recal),Overall,All,pct_flagged_20,0.0031189662854596762,0.002077454329422249,0.004158621713946235,0.0004923615726258898,200,percentile
PCE-revised (recal),Overall,All,TPR_20,0.02474510582809124,0.009366487122565114,0.0405461076423805,0.007897396634537483,200,percentile
PCE-revised (recal),Overall,All,FPR_20,0.0027106181483291547,0.0017781681797643244,0.003689427363005839,0.000505754515564261,200,percentile
PCE-revised (recal),Overall,All,rel_OE,1.0,1.0,1.0,0.0,200,percentile
PCE-revised (recal),sex,Female,n,6883.0,4280.9,4411.05,34.77516586306971,200,percentile
PCE-revised (recal),sex,Female,events,145.0,81.0,103.0,5.351334779248818,200,percentile
PCE-revised (recal),sex,Female,observed,0.021294194048772756,0.01816319222437981,0.02519213712088221,0.0017412995721131723,200,percentile
PCE-revised (recal),sex,Female,expected,0.019337366458528533,0.01862461824745847,0.020001753035429753,0.0003536093924414862,200,percentile
PCE-revised (recal),sex,Female,OE,1.1011941100894422,0.957211538731025,1.2953652851556108,0.08589483556972807,200,percentile
PCE-revised (recal),sex,Female,cal_intercept,0.09208883222397553,-0.06356823440496308,0.2604962455760477,0.08230440554707082,200,percentile
PCE-revised (recal),sex,Female,cal_slope,0.9636529147465255,0.794359309447753,1.162377209822669,0.08537812753378012,200,percentile
PCE-revised (recal),sex,Female,AUC,0.7983325950359476,0.7616865595644708,0.8317516233865881,0.01869206367400561,200,percentile
PCE-revised (recal),sex,Female,brier,0.020027185976389313,0.017162324762458357,0.0234844535913695,0.0015650674214645508,200,percentile
PCE-revised (recal),sex,Female,scaled_brier,0.039037238081718884,0.022076272054089834,0.05811901299902881,0.00922781795229446,200,percentile
PCE-revised (recal),sex,Female,pct_flagged_7.5,0.044166787737904986,0.03873479183608455,0.04832591360096008,0.0025243096322083466,200,percentile
PCE-revised (recal),sex,Female,TPR_7.5,0.2602207515592827,0.18709928388685776,0.3301982116977589,0.03929594732680253,200,percentile
PCE-revised (recal),sex,Female,FPR_7.5,0.04029863091087455,0.03460046883229878,0.0449418396341382,0.0026143951450413494,200,percentile
PCE-revised (recal),sex,Female,pct_flagged_20,0.0017434258317594073,0.0008612143350691812,0.002885856452386528,0.0005702904121535386,200,percentile
PCE-revised (recal),sex,Female,TPR_20,0.013695829029435933,0.0,0.03536347810875819,0.009280369285568474,200,percentile
PCE-revised (recal),sex,Female,FPR_20,0.0016575864319635458,0.0006182685405477202,0.002850260111294753,0.0005989046776470002,200,percentile
PCE-revised (recal),sex,Female,rel_OE,1.0960292333875745,0.9775979967230148,1.2161452666655233,0.06437166520874799,200,percentile
PCE-revised (recal),sex,Male,n,6583.0,4101.0,4216.025,30.75408662635102,200,percentile
PCE-revised (recal),sex,Male,events,217.0,123.975,152.0,7.173485517679798,200,percentile
PCE-revised (recal),sex,Male,observed,0.032951105313655873,0.02891846402677544,0.03725173513945846,0.0021658789664504925,200,percentile
PCE-revised (recal),sex,Male,expected,0.034780725349452174,0.03388564222923637,0.03552760146189203,0.00041291286006561083,200,percentile
PCE-revised (recal),sex,Male,OE,0.9473955756410032,0.8426105919799664,1.0784400658412812,0.06286643846159003,200,percentile
PCE-revised (recal),sex,Male,cal_intercept,-0.05812263751498119,-0.17894120925370854,0.0862194657329337,0.0704127204654224,200,percentile
PCE-revised (recal),sex,Male,cal_slope,1.0449494914223592,0.9122319840878519,1.1974926141563158,0.07535227865546558,200,percentile
PCE-revised (recal),sex,Male,AUC,0.7630494609477283,0.7337446060343664,0.7897051984337115,0.014846488331706003,200,percentile
PCE-revised (recal),sex,Male,brier,0.03088788499949394,0.027353855869247823,0.03455913079813424,0.0018914653303493342,200,percentile
PCE-revised (recal),sex,Male,scaled_brier,0.03067424607311664,0.015038526614680215,0.04406734936325007,0.007500763946264434,200,percentile
PCE-revised (recal),sex,Male,pct_flagged_7.5,0.10663831080054686,0.09922941172784697,0.11266138202211554,0.003618943822143187,200,percentile
PCE-revised (recal),sex,Male,TPR_7.5,0.3171715421310403,0.2569789968035258,0.38520063703993723,0.03393174434181541,200,percentile
PCE-revised (recal),sex,Male,FPR_7.5,0.09809356430716909,0.08999783925943816,0.1059256571119094,0.0038963093562487208,200,percentile
PCE-revised (recal),sex,Male,pct_flagged_20,0.004557192769254139,0.0028938720249320426,0.006057921330524693,0.0008292926837213492,200,percentile
PCE-revised (recal),sex,Male,TPR_20,0.0321575278473922,0.009491962564836325,0.05861029220990184,0.012318560130757652,200,percentile
PCE-revised (recal),sex,Male,FPR_20,0.003816936834077086,0.002250595847671882,0.005541516419718441,0.0008211630394148377,200,percentile
PCE-revised (recal),sex,Male,rel_OE,0.9429520526587715,0.8711393759731514,1.0118817912352682,0.03721089390096073,200,percentile
PCE-revised (recal),race,Mexican American,n,2794.0,1719.85,1813.05,24.09378190806018,200,percentile
PCE-revised (recal),race,Mexican American,events,62.0,30.975,47.0,4.148875248684361,200,percentile
PCE-revised (recal),race,Mexican American,observed,0.02520622729693485,0.01920168317731077,0.032376831226357,0.0033080039074116136,200,percentile
PCE-revised (recal),race,Mexican American,expected,0.0277188821090246,0.02644307594907802,0.028943860747649045,0.0006233493568613516,200,percentile
PCE-revised (recal),race,Mexican American,OE,0.9093522313704098,0.7037891277680585,1.183474275543514,0.11805141576883219,200,percentile
PCE-revised (recal),race,Mexican American,cal_intercept,-0.12714680981424892,-0.39280091891135716,0.14972225322962548,0.13885082952242642,200,percentile
PCE-revised (recal),race,Mexican American,cal_slope,1.0074417058389558,0.7391514026217876,1.3036804324224027,0.1334347317060104,200,percentile
PCE-revised (recal),race,Mexican American,AUC,0.7949152399385438,0.7360936709797071,0.8475553101221476,0.027375223664530643,200,percentile
PCE-revised (recal),race,Mexican American,brier,0.02345600491304975,0.018430461558229916,0.029998572798567606,0.0028291588280853984,200,percentile
PCE-revised (recal),race,Mexican American,scaled_brier,0.04537357997342928,0.010412544526059681,0.06980983018612422,0.016976327078824228,200,percentile
PCE-revised (recal),race,Mexican American,pct_flagged_7.5,0.09305654974946313,0.08336158084030543,0.10315090537159992,0.005422486745692285,200,percentile
PCE-revised (recal),race,Mexican American,TPR_7.5,0.3377389206825995,0.2166346153846154,0.4566348282962786,0.0598014597625759,200,percentile
PCE-revised (recal),race,Mexican American,FPR_7.5,0.09209526927319885,0.08086708801149729,0.10451571047996507,0.006228991597650257,200,percentile
PCE-revised (recal),race,Mexican American,pct_flagged_20,0.0035790980672870437,0.001456504841475371,0.005352624509303706,0.0010259988115984395,200,percentile
PCE-revised (recal),race,Mexican American,TPR_20,0.0643312229871618,0.0,0.12303775196713139,0.029500157703911626,200,percentile
PCE-revised (recal),race,Mexican American,FPR_20,0.002495216128239688,0.0008183949610333231,0.004205934530320739,0.0009406926495949894,200,percentile
PCE-revised (recal),race,Mexican American,rel_OE,0.905087141219124,0.7051061297111652,1.128332448664324,0.10362574090566888,200,percentile
PCE-revised (recal),race,NH Black,n,2577.0,1585.9,1675.05,24.098716577932493,200,percentile
PCE-revised (recal),race,NH Black,events,85.0,45.975,63.025000000000006,4.46907576473646,200,percentile
PCE-revised (recal),race,NH Black,observed,0.0328297981317907,0.02673892004271837,0.041121663459351226,0.00383675138192561,200,percentile
PCE-revised (recal),race,NH Black,expected,0.03129986339942503,0.030033843525720912,0.03234118697339929,0.0006394249370600693,200,percentile
PCE-revised (recal),race,NH Black,OE,1.0488799172329222,0.8626748730803266,1.3156154167900236,0.12219025433031458,200,percentile
PCE-revised (recal),race,NH Black,cal_intercept,0.04340702979530668,-0.17506860446351025,0.29671201875725867,0.12262585398357323,200,percentile
PCE-revised (recal),race,NH Black,cal_slope,1.083635126971871,0.8167963500070695,1.394174816862861,0.14599490037813445,200,percentile
PCE-revised (recal),race,NH Black,AUC,0.7681019847011163,0.7123996491682019,0.8161365596249074,0.02636317583811716,200,percentile
PCE-revised (recal),race,NH Black,brier,0.03021335539164635,0.025054691287756975,0.037618916296022015,0.0033451271480686843,200,percentile
PCE-revised (recal),race,NH Black,scaled_brier,0.04845826953523469,0.024851129472814214,0.07477640649586867,0.012467178977540561,200,percentile
PCE-revised (recal),race,NH Black,pct_flagged_7.5,0.09080325960419092,0.08172385276603421,0.10039477174132931,0.005220835053158629,200,percentile
PCE-revised (recal),race,NH Black,TPR_7.5,0.33996842245262243,0.2367246192040899,0.44390546067946796,0.050682224840609774,200,percentile
PCE-revised (recal),race,NH Black,FPR_7.5,0.0807803589681048,0.0695442481709604,0.09010375637630434,0.005276368603621044,200,percentile
PCE-revised (recal),race,NH Black,pct_flagged_20,0.0019402405898331393,0.000386238340986796,0.0038493002567758818,0.0008823372183691448,200,percentile
PCE-revised (recal),race,NH Black,TPR_20,0.02344609810018086,0.0,0.055446605818987214,0.015440625376829038,200,percentile
PCE-revised (recal),race,NH Black,FPR_20,0.0011937878143685602,0.0,0.002872629764928366,0.0007403208788335694,200,percentile
PCE-revised (recal),race,NH Black,rel_OE,1.0439604072228903,0.8621008674282575,1.2830358891569007,0.10857346404091583,200,percentile
PCE-revised (recal),race,NH White,n,6689.0,4168.925,4287.175,33.29648147165029,200,percentile
PCE-revised (recal),race,NH White,events,191.0,107.0,133.025,6.630968914398453,200,percentile
PCE-revised (recal),race,NH White,observed,0.02724054453331013,0.02306571590950139,0.03178517432862721,0.0020222394318669436,200,percentile
PCE-revised (recal),race,NH White,expected,0.02536263743206676,0.02463213930882552,0.026062280662880518,0.00037808293368539095,200,percentile
PCE-revised (recal),race,NH White,OE,1.0740422641877565,0.9313022126600475,1.24397732734904,0.07795718484700827,200,percentile
PCE-revised (recal),race,NH White,cal_intercept,0.07855723863801391,-0.07698708163897929,0.23533099456290388,0.07757465045565859,200,percentile
PCE-revised (recal),race,NH White,cal_slope,1.0166800996084864,0.8887940608670304,1.1410477523543023,0.06964268132612574,200,percentile
PCE-revised (recal),race,NH White,AUC,0.797464117657398,0.7701407544541699,0.8223267205021078,0.014533809007650679,200,percentile
PCE-revised (recal),race,NH White,brier,0.025684536670611224,0.022022568608905255,0.029692592350550745,0.0018037366842552863,200,percentile
PCE-revised (recal),race,NH White,scaled_brier,0.03071723607686505,0.016432053421086987,0.04436841332207456,0.006854601236229718,200,percentile
PCE-revised (recal),race,NH White,pct_flagged_7.5,0.06278965465689938,0.0571459842495779,0.06851670028096428,0.002983773110282228,200,percentile
PCE-revised (recal),race,NH White,TPR_7.5,0.2663957284020824,0.2089713093166658,0.3415943925415682,0.033346641529582687,200,percentile
PCE-revised (recal),race,NH White,FPR_7.5,0.05688742918608467,0.051663639229891985,0.06356669106142059,0.0031204609722719034,200,percentile
PCE-revised (recal),race,NH White,pct_flagged_20,0.0031394827328449695,0.0019688849811806707,0.004774410664156139,0.0007062539441115323,200,percentile
PCE-revised (recal),race,NH White,TPR_20,0.01565762616204456,0.0,0.034621526402253924,0.009118484420525111,200,percentile
PCE-revised (recal),race,NH White,FPR_20,0.0031424736381937854,0.0018015972603859102,0.004739097319986846,0.0008004030061036133,200,percentile
PCE-revised (recal),race,NH White,rel_OE,1.0690047364564523,0.941271624128134,1.1653001888773091,0.0536245983097283,200,percentile
PCE-revised (recal),race,Other Hispanic,n,929.0,556.975,614.0,14.138311755527338,200,percentile
PCE-revised (recal),race,Other Hispanic,events,17.0,7.0,14.0,1.991413729795012,200,percentile
PCE-revised (recal),race,Other Hispanic,observed,0.019188673021253596,0.010296972973432045,0.03012576141891538,0.0049333341162629074,200,percentile
PCE-revised (recal),race,Other Hispanic,expected,0.025376371000805007,0.02365365793609734,0.02753189771455306,0.0010330808658488237,200,percentile
PCE-revised (recal),race,Other Hispanic,OE,0.7561630077304938,0.41927439817427725,1.1530191448469345,0.19245688570091593,200,percentile
PCE-revised (recal),race,Other Hispanic,cal_intercept,-0.29991309341335326,-0.9318099270733071,0.1467044190267518,0.2780984528863134,200,percentile
PCE-revised (recal),race,Other Hispanic,cal_slope,0.872210754083749,0.5376975446290032,1.2956602738464829,0.2167351682022081,200,percentile
PCE-revised (recal),race,Other Hispanic,AUC,0.7673221549113592,0.6702552096560909,0.8609204911584701,0.05162148766784984,200,percentile
PCE-revised (recal),race,Other Hispanic,brier,0.018650570630133784,0.010821109375118465,0.028758330098989107,0.004373278226516334,200,percentile
PCE-revised (recal),race,Other Hispanic,scaled_brier,0.00902725799203885,-0.0780229281949322,0.060813883957062366,0.03435460168786613,200,percentile
PCE-revised (recal),race,Other Hispanic,pct_flagged_7.5,0.06996770721205597,0.055913429805429606,0.08625637525824591,0.007959152337729328,200,percentile
PCE-revised (recal),race,Other Hispanic,TPR_7.5,0.34036539129357346,0.12573490596544576,0.5559523809523811,0.11650467986582337,200,percentile
PCE-revised (recal),race,Other Hispanic,FPR_7.5,0.06467809033909525,0.04927856724988037,0.08233999166642314,0.008902223576131203,200,percentile
PCE-revised (recal),race,Other Hispanic,pct_flagged_20,0.005382131324004306,0.0011139835487661575,0.01078806962302108,0.0024511287479042866,200,percentile
PCE-revised (recal),race,Other Hispanic,TPR_20,0.0,0.0,0.0,0.0,200,percentile
PCE-revised (recal),race,Other Hispanic,FPR_20,0.004448769750061206,0.0010771437921907453,0.009041144887667841,0.002164951779118307,200,percentile
PCE-revised (recal),race,Other Hispanic,rel_OE,0.752616413478256,0.4120498413114328,1.1351282922871841,0.1859415667745448,200,percentile
PCE-revised (recal),race,Other/Multiracial,n,477.0,281.0,318.025,9.972001003815658,200,percentile
PCE-revised (recal),race,Other/Multiracial,events,7.0,2.0,7.0,1.303252598955174,200,percentile
PCE-revised (recal),race,Other/Multiracial,observed,0.015679572320388645,0.004797876905243432,0.028861967059162167,0.006065588398768145,200,percentile
PCE-revised (recal),race,Other/Multiracial,expected,0.02249260644385768,0.019540019052164813,0.025056796112728163,0.0013684654223927234,200,percentile
PCE-revised (recal),race,Other/Multiracial,OE,0.697098949360333,0.22128907098273637,1.2938247357852348,0.279001351151366,200,percentile
PCE-revised (recal),race,Other/Multiracial,cal_intercept,-0.41909493037209194,-1.5849149984671336,0.22824622245494713,0.45197988614397033,200,percentile
PCE-revised (recal),race,Other/Multiracial,cal_slope,0.07035687566940337,-0.7185387870145817,0.9050416981560608,0.4271675783632104,200,percentile
PCE-revised (recal),race,Other/Multiracial,AUC,0.5700140176272307,0.33164589724457383,0.800349609628569,0.12651283988240705,200,percentile
PCE-revised (recal),race,Other/Multiracial,brier,0.016207798588240105,0.006189918553713714,0.028748809956030446,0.005727262630731465,200,percentile
PCE-revised (recal),race,Other/Multiracial,scaled_brier,-0.05015479669671463,-0.18516208970736925,-0.009555905577591397,0.06449670826030166,200,percentile
PCE-revised (recal),race,Other/Multiracial,pct_flagged_7.5,0.05660377358490566,0.03627056400249343,0.07884486307499552,0.01115181413448803,200,percentile
PCE-revised (recal),race,Other/Multiracial,TPR_7.5,0.0,0.0,0.0,0.0,200,percentile
PCE-revised (recal),race,Other/Multiracial,FPR_7.5,0.05729601897503312,0.034591885209358915,0.07975623512757823,0.011455195346048525,200,percentile
PCE-revised (recal),race,Other/Multiracial,pct_flagged_20,0.0020964360587002098,0.0,0.006442022272220228,0.001987223093223434,200,percentile
PCE-revised (recal),race,Other/Multiracial,TPR_20,0.0,0.0,0.0,0.0,200,percentile
PCE-revised (recal),race,Other/Multiracial,FPR_20,0.0022756196457214503,0.0,0.007014898023932491,0.002150803303723153,200,percentile
PCE-revised (recal),race,Other/Multiracial,rel_OE,0.6938293803629515,0.22374430360548261,1.2658676977096168,0.2787246573147751,200,percentile
PCE-revised (recal),age_group,40-49,n,4420.0,2740.975,2852.075,29.934628944589303,200,percentile
PCE-revised (recal),age_group,40-49,events,35.0,16.975,27.0,2.6951659685425597,200,percentile
PCE-revised (recal),age_group,40-49,observed,0.00795660063450242,0.005647463755773878,0.010450144494185966,0.001313006302254515,200,percentile
PCE-revised (recal),age_group,40-49,expected,0.008921569809979104,0.008650424152961697,0.009229662167565716,0.0001490613936856198,200,percentile
PCE-revised (recal),age_group,40-49,OE,0.8918386342281008,0.6356962936585387,1.185253266932412,0.14864934798369744,200,percentile
PCE-revised (recal),age_group,40-49,cal_intercept,-0.12325573370709464,-0.47433415094131853,0.16694080508213271,0.17057859383369792,200,percentile
PCE-revised (recal),age_group,40-49,cal_slope,1.061353061836121,0.6974648662025817,1.4834281535884595,0.19332284020680507,200,percentile
PCE-revised (recal),age_group,40-49,AUC,0.7774911304186849,0.6798549855202689,0.8513971108381008,0.0421321722294532,200,percentile
PCE-revised (recal),age_group,40-49,brier,0.007819717406039721,0.005568603856582767,0.010178924548249613,0.0012625462900511194,200,percentile
PCE-revised (recal),age_group,40-49,scaled_brier,0.009321297650153437,-0.0009563383658656773,0.018650343597684263,0.005290967453259787,200,percentile
PCE-revised (recal),age_group,40-49,pct_flagged_7.5,0.0024886877828054297,0.0011278852840925619,0.0040112876938056385,0.0007292725005487791,200,percentile
PCE-revised (recal),age_group,40-49,TPR_7.5,0.0,0.0,0.0,0.0,200,percentile
PCE-revised (recal),age_group,40-49,FPR_7.5,0.0023084894701859856,0.0009108048433063009,0.0040344125991014085,0.0008135193784170365,200,percentile
PCE-revised (recal),age_group,40-49,pct_flagged_20,0.0,0.0,0.0,0.0,200,percentile
PCE-revised (recal),age_group,40-49,TPR_20,0.0,0.0,0.0,0.0,200,percentile
PCE-revised (recal),age_group,40-49,FPR_20,0.0,0.0,0.0,0.0,200,percentile
PCE-revised (recal),age_group,40-49,rel_OE,0.8876556872421457,0.6431401272646391,1.1638753571651783,0.13993728415888157,200,percentile
PCE-revised (recal),age_group,50-59,n,3406.0,2099.975,2201.025,26.897231835302478,200,percentile
PCE-revised (recal),age_group,50-59,events,45.0,22.975,35.0,3.094000516480226,200,percentile
PCE-revised (recal),age_group,50-59,observed,0.013519955107744815,0.010056953619475612,0.0178626168185472,0.0019287876648910953,200,percentile
PCE-revised (recal),age_group,50-59,expected,0.01823442035764765,0.017599573675268498,0.018826988349205806,0.00032821789309832967,200,percentile
PCE-revised (recal),age_group,50-59,OE,0.7414524203438387,0.5547915708896051,0.9729381162430011,0.1053955027290525,200,percentile
PCE-revised (recal),age_group,50-59,cal_intercept,-0.31782084683872613,-0.6202673195063918,-0.0463262179530259,0.14597866150298083,200,percentile
PCE-revised (recal),age_group,50-59,cal_slope,0.7105996268119743,0.3687044951689181,1.0600145590388717,0.17471766119570825,200,percentile
PCE-revised (recal),age_group,50-59,AUC,0.6797580025425293,0.5919850367584477,0.7639235900602088,0.04321490812355841,200,percentile
PCE-revised (recal),age_group,50-59,brier,0.013361701960272553,0.010136420758169552,0.017357731270297036,0.0018188605560581698,200,percentile
PCE-revised (recal),age_group,50-59,scaled_brier,-0.001839674094732624,-0.021764806145818827,0.017096120944486103,0.010905286915771589,200,percentile
PCE-revised (recal),age_group,50-59,pct_flagged_7.5,0.02319436288901938,0.018580327271283805,0.02802122029478313,0.0024544043689977576,200,percentile
PCE-revised (recal),age_group,50-59,TPR_7.5,0.10999712759986575,0.02067474000714019,0.20651422081174392,0.048732980239670834,200,percentile
PCE-revised (recal),age_group,50-59,FPR_7.5,0.022575857926935915,0.01789332089447552,0.027588275817778816,0.002665357088354286,200,percentile
PCE-revised (recal),age_group,50-59,pct_flagged_20,0.0005871990604815032,0.0,0.0014627940475869447,0.00040642451695153644,200,percentile
PCE-revised (recal),age_group,50-59,TPR_20,0.0,0.0,0.0,0.0,200,percentile
PCE-revised (recal),age_group,50-59,FPR_20,0.0009422791914611812,0.0,0.002503996679933309,0.0007128783499629511,200,percentile
PCE-revised (recal),age_group,50-59,rel_OE,0.7379748224378109,0.5650753991645692,0.9748854818954792,0.10211765797163398,200,percentile
PCE-revised (recal),age_group,60-69,n,3441.0,2119.95,2231.1,28.096622590714194,200,percentile
PCE-revised (recal),age_group,60-69,events,102.0,54.975,73.025,5.084153625772163,200,percentile
PCE-revised (recal),age_group,60-69,observed,0.02987645402215967,0.0243922908867442,0.03575652963771975,0.0030899780538367547,200,percentile
PCE-revised (recal),age_group,60-69,expected,0.036063465341270626,0.03510431645785639,0.03702001492360927,0.0005014235064077735,200,percentile
PCE-revised (recal),age_group,60-69,OE,0.828441020280139,0.6708866107948321,0.9911485759723155,0.08453143150132775,200,percentile
PCE-revised (recal),age_group,60-69,cal_intercept,-0.19644893675980027,-0.40846281664222706,-0.004685623447946949,0.10799809846310918,200,percentile
PCE-revised (recal),age_group,60-69,cal_slope,0.7450697661399082,0.48445140988568763,0.9917726686151923,0.1246537063456527,200,percentile
PCE-revised (recal),age_group,60-69,AUC,0.6695133624336076,0.6048183305472089,0.7182882029878722,0.027659324077824562,200,percentile
PCE-revised (recal),age_group,60-69,brier,0.028873670807762528,0.02389411755023212,0.034300323624295574,0.002767193175212642,200,percentile
PCE-revised (recal),age_group,60-69,scaled_brier,0.003801451625345842,-0.01629706898944374,0.02120097304759018,0.009925141429683359,200,percentile
PCE-revised (recal),age_group,60-69,pct_flagged_7.5,0.0970648067422261,0.08826039163282298,0.10565299164866844,0.0045750858437477665,200,percentile
PCE-revised (recal),age_group,60-69,TPR_7.5,0.2049782205711665,0.13205641318848865,0.28236958934517203,0.039105564083911325,200,percentile
PCE-revised (recal),age_group,60-69,FPR_7.5,0.0924234021907375,0.08214162131687712,0.10123046291318484,0.004897169970045267,200,percentile
PCE-revised (recal),age_group,60-69,pct_flagged_20,0.0026155187445510027,0.0011516017546740018,0.004271157639841368,0.0008269654206688415,200,percentile
PCE-revised (recal),age_group,60-69,TPR_20,0.009760867646246023,0.0,0.03051699209140939,0.008859999149074939,200,percentile
PCE-revised (recal),age_group,60-69,FPR_20,0.0027456192597891116,0.0011926330709027095,0.004717081532437786,0.0009905586973139948,200,percentile
PCE-revised (recal),age_group,60-69,rel_OE,0.8245554240121307,0.6904391776607025,0.9585815597422355,0.06738439816523745,200,percentile
PCE-revised (recal),age_group,70-79,n,2199.0,1346.975,1427.025,20.782191835497958,200,percentile
PCE-revised (recal),age_group,70-79,events,180.0,103.0,126.0,6.393110299101867,200,percentile
PCE-revised (recal),age_group,70-79,observed,0.08022995462814278,0.07024871515762866,0.09249890175956153,0.005944053403622074,200,percentile
PCE-revised (recal),age_group,70-79,expected,0.06204022272484211,0.06028397883142019,0.06378148552568866,0.0009505625501904373,200,percentile
PCE-revised (recal),age_group,70-79,OE,1.2931925628954448,1.1418221662622896,1.4874659573162632,0.09432191030396743,200,percentile
PCE-revised (recal),age_group,70-79,cal_intercept,0.29222800114317715,0.1459901125306952,0.46371856166680214,0.0817681937783927,200,percentile
PCE-revised (recal),age_group,70-79,cal_slope,0.8347259398381289,0.6213750334814264,1.0932892109654728,0.11581783229181701,200,percentile
PCE-revised (recal),age_group,70-79,AUC,0.6600056775364151,0.6209297641338487,0.6998028709697734,0.021108657771370772,200,percentile
PCE-revised (recal),age_group,70-79,brier,0.07234897305003074,0.0642208046313747,0.0833542253657014,0.004966220892750582,200,percentile
PCE-revised (recal),age_group,70-79,scaled_brier,0.01957006525245708,0.004573519969142881,0.03751681568290995,0.008295306082890782,200,percentile
PCE-revised (recal),age_group,70-79,pct_flagged_7.5,0.2646657571623465,0.24644048656854423,0.28267935151975654,0.009046291313776404,200,percentile
PCE-revised (recal),age_group,70-79,TPR_7.5,0.4486735151107261,0.3870896187385244,0.531419683444322,0.037965310153122614,200,percentile
PCE-revised (recal),age_group,70-79,FPR_7.5,0.24371930992326166,0.22441694061214415,0.2622445792609083,0.010002184666184999,200,percentile
PCE-revised (recal),age_group,70-79,pct_flagged_20,0.01409731696225557,0.008837003976830638,0.019181029882436553,0.002599198882512727,200,percentile
PCE-revised (recal),age_group,70-79,TPR_20,0.04429079519293957,0.018494795083967713,0.07616473283963536,0.01529666853809787,200,percentile
PCE-revised (recal),age_group,70-79,FPR_20,0.011228251853312431,0.005987611867107871,0.01635529013229555,0.0025697496575246997,200,percentile
PCE-revised (recal),age_group,70-79,rel_OE,1.287127165271238,1.1567954837488725,1.4117298155010105,0.06621540157402005,200,percentile
PCE-revised (recal),income,PIR 1.3-3.5,n,4520.0,2805.0,2909.025,26.634877199211587,200,percentile
PCE-revised (recal),income,PIR 1.3-3.5,events,144.0,81.0,103.025,5.839425868384821,200,percentile
PCE-revised (recal),income,PIR 1.3-3.5,observed,0.03194901200591318,0.02740836608586969,0.03781364799266269,0.0025841732902676245,200,percentile
PCE-revised (recal),income,PIR 1.3-3.5,expected,0.02987586195143649,0.02887586960721109,0.030774312633051852,0.00046099859977270064,200,percentile
PCE-revised (recal),income,PIR 1.3-3.5,OE,1.0693921419856143,0.9180059507113338,1.274222487500013,0.08637794325750343,200,percentile
PCE-revised (recal),income,PIR 1.3-3.5,cal_intercept,0.06243887777872519,-0.09902203724612875,0.24663643541274174,0.08542691851725384,200,percentile
PCE-revised (recal),income,PIR 1.3-3.5,cal_slope,1.077426099638515,0.9023849116969203,1.2231645602789412,0.08605918364179467,200,percentile
PCE-revised (recal),income,PIR 1.3-3.5,AUC,0.7935880180152507,0.7608350932361689,0.8214421118185644,0.01570924535987904,200,percentile
PCE-revised (recal),income,PIR 1.3-3.5,brier,0.029663285192118777,0.02584173591216062,0.03493655616257202,0.0022652989167338176,200,percentile
PCE-revised (recal),income,PIR 1.3-3.5,scaled_brier,0.040900682054129445,0.025118860890715158,0.057922766286937044,0.008558869579566105,200,percentile
PCE-revised (recal),income,PIR 1.3-3.5,pct_flagged_7.5,0.08517699115044247,0.07835218737894879,0.09288024730293536,0.0038956860601330598,200,percentile
PCE-revised (recal),income,PIR 1.3-3.5,TPR_7.5,0.31231122125072014,0.2401542442054932,0.387846648745197,0.039490404766049904,200,percentile
PCE-revised (recal),income,PIR 1.3-3.5,FPR_7.5,0.07800035813042248,0.06966798943086727,0.08582109799001957,0.004167413816179066,200,percentile
PCE-revised (recal),income,PIR 1.3-3.5,pct_flagged_20,0.0028761061946902654,0.0015273671534196242,0.004367725584981704,0.0007826600252029746,200,percentile
PCE-revised (recal),income,PIR 1.3-3.5,TPR_20,0.020801609857778985,0.0,0.04555021115159777,0.01104304363404283,200,percentile
PCE-revised (recal),income,PIR 1.3-3.5,FPR_20,0.0020595740038413008,0.0009161216334466271,0.003408878532567262,0.0006781756646492907,200,percentile
PCE-revised (recal),income,PIR 1.3-3.5,rel_OE,1.0643764244943055,0.9439761633764886,1.2054428880487704,0.06764890705505046,200,percentile
PCE-revised (recal),income,PIR<1.3,n,3136.0,1933.95,2032.0,23.822825400238557,200,percentile
PCE-revised (recal),income,PIR<1.3,events,124.0,67.975,88.0,5.572074575539786,200,percentile
PCE-revised (recal),income,PIR<1.3,observed,0.03996337671369271,0.0332834102595872,0.046284313954201454,0.003665671271720164,200,percentile
PCE-revised (recal),income,PIR<1.3,expected,0.031340500245871,0.030243109430275777,0.032549503119201906,0.0006457647815450372,200,percentile
PCE-revised (recal),income,PIR<1.3,OE,1.275135253112552,1.0548762316479574,1.4699654608795993,0.11378854170803376,200,percentile
PCE-revised (recal),income,PIR<1.3,cal_intercept,0.2663996415552611,0.058401572705113945,0.41750597898658376,0.09998300886663593,200,percentile
PCE-revised (recal),income,PIR<1.3,cal_slope,0.8045519359756802,0.6708004338545058,0.9895250323595511,0.0870485775865956,200,percentile
PCE-revised (recal),income,PIR<1.3,AUC,0.7454447207096312,0.7123188949728553,0.7887958792852502,0.020477833991325883,200,percentile
PCE-revised (recal),income,PIR<1.3,brier,0.03713516732508033,0.031142216434794222,0.04237884868656421,0.0032009697677138874,200,percentile
PCE-revised (recal),income,PIR<1.3,scaled_brier,0.03208904017992564,0.013451870784738116,0.05172640923556558,0.009757202061216677,200,percentile
PCE-revised (recal),income,PIR<1.3,pct_flagged_7.5,0.10395408163265306,0.09458222788168462,0.11492997399986667,0.005286745445593113,200,percentile
PCE-revised (recal),income,PIR<1.3,TPR_7.5,0.30349575686167496,0.23214136820820166,0.3944510669521743,0.04119150452216685,200,percentile
PCE-revised (recal),income,PIR<1.3,FPR_7.5,0.09483709766069433,0.0839426355049325,0.10680534630861718,0.0058270370743237895,200,percentile
PCE-revised (recal),income,PIR<1.3,pct_flagged_20,0.005420918367346939,0.0031601911902488767,0.008065824559573475,0.0013514612283049294,200,percentile
PCE-revised (recal),income,PIR<1.3,TPR_20,0.039933652218641445,0.00871696829208816,0.07375016357536578,0.01798638096826088,200,percentile
PCE-revised (recal),income,PIR<1.3,FPR_20,0.004737748395108496,0.0023008079824220276,0.007728304610595899,0.0015265885455537892,200,percentile
PCE-revised (recal),income,PIR<1.3,rel_OE,1.2691545488023952,1.0898189103763056,1.4331399020588205,0.09020907656914375,200,percentile
PCE-revised (recal),income,PIR>3.5,n,4696.0,2908.925,3035.075,30.586573317988474,200,percentile
PCE-revised (recal),income,PIR>3.5,events,60.0,31.0,45.025000000000006,3.8866832302958914,200,percentile
PCE-revised (recal),income,PIR>3.5,observed,0.012671438649998484,0.009752289047334613,0.016373745142371766,0.0017284327326067557,200,percentile
PCE-revised (recal),income,PIR>3.5,expected,0.02026690548912275,0.019536637555534628,0.02096883338365751,0.0003722136466090712,200,percentile
PCE-revised (recal),income,PIR>3.5,OE,0.6252280920143061,0.4838114768544126,0.8041880870638973,0.08500239886662486,200,percentile
PCE-revised (recal),income,PIR>3.5,cal_intercept,-0.4972830770809105,-0.763044463550017,-0.23446979948215563,0.14057385686811186,200,percentile
PCE-revised (recal),income,PIR>3.5,cal_slope,0.9151501802520802,0.7425477462951796,1.1651483222955215,0.1171478091333599,200,percentile
PCE-revised (recal),income,PIR>3.5,AUC,0.7683956920583603,0.7224582566732776,0.824773841909581,0.026640225762543643,200,percentile
PCE-revised (recal),income,PIR>3.5,brier,0.012537952591693559,0.00988621311203031,0.015850093371006194,0.0015743100653134929,200,percentile
PCE-revised (recal),income,PIR>3.5,scaled_brier,-0.0021644611469209263,-0.031570828213584354,0.022159649832518866,0.013933254872247577,200,percentile
PCE-revised (recal),income,PIR>3.5,pct_flagged_7.5,0.04045996592844974,0.035262621104745,0.04573202510104233,0.0027975795971846235,200,percentile
PCE-revised (recal),income,PIR>3.5,TPR_7.5,0.1990778995666697,0.10608981245545415,0.304064921219519,0.05091349779980997,200,percentile
PCE-revised (recal),income,PIR>3.5,FPR_7.5,0.0384868555685865,0.03335810394072509,0.04447781500740799,0.0029118318324698224,200,percentile
PCE-revised (recal),income,PIR>3.5,pct_flagged_20,0.0014906303236797275,0.00042623705790409725,0.0025455594129622375,0.0005267851050306732,200,percentile
PCE-revised (recal),income,PIR>3.5,TPR_20,0.01658982496388914,0.0,0.054277703720235895,0.016258733168117424,200,percentile
PCE-revised (recal),income,PIR>3.5,FPR_20,0.001758462187392549,0.00043142654508915274,0.0030794788372968773,0.0006990523418243705,200,percentile
PCE-revised (recal),income,PIR>3.5,rel_OE,0.6222956153726216,0.47881291852949964,0.784263914649414,0.07804792527023052,200,percentile
PCE-revised (recal),education,<HS,n,4127.0,2557.95,2661.025,25.571355971695386,200,percentile
PCE-revised (recal),education,<HS,events,151.0,82.0,109.0,6.385046522577374,200,percentile
PCE-revised (recal),education,<HS,observed,0.03781721168744455,0.03220577278145665,0.04446220330683749,0.0032176776625831884,200,percentile
PCE-revised (recal),education,<HS,expected,0.035164767772759155,0.03393669354558818,0.036421332637306146,0.0006276739206532668,200,percentile
PCE-revised (recal),education,<HS,OE,1.0754290183807256,0.9211999068535374,1.2595683329974532,0.08926325369572978,200,percentile
PCE-revised (recal),education,<HS,cal_intercept,0.061753901631543213,-0.11189791664681152,0.2318155866603113,0.08989108931966089,200,percentile
PCE-revised (recal),education,<HS,cal_slope,0.8740156385586335,0.7172345986180897,1.051188288263369,0.08950810588655463,200,percentile
PCE-revised (recal),education,<HS,AUC,0.7498644517233299,0.7135484754605136,0.7857425374591982,0.018979396724819384,200,percentile
PCE-revised (recal),education,<HS,brier,0.03504265006339094,0.030043828573339315,0.04032089407563172,0.0027526165585717737,200,percentile
PCE-revised (recal),education,<HS,scaled_brier,0.0369477431765749,0.018285859542116766,0.052638866144268236,0.009561175630261135,200,percentile
PCE-revised (recal),education,<HS,pct_flagged_7.5,0.12212260722074146,0.11210374870256878,0.1315360203949308,0.005190010730833152,200,percentile
PCE-revised (recal),education,<HS,TPR_7.5,0.35689471814229023,0.28817844532675924,0.42810525173676184,0.03832243066969353,200,percentile
PCE-revised (recal),education,<HS,FPR_7.5,0.11406250194782398,0.10216855601413846,0.12479845092464995,0.005576614657027798,200,percentile
PCE-revised (recal),education,<HS,pct_flagged_20,0.006299975769323964,0.0036261945814453937,0.008524457952815765,0.0012866575386530706,200,percentile
PCE-revised (recal),education,<HS,TPR_20,0.03965496868247669,0.007142472740312537,0.06495473980850143,0.014925864664926888,200,percentile
PCE-revised (recal),education,<HS,FPR_20,0.004935508253293237,0.002655158237477747,0.0071561378031514055,0.0012025741102652829,200,percentile
PCE-revised (recal),education,<HS,rel_OE,1.0703849864242745,0.9467348347650429,1.1965434747746262,0.0646784026889621,200,percentile
PCE-revised (recal),education,College+,n,2796.0,1723.875,1823.025,23.610230620427007,200,percentile
PCE-revised (recal),education,College+,events,48.0,24.0,36.025000000000006,3.4290768202529347,200,percentile
PCE-revised (recal),education,College+,observed,0.01709407429638614,0.012633315082858925,0.021815629503753032,0.0025892950703857854,200,percentile
PCE-revised (recal),education,College+,expected,0.019328415908883796,0.018477048055948214,0.020188309335746463,0.0004510060961758186,200,percentile
PCE-revised (recal),education,College+,OE,0.8844012037494132,0.6517196077420282,1.148979813636868,0.1319223226619957,200,percentile
PCE-revised (recal),education,College+,cal_intercept,-0.13340021107206798,-0.45888353555192807,0.12880020022285651,0.1575023920345167,200,percentile
PCE-revised (recal),education,College+,cal_slope,1.0643517921668448,0.8531778800685447,1.3631848103227473,0.13724739357627544,200,percentile
PCE-revised (recal),education,College+,AUC,0.8048414286425223,0.7537356158437696,0.8586788243874107,0.028450852681011222,200,percentile
PCE-revised (recal),education,College+,brier,0.016349534801246034,0.012325728964991798,0.020767550836198936,0.0023603799094898408,200,percentile
PCE-revised (recal),education,College+,scaled_brier,0.026921539209566525,0.0012576768213921788,0.050427939641416335,0.012113793140240907,200,percentile
PCE-revised (recal),education,College+,pct_flagged_7.5,0.03969957081545064,0.03253764855773549,0.04630671142768322,0.003828188651477759,200,percentile
PCE-revised (recal),education,College+,TPR_7.5,0.2272059038835848,0.10647911982545975,0.35401024325374236,0.06574381101975435,200,percentile
PCE-revised (recal),education,College+,FPR_7.5,0.037222502273252696,0.029953503254375697,0.04431750105059643,0.003956452783867406,200,percentile
PCE-revised (recal),education,College+,pct_flagged_20,0.00178826895565093,0.00035875437058239114,0.003503151500341253,0.0007832886585630578,200,percentile
PCE-revised (recal),education,College+,TPR_20,0.020577632432512066,0.0,0.06625200869298997,0.020377242049064853,200,percentile
PCE-revised (recal),education,College+,FPR_20,0.0018372367037167681,0.00034900567080401476,0.003967363605551053,0.000977372653271255,200,percentile
PCE-revised (recal),education,College+,rel_OE,0.8802531401786973,0.6624502917792121,1.112438177035579,0.12396050634062189,200,percentile
PCE-revised (recal),education,HS/GED,n,3138.0,1939.975,2026.025,22.61337488341995,200,percentile
PCE-revised (recal),education,HS/GED,events,90.0,48.0,65.025,4.596306141974635,200,percentile
PCE-revised (recal),education,HS/GED,observed,0.02861859988288628,0.023620827335088915,0.034869979153821465,0.003237804191311106,200,percentile
PCE-revised (recal),education,HS/GED,expected,0.0276055871126817,0.0266204885007338,0.028552800135439465,0.0005760792453318017,200,percentile
PCE-revised (recal),education,HS/GED,OE,1.036695932822208,0.8536766750958235,1.2519219524572116,0.1142059012864896,200,percentile
PCE-revised (recal),education,HS/GED,cal_intercept,0.028911550295917875,-0.1732091970470649,0.23565946885247677,0.11734767163922358,200,percentile
PCE-revised (recal),education,HS/GED,cal_slope,1.082861793501005,0.8782705880317201,1.2768846059106755,0.1022591566850413,200,percentile
PCE-revised (recal),education,HS/GED,AUC,0.7999069330613179,0.7583431737356933,0.8344696146382578,0.019403112041855932,200,percentile
PCE-revised (recal),education,HS/GED,brier,0.02685221766731814,0.022191190437410423,0.03221208289273144,0.0028580920448520093,200,percentile
PCE-revised (recal),education,HS/GED,scaled_brier,0.03407814454211133,0.012213047650934597,0.05157046172731832,0.009980714891953695,200,percentile
PCE-revised (recal),education,HS/GED,pct_flagged_7.5,0.07202039515615041,0.06284911937073175,0.0812840805341712,0.004590802473340044,200,percentile
PCE-revised (recal),education,HS/GED,TPR_7.5,0.28745192062494873,0.19203920808663746,0.3873758293203746,0.05265919893632214,200,percentile
PCE-revised (recal),education,HS/GED,FPR_7.5,0.06620483100786001,0.057041700124791136,0.07494749661706535,0.004650579965770171,200,percentile
PCE-revised (recal),education,HS/GED,pct_flagged_20,0.0028680688336520078,0.0012450779105052745,0.005070058796062766,0.0010081811306166457,200,percentile
PCE-revised (recal),education,HS/GED,TPR_20,0.022111686201919133,0.0,0.059426816175593464,0.015768459209479353,200,percentile
PCE-revised (recal),education,HS/GED,FPR_20,0.003053887514533334,0.001015288899450624,0.005894810135925489,0.0012930006440503793,200,percentile
PCE-revised (recal),education,HS/GED,rel_OE,1.0318335687564217,0.8435137292551479,1.230154186635351,0.10002713098839389,200,percentile
PCE-revised (recal),education,Some college,n,3390.0,2089.95,2195.1,26.056961183734565,200,percentile
PCE-revised (recal),education,Some college,events,71.0,38.0,53.0,3.7634048520458214,200,percentile
PCE-revised (recal),education,Some college,observed,0.0207218498695426,0.016468492297619826,0.025768574705325214,0.0023823991329441074,200,percentile
PCE-revised (recal),education,Some college,expected,0.022324486633887874,0.02147629609258002,0.023253917011270036,0.0004667023755507981,200,percentile
PCE-revised (recal),education,Some college,OE,0.9282117080393455,0.7355706050252364,1.1537723780534166,0.10640487160900303,200,percentile
PCE-revised (recal),education,Some college,cal_intercept,-0.08137033977532802,-0.33708353975884825,0.1395117078045261,0.12089563370345678,200,percentile
PCE-revised (recal),education,Some college,cal_slope,0.9449312109878809,0.6931783350508505,1.216100582527975,0.12248744981145046,200,percentile
PCE-revised (recal),education,Some college,AUC,0.7675043529005335,0.708303438246893,0.8212613707472923,0.02690506825510982,200,percentile
PCE-revised (recal),education,Some college,brier,0.01982986112087647,0.01587828173309193,0.024212891006116486,0.0021427592635464097,200,percentile
PCE-revised (recal),education,Some college,scaled_brier,0.022796339380225517,0.00022250013960523974,0.044924477105887074,0.011380078631035954,200,percentile
PCE-revised (recal),education,Some college,pct_flagged_7.5,0.04749262536873156,0.04135286321922101,0.05408607307578556,0.0034179153350138254,200,percentile
PCE-revised (recal),education,Some college,TPR_7.5,0.19619715160052809,0.10575435346527769,0.2840982205371484,0.04809194582155944,200,percentile
PCE-revised (recal),education,Some college,FPR_7.5,0.04441325261169438,0.03788845243804562,0.05245414180342429,0.003734703613671334,200,percentile
PCE-revised (recal),education,Some college,pct_flagged_20,0.0005899705014749262,0.0,0.0014830987451393434,0.0004330754072536452,200,percentile
PCE-revised (recal),education,Some college,TPR_20,0.0,0.0,0.0,0.0,200,percentile
PCE-revised (recal),education,Some college,FPR_20,0.000593085240498893,0.0,0.0014874962451656237,0.0004343973993725276,200,percentile
PCE-revised (recal),education,Some college,rel_OE,0.9238581622100241,0.7499082897822809,1.102862465732895,0.09542022052936223,200,percentile
PCE-revised (recal),sex,GAP(max-min),OE,0.15379853444843905,0.0,0.28516374604483097,0.09570491902237915,200,basic
PCE-revised (recal),sex,GAP(max-min),AUC,0.03528313408821926,0.0,0.06765442956729038,0.02190918777707087,200,basic
PCE-revised (recal),sex,GAP(max-min),cal_slope,0.08129657667583368,0.0,0.1578973700366152,0.08326270149748422,200,basic
PCE-revised (recal),sex,GAP(max-min),TPR_7.5,0.056950790571757615,0.0,0.1125825468272116,0.04332207071535359,200,basic
PCE-revised (recal),sex,GAP(max-min),FPR_7.5,0.05779493339629454,0.04771488712526677,0.06788009310318877,0.004782754832439674,200,basic
PCE-revised (recal),sex,GAP(max-min),pct_flagged_7.5,0.06247152306264188,0.053459122474732876,0.07250387387640803,0.004655470649014914,200,basic
PCE-revised (recal),sex,GAP(max/min),OE,1.1623382443435835,1.0,1.301006375474849,0.10894880442851715,200,basic
PCE-revised (recal),race,GAP(max-min),OE,0.31787925645726267,0.0,0.5606808892163646,0.15103473037444068,200,basic
PCE-revised (recal),race,GAP(max-min),AUC,0.030141962746038753,0.0,0.046534016973370215,0.03240442477678602,200,basic
PCE-revised (recal),race,GAP(max-min),cal_slope,0.21142437288812188,0.0,0.3624262462075323,0.160019749889218,200,basic
PCE-revised (recal),race,GAP(max-min),TPR_7.5,0.07396966289149104,0.0,0.10252376659009382,0.06599234127919382,200,basic
PCE-revised (recal),race,GAP(max-min),FPR_7.5,0.035207840087114174,0.021802379768832265,0.0475493686919458,0.007002744436054711,200,basic
PCE-revised (recal),race,GAP(max-min),pct_flagged_7.5,0.03026689509256375,0.01673745445314108,0.037587644739057194,0.005617584177710629,200,basic
PCE-revised (recal),race,GAP(max/min),OE,1.4203845641845507,1.0,1.7666430600704872,0.2719877616874811,200,basic
PCE-revised (recal),age_group,GAP(max-min),OE,0.5517401425516061,0.24767338384801307,0.7271113218416736,0.12601184677947383,200,basic
PCE-revised (recal),age_group,GAP(max-min),AUC,0.11748545288226975,0.00616478487566316,0.17856684475203952,0.04465329255009405,200,basic
PCE-revised (recal),age_group,GAP(max-min),cal_slope,0.3507534350241468,0.0,0.5611571882660142,0.20065333164557977,200,basic
PCE-revised (recal),age_group,GAP(max-min),TPR_7.5,0.4486735151107261,0.36592734677713024,0.5102574114829279,0.037965310153122614,200,basic
PCE-revised (recal),age_group,GAP(max-min),FPR_7.5,0.24141082045307566,0.22216440257313713,0.260439580290438,0.010034565205187777,200,basic
PCE-revised (recal),age_group,GAP(max-min),pct_flagged_7.5,0.2621770693795411,0.24367912547825632,0.27994178915990414,0.009072147127760525,200,basic
PCE-revised (recal),age_group,GAP(max/min),OE,1.7441342524659154,1.0,2.040087676513334,0.2648512752759568,200,basic
PCE-revised (recal),income,GAP(max-min),OE,0.6499071610982459,0.39611989616565935,0.9309522707621634,0.13742782772803827,200,basic
PCE-revised (recal),income,GAP(max-min),AUC,0.048143297305619503,0.0,0.0820524101939384,0.02194870898353027,200,basic
PCE-revised (recal),income,GAP(max-min),cal_slope,0.2728741636628348,0.06044583768538092,0.448080867606916,0.10206698496199969,200,basic
PCE-revised (recal),income,GAP(max-min),TPR_7.5,0.11323332168405043,0.0,0.18596101849034033,0.054974292734893015,200,basic
PCE-revised (recal),income,GAP(max-min),FPR_7.5,0.05635024209210783,0.0425922652957698,0.0675686529688737,0.006280844728419363,200,basic
PCE-revised (recal),income,GAP(max-min),pct_flagged_7.5,0.06349411570420332,0.051561718623641756,0.07243661745317274,0.005807898453256424,200,basic
PCE-revised (recal),income,GAP(max/min),OE,2.039472105299093,1.2297954053719993,2.5903342347959666,0.3288423576380014,200,basic
PCE-revised (recal),education,GAP(max-min),OE,0.19102781463131235,0.0,0.2890471127383072,0.11872797745838305,200,basic
PCE-revised (recal),education,GAP(max-min),AUC,0.054976976919192344,0.0,0.07907476923516615,0.026988666977889694,200,basic
PCE-revised (recal),education,GAP(max-min),cal_slope,0.20884615494237146,0.0,0.29429374308539574,0.12214511631304621,200,basic
PCE-revised (recal),education,GAP(max-min),TPR_7.5,0.16069756654176215,0.031732953952446574,0.21413963015900372,0.05119698297570814,200,basic
PCE-revised (recal),education,GAP(max-min),FPR_7.5,0.07683999967457128,0.06279245348154923,0.09232798553691306,0.006995877712598262,200,basic
PCE-revised (recal),education,GAP(max-min),pct_flagged_7.5,0.08242303640529082,0.07000757283342689,0.09415698755011047,0.006648077437373141,200,basic
PCE-revised (recal),education,GAP(max/min),OE,1.215996782706142,1.0,1.3316764217311452,0.1820437563600163,200,basic
PREVENT-CVD (recal),Overall,All,n,13466.0,8438.95,8586.025,37.273860524394514,200,percentile
PREVENT-CVD (recal),Overall,All,events,362.0,213.975,246.025,8.927423730974231,200,percentile
PREVENT-CVD (recal),Overall,All,observed,0.027013720906110657,0.02467674019335717,0.029924370144193888,0.0014107056245544264,200,percentile
PREVENT-CVD (recal),Overall,All,expected,0.02678997199052827,0.02623860656771261,0.027228535380798967,0.0002589895490981493,200,percentile
PREVENT-CVD (recal),Overall,All,OE,1.0083519652675073,0.9148651313322652,1.1134779008146567,0.05284287783271054,200,percentile
PREVENT-CVD (recal),Overall,All,cal_intercept,0.000314692033752315,-0.10032159296484702,0.10644383640080501,0.055767269890584385,200,percentile
PREVENT-CVD (recal),Overall,All,cal_slope,0.9878168261651691,0.889444168338768,1.1064000334416615,0.05868285604889778,200,percentile
PREVENT-CVD (recal),Overall,All,AUC,0.7924525339017048,0.7716888303410749,0.8146017914889028,0.011390675732137489,200,percentile
PREVENT-CVD (recal),Overall,All,brier,0.025221744944122267,0.023143482461304602,0.027649129403025354,0.001227698813925472,200,percentile
PREVENT-CVD (recal),Overall,All,scaled_brier,0.04041377498102616,0.030060832398473777,0.050934603434932044,0.0052600167140382055,200,percentile
PREVENT-CVD (recal),Overall,All,pct_flagged_7.5,0.08540026733996732,0.0807942224862617,0.08986521609980692,0.002381788463977643,200,percentile
PREVENT-CVD (recal),Overall,All,TPR_7.5,0.36037363706242526,0.3136385465356684,0.40246222430878226,0.02299741479142986,200,percentile
PREVENT-CVD (recal),Overall,All,FPR_7.5,0.07973120771598266,0.07476953683454884,0.08511290647606322,0.0027126505632138094,200,percentile
PREVENT-CVD (recal),Overall,All,pct_flagged_20,0.002227833061042626,0.0014852220406950838,0.002896182979355414,0.0003637609559023493,200,percentile
PREVENT-CVD (recal),Overall,All,TPR_20,0.022485617715779213,0.009726811241857996,0.038501419360518346,0.007710914255424524,200,percentile
PREVENT-CVD (recal),Overall,All,FPR_20,0.0016793730501985335,0.0009907841331403793,0.002202867638726892,0.00031075460216635394,200,percentile
PREVENT-CVD (recal),Overall,All,rel_OE,1.0,1.0,1.0,0.0,200,percentile
PREVENT-CVD (recal),sex,Female,n,6883.0,4280.9,4411.05,34.77516586306971,200,percentile
PREVENT-CVD (recal),sex,Female,events,145.0,81.0,103.0,5.351334779248818,200,percentile
PREVENT-CVD (recal),sex,Female,observed,0.021294194048772756,0.01816319222437981,0.02519213712088221,0.0017412995721131723,200,percentile
PREVENT-CVD (recal),sex,Female,expected,0.02315967067139004,0.02247127978261841,0.02392857623661088,0.0003807042626418536,200,percentile
PREVENT-CVD (recal),sex,Female,OE,0.9194515047693759,0.7888949110843907,1.0886798470728831,0.07274783692499101,200,percentile
PREVENT-CVD (recal),sex,Female,cal_intercept,-0.10417774255464425,-0.2696653588557895,0.07341834511329388,0.08284187440354265,200,percentile
PREVENT-CVD (recal),sex,Female,cal_slope,0.9786729242871816,0.8003446677397177,1.1912798417387536,0.09831389035240154,200,percentile
PREVENT-CVD (recal),sex,Female,AUC,0.801000708517066,0.7610592909939041,0.834323491875006,0.018779028416079393,200,percentile
PREVENT-CVD (recal),sex,Female,brier,0.02000055421404975,0.017171139953829368,0.023272896785752478,0.001521790817828757,200,percentile
PREVENT-CVD (recal),sex,Female,scaled_brier,0.04031510766972535,0.02116997965043388,0.06145447090642376,0.009571391776341729,200,percentile
PREVENT-CVD (recal),sex,Female,pct_flagged_7.5,0.06203690251343891,0.05624334931840153,0.06773749679730959,0.0030025765007807266,200,percentile
PREVENT-CVD (recal),sex,Female,TPR_7.5,0.33384917827966365,0.2809556051234191,0.40988597634422747,0.03617571443532584,200,percentile
PREVENT-CVD (recal),sex,Female,FPR_7.5,0.05824242016519544,0.05205571471049659,0.06405972108204863,0.0033785234071152777,200,percentile
PREVENT-CVD (recal),sex,Female,pct_flagged_20,0.0017434258317594073,0.0007273521122379302,0.002765839081574844,0.0005373930186596,200,percentile
PREVENT-CVD (recal),sex,Female,TPR_20,0.028611993773618706,0.006863392172735814,0.06215091377441105,0.014933816594264742,200,percentile
PREVENT-CVD (recal),sex,Female,FPR_20,0.0011919481390147487,0.0004456194212693082,0.00195996831378181,0.0004147980298782717,200,percentile
PREVENT-CVD (recal),sex,Female,rel_OE,0.9118358831436929,0.8130137896223403,1.0069472693501422,0.05369189594335521,200,percentile
PREVENT-CVD (recal),sex,Male,n,6583.0,4101.0,4216.025,30.75408662635102,200,percentile
PREVENT-CVD (recal),sex,Male,events,217.0,123.975,152.0,7.173485517679798,200,percentile
PREVENT-CVD (recal),sex,Male,observed,0.032951105313655873,0.02891846402677544,0.03725173513945846,0.0021658789664504925,200,percentile
PREVENT-CVD (recal),sex,Male,expected,0.030585713138884404,0.029847875819819656,0.0313283820142695,0.00039831418698130374,200,percentile
PREVENT-CVD (recal),sex,Male,OE,1.0773365055779682,0.9560305057590505,1.2318173609703886,0.07162100927691725,200,percentile
PREVENT-CVD (recal),sex,Male,cal_intercept,0.0774614938367005,-0.04991336953115513,0.22160799988071983,0.07131611330351531,200,percentile
PREVENT-CVD (recal),sex,Male,cal_slope,0.9821904203944184,0.850426049089974,1.1307431736970563,0.07399415301317644,200,percentile
PREVENT-CVD (recal),sex,Male,AUC,0.7774343369934682,0.749523278403658,0.8049345313376349,0.014657690441702047,200,percentile
PREVENT-CVD (recal),sex,Male,brier,0.030641811534032625,0.027011734017045288,0.03434630695646066,0.001898146724064308,200,percentile
PREVENT-CVD (recal),sex,Male,scaled_brier,0.03839654066964204,0.026418691618769082,0.04963149749007854,0.006304266528219088,200,percentile
PREVENT-CVD (recal),sex,Male,pct_flagged_7.5,0.10982834573902477,0.10314895204122826,0.11695981050991872,0.003574572596212909,200,percentile
PREVENT-CVD (recal),sex,Male,TPR_7.5,0.3781676054744855,0.3126637983951251,0.4394943298001164,0.033816761312916825,200,percentile
PREVENT-CVD (recal),sex,Male,FPR_7.5,0.1023074006568317,0.09373588475082313,0.10885558191594952,0.004043568257362889,200,percentile
PREVENT-CVD (recal),sex,Male,pct_flagged_20,0.0027343156615524835,0.0015100438195897441,0.0038500674231816997,0.0006060466008873353,200,percentile
PREVENT-CVD (recal),sex,Male,TPR_20,0.01837573019850983,0.004286493335966813,0.037698793024265126,0.009144380931485136,200,percentile
PREVENT-CVD (recal),sex,Male,FPR_20,0.002191463311831662,0.0012332421806044039,0.0032472958604250236,0.0005263349070360831,200,percentile
PREVENT-CVD (recal),sex,Male,rel_OE,1.0684131560076446,0.9924189568088742,1.1445268312351256,0.04239454918419652,200,percentile
PREVENT-CVD (recal),race,Mexican American,n,2794.0,1719.85,1813.05,24.09378190806018,200,percentile
PREVENT-CVD (recal),race,Mexican American,events,62.0,30.975,47.0,4.148875248684361,200,percentile
PREVENT-CVD (recal),race,Mexican American,observed,0.02520622729693485,0.01920168317731077,0.032376831226357,0.0033080039074116136,200,percentile
PREVENT-CVD (recal),race,Mexican American,expected,0.026552231201968812,0.025394699367968936,0.02783063126264267,0.0006299734360476046,200,percentile
PREVENT-CVD (recal),race,Mexican American,OE,0.9493073145230011,0.7297917501091512,1.2377869827140209,0.12590993924325272,200,percentile
PREVENT-CVD (recal),race,Mexican American,cal_intercept,-0.07876972456147799,-0.35702039194829505,0.20453933148378328,0.14182282282230416,200,percentile
PREVENT-CVD (recal),race,Mexican American,cal_slope,0.8863726105748095,0.6423493716004934,1.1643095944460125,0.1320526011261741,200,percentile
PREVENT-CVD (recal),race,Mexican American,AUC,0.7850282309746757,0.7218317950854968,0.8409475285637972,0.02898320798012121,200,percentile
PREVENT-CVD (recal),race,Mexican American,brier,0.0240450764987722,0.018843839287779374,0.030890624400112976,0.0029354354342628953,200,percentile
PREVENT-CVD (recal),race,Mexican American,scaled_brier,0.02139919468905649,-0.009993670381857339,0.04689184412580873,0.01456030180235995,200,percentile
PREVENT-CVD (recal),race,Mexican American,pct_flagged_7.5,0.08052970651395848,0.07017601449026935,0.09177854523888943,0.005709431802249194,200,percentile
PREVENT-CVD (recal),race,Mexican American,TPR_7.5,0.30557330918901854,0.1736479764975752,0.4212103799402343,0.06315090927937916,200,percentile
PREVENT-CVD (recal),race,Mexican American,FPR_7.5,0.07927261425538952,0.06732558301576762,0.09092708650565856,0.006246521930547211,200,percentile
PREVENT-CVD (recal),race,Mexican American,pct_flagged_20,0.002863278453829635,0.0007242320692078971,0.00475023621273653,0.001041357230166194,200,percentile
PREVENT-CVD (recal),race,Mexican American,TPR_20,0.01608280574679045,0.0,0.04856630824372764,0.01524203106159321,200,percentile
PREVENT-CVD (recal),race,Mexican American,FPR_20,0.002911085482946303,0.0008293371813587091,0.004993344693017899,0.0011516500290500128,200,percentile
PREVENT-CVD (recal),race,Mexican American,rel_OE,0.9414444035631526,0.7392279758712799,1.1850242778527034,0.10941881374047434,200,percentile
PREVENT-CVD (recal),race,NH Black,n,2577.0,1585.9,1675.05,24.098716577932493,200,percentile
PREVENT-CVD (recal),race,NH Black,events,85.0,45.975,63.025000000000006,4.46907576473646,200,percentile
PREVENT-CVD (recal),race,NH Black,observed,0.0328297981317907,0.02673892004271837,0.041121663459351226,0.00383675138192561,200,percentile
PREVENT-CVD (recal),race,NH Black,expected,0.030002261309302357,0.028576148608878343,0.031208717776193124,0.0006986558730023151,200,percentile
PREVENT-CVD (recal),race,NH Black,OE,1.0942441235791667,0.898413475441889,1.3600148805304624,0.127763518950222,200,percentile
PREVENT-CVD (recal),race,NH Black,cal_intercept,0.07510702756737332,-0.1402149663509594,0.3196756627920288,0.12447303059591146,200,percentile
PREVENT-CVD (recal),race,NH Black,cal_slope,0.9222306030324903,0.69465169769592,1.162954532381717,0.1259613578824581,200,percentile
PREVENT-CVD (recal),race,NH Black,AUC,0.782500218597786,0.7334769038622992,0.8268462582430648,0.02475784393757019,200,percentile
PREVENT-CVD (recal),race,NH Black,brier,0.030264665838454313,0.02504797671873066,0.03776288659086985,0.0033176126933979087,200,percentile
PREVENT-CVD (recal),race,NH Black,scaled_brier,0.04684229439067766,0.02526366541288783,0.06880103536007286,0.012251250616298219,200,percentile
PREVENT-CVD (recal),race,NH Black,pct_flagged_7.5,0.11059371362048893,0.09838007548985177,0.12132309576736379,0.005880059294505329,200,percentile
PREVENT-CVD (recal),race,NH Black,TPR_7.5,0.42348148526784984,0.33989149586386586,0.5252084121625756,0.048437572007645924,200,percentile
PREVENT-CVD (recal),race,NH Black,FPR_7.5,0.10560289982361933,0.0930162147679359,0.11869384509207148,0.006524964637719635,200,percentile
PREVENT-CVD (recal),race,NH Black,pct_flagged_20,0.004656577415599534,0.0023062735683592036,0.006947797572469062,0.0012270205310578046,200,percentile
PREVENT-CVD (recal),race,NH Black,TPR_20,0.04689219620036172,0.011039950028240802,0.09077885417988235,0.02118051313528907,200,percentile
PREVENT-CVD (recal),race,NH Black,FPR_20,0.003183434171649494,0.001195111927372167,0.005242201359719071,0.0010519845741479633,200,percentile
PREVENT-CVD (recal),race,NH Black,rel_OE,1.0851807317982198,0.8993474225768002,1.3254387698806889,0.11263711662579173,200,percentile
PREVENT-CVD (recal),race,NH White,n,6689.0,4168.925,4287.175,33.29648147165029,200,percentile
PREVENT-CVD (recal),race,NH White,events,191.0,107.0,133.025,6.630968914398453,200,percentile
PREVENT-CVD (recal),race,NH White,observed,0.02724054453331013,0.02306571590950139,0.03178517432862721,0.0020222394318669436,200,percentile
PREVENT-CVD (recal),race,NH White,expected,0.026214362625330424,0.025645396282996474,0.026827681095092582,0.000351165155751814,200,percentile
PREVENT-CVD (recal),race,NH White,OE,1.0391457889953855,0.8934602014880746,1.2139830062680683,0.07451691434252623,200,percentile
PREVENT-CVD (recal),race,NH White,cal_intercept,0.04399366112393885,-0.11769740842333305,0.21249596334957618,0.07678807156515967,200,percentile
PREVENT-CVD (recal),race,NH White,cal_slope,1.0848502166113538,0.9511793393603298,1.2485755670865213,0.08196885030493227,200,percentile
PREVENT-CVD (recal),race,NH White,AUC,0.805482647590919,0.7792752418298287,0.8327886672430563,0.014572393748370362,200,percentile
PREVENT-CVD (recal),race,NH White,brier,0.025361876513476447,0.021709478966511587,0.029449700800156416,0.0017818829380228593,200,percentile
PREVENT-CVD (recal),race,NH White,scaled_brier,0.04289378155737289,0.03148917380445863,0.053290018459879095,0.00600901837278326,200,percentile
PREVENT-CVD (recal),race,NH White,pct_flagged_7.5,0.08237404694274182,0.07682399696201225,0.08904161477380887,0.0032155787874122745,200,percentile
PREVENT-CVD (recal),race,NH White,TPR_7.5,0.3513515391348098,0.290763168620647,0.4146774101811861,0.03320215900959276,200,percentile
PREVENT-CVD (recal),race,NH White,FPR_7.5,0.07452530991313934,0.0692790528214842,0.08201727339688425,0.0032518068225217468,200,percentile
PREVENT-CVD (recal),race,NH White,pct_flagged_20,0.001345492599790701,0.0006049405017273692,0.0022379965937139594,0.00042871785380668194,200,percentile
PREVENT-CVD (recal),race,NH White,TPR_20,0.010438417441363038,0.0,0.0261560902201574,0.006938037092150084,200,percentile
PREVENT-CVD (recal),race,NH White,FPR_20,0.001023088089761198,0.00043707170866697924,0.0017779241028369744,0.00035331890910918835,200,percentile
PREVENT-CVD (recal),race,NH White,rel_OE,1.0305387650230928,0.9104209285724743,1.1264856947690136,0.05193918693751359,200,percentile
PREVENT-CVD (recal),race,Other Hispanic,n,929.0,556.975,614.0,14.138311755527338,200,percentile
PREVENT-CVD (recal),race,Other Hispanic,events,17.0,7.0,14.0,1.991413729795012,200,percentile
PREVENT-CVD (recal),race,Other Hispanic,observed,0.019188673021253596,0.010296972973432045,0.03012576141891538,0.0049333341162629074,200,percentile
PREVENT-CVD (recal),race,Other Hispanic,expected,0.02494065853310984,0.023217414952639053,0.027044570794422473,0.0009436105246349845,200,percentile
PREVENT-CVD (recal),race,Other Hispanic,OE,0.7693731501026637,0.42220319355751806,1.1828124051667805,0.1919690751271532,200,percentile
PREVENT-CVD (recal),race,Other Hispanic,cal_intercept,-0.27613565772206694,-0.90510114183401,0.1874916345968335,0.2702346275660134,200,percentile
PREVENT-CVD (recal),race,Other Hispanic,cal_slope,1.220863228094505,0.6625200537907149,2.099752207605043,0.3628908811025982,200,percentile
PREVENT-CVD (recal),race,Other Hispanic,AUC,0.7995848509309444,0.6834577383301014,0.8917934310849533,0.055323769589871966,200,percentile
PREVENT-CVD (recal),race,Other Hispanic,brier,0.01743860324577951,0.009966393939029226,0.026412483325423845,0.004108441753129208,200,percentile
PREVENT-CVD (recal),race,Other Hispanic,scaled_brier,0.0734234990463083,-0.008069767213190181,0.13888891106061624,0.039965099674543925,200,percentile
PREVENT-CVD (recal),race,Other Hispanic,pct_flagged_7.5,0.062432723358449946,0.048472205739828716,0.07512150562579747,0.007382546267171009,200,percentile
PREVENT-CVD (recal),race,Other Hispanic,TPR_7.5,0.48945191305963975,0.2843057466713462,0.7131704211877165,0.11772431347840952,200,percentile
PREVENT-CVD (recal),race,Other Hispanic,FPR_7.5,0.05219208484454399,0.0370547377854267,0.0662537823014392,0.007441240230951675,200,percentile
PREVENT-CVD (recal),race,Other Hispanic,pct_flagged_20,0.001076426264800861,0.0,0.0033570387065512664,0.0011430646450435785,200,percentile
PREVENT-CVD (recal),race,Other Hispanic,TPR_20,0.06683672672665646,0.0,0.22813957226783832,0.06864293446813444,200,percentile
PREVENT-CVD (recal),race,Other Hispanic,FPR_20,0.0,0.0,0.0,0.0,200,percentile
PREVENT-CVD (recal),race,Other Hispanic,rel_OE,0.7630005956288839,0.4253716392339471,1.1377215659510407,0.18429643116799654,200,percentile
PREVENT-CVD (recal),race,Other/Multiracial,n,477.0,281.0,318.025,9.972001003815658,200,percentile
PREVENT-CVD (recal),race,Other/Multiracial,events,7.0,2.0,7.0,1.303252598955174,200,percentile
PREVENT-CVD (recal),race,Other/Multiracial,observed,0.015679572320388645,0.004797876905243432,0.028861967059162167,0.006065588398768145,200,percentile
PREVENT-CVD (recal),race,Other/Multiracial,expected,0.022501589253640174,0.019988119135042805,0.025038767082128127,0.0013382206473600596,200,percentile
PREVENT-CVD (recal),race,Other/Multiracial,OE,0.6968206620273321,0.22258437538872422,1.2997023274543997,0.27687252343064794,200,percentile
PREVENT-CVD (recal),race,Other/Multiracial,cal_intercept,-0.4108879097446131,-1.571819629328207,0.2351108356886239,0.4475543036873778,200,percentile
PREVENT-CVD (recal),race,Other/Multiracial,cal_slope,0.0670533204619088,-0.6492436724385545,0.9507672132763428,0.5020632192693889,200,percentile
PREVENT-CVD (recal),race,Other/Multiracial,AUC,0.5638373357317011,0.32390870512040953,0.8209020027597412,0.13128349356353908,200,percentile
PREVENT-CVD (recal),race,Other/Multiracial,brier,0.01618141960386614,0.006102612842725079,0.028521667178401378,0.005721951805436642,200,percentile
PREVENT-CVD (recal),race,Other/Multiracial,scaled_brier,-0.048445618437774174,-0.18474314545127246,-0.007378161282526238,0.06277317550492374,200,percentile
PREVENT-CVD (recal),race,Other/Multiracial,pct_flagged_7.5,0.0649895178197065,0.042725988700564974,0.0860028336443431,0.01179839926377355,200,percentile
PREVENT-CVD (recal),race,Other/Multiracial,TPR_7.5,0.0,0.0,0.0,0.0,200,percentile
PREVENT-CVD (recal),race,Other/Multiracial,FPR_7.5,0.07181165199598408,0.04340402089822776,0.09770476135240344,0.014314841030900274,200,percentile
PREVENT-CVD (recal),race,Other/Multiracial,pct_flagged_20,0.0,0.0,0.0,0.0,200,percentile
PREVENT-CVD (recal),race,Other/Multiracial,TPR_20,0.0,0.0,0.0,0.0,200,percentile
PREVENT-CVD (recal),race,Other/Multiracial,FPR_20,0.0,0.0,0.0,0.0,200,percentile
PREVENT-CVD (recal),race,Other/Multiracial,rel_OE,0.6910490444102734,0.22290483053844895,1.268673718273184,0.2757204241777513,200,percentile
PREVENT-CVD (recal),age_group,40-49,n,4420.0,2740.975,2852.075,29.934628944589303,200,percentile
PREVENT-CVD (recal),age_group,40-49,events,35.0,16.975,27.0,2.6951659685425597,200,percentile
PREVENT-CVD (recal),age_group,40-49,observed,0.00795660063450242,0.005647463755773878,0.010450144494185966,0.001313006302254515,200,percentile
PREVENT-CVD (recal),age_group,40-49,expected,0.006163984586891925,0.005844985280057854,0.006454042165584254,0.0001513299552035218,200,percentile
PREVENT-CVD (recal),age_group,40-49,OE,1.2908209815161769,0.9449634566392279,1.7048119676126583,0.21416920527537123,200,percentile
PREVENT-CVD (recal),age_group,40-49,cal_intercept,0.2634476492016701,-0.07277650444233724,0.561291613543924,0.17215806629367456,200,percentile
PREVENT-CVD (recal),age_group,40-49,cal_slope,0.9713430446003211,0.6690028366820765,1.2565236097106025,0.1629798130898029,200,percentile
PREVENT-CVD (recal),age_group,40-49,AUC,0.7625746096794589,0.6748842363105387,0.8405034640315662,0.045755706319325025,200,percentile
PREVENT-CVD (recal),age_group,40-49,brier,0.007740228996325959,0.005508288743802707,0.01005592287858734,0.0012521110660431174,200,percentile
PREVENT-CVD (recal),age_group,40-49,scaled_brier,0.01939167110460338,-0.0017983760074035515,0.0472123070346632,0.013060122065690358,200,percentile
PREVENT-CVD (recal),age_group,40-49,pct_flagged_7.5,0.004298642533936652,0.0023009003013626096,0.006351432732209923,0.0010335137619584894,200,percentile
PREVENT-CVD (recal),age_group,40-49,TPR_7.5,0.028426691671605595,0.0,0.08492336621276325,0.027607097976930096,200,percentile
PREVENT-CVD (recal),age_group,40-49,FPR_7.5,0.004674080094434103,0.0022616147541907996,0.006947663211544599,0.0012965816207248931,200,percentile
PREVENT-CVD (recal),age_group,40-49,pct_flagged_20,0.00022624434389140272,0.0,0.0006861106568885273,0.00022172047162597258,200,percentile
PREVENT-CVD (recal),age_group,40-49,TPR_20,0.028426691671605595,0.0,0.08492336621276325,0.027607097976930096,200,percentile
PREVENT-CVD (recal),age_group,40-49,FPR_20,0.0,0.0,0.0,0.0,200,percentile
PREVENT-CVD (recal),age_group,40-49,rel_OE,1.2801293853518032,0.9522999685665866,1.6701270456984996,0.20230572804286226,200,percentile
PREVENT-CVD (recal),age_group,50-59,n,3406.0,2099.975,2201.025,26.897231835302478,200,percentile
PREVENT-CVD (recal),age_group,50-59,events,45.0,22.975,35.0,3.094000516480226,200,percentile
PREVENT-CVD (recal),age_group,50-59,observed,0.013519955107744815,0.010056953619475612,0.0178626168185472,0.0019287876648910953,200,percentile
PREVENT-CVD (recal),age_group,50-59,expected,0.01509990952191462,0.014613273041027398,0.015582482663265024,0.00025754718225942566,200,percentile
PREVENT-CVD (recal),age_group,50-59,OE,0.8953666303843208,0.6777055634240404,1.1651221003815484,0.12570541805893348,200,percentile
PREVENT-CVD (recal),age_group,50-59,cal_intercept,-0.12238333176424239,-0.4107892549682163,0.14606525402289716,0.14445931287589686,200,percentile
PREVENT-CVD (recal),age_group,50-59,cal_slope,0.9659681464494192,0.5496321187627016,1.2939479085290466,0.18403571720276987,200,percentile
PREVENT-CVD (recal),age_group,50-59,AUC,0.7143080978556369,0.6297282446667144,0.7993902587041866,0.04288311091368869,200,percentile
PREVENT-CVD (recal),age_group,50-59,brier,0.013013771081901871,0.009814088044721182,0.01721592084699757,0.0018065244233955314,200,percentile
PREVENT-CVD (recal),age_group,50-59,scaled_brier,0.024247643137066177,0.00048348918728349,0.05843661448717238,0.01570404755314559,200,percentile
PREVENT-CVD (recal),age_group,50-59,pct_flagged_7.5,0.011743981209630064,0.008225218717797139,0.015310610785349175,0.0016945344623136072,200,percentile
PREVENT-CVD (recal),age_group,50-59,TPR_7.5,0.1359169707313958,0.04714770186275603,0.24006132110342132,0.050245044726660526,200,percentile
PREVENT-CVD (recal),age_group,50-59,FPR_7.5,0.011344563483863796,0.007594598567830775,0.014574326789357937,0.001882854604475768,200,percentile
PREVENT-CVD (recal),age_group,50-59,pct_flagged_20,0.0005871990604815032,0.0,0.0015072178971339831,0.00041251455483718797,200,percentile
PREVENT-CVD (recal),age_group,50-59,TPR_20,0.02591984313153004,0.0,0.09296514015610513,0.02660428346129388,200,percentile
PREVENT-CVD (recal),age_group,50-59,FPR_20,0.0003015076148435405,0.0,0.0009273033796634452,0.00029270426200030586,200,percentile
PREVENT-CVD (recal),age_group,50-59,rel_OE,0.8879504986602448,0.6696085382985795,1.167887966216864,0.12167861129033158,200,percentile
PREVENT-CVD (recal),age_group,60-69,n,3441.0,2119.95,2231.1,28.096622590714194,200,percentile
PREVENT-CVD (recal),age_group,60-69,events,102.0,54.975,73.025,5.084153625772163,200,percentile
PREVENT-CVD (recal),age_group,60-69,observed,0.02987645402215967,0.0243922908867442,0.03575652963771975,0.0030899780538367547,200,percentile
PREVENT-CVD (recal),age_group,60-69,expected,0.035708607998252,0.03491435066686802,0.036605394476282756,0.00045926781117604535,200,percentile
PREVENT-CVD (recal),age_group,60-69,OE,0.8366737237033204,0.6793247832240116,0.9963145406756168,0.0865167545616069,200,percentile
PREVENT-CVD (recal),age_group,60-69,cal_intercept,-0.18394435185531738,-0.39100583594009525,0.002838265581439432,0.1089325281065282,200,percentile
PREVENT-CVD (recal),age_group,60-69,cal_slope,0.8066330106540477,0.5553590968978604,1.080327361941057,0.14137943591834423,200,percentile
PREVENT-CVD (recal),age_group,60-69,AUC,0.6563399948426814,0.6068691356978836,0.7134785790685004,0.02805159183790787,200,percentile
PREVENT-CVD (recal),age_group,60-69,brier,0.028894586205548082,0.023968549780367363,0.034266410728929414,0.002759436057439783,200,percentile
PREVENT-CVD (recal),age_group,60-69,scaled_brier,0.003079829180753668,-0.01631427400313651,0.01846688331771273,0.008977232495430884,200,percentile
PREVENT-CVD (recal),age_group,60-69,pct_flagged_7.5,0.07178145887823308,0.06335910073346798,0.07967006729577251,0.0042588548340742405,200,percentile
PREVENT-CVD (recal),age_group,60-69,TPR_7.5,0.16056538242284205,0.08580642715424942,0.2412731700404494,0.0390406088302576,200,percentile
PREVENT-CVD (recal),age_group,60-69,FPR_7.5,0.06925481017902792,0.06037081743061287,0.0784501473272619,0.0047479916639426075,200,percentile
PREVENT-CVD (recal),age_group,60-69,pct_flagged_20,0.0026155187445510027,0.0011569974933988273,0.004147725867431748,0.0008248560662980806,200,percentile
PREVENT-CVD (recal),age_group,60-69,TPR_20,0.009760867646246023,0.0,0.03230388563049855,0.009586969871596865,200,percentile
PREVENT-CVD (recal),age_group,60-69,FPR_20,0.0024048080445713987,0.0009115338170033938,0.004162032924772542,0.0008057145311772041,200,percentile
PREVENT-CVD (recal),age_group,60-69,rel_OE,0.829743732865496,0.6963750675545669,0.9630834921223976,0.06833323046455653,200,percentile
PREVENT-CVD (recal),age_group,70-79,n,2199.0,1346.975,1427.025,20.782191835497958,200,percentile
PREVENT-CVD (recal),age_group,70-79,events,180.0,103.0,126.0,6.393110299101867,200,percentile
PREVENT-CVD (recal),age_group,70-79,observed,0.08022995462814278,0.07024871515762866,0.09249890175956153,0.005944053403622074,200,percentile
PREVENT-CVD (recal),age_group,70-79,expected,0.07239897180389496,0.07111003718419677,0.0740155530383779,0.0007360956732428533,200,percentile
PREVENT-CVD (recal),age_group,70-79,OE,1.1081642822975357,0.9715078644136647,1.2876959279475995,0.08138964238894415,200,percentile
PREVENT-CVD (recal),age_group,70-79,cal_intercept,0.11148142779745446,-0.033464637088070286,0.2784233646927174,0.0804779200006086,200,percentile
PREVENT-CVD (recal),age_group,70-79,cal_slope,1.1151651718604914,0.8701768918568631,1.436271449807654,0.14614253220766898,200,percentile
PREVENT-CVD (recal),age_group,70-79,AUC,0.6557473025793193,0.6218040726734668,0.6962904746853589,0.019892844805291892,200,percentile
PREVENT-CVD (recal),age_group,70-79,brier,0.07218963782228754,0.06395249843894012,0.08259025568594908,0.0049205093798455075,200,percentile
PREVENT-CVD (recal),age_group,70-79,scaled_brier,0.021729280792824435,0.011652022613714133,0.034259906813460105,0.005962883272338662,200,percentile
PREVENT-CVD (recal),age_group,70-79,pct_flagged_7.5,0.38381082310140974,0.3670222568917986,0.404766731016731,0.01007652828544119,200,percentile
PREVENT-CVD (recal),age_group,70-79,TPR_7.5,0.5948406775726091,0.5247626062129261,0.660408906217846,0.03543781587138548,200,percentile
PREVENT-CVD (recal),age_group,70-79,FPR_7.5,0.3650797011334131,0.34471740543120305,0.38930001569575157,0.011586786523919328,200,percentile
PREVENT-CVD (recal),age_group,70-79,pct_flagged_20,0.008185538881309686,0.005058302667893284,0.011786982474334217,0.0017763821720239406,200,percentile
PREVENT-CVD (recal),age_group,70-79,TPR_20,0.02768174699558723,0.005993927681129995,0.053840301331812744,0.011414259016783496,200,percentile
PREVENT-CVD (recal),age_group,70-79,FPR_20,0.006278040716060787,0.0032727169544727597,0.00969319600550564,0.0015288294798100617,200,percentile
PREVENT-CVD (recal),age_group,70-79,rel_OE,1.0989855927970043,0.9880983009560447,1.2064453751969333,0.05661602203607936,200,percentile
PREVENT-CVD (recal),income,PIR 1.3-3.5,n,4520.0,2805.0,2909.025,26.634877199211587,200,percentile
PREVENT-CVD (recal),income,PIR 1.3-3.5,events,144.0,81.0,103.025,5.839425868384821,200,percentile
PREVENT-CVD (recal),income,PIR 1.3-3.5,observed,0.03194901200591318,0.02740836608586969,0.03781364799266269,0.0025841732902676245,200,percentile
PREVENT-CVD (recal),income,PIR 1.3-3.5,expected,0.030457816701191704,0.029585996622018933,0.031235565214703984,0.00043630020905562387,200,percentile
PREVENT-CVD (recal),income,PIR 1.3-3.5,OE,1.0489593630216814,0.901900684410626,1.2458536028861522,0.08396693926728438,200,percentile
PREVENT-CVD (recal),income,PIR 1.3-3.5,cal_intercept,0.03701633712297164,-0.11728863284580061,0.21231139405150704,0.08481711377762086,200,percentile
PREVENT-CVD (recal),income,PIR 1.3-3.5,cal_slope,1.1153990431776593,0.9122670834078327,1.2928038823599122,0.0989710965583594,200,percentile
PREVENT-CVD (recal),income,PIR 1.3-3.5,AUC,0.8028005992567298,0.7688906450900775,0.8287673077561263,0.016033882442770386,200,percentile
PREVENT-CVD (recal),income,PIR 1.3-3.5,brier,0.029477372146294454,0.02572022655209755,0.03472866547989967,0.002244123445107147,200,percentile
PREVENT-CVD (recal),income,PIR 1.3-3.5,scaled_brier,0.04691178548695896,0.032894102940815635,0.05896608956105907,0.006980997129964093,200,percentile
PREVENT-CVD (recal),income,PIR 1.3-3.5,pct_flagged_7.5,0.10641592920353982,0.09883005311551876,0.11604223286206254,0.00444095325893659,200,percentile
PREVENT-CVD (recal),income,PIR 1.3-3.5,TPR_7.5,0.41631927053961504,0.35371318806858837,0.47910948191427866,0.034397724655630436,200,percentile
PREVENT-CVD (recal),income,PIR 1.3-3.5,FPR_7.5,0.09963639021472977,0.09017149024862722,0.11069345879849418,0.005088691289143538,200,percentile
PREVENT-CVD (recal),income,PIR 1.3-3.5,pct_flagged_20,0.0015486725663716814,0.0004455310456989394,0.002657969586281371,0.0005393328305085512,200,percentile
PREVENT-CVD (recal),income,PIR 1.3-3.5,TPR_20,0.0069338699525929946,0.0,0.02360299314270252,0.006678779658653849,200,percentile
PREVENT-CVD (recal),income,PIR 1.3-3.5,FPR_20,0.0013730493358942006,0.0004464285484937012,0.0025360939883893353,0.0005271419914519817,200,percentile
PREVENT-CVD (recal),income,PIR 1.3-3.5,rel_OE,1.0402710552990306,0.9234215627125151,1.1781610261798625,0.06559949466912612,200,percentile
PREVENT-CVD (recal),income,PIR<1.3,n,3136.0,1933.95,2032.0,23.822825400238557,200,percentile
PREVENT-CVD (recal),income,PIR<1.3,events,124.0,67.975,88.0,5.572074575539786,200,percentile
PREVENT-CVD (recal),income,PIR<1.3,observed,0.03996337671369271,0.0332834102595872,0.046284313954201454,0.003665671271720164,200,percentile
PREVENT-CVD (recal),income,PIR<1.3,expected,0.030851631406368096,0.02957403354930942,0.03207813149971976,0.0006564568664769481,200,percentile
PREVENT-CVD (recal),income,PIR<1.3,OE,1.2953407937268386,1.0723728962883843,1.5009385768881316,0.11568653867386373,200,percentile
PREVENT-CVD (recal),income,PIR<1.3,cal_intercept,0.2859853985699666,0.07487006900225666,0.4482550064222284,0.10037244859792036,200,percentile
PREVENT-CVD (recal),income,PIR<1.3,cal_slope,0.8024827799351274,0.661433502079834,0.9972758115534003,0.0885291563729463,200,percentile
PREVENT-CVD (recal),income,PIR<1.3,AUC,0.7576800422169765,0.7252658981861685,0.7996022940066646,0.019974620101183383,200,percentile
PREVENT-CVD (recal),income,PIR<1.3,brier,0.037041109927313076,0.031192083509041468,0.04245769188079185,0.003180175630479894,200,percentile
PREVENT-CVD (recal),income,PIR<1.3,scaled_brier,0.03454060274740045,0.016804771578207943,0.0529781671049304,0.009445274903535679,200,percentile
PREVENT-CVD (recal),income,PIR<1.3,pct_flagged_7.5,0.11033163265306123,0.098618749784852,0.1205643937879757,0.005449732696086282,200,percentile
PREVENT-CVD (recal),income,PIR<1.3,TPR_7.5,0.3334615611156885,0.2664084083714271,0.42802174523077086,0.041295355114125964,200,percentile
PREVENT-CVD (recal),income,PIR<1.3,FPR_7.5,0.10196067319602029,0.0901870101368069,0.1133842176673289,0.006147213778753744,200,percentile
PREVENT-CVD (recal),income,PIR<1.3,pct_flagged_20,0.0047831632653061226,0.0023100707387245603,0.0070900273039904895,0.0012595278632713239,200,percentile
PREVENT-CVD (recal),income,PIR<1.3,TPR_20,0.04135693114298984,0.016477162997962928,0.08007244493010163,0.017707478719191008,200,percentile
PREVENT-CVD (recal),income,PIR<1.3,FPR_20,0.0033246306410775867,0.0013119008063903117,0.0053482603199421575,0.001018068935313109,200,percentile
PREVENT-CVD (recal),income,PIR<1.3,rel_OE,1.284611760917425,1.1041101105748812,1.4476529096393036,0.0905375106585486,200,percentile
PREVENT-CVD (recal),income,PIR>3.5,n,4696.0,2908.925,3035.075,30.586573317988474,200,percentile
PREVENT-CVD (recal),income,PIR>3.5,events,60.0,31.0,45.025000000000006,3.8866832302958914,200,percentile
PREVENT-CVD (recal),income,PIR>3.5,observed,0.012671438649998484,0.009752289047334613,0.016373745142371766,0.0017284327326067557,200,percentile
PREVENT-CVD (recal),income,PIR>3.5,expected,0.01980699924832048,0.019104443442885213,0.02042025003477863,0.00036709707473163905,200,percentile
PREVENT-CVD (recal),income,PIR>3.5,OE,0.6397455006251362,0.49963833068069413,0.82059812804811,0.08618343437378098,200,percentile
PREVENT-CVD (recal),income,PIR>3.5,cal_intercept,-0.4762846961818456,-0.729373429315425,-0.22070173660586348,0.13942708280982577,200,percentile
PREVENT-CVD (recal),income,PIR>3.5,cal_slope,0.8797932055979978,0.6334703969883402,1.1865057683606655,0.14160811484230895,200,percentile
PREVENT-CVD (recal),income,PIR>3.5,AUC,0.7652908989657943,0.7054695164527311,0.8249127219967971,0.031761782677689906,200,percentile
PREVENT-CVD (recal),income,PIR>3.5,brier,0.012438894928569243,0.009763099054067175,0.01568353471275748,0.0015641763196164408,200,percentile
PREVENT-CVD (recal),income,PIR>3.5,scaled_brier,0.005753264563193805,-0.01998972545567121,0.027648757660983868,0.013746223244022929,200,percentile
PREVENT-CVD (recal),income,PIR>3.5,pct_flagged_7.5,0.04514480408858603,0.03971636373999772,0.05035103621621146,0.0028768406448668347,200,percentile
PREVENT-CVD (recal),income,PIR>3.5,TPR_7.5,0.25345149837625197,0.13672875804614115,0.37480343921401477,0.061721278993374665,200,percentile
PREVENT-CVD (recal),income,PIR>3.5,FPR_7.5,0.04290512714924458,0.03667778449860611,0.048951700651025616,0.0031923493584588188,200,percentile
PREVENT-CVD (recal),income,PIR>3.5,pct_flagged_20,0.0006388415672913117,0.0,0.00128647700586724,0.0003451535764200486,200,percentile
PREVENT-CVD (recal),income,PIR>3.5,TPR_20,0.0,0.0,0.0,0.0,200,percentile
PREVENT-CVD (recal),income,PIR>3.5,FPR_20,0.0006387446615239182,0.0,0.00129831084495015,0.0003457259954439398,200,percentile
PREVENT-CVD (recal),income,PIR>3.5,rel_OE,0.6344466244536124,0.48893872260469795,0.7960284087652579,0.07874889905974558,200,percentile
PREVENT-CVD (recal),education,<HS,n,4127.0,2557.95,2661.025,25.571355971695386,200,percentile
PREVENT-CVD (recal),education,<HS,events,151.0,82.0,109.0,6.385046522577374,200,percentile
PREVENT-CVD (recal),education,<HS,observed,0.03781721168744455,0.03220577278145665,0.04446220330683749,0.0032176776625831884,200,percentile
PREVENT-CVD (recal),education,<HS,expected,0.034621878621241504,0.033532281488531206,0.03571950307394589,0.0006030644549899038,200,percentile
PREVENT-CVD (recal),education,<HS,OE,1.092292307449851,0.9390939864883288,1.271543431920922,0.09134275686050704,200,percentile
PREVENT-CVD (recal),education,<HS,cal_intercept,0.07215174192905106,-0.09410865898155486,0.23932596930924532,0.09032471902560656,200,percentile
PREVENT-CVD (recal),education,<HS,cal_slope,0.8314157159136488,0.6643883102682243,1.0309131761901598,0.08933295985905812,200,percentile
PREVENT-CVD (recal),education,<HS,AUC,0.7530898456366005,0.7146503150559553,0.7910096377686187,0.018742045486591113,200,percentile
PREVENT-CVD (recal),education,<HS,brier,0.035281850124375715,0.030121710005110613,0.04090346195237839,0.0027902946831500886,200,percentile
PREVENT-CVD (recal),education,<HS,scaled_brier,0.03037397783214546,0.013852876350781251,0.04453500920384466,0.008083929209161326,200,percentile
PREVENT-CVD (recal),education,<HS,pct_flagged_7.5,0.13084565059365155,0.12096709252806813,0.14103665412784813,0.0051826444969469785,200,percentile
PREVENT-CVD (recal),education,<HS,TPR_7.5,0.4238047756884635,0.35027323004781197,0.5004941090910157,0.03885367756239648,200,percentile
PREVENT-CVD (recal),education,<HS,FPR_7.5,0.12534443845321172,0.11323051396833402,0.1364661139902018,0.005863768069430255,200,percentile
PREVENT-CVD (recal),education,<HS,pct_flagged_20,0.00484613520717228,0.0026555691107629886,0.006779676662393866,0.001025811693393992,200,percentile
PREVENT-CVD (recal),education,<HS,TPR_20,0.026436645788317795,0.0060283438894006254,0.05135766981186704,0.011698821097422287,200,percentile
PREVENT-CVD (recal),education,<HS,FPR_20,0.004156217476457463,0.002337695563163324,0.005965393953992232,0.0009504968979309526,200,percentile
PREVENT-CVD (recal),education,<HS,rel_OE,1.0832450821475565,0.9575122795166459,1.2069491120931102,0.06535160236703023,200,percentile
PREVENT-CVD (recal),education,College+,n,2796.0,1723.875,1823.025,23.610230620427007,200,percentile
PREVENT-CVD (recal),education,College+,events,48.0,24.0,36.025000000000006,3.4290768202529347,200,percentile
PREVENT-CVD (recal),education,College+,observed,0.01709407429638614,0.012633315082858925,0.021815629503753032,0.0025892950703857854,200,percentile
PREVENT-CVD (recal),education,College+,expected,0.02005374141659132,0.019072530701888545,0.02090565115656621,0.0004796200530101783,200,percentile
PREVENT-CVD (recal),education,College+,OE,0.8524132201207839,0.6294689228299614,1.0772821296706252,0.12504882978787732,200,percentile
PREVENT-CVD (recal),education,College+,cal_intercept,-0.16807615885419797,-0.48754834382823947,0.08349523898592288,0.15525335395510023,200,percentile
PREVENT-CVD (recal),education,College+,cal_slope,1.189270661438737,0.9156392223268128,1.6170840774941548,0.17958308351333016,200,percentile
PREVENT-CVD (recal),education,College+,AUC,0.8294261335924566,0.7740142797959102,0.8859859051193383,0.029496743909703995,200,percentile
PREVENT-CVD (recal),education,College+,brier,0.015981464691900222,0.011935933951512613,0.020126500845304526,0.002310275548999531,200,percentile
PREVENT-CVD (recal),education,College+,scaled_brier,0.048828039903267784,0.025409584344955403,0.07274988808667124,0.013032957696818295,200,percentile
PREVENT-CVD (recal),education,College+,pct_flagged_7.5,0.05042918454935622,0.043090520785426,0.059114596836919886,0.004262312326269326,200,percentile
PREVENT-CVD (recal),education,College+,TPR_7.5,0.33580491410287944,0.20916179867554702,0.45832847552342554,0.06539557394785435,200,percentile
PREVENT-CVD (recal),education,College+,FPR_7.5,0.04406690564565366,0.03702676356692703,0.05269768336413594,0.0043999798432696,200,percentile
PREVENT-CVD (recal),education,College+,pct_flagged_20,0.000357653791130186,0.0,0.0010858650372925138,0.00034187837735712216,200,percentile
PREVENT-CVD (recal),education,College+,TPR_20,0.020577632432512066,0.0,0.07125308856230937,0.020901625799041375,200,percentile
PREVENT-CVD (recal),education,College+,FPR_20,0.0,0.0,0.0,0.0,200,percentile
PREVENT-CVD (recal),education,College+,rel_OE,0.8453528623754364,0.6341366240519402,1.0555409149536685,0.1169997877450157,200,percentile
PREVENT-CVD (recal),education,HS/GED,n,3138.0,1939.975,2026.025,22.61337488341995,200,percentile
PREVENT-CVD (recal),education,HS/GED,events,90.0,48.0,65.025,4.596306141974635,200,percentile
PREVENT-CVD (recal),education,HS/GED,observed,0.02861859988288628,0.023620827335088915,0.034869979153821465,0.003237804191311106,200,percentile
PREVENT-CVD (recal),education,HS/GED,expected,0.027611577740756885,0.02648681085476894,0.0285351298291729,0.0005394942988991937,200,percentile
PREVENT-CVD (recal),education,HS/GED,OE,1.0364710105153807,0.8540298061107587,1.255591545229874,0.11499149361172417,200,percentile
PREVENT-CVD (recal),education,HS/GED,cal_intercept,0.028577276729162604,-0.17768260385730653,0.23770182380003246,0.11807288804701264,200,percentile
PREVENT-CVD (recal),education,HS/GED,cal_slope,1.0751905188759512,0.8459214664526519,1.311918027960864,0.12298471939396549,200,percentile
PREVENT-CVD (recal),education,HS/GED,AUC,0.7995718479565208,0.7568003486671657,0.835129582725518,0.021285466443827384,200,percentile
PREVENT-CVD (recal),education,HS/GED,brier,0.026652707108243846,0.022139348173714605,0.03201383905824672,0.0028319828049349883,200,percentile
PREVENT-CVD (recal),education,HS/GED,scaled_brier,0.04125489291321627,0.02252256967992046,0.057916351341631256,0.009302798700963396,200,percentile
PREVENT-CVD (recal),education,HS/GED,pct_flagged_7.5,0.08731676226896112,0.07711319830674047,0.09570798656008365,0.004841355087006515,200,percentile
PREVENT-CVD (recal),education,HS/GED,TPR_7.5,0.38087278634626437,0.28199370940973256,0.49003678378956134,0.05032891117572155,200,percentile
PREVENT-CVD (recal),education,HS/GED,FPR_7.5,0.08090381056269279,0.06990123394519637,0.09110201914583067,0.005276357759718565,200,percentile
PREVENT-CVD (recal),education,HS/GED,pct_flagged_20,0.0012746972594008922,0.0003055468505170794,0.0026203123835085375,0.0006167817256656562,200,percentile
PREVENT-CVD (recal),education,HS/GED,TPR_20,0.0,0.0,0.0,0.0,200,percentile
PREVENT-CVD (recal),education,HS/GED,FPR_20,0.001302898120290068,0.0003128441838886498,0.00268413754919283,0.0006318570873283183,200,percentile
PREVENT-CVD (recal),education,HS/GED,rel_OE,1.0278861411654152,0.8520247515343737,1.2392442608752225,0.100405228738877,200,percentile
PREVENT-CVD (recal),education,Some college,n,3390.0,2089.95,2195.1,26.056961183734565,200,percentile
PREVENT-CVD (recal),education,Some college,events,71.0,38.0,53.0,3.7634048520458214,200,percentile
PREVENT-CVD (recal),education,Some college,observed,0.0207218498695426,0.016468492297619826,0.025768574705325214,0.0023823991329441074,200,percentile
PREVENT-CVD (recal),education,Some college,expected,0.02202414621935503,0.021122594040077852,0.02300599500047607,0.000456022173115142,200,percentile
PREVENT-CVD (recal),education,Some college,OE,0.9408696102522259,0.7431823989951998,1.151858770167166,0.10681714961871297,200,percentile
PREVENT-CVD (recal),education,Some college,cal_intercept,-0.07385603283397002,-0.32658328234149875,0.1514831240316421,0.1208683505217807,200,percentile
PREVENT-CVD (recal),education,Some college,cal_slope,0.9472453970933001,0.7033034080514193,1.1913055282244647,0.12848175012011603,200,percentile
PREVENT-CVD (recal),education,Some college,AUC,0.7773185228490679,0.720240662756017,0.8269809628950079,0.027968654590039912,200,percentile
PREVENT-CVD (recal),education,Some college,brier,0.01952790213134,0.015656491998318634,0.023878712862150785,0.002119258700063688,200,percentile
PREVENT-CVD (recal),education,Some college,scaled_brier,0.03767669724725242,0.008650503402917828,0.06802918465364688,0.013674784351294133,200,percentile
PREVENT-CVD (recal),education,Some college,pct_flagged_7.5,0.057227138643067846,0.048799657090288454,0.0642054894663388,0.0038262916812349915,200,percentile
PREVENT-CVD (recal),education,Some college,TPR_7.5,0.21270861974812555,0.12237731057318471,0.3030015487854166,0.04898468169685101,200,percentile
PREVENT-CVD (recal),education,Some college,FPR_7.5,0.05647344200283993,0.04696186388617113,0.06439263556813692,0.004348998147619336,200,percentile
PREVENT-CVD (recal),education,Some college,pct_flagged_20,0.0011799410029498525,0.00029644570818486015,0.002606476443710709,0.0005375966890722725,200,percentile
PREVENT-CVD (recal),education,Some college,TPR_20,0.030525550404778026,0.0,0.07652844632136364,0.021500650231175502,200,percentile
PREVENT-CVD (recal),education,Some college,FPR_20,0.000593085240498893,0.0,0.0015160765356116677,0.00041508747637387824,200,percentile
PREVENT-CVD (recal),education,Some college,rel_OE,0.9330765870056307,0.7526788263108747,1.1150197353616174,0.09546409401176804,200,percentile
PREVENT-CVD (recal),sex,GAP(max-min),OE,0.15788500080859236,0.0,0.31016184393645596,0.09237300768859381,200,basic
PREVENT-CVD (recal),sex,GAP(max-min),AUC,0.02356637152359775,0.0,0.04575071826385408,0.018676830985581563,200,basic
PREVENT-CVD (recal),sex,GAP(max-min),cal_slope,0.0035174961072368394,0.0,0.00018566221412889567,0.07536338408770848,200,basic
PREVENT-CVD (recal),sex,GAP(max-min),TPR_7.5,0.044318427194821874,0.0,0.0866973003663431,0.03895771811365057,200,basic
PREVENT-CVD (recal),sex,GAP(max-min),FPR_7.5,0.04406498049163627,0.03466809486567985,0.05370918081982657,0.005169515207658052,200,basic
PREVENT-CVD (recal),sex,GAP(max-min),pct_flagged_7.5,0.04779144322558586,0.03858192514387403,0.057649890283332436,0.004629945540767482,200,basic
PREVENT-CVD (recal),sex,GAP(max/min),OE,1.1717165070584057,1.0,1.3380765261390495,0.1095618383153364,200,basic
PREVENT-CVD (recal),race,GAP(max-min),OE,0.32487097347650296,0.0,0.5836240563715023,0.16283632227873612,200,basic
PREVENT-CVD (recal),race,GAP(max-min),AUC,0.022982428993133075,0.0,0.03287589652101176,0.03306786987429626,200,basic
PREVENT-CVD (recal),race,GAP(max-min),cal_slope,0.33449061751969555,0.0,0.5692135420425559,0.26077203192915194,200,basic
PREVENT-CVD (recal),race,GAP(max-min),TPR_7.5,0.18387860387062122,0.0,0.3256408603135363,0.09945511899298061,200,basic
PREVENT-CVD (recal),race,GAP(max-min),FPR_7.5,0.053410814979075336,0.03363004497410428,0.08340010719811924,0.013647282197242561,200,basic
PREVENT-CVD (recal),race,GAP(max-min),pct_flagged_7.5,0.04816099026203899,0.03122425311301305,0.07321910048567112,0.011626958958263002,200,basic
PREVENT-CVD (recal),race,GAP(max/min),OE,1.4222541083389155,1.0,1.779569680538335,0.28094561883096575,200,basic
PREVENT-CVD (recal),age_group,GAP(max-min),OE,0.4541472578128565,0.0,0.7036970750996929,0.19559340608653253,200,basic
PREVENT-CVD (recal),age_group,GAP(max-min),AUC,0.10682730710013955,0.0,0.15825683374767202,0.042562021538812965,200,basic
PREVENT-CVD (recal),age_group,GAP(max-min),cal_slope,0.30853216120644367,0.0,0.5027010070869802,0.16760688832296028,200,basic
PREVENT-CVD (recal),age_group,GAP(max-min),TPR_7.5,0.5664139859010034,0.4837759796351797,0.6497701804252152,0.042483059629331806,200,basic
PREVENT-CVD (recal),age_group,GAP(max-min),FPR_7.5,0.360405621038979,0.33674687892556476,0.3794021689852975,0.011690708143004958,200,basic
PREVENT-CVD (recal),age_group,GAP(max-min),pct_flagged_7.5,0.3795121805674731,0.35901165379500144,0.39648253689101665,0.010092105251712575,200,basic
PREVENT-CVD (recal),age_group,GAP(max/min),OE,1.5428009090600943,1.0,1.857707231258684,0.2728606766439032,200,basic
PREVENT-CVD (recal),income,GAP(max-min),OE,0.6555952931017024,0.398594069951817,0.9630476800278686,0.1405829174792135,200,basic
PREVENT-CVD (recal),income,GAP(max-min),AUC,0.04512055703975326,0.0,0.07306806941724749,0.022188467969471357,200,basic
PREVENT-CVD (recal),income,GAP(max-min),cal_slope,0.31291626324253186,0.06961004156275907,0.514388014304164,0.11308128933696747,200,basic
PREVENT-CVD (recal),income,GAP(max-min),TPR_7.5,0.16286777216336307,0.023208182173561853,0.27781853804192436,0.06519097894714732,200,basic
PREVENT-CVD (recal),income,GAP(max-min),FPR_7.5,0.0590555460467757,0.0473692064179282,0.06692398617425101,0.005436659299500503,200,basic
PREVENT-CVD (recal),income,GAP(max-min),pct_flagged_7.5,0.06518682856447519,0.05515909193420275,0.07347015590717997,0.004952945635016663,200,basic
PREVENT-CVD (recal),income,GAP(max/min),OE,2.0247751527147564,1.244075706745913,2.5841834212653554,0.32528043980775756,200,basic
PREVENT-CVD (recal),education,GAP(max-min),OE,0.23987908732906704,0.0,0.3722261315554908,0.12424212171070613,200,basic
PREVENT-CVD (recal),education,GAP(max-min),AUC,0.07633628795585612,0.010244185723332327,0.12165039046887235,0.03029844773951688,200,basic
PREVENT-CVD (recal),education,GAP(max-min),cal_slope,0.3578549455250881,0.0,0.5613123497555672,0.16470068325909765,200,basic
PREVENT-CVD (recal),education,GAP(max-min),TPR_7.5,0.21109615594033793,0.053351489788171114,0.31079287818575096,0.06261205466716167,200,basic
PREVENT-CVD (recal),education,GAP(max-min),FPR_7.5,0.08127753280755806,0.06697268649946717,0.09441080671717621,0.007522960668455015,200,basic
PREVENT-CVD (recal),education,GAP(max-min),pct_flagged_7.5,0.08041646604429534,0.06773449360452125,0.09250274381157415,0.006581867652685737,200,basic
PREVENT-CVD (recal),education,GAP(max/min),OE,1.2814117398309204,1.0,1.4532722611657016,0.19974420883334493,200,basic
PREVENT-ASCVD (recal),Overall,All,n,13466.0,8438.95,8586.025,37.273860524394514,200,percentile
PREVENT-ASCVD (recal),Overall,All,events,362.0,213.975,246.025,8.927423730974231,200,percentile
PREVENT-ASCVD (recal),Overall,All,observed,0.027013720906110657,0.02467674019335717,0.029924370144193888,0.0014107056245544264,200,percentile
PREVENT-ASCVD (recal),Overall,All,expected,0.0268243495692038,0.026305974200962246,0.02724275664781205,0.000255333465000915,200,percentile
PREVENT-ASCVD (recal),Overall,All,OE,1.0070596804749468,0.9167304885331193,1.11576616227128,0.05290532090865495,200,percentile
PREVENT-ASCVD (recal),Overall,All,cal_intercept,0.0001943308799287688,-0.09572695332998982,0.10422767491850607,0.055723726541322634,200,percentile
PREVENT-ASCVD (recal),Overall,All,cal_slope,0.9867571304949833,0.8861367894974089,1.1017209366460752,0.05913119027264092,200,percentile
PREVENT-ASCVD (recal),Overall,All,AUC,0.7905144684241362,0.770586656011084,0.810996187157779,0.011169635595743839,200,percentile
PREVENT-ASCVD (recal),Overall,All,brier,0.02526173062803352,0.023208275644352697,0.027680212820914357,0.0012316215942548684,200,percentile
PREVENT-ASCVD (recal),Overall,All,scaled_brier,0.0388924800997954,0.029086634214358854,0.04843472110711837,0.004922243101755668,200,percentile
PREVENT-ASCVD (recal),Overall,All,pct_flagged_7.5,0.08294965097282044,0.07863879399970296,0.08755569582652607,0.002386066768175252,200,percentile
PREVENT-ASCVD (recal),Overall,All,TPR_7.5,0.3478742098827332,0.30364872650512803,0.39188466496270846,0.023093372079150232,200,percentile
PREVENT-ASCVD (recal),Overall,All,FPR_7.5,0.07662017264610121,0.07187044541598196,0.08161299071795436,0.0025564554473906467,200,percentile
PREVENT-ASCVD (recal),Overall,All,pct_flagged_20,0.0017822664488341008,0.0010396554284865587,0.0024506163671468885,0.00034874401024247723,200,percentile
PREVENT-ASCVD (recal),Overall,All,TPR_20,0.019736161512657963,0.007343742271889786,0.031910612518575965,0.006953844031514178,200,percentile
PREVENT-ASCVD (recal),Overall,All,FPR_20,0.001297697356971594,0.0006872711635042172,0.001906927397490261,0.0003165971722235612,200,percentile
PREVENT-ASCVD (recal),Overall,All,rel_OE,1.0,1.0,1.0,0.0,200,percentile
PREVENT-ASCVD (recal),sex,Female,n,6883.0,4280.9,4411.05,34.77516586306971,200,percentile
PREVENT-ASCVD (recal),sex,Female,events,145.0,81.0,103.0,5.351334779248818,200,percentile
PREVENT-ASCVD (recal),sex,Female,observed,0.021294194048772756,0.01816319222437981,0.02519213712088221,0.0017412995721131723,200,percentile
PREVENT-ASCVD (recal),sex,Female,expected,0.022045530081539325,0.021406327524902357,0.022740203418365558,0.0003475359859007321,200,percentile
PREVENT-ASCVD (recal),sex,Female,OE,0.9659188946699119,0.8303565821745469,1.142492955727969,0.07633711595582851,200,percentile
PREVENT-ASCVD (recal),sex,Female,cal_intercept,-0.04969080720755661,-0.2137677974447981,0.1249763560458139,0.08245809347144192,200,percentile
PREVENT-ASCVD (recal),sex,Female,cal_slope,0.9948969075757786,0.8000183849360779,1.233921714167218,0.10937207774370966,200,percentile
PREVENT-ASCVD (recal),sex,Female,AUC,0.8012779404888948,0.759657734195357,0.8365170793829634,0.019391206711747967,200,percentile
PREVENT-ASCVD (recal),sex,Female,brier,0.020004202063279703,0.017161200219055695,0.02332939994482901,0.0015380952311057337,200,percentile
PREVENT-ASCVD (recal),sex,Female,scaled_brier,0.04014007323027835,0.02323500166213577,0.05652104711659274,0.008527457421337304,200,percentile
PREVENT-ASCVD (recal),sex,Female,pct_flagged_7.5,0.05273863141072207,0.04754312673788054,0.05824948058308847,0.0028144872018437132,200,percentile
PREVENT-ASCVD (recal),sex,Female,TPR_7.5,0.3102244978506949,0.2465305776417218,0.391807477007707,0.04025187071095548,200,percentile
PREVENT-ASCVD (recal),sex,Female,FPR_7.5,0.048631935680635105,0.04285005620073956,0.05437310020539587,0.003019746736623382,200,percentile
PREVENT-ASCVD (recal),sex,Female,pct_flagged_20,0.0011622838878396049,0.0004298278965721789,0.0019042178465058207,0.00044174498669647094,200,percentile
PREVENT-ASCVD (recal),sex,Female,TPR_20,0.021764079258900743,0.0,0.046902488932496336,0.01255585545106303,200,percentile
PREVENT-ASCVD (recal),sex,Female,FPR_20,0.0007449675868842179,0.00014799875630621594,0.0014755689949225127,0.00035100279446710484,200,percentile
PREVENT-ASCVD (recal),sex,Female,rel_OE,0.9591476189518061,0.8555474638357269,1.0597555009131445,0.056455602316134224,200,percentile
PREVENT-ASCVD (recal),sex,Male,n,6583.0,4101.0,4216.025,30.75408662635102,200,percentile
PREVENT-ASCVD (recal),sex,Male,events,217.0,123.975,152.0,7.173485517679798,200,percentile
PREVENT-ASCVD (recal),sex,Male,observed,0.032951105313655873,0.02891846402677544,0.03725173513945846,0.0021658789664504925,200,percentile
PREVENT-ASCVD (recal),sex,Male,expected,0.031820949073015824,0.03107679428310391,0.03256364424503955,0.00040559404465310533,200,percentile
PREVENT-ASCVD (recal),sex,Male,OE,1.035516107267788,0.9202747416888541,1.176656187890608,0.0689927803820177,200,percentile
PREVENT-ASCVD (recal),sex,Male,cal_intercept,0.035548209465025876,-0.09025568984477089,0.17238296066061937,0.07111777053027966,200,percentile
PREVENT-ASCVD (recal),sex,Male,cal_slope,0.9699294031510104,0.8391486214095047,1.1190209221494454,0.073562280384564,200,percentile
PREVENT-ASCVD (recal),sex,Male,AUC,0.7720962128848269,0.7447815741989864,0.7989684901996604,0.014498763326552533,200,percentile
PREVENT-ASCVD (recal),sex,Male,brier,0.03071951916565428,0.027210477672910044,0.03456144911954035,0.0019007962107083177,200,percentile
PREVENT-ASCVD (recal),sex,Male,scaled_brier,0.03595791437299645,0.02403799986314696,0.047625614919562236,0.00626579395512638,200,percentile
PREVENT-ASCVD (recal),sex,Male,pct_flagged_7.5,0.1145374449339207,0.10745633349837078,0.12185389944680233,0.0037489741232104522,200,percentile
PREVENT-ASCVD (recal),sex,Male,TPR_7.5,0.37313156921692825,0.30645633174550263,0.43543646448880247,0.03394505814672663,200,percentile
PREVENT-ASCVD (recal),sex,Male,FPR_7.5,0.10602470914278314,0.09885277265189832,0.11451366497071894,0.003938000995446152,200,percentile
PREVENT-ASCVD (recal),sex,Male,pct_flagged_20,0.0024305028102688743,0.0012133530470059028,0.0034932360628428644,0.0005825436374160498,200,percentile
PREVENT-ASCVD (recal),sex,Male,TPR_20,0.01837573019850983,0.0041376115603799606,0.035393862773067684,0.008450481117870765,200,percentile
PREVENT-ASCVD (recal),sex,Male,FPR_20,0.001878397124427139,0.0009340305724124501,0.0030582305881300957,0.0005749666766654135,200,percentile
PREVENT-ASCVD (recal),sex,Male,rel_OE,1.0282569418124463,0.9543821039566952,1.1024330187852935,0.040727894056134535,200,percentile
PREVENT-ASCVD (recal),race,Mexican American,n,2794.0,1719.85,1813.05,24.09378190806018,200,percentile
PREVENT-ASCVD (recal),race,Mexican American,events,62.0,30.975,47.0,4.148875248684361,200,percentile
PREVENT-ASCVD (recal),race,Mexican American,observed,0.02520622729693485,0.01920168317731077,0.032376831226357,0.0033080039074116136,200,percentile
PREVENT-ASCVD (recal),race,Mexican American,expected,0.027485458953078044,0.02638656713667897,0.028733840310215773,0.0006217268561219116,200,percentile
PREVENT-ASCVD (recal),race,Mexican American,OE,0.9170750010020136,0.7078639033876831,1.1827360803405655,0.1206322040989336,200,percentile
PREVENT-ASCVD (recal),race,Mexican American,cal_intercept,-0.11684955764517277,-0.3872633929917514,0.1590366219253602,0.14040220164262404,200,percentile
PREVENT-ASCVD (recal),race,Mexican American,cal_slope,0.9555301476779382,0.680752352242328,1.2750924316470147,0.14248429822184766,200,percentile
PREVENT-ASCVD (recal),race,Mexican American,AUC,0.7916031347153121,0.7286205475917917,0.8446819933957166,0.027694387101849436,200,percentile
PREVENT-ASCVD (recal),race,Mexican American,brier,0.023775570208712463,0.018580012357820586,0.03046946721885695,0.002889658343604558,200,percentile
PREVENT-ASCVD (recal),race,Mexican American,scaled_brier,0.03236772175954794,-0.003181062828482367,0.059708896747632544,0.015006847716498411,200,percentile
PREVENT-ASCVD (recal),race,Mexican American,pct_flagged_7.5,0.08911954187544739,0.07761642138114616,0.09937828029078453,0.0056428610273748115,200,percentile
PREVENT-ASCVD (recal),race,Mexican American,TPR_7.5,0.34060496438159155,0.21674446363353325,0.45098411314638703,0.05931169651906426,200,percentile
PREVENT-ASCVD (recal),race,Mexican American,FPR_7.5,0.08842174005893504,0.07643037678250456,0.09940848826689493,0.006201120362051223,200,percentile
PREVENT-ASCVD (recal),race,Mexican American,pct_flagged_20,0.0032211882605583395,0.001395658414923488,0.00504791860441651,0.0010448528562316903,200,percentile
PREVENT-ASCVD (recal),race,Mexican American,TPR_20,0.04824841724037135,0.0,0.09572709196851412,0.02515917729584653,200,percentile
PREVENT-ASCVD (recal),race,Mexican American,FPR_20,0.002495216128239688,0.0004212069464081993,0.0043637774357774325,0.001050456406515441,200,percentile
PREVENT-ASCVD (recal),race,Mexican American,rel_OE,0.9106461302963744,0.7109659584728932,1.1490835601427922,0.10520088259018502,200,percentile
PREVENT-ASCVD (recal),race,NH Black,n,2577.0,1585.9,1675.05,24.098716577932493,200,percentile
PREVENT-ASCVD (recal),race,NH Black,events,85.0,45.975,63.025000000000006,4.46907576473646,200,percentile
PREVENT-ASCVD (recal),race,NH Black,observed,0.0328297981317907,0.02673892004271837,0.041121663459351226,0.00383675138192561,200,percentile
PREVENT-ASCVD (recal),race,NH Black,expected,0.028736598639191573,0.027447972788686787,0.029957321508125526,0.0006538330748864351,200,percentile
PREVENT-ASCVD (recal),race,NH Black,OE,1.1424385517573654,0.9316705698812857,1.4296110119804974,0.13359558370377728,200,percentile
PREVENT-ASCVD (recal),race,NH Black,cal_intercept,0.12503446775647473,-0.08776288897988989,0.3760693472539019,0.12434141467489855,200,percentile
PREVENT-ASCVD (recal),race,NH Black,cal_slope,0.8972831688477411,0.6520508846767492,1.155970851280137,0.13013777838306134,200,percentile
PREVENT-ASCVD (recal),race,NH Black,AUC,0.77708848488269,0.7240150190751763,0.8220205137977772,0.02553637171837656,200,percentile
PREVENT-ASCVD (recal),race,NH Black,brier,0.030484472045143148,0.0250643467486416,0.03788509817723279,0.0033605032517769725,200,percentile
PREVENT-ASCVD (recal),race,NH Black,scaled_brier,0.039919700869753494,0.01911871067901886,0.061259885183972115,0.010787708489791816,200,percentile
PREVENT-ASCVD (recal),race,NH Black,pct_flagged_7.5,0.09701202949165696,0.08641209580011146,0.10904715955379335,0.005860276332099267,200,percentile
PREVENT-ASCVD (recal),race,NH Black,TPR_7.5,0.3765892890674881,0.2735422454087314,0.49396777969923683,0.05302160230983471,200,percentile
PREVENT-ASCVD (recal),race,NH Black,FPR_7.5,0.0895853505693842,0.0784008112195131,0.1036721956219552,0.006065276156699803,200,percentile
PREVENT-ASCVD (recal),race,NH Black,pct_flagged_20,0.0031043849437330227,0.0011334769216427335,0.004977076750911886,0.0010866981673538151,200,percentile
PREVENT-ASCVD (recal),race,NH Black,TPR_20,0.02344609810018086,0.0,0.055446605818987214,0.015440625376829038,200,percentile
PREVENT-ASCVD (recal),race,NH Black,FPR_20,0.0023875756287371204,0.0007924998164090577,0.004360901870934647,0.0009769477989504253,200,percentile
PREVENT-ASCVD (recal),race,NH Black,rel_OE,1.1344298395687649,0.9398061802290427,1.3901616997823874,0.11778701586680332,200,percentile
PREVENT-ASCVD (recal),race,NH White,n,6689.0,4168.925,4287.175,33.29648147165029,200,percentile
PREVENT-ASCVD (recal),race,NH White,events,191.0,107.0,133.025,6.630968914398453,200,percentile
PREVENT-ASCVD (recal),race,NH White,observed,0.02724054453331013,0.02306571590950139,0.03178517432862721,0.0020222394318669436,200,percentile
PREVENT-ASCVD (recal),race,NH White,expected,0.026259337159407127,0.025581429753913497,0.026842440313664173,0.00034980507092888675,200,percentile
PREVENT-ASCVD (recal),race,NH White,OE,1.0373660373811644,0.8960072713207725,1.2108456199248827,0.07477297577957907,200,percentile
PREVENT-ASCVD (recal),race,NH White,cal_intercept,0.04191079516770511,-0.11351555711735295,0.20922924111374316,0.07698996789586918,200,percentile
PREVENT-ASCVD (recal),race,NH White,cal_slope,1.0819773815360418,0.9414568649407553,1.2628270748123351,0.08398219519248643,200,percentile
PREVENT-ASCVD (recal),race,NH White,AUC,0.8031391389667659,0.7762802035532151,0.8322458751070168,0.014824229295935418,200,percentile
PREVENT-ASCVD (recal),race,NH White,brier,0.025420188197435595,0.021770363585824723,0.029582612114543026,0.0017900918056155666,200,percentile
PREVENT-ASCVD (recal),race,NH White,scaled_brier,0.040693215865969634,0.02778258656979126,0.0503814704918143,0.005727928360775888,200,percentile
PREVENT-ASCVD (recal),race,NH White,pct_flagged_7.5,0.07833756914336971,0.07212614781239007,0.08450926757250761,0.0032258623956298717,200,percentile
PREVENT-ASCVD (recal),race,NH White,TPR_7.5,0.34469996089496974,0.2780528648750818,0.41029000791580006,0.034691753441996674,200,percentile
PREVENT-ASCVD (recal),race,NH White,FPR_7.5,0.06990271622234752,0.06390883842707866,0.07654506171193803,0.003265312425886033,200,percentile
PREVENT-ASCVD (recal),race,NH White,pct_flagged_20,0.0008969950665271341,0.00029988641938080517,0.0016595262095335237,0.0003584583860990145,200,percentile
PREVENT-ASCVD (recal),race,NH White,TPR_20,0.005219208720681519,0.0,0.01597907918494582,0.005075425961993248,200,percentile
PREVENT-ASCVD (recal),race,NH White,FPR_20,0.0007307772069722842,0.00014649142182543656,0.0014383874814843088,0.00032438748209474627,200,percentile
PREVENT-ASCVD (recal),race,NH White,rel_OE,1.0300939035628203,0.9108132030487829,1.1203578439369504,0.05202122136789367,200,percentile
PREVENT-ASCVD (recal),race,Other Hispanic,n,929.0,556.975,614.0,14.138311755527338,200,percentile
PREVENT-ASCVD (recal),race,Other Hispanic,events,17.0,7.0,14.0,1.991413729795012,200,percentile
PREVENT-ASCVD (recal),race,Other Hispanic,observed,0.019188673021253596,0.010296972973432045,0.03012576141891538,0.0049333341162629074,200,percentile
PREVENT-ASCVD (recal),race,Other Hispanic,expected,0.02573382394833276,0.02410480254617078,0.027621900758386664,0.0009446168194887501,200,percentile
PREVENT-ASCVD (recal),race,Other Hispanic,OE,0.7456596058082845,0.4088775798665352,1.1439582556474517,0.18734322267878267,200,percentile
PREVENT-ASCVD (recal),race,Other Hispanic,cal_intercept,-0.3091614617458012,-0.9414567971585882,0.1602266322376712,0.2721256151286505,200,percentile
PREVENT-ASCVD (recal),race,Other Hispanic,cal_slope,1.1461710345525302,0.6524373241762177,1.9230401953375384,0.3265481935345969,200,percentile
PREVENT-ASCVD (recal),race,Other Hispanic,AUC,0.7912764870676925,0.685674433448112,0.8769789235235426,0.052460740354468356,200,percentile
PREVENT-ASCVD (recal),race,Other Hispanic,brier,0.01768426125129788,0.010176528336684079,0.026707423958442878,0.004148218540107604,200,percentile
PREVENT-ASCVD (recal),race,Other Hispanic,scaled_brier,0.06037079453916461,-0.023175101984059983,0.12318612279328892,0.038301588572536294,200,percentile
PREVENT-ASCVD (recal),race,Other Hispanic,pct_flagged_7.5,0.06996770721205597,0.05551876379690949,0.0837766143217277,0.007696399423958308,200,percentile
PREVENT-ASCVD (recal),race,Other Hispanic,TPR_7.5,0.40720211802022993,0.16834530483485177,0.6241745750209367,0.11465775866436737,200,percentile
PREVENT-ASCVD (recal),race,Other Hispanic,FPR_7.5,0.06342928985705172,0.048030187456969416,0.08011079898989364,0.008523511001221343,200,percentile
PREVENT-ASCVD (recal),race,Other Hispanic,pct_flagged_20,0.001076426264800861,0.0,0.0033570387065512664,0.0011430646450435785,200,percentile
PREVENT-ASCVD (recal),race,Other Hispanic,TPR_20,0.06683672672665646,0.0,0.22813957226783832,0.06864293446813444,200,percentile
PREVENT-ASCVD (recal),race,Other Hispanic,FPR_20,0.0,0.0,0.0,0.0,200,percentile
PREVENT-ASCVD (recal),race,Other Hispanic,rel_OE,0.7404323897235351,0.40944040150082056,1.111282670977626,0.17999212303788187,200,percentile
PREVENT-ASCVD (recal),race,Other/Multiracial,n,477.0,281.0,318.025,9.972001003815658,200,percentile
PREVENT-ASCVD (recal),race,Other/Multiracial,events,7.0,2.0,7.0,1.303252598955174,200,percentile
PREVENT-ASCVD (recal),race,Other/Multiracial,observed,0.015679572320388645,0.004797876905243432,0.028861967059162167,0.006065588398768145,200,percentile
PREVENT-ASCVD (recal),race,Other/Multiracial,expected,0.022668082984331664,0.020061063981072595,0.02536420039741141,0.0013282810738619994,200,percentile
PREVENT-ASCVD (recal),race,Other/Multiracial,OE,0.6917026169008854,0.2238595939638152,1.2954760173003668,0.2753974974126305,200,percentile
PREVENT-ASCVD (recal),race,Other/Multiracial,cal_intercept,-0.42731381597087087,-1.5900067905823603,0.2111548674810156,0.4490294963206849,200,percentile
PREVENT-ASCVD (recal),race,Other/Multiracial,cal_slope,0.03637566989950693,-0.7067627180367418,0.948406847399921,0.4982681350208253,200,percentile
PREVENT-ASCVD (recal),race,Other/Multiracial,AUC,0.5633494101298833,0.31651545699755546,0.8158833159176242,0.13172778623078193,200,percentile
PREVENT-ASCVD (recal),race,Other/Multiracial,brier,0.016172966247725244,0.006054384072857352,0.028596938000933603,0.005705072410857944,200,percentile
PREVENT-ASCVD (recal),race,Other/Multiracial,scaled_brier,-0.047897898619365886,-0.17958774989779047,-0.004891323041548095,0.0634640752489505,200,percentile
PREVENT-ASCVD (recal),race,Other/Multiracial,pct_flagged_7.5,0.06079664570230608,0.039761119475614934,0.08233024691358025,0.011234407449304023,200,percentile
PREVENT-ASCVD (recal),race,Other/Multiracial,TPR_7.5,0.0,0.0,0.0,0.0,200,percentile
PREVENT-ASCVD (recal),race,Other/Multiracial,FPR_7.5,0.06953603235026262,0.04571906364643728,0.09574147565856127,0.01340794058057322,200,percentile
PREVENT-ASCVD (recal),race,Other/Multiracial,pct_flagged_20,0.0,0.0,0.0,0.0,200,percentile
PREVENT-ASCVD (recal),race,Other/Multiracial,TPR_20,0.0,0.0,0.0,0.0,200,percentile
PREVENT-ASCVD (recal),race,Other/Multiracial,FPR_20,0.0,0.0,0.0,0.0,200,percentile
PREVENT-ASCVD (recal),race,Other/Multiracial,rel_OE,0.6868536496016467,0.22510552244555954,1.2564298507173677,0.2742287946613455,200,percentile
PREVENT-ASCVD (recal),age_group,40-49,n,4420.0,2740.975,2852.075,29.934628944589303,200,percentile
PREVENT-ASCVD (recal),age_group,40-49,events,35.0,16.975,27.0,2.6951659685425597,200,percentile
PREVENT-ASCVD (recal),age_group,40-49,observed,0.00795660063450242,0.005647463755773878,0.010450144494185966,0.001313006302254515,200,percentile
PREVENT-ASCVD (recal),age_group,40-49,expected,0.006530636227739008,0.00621718002580771,0.0068342838492474415,0.00015704638217393132,200,percentile
PREVENT-ASCVD (recal),age_group,40-49,OE,1.218349997923112,0.8889142278776021,1.6038104424054835,0.20328069775008728,200,percentile
PREVENT-ASCVD (recal),age_group,40-49,cal_intercept,0.20160580713610168,-0.13283174732826797,0.49530744897194223,0.17274577331288227,200,percentile
PREVENT-ASCVD (recal),age_group,40-49,cal_slope,0.9203924483440032,0.6092386314967708,1.22372842922278,0.16393182946766108,200,percentile
PREVENT-ASCVD (recal),age_group,40-49,AUC,0.7630609397634524,0.6631377453623922,0.8405840114266963,0.04567498594910142,200,percentile
PREVENT-ASCVD (recal),age_group,40-49,brier,0.007762469861478411,0.005518670551461372,0.010075579867164012,0.0012519349764967482,200,percentile
PREVENT-ASCVD (recal),age_group,40-49,scaled_brier,0.016573979584018295,-0.0037531733930890984,0.041406264910449325,0.011664049996612039,200,percentile
PREVENT-ASCVD (recal),age_group,40-49,pct_flagged_7.5,0.004072398190045249,0.002259104712981974,0.006270541585581461,0.0010257577382583026,200,percentile
PREVENT-ASCVD (recal),age_group,40-49,TPR_7.5,0.028426691671605595,0.0,0.08492336621276325,0.027607097976930096,200,percentile
PREVENT-ASCVD (recal),age_group,40-49,FPR_7.5,0.004674080094434103,0.0022616147541907996,0.006947663211544599,0.0012965816207248931,200,percentile
PREVENT-ASCVD (recal),age_group,40-49,pct_flagged_20,0.00022624434389140272,0.0,0.0006861106568885273,0.00022172047162597258,200,percentile
PREVENT-ASCVD (recal),age_group,40-49,TPR_20,0.028426691671605595,0.0,0.08492336621276325,0.027607097976930096,200,percentile
PREVENT-ASCVD (recal),age_group,40-49,FPR_20,0.0,0.0,0.0,0.0,200,percentile
PREVENT-ASCVD (recal),age_group,40-49,rel_OE,1.2098091320154105,0.8978215929453072,1.5795625732004468,0.1919327692266802,200,percentile
PREVENT-ASCVD (recal),age_group,50-59,n,3406.0,2099.975,2201.025,26.897231835302478,200,percentile
PREVENT-ASCVD (recal),age_group,50-59,events,45.0,22.975,35.0,3.094000516480226,200,percentile
PREVENT-ASCVD (recal),age_group,50-59,observed,0.013519955107744815,0.010056953619475612,0.0178626168185472,0.0019287876648910953,200,percentile
PREVENT-ASCVD (recal),age_group,50-59,expected,0.01576927543904277,0.015207112049961198,0.016253116971451598,0.00026929662922742286,200,percentile
PREVENT-ASCVD (recal),age_group,50-59,OE,0.857360578170325,0.6486875759260532,1.1223725815279344,0.12095043229343314,200,percentile
PREVENT-ASCVD (recal),age_group,50-59,cal_intercept,-0.16743467007117918,-0.45707430764632934,0.10545609124871785,0.1450374579803854,200,percentile
PREVENT-ASCVD (recal),age_group,50-59,cal_slope,0.8229881866536165,0.4018899183653544,1.1486365714012066,0.18325671502629834,200,percentile
PREVENT-ASCVD (recal),age_group,50-59,AUC,0.6930346994998232,0.6036120356804845,0.780370581128387,0.0435352924372456,200,percentile
PREVENT-ASCVD (recal),age_group,50-59,brier,0.013141766060223175,0.00991761241850158,0.017329927646576482,0.0018119377760056033,200,percentile
PREVENT-ASCVD (recal),age_group,50-59,scaled_brier,0.014650778325350111,-0.010367193461781497,0.04593068250855318,0.014119005346032179,200,percentile
PREVENT-ASCVD (recal),age_group,50-59,pct_flagged_7.5,0.015854374633000587,0.011048683443979948,0.01922339053601982,0.0019978104091434652,200,percentile
PREVENT-ASCVD (recal),age_group,50-59,TPR_7.5,0.11391754521142264,0.022218816964417524,0.21295129020023515,0.046682314973980864,200,percentile
PREVENT-ASCVD (recal),age_group,50-59,FPR_7.5,0.015603426438603924,0.01075623583478524,0.019425000404708483,0.0022657644492344873,200,percentile
PREVENT-ASCVD (recal),age_group,50-59,pct_flagged_20,0.0008807985907222549,0.0,0.002028977193011659,0.0005160159832629086,200,percentile
PREVENT-ASCVD (recal),age_group,50-59,TPR_20,0.02591984313153004,0.0,0.09296514015610513,0.02660428346129388,200,percentile
PREVENT-ASCVD (recal),age_group,50-59,FPR_20,0.000603015229687081,0.0,0.0015367865064399243,0.0004299464112679648,200,percentile
PREVENT-ASCVD (recal),age_group,50-59,rel_OE,0.8513503169603404,0.6469133208304069,1.121662673031242,0.11692547353062767,200,percentile
PREVENT-ASCVD (recal),age_group,60-69,n,3441.0,2119.95,2231.1,28.096622590714194,200,percentile
PREVENT-ASCVD (recal),age_group,60-69,events,102.0,54.975,73.025,5.084153625772163,200,percentile
PREVENT-ASCVD (recal),age_group,60-69,observed,0.02987645402215967,0.0243922908867442,0.03575652963771975,0.0030899780538367547,200,percentile
PREVENT-ASCVD (recal),age_group,60-69,expected,0.03621894276935519,0.035475768977996085,0.03713599977569614,0.00045234862169488756,200,percentile
PREVENT-ASCVD (recal),age_group,60-69,OE,0.8248847629930852,0.6710174087558824,0.9851501362124887,0.08494071895829247,200,percentile
PREVENT-ASCVD (recal),age_group,60-69,cal_intercept,-0.19847499310827346,-0.4051138389791539,-0.011825011492274135,0.10849979661746689,200,percentile
PREVENT-ASCVD (recal),age_group,60-69,cal_slope,0.8144829202473529,0.5668177057883486,1.0943227878691113,0.14031303765204395,200,percentile
PREVENT-ASCVD (recal),age_group,60-69,AUC,0.6631259475042958,0.6093694166027752,0.7169769829601815,0.0283237997434941,200,percentile
PREVENT-ASCVD (recal),age_group,60-69,brier,0.028881706170463036,0.023978341815274477,0.034250966683818135,0.0027634232507541523,200,percentile
PREVENT-ASCVD (recal),age_group,60-69,scaled_brier,0.003524215775730255,-0.014820965039814643,0.018738035349718622,0.008928753529449534,200,percentile
PREVENT-ASCVD (recal),age_group,60-69,pct_flagged_7.5,0.07759372275501308,0.07031471088143779,0.08600907746157882,0.004396396668854562,200,percentile
PREVENT-ASCVD (recal),age_group,60-69,TPR_7.5,0.18545648527867445,0.11108333333333333,0.2550260310927284,0.037009905494709554,200,percentile
PREVENT-ASCVD (recal),age_group,60-69,FPR_7.5,0.07361325399613335,0.06521506719044443,0.08170844673139017,0.004616760173546311,200,percentile
PREVENT-ASCVD (recal),age_group,60-69,pct_flagged_20,0.0026155187445510027,0.0011477679523175712,0.004324043854565549,0.0008215660007479966,200,percentile
PREVENT-ASCVD (recal),age_group,60-69,TPR_20,0.009760867646246023,0.0,0.03051699209140939,0.008859999149074939,200,percentile
PREVENT-ASCVD (recal),age_group,60-69,FPR_20,0.0024048080445713987,0.0009128071809182083,0.004164396581516352,0.0008018096410433498,200,percentile
PREVENT-ASCVD (recal),age_group,60-69,rel_OE,0.8191021634428411,0.687003036838804,0.9495590427721048,0.06724974101512021,200,percentile
PREVENT-ASCVD (recal),age_group,70-79,n,2199.0,1346.975,1427.025,20.782191835497958,200,percentile
PREVENT-ASCVD (recal),age_group,70-79,events,180.0,103.0,126.0,6.393110299101867,200,percentile
PREVENT-ASCVD (recal),age_group,70-79,observed,0.08022995462814278,0.07024871515762866,0.09249890175956153,0.005944053403622074,200,percentile
PREVENT-ASCVD (recal),age_group,70-79,expected,0.07003717369602594,0.06870553075514724,0.07149063833103646,0.0006808112944252068,200,percentile
PREVENT-ASCVD (recal),age_group,70-79,OE,1.1455338700038833,1.0109323343781311,1.3254148520756357,0.0841790332223064,200,percentile
PREVENT-ASCVD (recal),age_group,70-79,cal_intercept,0.1495278363944768,0.004718983112525589,0.31187174421122155,0.08038038727781081,200,percentile
PREVENT-ASCVD (recal),age_group,70-79,cal_slope,1.1590528528879844,0.8796080252753088,1.4658168137091163,0.151657680361887,200,percentile
PREVENT-ASCVD (recal),age_group,70-79,AUC,0.6591277136968773,0.6206055512930454,0.6988609311160201,0.02023790549046575,200,percentile
PREVENT-ASCVD (recal),age_group,70-79,brier,0.07221356163135588,0.06394646156500482,0.08257941115895416,0.004944050740245813,200,percentile
PREVENT-ASCVD (recal),age_group,70-79,scaled_brier,0.021405079666326654,0.011721252668876966,0.03313122832204407,0.005258249718667658,200,percentile
PREVENT-ASCVD (recal),age_group,70-79,pct_flagged_7.5,0.3537971805366075,0.3373065299049217,0.37511754523118157,0.009798391787976729,200,percentile
PREVENT-ASCVD (recal),age_group,70-79,TPR_7.5,0.5610897826286652,0.4933975176004182,0.6329792414766523,0.03555203606882873,200,percentile
PREVENT-ASCVD (recal),age_group,70-79,FPR_7.5,0.3315746291794996,0.3123390294879926,0.3517965089096536,0.01066648118384806,200,percentile
PREVENT-ASCVD (recal),age_group,70-79,pct_flagged_20,0.0050022737608003635,0.002289983550576771,0.007577032097556997,0.0014103542914446169,200,percentile
PREVENT-ASCVD (recal),age_group,70-79,TPR_20,0.022145397596469784,0.00503757331085016,0.04088571519735535,0.009943382529982689,200,percentile
PREVENT-ASCVD (recal),age_group,70-79,FPR_20,0.0033804834624942704,0.0009796413959267765,0.006065852321555909,0.0012950172495904816,200,percentile
PREVENT-ASCVD (recal),age_group,70-79,rel_OE,1.1375034590438868,1.0188139378999392,1.2444446511567742,0.05850122255868444,200,percentile
PREVENT-ASCVD (recal),income,PIR 1.3-3.5,n,4520.0,2805.0,2909.025,26.634877199211587,200,percentile
PREVENT-ASCVD (recal),income,PIR 1.3-3.5,events,144.0,81.0,103.025,5.839425868384821,200,percentile
PREVENT-ASCVD (recal),income,PIR 1.3-3.5,observed,0.03194901200591318,0.02740836608586969,0.03781364799266269,0.0025841732902676245,200,percentile
PREVENT-ASCVD (recal),income,PIR 1.3-3.5,expected,0.030480848470010043,0.029612656645943015,0.03122977073137932,0.00043743480252282147,200,percentile
PREVENT-ASCVD (recal),income,PIR 1.3-3.5,OE,1.0481667541947743,0.9026662111289528,1.246476347875305,0.08414164249808814,200,percentile
PREVENT-ASCVD (recal),income,PIR 1.3-3.5,cal_intercept,0.038471467789833465,-0.11738280036113699,0.21893211100448365,0.0847083555098396,200,percentile
PREVENT-ASCVD (recal),income,PIR 1.3-3.5,cal_slope,1.1028019383601424,0.8959450845852422,1.2807853196553878,0.10062501914973254,200,percentile
PREVENT-ASCVD (recal),income,PIR 1.3-3.5,AUC,0.7971167142550591,0.7644868995165361,0.8237816924573803,0.015986754042071047,200,percentile
PREVENT-ASCVD (recal),income,PIR 1.3-3.5,brier,0.029526561985407002,0.02574436093018622,0.03483743020259818,0.002255761040612926,200,percentile
PREVENT-ASCVD (recal),income,PIR 1.3-3.5,scaled_brier,0.04532133652497927,0.031187607232488875,0.05879760298306794,0.0069768861589276235,200,percentile
PREVENT-ASCVD (recal),income,PIR 1.3-3.5,pct_flagged_7.5,0.1,0.09093613837392463,0.10871775389773497,0.00461420929550584,200,percentile
PREVENT-ASCVD (recal),income,PIR 1.3-3.5,TPR_7.5,0.3885837907292431,0.30936095456817647,0.4558693198587279,0.0391403071355402,200,percentile
PREVENT-ASCVD (recal),income,PIR 1.3-3.5,FPR_7.5,0.09242726282030105,0.08175347922661441,0.10181783945264286,0.0050432871182303695,200,percentile
PREVENT-ASCVD (recal),income,PIR 1.3-3.5,pct_flagged_20,0.0011061946902654867,0.00022020975628707422,0.002227754611426076,0.0005093729563682301,200,percentile
PREVENT-ASCVD (recal),income,PIR 1.3-3.5,TPR_20,0.013867739905185989,0.0,0.03363902160057743,0.008899976261934575,200,percentile
PREVENT-ASCVD (recal),income,PIR 1.3-3.5,FPR_20,0.0006865246679471003,0.0,0.0016379597203358474,0.00043912186973636024,200,percentile
PREVENT-ASCVD (recal),income,PIR 1.3-3.5,rel_OE,1.040818905291135,0.9263452930680077,1.1790520753823017,0.06581188583703353,200,percentile
PREVENT-ASCVD (recal),income,PIR<1.3,n,3136.0,1933.95,2032.0,23.822825400238557,200,percentile
PREVENT-ASCVD (recal),income,PIR<1.3,events,124.0,67.975,88.0,5.572074575539786,200,percentile
PREVENT-ASCVD (recal),income,PIR<1.3,observed,0.03996337671369271,0.0332834102595872,0.046284313954201454,0.003665671271720164,200,percentile
PREVENT-ASCVD (recal),income,PIR<1.3,expected,0.031022247883681787,0.029756773366858863,0.03224715324813165,0.0006344746387023204,200,percentile
PREVENT-ASCVD (recal),income,PIR<1.3,OE,1.2882166651345115,1.0718997446456207,1.4970365531706997,0.11556102927061603,200,percentile
PREVENT-ASCVD (recal),income,PIR<1.3,cal_intercept,0.282166497035498,0.0753932228026977,0.44256216057271136,0.10025461151261178,200,percentile
PREVENT-ASCVD (recal),income,PIR<1.3,cal_slope,0.8068835982026774,0.6694352685489273,0.9992690447862874,0.09220958287430053,200,percentile
PREVENT-ASCVD (recal),income,PIR<1.3,AUC,0.7579840427131098,0.7254455815031235,0.7992167822214951,0.020093044080922853,200,percentile
PREVENT-ASCVD (recal),income,PIR<1.3,brier,0.037019065709165244,0.031169319313952698,0.04229915029328689,0.0031782373380058303,200,percentile
PREVENT-ASCVD (recal),income,PIR<1.3,scaled_brier,0.03511517509708639,0.017212908434346915,0.05183253905288141,0.008864641836441478,200,percentile
PREVENT-ASCVD (recal),income,PIR<1.3,pct_flagged_7.5,0.11256377551020408,0.10126277848458859,0.12254266175101865,0.005631176345103485,200,percentile
PREVENT-ASCVD (recal),income,PIR<1.3,TPR_7.5,0.355251731197823,0.28535201603452565,0.4355696331025672,0.04025338491384541,200,percentile
PREVENT-ASCVD (recal),income,PIR<1.3,FPR_7.5,0.10216823801372825,0.09008643452096746,0.11331003269652401,0.00606597298446614,200,percentile
PREVENT-ASCVD (recal),income,PIR<1.3,pct_flagged_20,0.0047831632653061226,0.0025399869762520095,0.0070357789720536575,0.0012210986446020366,200,percentile
PREVENT-ASCVD (recal),income,PIR<1.3,TPR_20,0.03337020069926155,0.0075965531642030225,0.06289990413710149,0.015734394601819086,200,percentile
PREVENT-ASCVD (recal),income,PIR<1.3,FPR_20,0.003657093705185345,0.0016536039956804435,0.005652837007836818,0.0010867808528300998,200,percentile
PREVENT-ASCVD (recal),income,PIR<1.3,rel_OE,1.27918602056133,1.0990067283333491,1.4377386532855165,0.09074023124132473,200,percentile
PREVENT-ASCVD (recal),income,PIR>3.5,n,4696.0,2908.925,3035.075,30.586573317988474,200,percentile
PREVENT-ASCVD (recal),income,PIR>3.5,events,60.0,31.0,45.025000000000006,3.8866832302958914,200,percentile
PREVENT-ASCVD (recal),income,PIR>3.5,observed,0.012671438649998484,0.009752289047334613,0.016373745142371766,0.0017284327326067557,200,percentile
PREVENT-ASCVD (recal),income,PIR>3.5,expected,0.019781813484141392,0.019021571318916766,0.020393401458220273,0.00035999368759408044,200,percentile
PREVENT-ASCVD (recal),income,PIR>3.5,OE,0.6405600103426753,0.5009350577787348,0.820633581829059,0.08641781342435129,200,percentile
PREVENT-ASCVD (recal),income,PIR>3.5,cal_intercept,-0.47751021672417215,-0.7326488145953404,-0.217903865292492,0.13951794064559808,200,percentile
PREVENT-ASCVD (recal),income,PIR>3.5,cal_slope,0.8759381365645934,0.632819137261691,1.1973393690501435,0.14099995805232285,200,percentile
PREVENT-ASCVD (recal),income,PIR>3.5,AUC,0.766099453707385,0.7079168075262678,0.8244725866894874,0.031029393121279465,200,percentile
PREVENT-ASCVD (recal),income,PIR>3.5,brier,0.012463878295437698,0.009837446166360985,0.015729022789883095,0.0015697993437595755,200,percentile
PREVENT-ASCVD (recal),income,PIR>3.5,scaled_brier,0.003756332272035756,-0.022424030556023607,0.024970836533376225,0.013235310362252103,200,percentile
PREVENT-ASCVD (recal),income,PIR>3.5,pct_flagged_7.5,0.04301533219761499,0.0374841002060255,0.04891298015398706,0.002833644207613585,200,percentile
PREVENT-ASCVD (recal),income,PIR>3.5,TPR_7.5,0.21566772453055885,0.10668424648770893,0.3333955931001274,0.056222762850208594,200,percentile
PREVENT-ASCVD (recal),income,PIR>3.5,FPR_7.5,0.04133473602043946,0.03550383602667806,0.04682624723609173,0.0029553254586306256,200,percentile
PREVENT-ASCVD (recal),income,PIR>3.5,pct_flagged_20,0.00021294718909710392,0.0,0.0006453872861001473,0.0002056326121376827,200,percentile
PREVENT-ASCVD (recal),income,PIR>3.5,TPR_20,0.0,0.0,0.0,0.0,200,percentile
PREVENT-ASCVD (recal),income,PIR>3.5,FPR_20,0.0002129148871746394,0.0,0.0006498873392794765,0.00020559432778129337,200,percentile
PREVENT-ASCVD (recal),income,PIR>3.5,rel_OE,0.6360695624717853,0.4922809795289589,0.7989025800244879,0.07912729748621772,200,percentile
PREVENT-ASCVD (recal),education,<HS,n,4127.0,2557.95,2661.025,25.571355971695386,200,percentile
PREVENT-ASCVD (recal),education,<HS,events,151.0,82.0,109.0,6.385046522577374,200,percentile
PREVENT-ASCVD (recal),education,<HS,observed,0.03781721168744455,0.03220577278145665,0.04446220330683749,0.0032176776625831884,200,percentile
PREVENT-ASCVD (recal),education,<HS,expected,0.034774521403971005,0.03366535077028709,0.03587614226558743,0.0005938908430010387,200,percentile
PREVENT-ASCVD (recal),education,<HS,OE,1.0874976897058342,0.9336024111338721,1.2662018962084616,0.09054219732673864,200,percentile
PREVENT-ASCVD (recal),education,<HS,cal_intercept,0.07045521497254163,-0.09840656134341737,0.23849197249644066,0.0894472165738468,200,percentile
PREVENT-ASCVD (recal),education,<HS,cal_slope,0.8328632044432691,0.6512654095824236,1.0151136951323103,0.09455557584829781,200,percentile
PREVENT-ASCVD (recal),education,<HS,AUC,0.7496448745448292,0.7083650890588309,0.7845603059375125,0.018943933871391764,200,percentile
PREVENT-ASCVD (recal),education,<HS,brier,0.0352137756326434,0.030140654376443015,0.04081357389231547,0.002786104037890257,200,percentile
PREVENT-ASCVD (recal),education,<HS,scaled_brier,0.03224482072719825,0.01655196945967085,0.045680568053673806,0.007714803221192423,200,percentile
PREVENT-ASCVD (recal),education,<HS,pct_flagged_7.5,0.13254179791616186,0.1234194621900275,0.1423312898673366,0.005164612882642008,200,percentile
PREVENT-ASCVD (recal),education,<HS,TPR_7.5,0.4051754697628495,0.32831632449734466,0.47856144094567693,0.037274221698018584,200,percentile
PREVENT-ASCVD (recal),education,<HS,FPR_7.5,0.12583096873431077,0.11426204705655237,0.13703218938165085,0.005632098108138982,200,percentile
PREVENT-ASCVD (recal),education,<HS,pct_flagged_20,0.003876908165737824,0.0021811049758688273,0.005421817109075842,0.0009152584902846054,200,percentile
PREVENT-ASCVD (recal),education,<HS,TPR_20,0.03304580723539725,0.006010252478218194,0.05675586480824713,0.013284973823325169,200,percentile
PREVENT-ASCVD (recal),education,<HS,FPR_20,0.002857399515064506,0.0012990728816247494,0.004450928550982735,0.000840545179215341,200,percentile
PREVENT-ASCVD (recal),education,<HS,rel_OE,1.0798741234411762,0.9537686596672967,1.202027695272434,0.06479441762604704,200,percentile
PREVENT-ASCVD (recal),education,College+,n,2796.0,1723.875,1823.025,23.610230620427007,200,percentile
PREVENT-ASCVD (recal),education,College+,events,48.0,24.0,36.025000000000006,3.4290768202529347,200,percentile
PREVENT-ASCVD (recal),education,College+,observed,0.01709407429638614,0.012633315082858925,0.021815629503753032,0.0025892950703857854,200,percentile
PREVENT-ASCVD (recal),education,College+,expected,0.019849689541700962,0.018947712104814145,0.020674167431582735,0.0004567792991031311,200,percentile
PREVENT-ASCVD (recal),education,College+,OE,0.86117590204493,0.6402627859702212,1.08359861979306,0.1268814144033627,200,percentile
PREVENT-ASCVD (recal),education,College+,cal_intercept,-0.1581999079971061,-0.4743860565750089,0.08687813895244582,0.15569128704463495,200,percentile
PREVENT-ASCVD (recal),education,College+,cal_slope,1.1293128381553517,0.8552243920912547,1.5246616492769027,0.16806737482807643,200,percentile
PREVENT-ASCVD (recal),education,College+,AUC,0.8225668466795779,0.7668258634803559,0.880393370330502,0.028770862322336173,200,percentile
PREVENT-ASCVD (recal),education,College+,brier,0.01611996865900643,0.012035643956066027,0.020370119822677408,0.002330932641289173,200,percentile
PREVENT-ASCVD (recal),education,College+,scaled_brier,0.04058467220115991,0.019188173763241376,0.06087817021251401,0.011385661577078167,200,percentile
PREVENT-ASCVD (recal),education,College+,pct_flagged_7.5,0.04864091559370529,0.04165954480028787,0.056712922377050015,0.0038898084415362457,200,percentile
PREVENT-ASCVD (recal),education,College+,TPR_7.5,0.30951643361363307,0.1895282346471114,0.4238612001479511,0.06368628543385561,200,percentile
PREVENT-ASCVD (recal),education,College+,FPR_7.5,0.042948471661719355,0.03527308284016843,0.050932647441802745,0.0040526716039938375,200,percentile
PREVENT-ASCVD (recal),education,College+,pct_flagged_20,0.000357653791130186,0.0,0.0011300605048265115,0.0003681860999747787,200,percentile
PREVENT-ASCVD (recal),education,College+,TPR_20,0.0,0.0,0.0,0.0,200,percentile
PREVENT-ASCVD (recal),education,College+,FPR_20,0.0003578730867791664,0.0,0.0011206311924432028,0.00036772686083006676,200,percentile
PREVENT-ASCVD (recal),education,College+,rel_OE,0.8551388946867424,0.6439081736837321,1.074702645613809,0.11880233957862697,200,percentile
PREVENT-ASCVD (recal),education,HS/GED,n,3138.0,1939.975,2026.025,22.61337488341995,200,percentile
PREVENT-ASCVD (recal),education,HS/GED,events,90.0,48.0,65.025,4.596306141974635,200,percentile
PREVENT-ASCVD (recal),education,HS/GED,observed,0.02861859988288628,0.023620827335088915,0.034869979153821465,0.003237804191311106,200,percentile
PREVENT-ASCVD (recal),education,HS/GED,expected,0.027611488855162472,0.02641668718194071,0.02847249265972782,0.0005399875017421566,200,percentile
PREVENT-ASCVD (recal),education,HS/GED,OE,1.0364743470736641,0.856547614176802,1.2515946572448622,0.11421614421062559,200,percentile
PREVENT-ASCVD (recal),education,HS/GED,cal_intercept,0.02921997045931203,-0.17487223214067224,0.24065379487281738,0.11702012062887529,200,percentile
PREVENT-ASCVD (recal),education,HS/GED,cal_slope,1.1078494682105025,0.8791165319205301,1.3600939171014232,0.129255978200387,200,percentile
PREVENT-ASCVD (recal),education,HS/GED,AUC,0.8019606475382386,0.7596810167015485,0.8390429694122753,0.021288838051967164,200,percentile
PREVENT-ASCVD (recal),education,HS/GED,brier,0.026630411569349328,0.022146275855223083,0.03200539097444592,0.002828327533882446,200,percentile
PREVENT-ASCVD (recal),education,HS/GED,scaled_brier,0.042056902958131026,0.023259208323316998,0.057371571339200865,0.009229021845263708,200,percentile
PREVENT-ASCVD (recal),education,HS/GED,pct_flagged_7.5,0.07998725302740599,0.07095151004536616,0.0879382205121322,0.004631482128799848,200,percentile
PREVENT-ASCVD (recal),education,HS/GED,TPR_7.5,0.3206194499278274,0.2288483246001786,0.4109440476750467,0.04632027061479131,200,percentile
PREVENT-ASCVD (recal),education,HS/GED,FPR_7.5,0.07447031100355361,0.06430330616476711,0.08316504448110464,0.0049361973735169255,200,percentile
PREVENT-ASCVD (recal),education,HS/GED,pct_flagged_20,0.0009560229445506692,0.0,0.0019039337666533014,0.0005117633959490584,200,percentile
PREVENT-ASCVD (recal),education,HS/GED,TPR_20,0.0,0.0,0.0,0.0,200,percentile
PREVENT-ASCVD (recal),education,HS/GED,FPR_20,0.000977173590217551,0.0,0.0019423040658529196,0.0005238485960542077,200,percentile
PREVENT-ASCVD (recal),education,HS/GED,rel_OE,1.0292084641744816,0.8493919622603238,1.2324825676164746,0.09977964868289252,200,percentile
PREVENT-ASCVD (recal),education,Some college,n,3390.0,2089.95,2195.1,26.056961183734565,200,percentile
PREVENT-ASCVD (recal),education,Some college,events,71.0,38.0,53.0,3.7634048520458214,200,percentile
PREVENT-ASCVD (recal),education,Some college,observed,0.0207218498695426,0.016468492297619826,0.025768574705325214,0.0023823991329441074,200,percentile
PREVENT-ASCVD (recal),education,Some college,expected,0.022153506085425524,0.021186452561235133,0.023091558735430985,0.0004593514637138413,200,percentile
PREVENT-ASCVD (recal),education,Some college,OE,0.935375637140128,0.7373206833242573,1.147837511624566,0.10651173858546092,200,percentile
PREVENT-ASCVD (recal),education,Some college,cal_intercept,-0.08032070588606129,-0.3372028835738417,0.13803652368578664,0.1211332754085213,200,percentile
PREVENT-ASCVD (recal),education,Some college,cal_slope,0.9418958416227724,0.6948576893629559,1.1865309730116194,0.12729111718725172,200,percentile
PREVENT-ASCVD (recal),education,Some college,AUC,0.7772921977468558,0.7211578651519395,0.8255243374899186,0.027849557642483976,200,percentile
PREVENT-ASCVD (recal),education,Some college,brier,0.01962459873257884,0.01571768201239668,0.024092202762926833,0.002127281095479752,200,percentile
PREVENT-ASCVD (recal),education,Some college,scaled_brier,0.03291154674397401,0.006869456234199878,0.05604945568707606,0.012184921634191503,200,percentile
PREVENT-ASCVD (recal),education,Some college,pct_flagged_7.5,0.05309734513274336,0.04523056821796809,0.05996733761786017,0.00369422346025585,200,percentile
PREVENT-ASCVD (recal),education,Some college,TPR_7.5,0.2827790310340284,0.1780308153576442,0.37099103003690914,0.053560935689628615,200,percentile
PREVENT-ASCVD (recal),education,Some college,FPR_7.5,0.05031978197047524,0.042084672319695614,0.057660662886167384,0.004072027866084428,200,percentile
PREVENT-ASCVD (recal),education,Some college,pct_flagged_20,0.0011799410029498525,0.0002951572087345579,0.002888671010628423,0.0006247028941873285,200,percentile
PREVENT-ASCVD (recal),education,Some college,TPR_20,0.030525550404778026,0.0,0.07652844632136364,0.021500650231175502,200,percentile
PREVENT-ASCVD (recal),education,Some college,FPR_20,0.000593085240498893,0.0,0.0015358889805747065,0.0004884344933743738,200,percentile
PREVENT-ASCVD (recal),education,Some college,rel_OE,0.9288184754839839,0.7480495070754236,1.1040107905020284,0.09512181930705728,200,percentile
PREVENT-ASCVD (recal),sex,GAP(max-min),OE,0.06959721259787621,0.0,0.13292462753741507,0.0656941501120896,200,basic
PREVENT-ASCVD (recal),sex,GAP(max-min),AUC,0.029181727604067897,0.0,0.054973675893829115,0.020417182556708203,200,basic
PREVENT-ASCVD (recal),sex,GAP(max-min),cal_slope,0.02496750442476825,0.0,0.04524085265293556,0.08551391331594564,200,basic
PREVENT-ASCVD (recal),sex,GAP(max-min),TPR_7.5,0.06290707136623336,0.0,0.12228935878157565,0.047238015170971655,200,basic
PREVENT-ASCVD (recal),sex,GAP(max-min),FPR_7.5,0.057392773462148036,0.048709241550014645,0.06713192726666332,0.004872895651909497,200,basic
PREVENT-ASCVD (recal),sex,GAP(max-min),pct_flagged_7.5,0.06179881352319864,0.05277708229571286,0.07219679897417627,0.004656306206432943,200,basic
PREVENT-ASCVD (recal),sex,GAP(max/min),OE,1.0720528534868965,1.0,1.138084282760198,0.0742821089790597,200,basic
PREVENT-ASCVD (recal),race,GAP(max-min),OE,0.3967789459490809,0.015855459364989,0.6901605381611692,0.16993981404454725,200,basic
PREVENT-ASCVD (recal),race,GAP(max-min),AUC,0.02605065408407592,0.0,0.03661874333030587,0.03240230363254305,200,basic
PREVENT-ASCVD (recal),race,GAP(max-min),cal_slope,0.24888786570478916,0.0,0.4015091319385967,0.22687353719142442,200,basic
PREVENT-ASCVD (recal),race,GAP(max-min),TPR_7.5,0.06659715363863838,0.0,0.10024738842528433,0.07542501623838173,200,basic
PREVENT-ASCVD (recal),race,GAP(max-min),FPR_7.5,0.02615606071233248,0.004323633588963732,0.039704452864371714,0.010059457748063874,200,basic
PREVENT-ASCVD (recal),race,GAP(max-min),pct_flagged_7.5,0.02704432227960099,0.006878391306948173,0.043106849863083024,0.009329310450077583,200,basic
PREVENT-ASCVD (recal),race,GAP(max/min),OE,1.5321180641386336,1.0,1.9555254151569927,0.30601394453805586,200,basic
PREVENT-ASCVD (recal),age_group,GAP(max-min),OE,0.39346523493002683,0.0,0.5759527213110165,0.16681034626064128,200,basic
PREVENT-ASCVD (recal),age_group,GAP(max-min),AUC,0.10393322606657507,0.0,0.16831596129636672,0.046344163401625976,200,basic
PREVENT-ASCVD (recal),age_group,GAP(max-min),cal_slope,0.3445699326406315,0.0,0.5195076945411783,0.18540957344565848,200,basic
PREVENT-ASCVD (recal),age_group,GAP(max-min),TPR_7.5,0.5326630909570595,0.4495683940464701,0.6139903575747171,0.04197686301502874,200,basic
PREVENT-ASCVD (recal),age_group,GAP(max-min),FPR_7.5,0.3269005490850655,0.3058727125116937,0.346495725786716,0.010758560664687026,200,basic
PREVENT-ASCVD (recal),age_group,GAP(max-min),pct_flagged_7.5,0.3497247823465623,0.3289209883243808,0.3668985671963936,0.009857409418410014,200,basic
PREVENT-ASCVD (recal),age_group,GAP(max/min),OE,1.476994184620822,1.0,1.713152076377618,0.2461129240837504,200,basic
PREVENT-ASCVD (recal),income,GAP(max-min),OE,0.6476566547918362,0.3988544984159659,0.9405937828839324,0.14033940508291282,200,basic
PREVENT-ASCVD (recal),income,GAP(max-min),AUC,0.039132671541949327,0.0,0.06507193031125028,0.02114492742808691,200,basic
PREVENT-ASCVD (recal),income,GAP(max-min),cal_slope,0.295918340157465,0.047551851507600884,0.48237026412695755,0.11351013772429874,200,basic
PREVENT-ASCVD (recal),income,GAP(max-min),TPR_7.5,0.17291606619868424,0.04504120175569665,0.27921609461091657,0.06125300381070961,200,basic
PREVENT-ASCVD (recal),income,GAP(max-min),FPR_7.5,0.06083350199328879,0.04993594722155263,0.07170517800246134,0.005947412784889099,200,basic
PREVENT-ASCVD (recal),income,GAP(max-min),pct_flagged_7.5,0.06954844331258908,0.0596376528381152,0.0816458764212164,0.005805188528174026,200,basic
PREVENT-ASCVD (recal),income,GAP(max/min),OE,2.0110788128115655,1.2361827327821353,2.56306415797801,0.3226945064109866,200,basic
PREVENT-ASCVD (recal),education,GAP(max-min),OE,0.22632178766090416,0.0,0.35254633373701005,0.12327075065170481,200,basic
PREVENT-ASCVD (recal),education,GAP(max-min),AUC,0.07292197213474871,0.0030753492728240184,0.11389831759560365,0.02897317298256136,200,basic
PREVENT-ASCVD (recal),education,GAP(max-min),cal_slope,0.29644963371208255,0.0,0.4045921500312678,0.15181623721416468,200,basic
PREVENT-ASCVD (recal),education,GAP(max-min),TPR_7.5,0.12239643872882111,0.0,0.19167699610007305,0.055808396447360804,200,basic
PREVENT-ASCVD (recal),education,GAP(max-min),FPR_7.5,0.0828824970725914,0.06807535872224177,0.09606384983261505,0.006929429147865967,200,basic
PREVENT-ASCVD (recal),education,GAP(max-min),pct_flagged_7.5,0.08390088232245657,0.07033989094100639,0.09436111049928933,0.006071308868932406,200,basic
PREVENT-ASCVD (recal),education,GAP(max/min),OE,1.2628055280268355,1.0,1.4138827349169627,0.19465852970492972,200,basic
Framingham-office (recal),Overall,All,n,13466.0,8438.95,8586.025,37.273860524394514,200,percentile
Framingham-office (recal),Overall,All,events,362.0,213.975,246.025,8.927423730974231,200,percentile
Framingham-office (recal),Overall,All,observed,0.027013720906110657,0.02467674019335717,0.029924370144193888,0.0014107056245544264,200,percentile
Framingham-office (recal),Overall,All,expected,0.02695015259296771,0.02634498604358403,0.027459119405109686,0.00029098467276575407,200,percentile
Framingham-office (recal),Overall,All,OE,1.002358736668509,0.905546746555984,1.1115072902033498,0.052717176962639015,200,percentile
Framingham-office (recal),Overall,All,cal_intercept,-0.00033778558575879054,-0.10694025446027013,0.11121988617154177,0.056259237008010325,200,percentile
Framingham-office (recal),Overall,All,cal_slope,0.991708204521418,0.8993760038220225,1.1009762291204164,0.05056560063325784,200,percentile
Framingham-office (recal),Overall,All,AUC,0.7804397222572715,0.7578029532097466,0.8025217802488158,0.011608652924821534,200,percentile
Framingham-office (recal),Overall,All,brier,0.025392943791024213,0.023376296121454754,0.02786967623237345,0.0012262383457022142,200,percentile
Framingham-office (recal),Overall,All,scaled_brier,0.033900345573576574,0.021202028455155276,0.048529935550766436,0.006870639747633859,200,percentile
Framingham-office (recal),Overall,All,pct_flagged_7.5,0.06661220852517451,0.06259839596019606,0.0708450913411555,0.0021837674330452963,200,percentile
Framingham-office (recal),Overall,All,TPR_7.5,0.2892967013337455,0.25384889211412864,0.33080199762162454,0.021855455794848537,200,percentile
Framingham-office (recal),Overall,All,FPR_7.5,0.060557582870747556,0.05584075468076013,0.0646190099388583,0.0024499804782537,200,percentile
Framingham-office (recal),Overall,All,pct_flagged_20,0.005569582652606564,0.004381405020050497,0.00690813901678301,0.0006465579214653013,200,percentile
Framingham-office (recal),Overall,All,TPR_20,0.03299347443745499,0.016058625293779088,0.054522861128491126,0.009577118596820493,200,percentile
Framingham-office (recal),Overall,All,FPR_20,0.004704890834989089,0.0034790976990484003,0.006134258832143636,0.0006841081048879493,200,percentile
Framingham-office (recal),Overall,All,rel_OE,1.0,1.0,1.0,0.0,200,percentile
Framingham-office (recal),sex,Female,n,6883.0,4280.9,4411.05,34.77516586306971,200,percentile
Framingham-office (recal),sex,Female,events,145.0,81.0,103.0,5.351334779248818,200,percentile
Framingham-office (recal),sex,Female,observed,0.021294194048772756,0.01816319222437981,0.02519213712088221,0.0017412995721131723,200,percentile
Framingham-office (recal),sex,Female,expected,0.01847446103816668,0.017827457073849515,0.0190744652284722,0.0003303718145401806,200,percentile
Framingham-office (recal),sex,Female,OE,1.1526287021191441,0.9889341883964374,1.3531503255010902,0.09032587835207154,200,percentile
Framingham-office (recal),sex,Female,cal_intercept,0.1469445726146294,-0.017360903533661175,0.31485474268704644,0.08211029867410094,200,percentile
Framingham-office (recal),sex,Female,cal_slope,1.0075060768834478,0.851414282991157,1.1761536507960366,0.07889467929928676,200,percentile
Framingham-office (recal),sex,Female,AUC,0.7822527417295784,0.7459512344740077,0.8141637889490951,0.01809715155621243,200,percentile
Framingham-office (recal),sex,Female,brier,0.020219442575007976,0.017327618472965618,0.02376559741008172,0.0015814861765387422,200,percentile
Framingham-office (recal),sex,Female,scaled_brier,0.02981220605657997,0.012093508332206085,0.047677890450749744,0.008310476617274548,200,percentile
Framingham-office (recal),sex,Female,pct_flagged_7.5,0.030364666569809677,0.0263390719847783,0.03445431869920088,0.0020811044087693477,200,percentile
Framingham-office (recal),sex,Female,TPR_7.5,0.17241819858269597,0.11770854862435837,0.23881868911059467,0.03191076985512614,200,percentile
Framingham-office (recal),sex,Female,FPR_7.5,0.028610103063415687,0.02391924612692934,0.03296099255774009,0.002326406886014708,200,percentile
Framingham-office (recal),sex,Female,pct_flagged_20,0.0018887113177393578,0.000872344192924843,0.0029256467265770677,0.0005744117704789364,200,percentile
Framingham-office (recal),sex,Female,TPR_20,0.013695829029435933,0.0,0.03712579018375459,0.009633457416632487,200,percentile
Framingham-office (recal),sex,Female,FPR_20,0.0016575864319635458,0.0006182466987902951,0.0027996156646190994,0.0005809552209342109,200,percentile
Framingham-office (recal),sex,Female,rel_OE,1.1499163522533662,1.0199650363915713,1.2792412121132934,0.06749771833073953,200,percentile
Framingham-office (recal),sex,Male,n,6583.0,4101.0,4216.025,30.75408662635102,200,percentile
Framingham-office (recal),sex,Male,events,217.0,123.975,152.0,7.173485517679798,200,percentile
Framingham-office (recal),sex,Male,observed,0.032951105313655873,0.02891846402677544,0.03725173513945846,0.0021658789664504925,200,percentile
Framingham-office (recal),sex,Male,expected,0.03581209775044842,0.0348295119810988,0.03659077397685301,0.00045141656363050983,200,percentile
Framingham-office (recal),sex,Male,OE,0.9201110067126207,0.8141965787956333,1.0481063297452162,0.0609912164582845,200,percentile
Framingham-office (recal),sex,Male,cal_intercept,-0.09091817069641814,-0.2244583959144189,0.05214475102150139,0.07115323389564182,200,percentile
Framingham-office (recal),sex,Male,cal_slope,1.0380841833446155,0.9101409062261704,1.1620953132153498,0.06848672158735204,200,percentile
Framingham-office (recal),sex,Male,AUC,0.7748190375338031,0.7468920279880684,0.802406727229193,0.015020066581674141,200,percentile
Framingham-office (recal),sex,Male,brier,0.03076350436684918,0.027315916596699012,0.03443277499982139,0.0018638587871289164,200,percentile
Framingham-office (recal),sex,Male,scaled_brier,0.03457756773189191,0.015194512654569208,0.05496203175066634,0.009582197935424794,200,percentile
Framingham-office (recal),sex,Male,pct_flagged_7.5,0.1045116208415616,0.09797449209213714,0.11183517604153208,0.003788144022290811,200,percentile
Framingham-office (recal),sex,Male,TPR_7.5,0.36770480017694235,0.3151417094925166,0.43682756089303865,0.03283952244172616,200,percentile
Framingham-office (recal),sex,Male,FPR_7.5,0.09412171329921284,0.08614694748653685,0.10237484769287328,0.004056966674460176,200,percentile
Framingham-office (recal),sex,Male,pct_flagged_20,0.009418198389791889,0.00726629136959259,0.011825072172520377,0.001176302885331514,200,percentile
Framingham-office (recal),sex,Male,TPR_20,0.04593932549627457,0.02261453790678473,0.079332963968751,0.014839523050760459,200,percentile
Framingham-office (recal),sex,Male,FPR_20,0.007906399155996398,0.005735915437388853,0.010672348395091489,0.0012135817197338058,200,percentile
Framingham-office (recal),sex,Male,rel_OE,0.9179458142608194,0.8491962806594112,0.9853383538063962,0.03625795263130393,200,percentile
Framingham-office (recal),race,Mexican American,n,2794.0,1719.85,1813.05,24.09378190806018,200,percentile
Framingham-office (recal),race,Mexican American,events,62.0,30.975,47.0,4.148875248684361,200,percentile
Framingham-office (recal),race,Mexican American,observed,0.02520622729693485,0.01920168317731077,0.032376831226357,0.0033080039074116136,200,percentile
Framingham-office (recal),race,Mexican American,expected,0.027035924208175934,0.025905198503367758,0.02817291439020228,0.0005934244758580642,200,percentile
Framingham-office (recal),race,Mexican American,OE,0.9323234930993124,0.7190600374243716,1.2156203212881398,0.12211046582244584,200,percentile
Framingham-office (recal),race,Mexican American,cal_intercept,-0.09116563825366691,-0.3576245679568037,0.1881599967914961,0.14014910050825274,200,percentile
Framingham-office (recal),race,Mexican American,cal_slope,0.9900301114335468,0.7548229330296782,1.2461140596428522,0.12715932593792773,200,percentile
Framingham-office (recal),race,Mexican American,AUC,0.78036612764943,0.7128263169442244,0.838647864070028,0.0310454631466545,200,percentile
Framingham-office (recal),race,Mexican American,brier,0.023730355168451206,0.018593420310607414,0.030360409574621154,0.0029102952849691358,200,percentile
Framingham-office (recal),race,Mexican American,scaled_brier,0.03420791032430848,0.0004800793935339693,0.06350847063334132,0.015420688680880451,200,percentile
Framingham-office (recal),race,Mexican American,pct_flagged_7.5,0.0744452397995705,0.06629750808069826,0.0841368965580609,0.0049882353223817556,200,percentile
Framingham-office (recal),race,Mexican American,TPR_7.5,0.3377389206825995,0.20683693733459,0.4477838496038047,0.06306151981738463,200,percentile
Framingham-office (recal),race,Mexican American,FPR_7.5,0.0708859321831615,0.0616540423404421,0.08194123203160195,0.005393479002446827,200,percentile
Framingham-office (recal),race,Mexican American,pct_flagged_20,0.005010737294201861,0.0028237319339414874,0.007927327848156104,0.0013547790080723574,200,percentile
Framingham-office (recal),race,Mexican American,TPR_20,0.0321656114935809,0.0,0.09033228780650626,0.022459155953945847,200,percentile
Framingham-office (recal),race,Mexican American,FPR_20,0.005042509573472643,0.0021811503977926605,0.008059361472568683,0.0015187872148064493,200,percentile
Framingham-office (recal),race,Mexican American,rel_OE,0.9301295623940294,0.732208664863903,1.161452509611084,0.10684087828312898,200,percentile
Framingham-office (recal),race,NH Black,n,2577.0,1585.9,1675.05,24.098716577932493,200,percentile
Framingham-office (recal),race,NH Black,events,85.0,45.975,63.025000000000006,4.46907576473646,200,percentile
Framingham-office (recal),race,NH Black,observed,0.0328297981317907,0.02673892004271837,0.041121663459351226,0.00383675138192561,200,percentile
Framingham-office (recal),race,NH Black,expected,0.0324954797904418,0.030846736782003312,0.034106847868629574,0.000801528935815063,200,percentile
Framingham-office (recal),race,NH Black,OE,1.0102881491058098,0.827457744652124,1.2771274887566795,0.11905701497671127,200,percentile
Framingham-office (recal),race,NH Black,cal_intercept,0.014286878856238876,-0.2096625454822413,0.2681882290551354,0.1259672579961345,200,percentile
Framingham-office (recal),race,NH Black,cal_slope,0.9912911039222346,0.7612204578957809,1.222954436148333,0.1123504524029598,200,percentile
Framingham-office (recal),race,NH Black,AUC,0.7707375238734362,0.7164433655819986,0.8156670845298529,0.02539685556423935,200,percentile
Framingham-office (recal),race,NH Black,brier,0.030099864280519896,0.025135158166188262,0.03731700711510909,0.00329064608281998,200,percentile
Framingham-office (recal),race,NH Black,scaled_brier,0.05203256728779404,0.015052184599245618,0.09353667251171832,0.018844659238155377,200,percentile
Framingham-office (recal),race,NH Black,pct_flagged_7.5,0.0989522700814901,0.08602256302459353,0.10877521468937916,0.005827321641857922,200,percentile
Framingham-office (recal),race,NH Black,TPR_7.5,0.3634145205528033,0.2613718750191852,0.4688933591373451,0.04964373957578292,200,percentile
Framingham-office (recal),race,NH Black,FPR_7.5,0.08774447964983753,0.07570385657792325,0.09866857980470434,0.006104946677317409,200,percentile
Framingham-office (recal),race,NH Black,pct_flagged_20,0.010089251067132324,0.006684624305029214,0.013937097838457826,0.001957959293903975,200,percentile
Framingham-office (recal),race,NH Black,TPR_20,0.082061343350633,0.021857458394152943,0.14530739867583398,0.030812456839985392,200,percentile
Framingham-office (recal),race,NH Black,FPR_20,0.006764797614755174,0.004066246562447415,0.010596357578583362,0.0017075753654475544,200,percentile
Framingham-office (recal),race,NH Black,rel_OE,1.0079107530539968,0.8355253260730572,1.2483157393900794,0.1061190783919404,200,percentile
Framingham-office (recal),race,NH White,n,6689.0,4168.925,4287.175,33.29648147165029,200,percentile
Framingham-office (recal),race,NH White,events,191.0,107.0,133.025,6.630968914398453,200,percentile
Framingham-office (recal),race,NH White,observed,0.02724054453331013,0.02306571590950139,0.03178517432862721,0.0020222394318669436,200,percentile
Framingham-office (recal),race,NH White,expected,0.025416155746748978,0.024635548930682857,0.026037715816469888,0.00037511773856770564,200,percentile
Framingham-office (recal),race,NH White,OE,1.0717806738650677,0.9245237432134984,1.2506307421189589,0.07860671732880682,200,percentile
Framingham-office (recal),race,NH White,cal_intercept,0.07282440792585218,-0.08964563244055176,0.24034712080200007,0.0785965278836206,200,percentile
Framingham-office (recal),race,NH White,cal_slope,1.0199721095132526,0.896018073985538,1.1374376619601163,0.06540750216704241,200,percentile
Framingham-office (recal),race,NH White,AUC,0.7938273510187531,0.763621079125266,0.8215991499128841,0.014840227022508172,200,percentile
Framingham-office (recal),race,NH White,brier,0.025821558929684567,0.02217280201768972,0.029797308989185336,0.0018153152032881058,200,percentile
Framingham-office (recal),race,NH White,scaled_brier,0.025546291562784318,0.011078727537090624,0.038612632439234115,0.006998475525462744,200,percentile
Framingham-office (recal),race,NH White,pct_flagged_7.5,0.05381970399162805,0.04878260816439601,0.059455181451326916,0.0027355271480404082,200,percentile
Framingham-office (recal),race,NH White,TPR_7.5,0.2402996847986748,0.19492634845900136,0.29657150447918945,0.028120437389956884,200,percentile
Framingham-office (recal),race,NH White,FPR_7.5,0.04936774505821336,0.04333454981051602,0.05455908924454429,0.0029776475479912218,200,percentile
Framingham-office (recal),race,NH White,pct_flagged_20,0.004185976977126625,0.00270446005742015,0.00592889037993302,0.0007894884823587421,200,percentile
Framingham-office (recal),race,NH White,TPR_20,0.010438417441363038,0.0,0.023335965726553234,0.00662601867492693,200,percentile
Framingham-office (recal),race,NH White,FPR_20,0.0041655617279549835,0.0025278382326331143,0.006057291648621885,0.00090491146377993,200,percentile
Framingham-office (recal),race,NH White,rel_OE,1.0692585744573775,0.9501080004089788,1.1695090922980935,0.0542712819328474,200,percentile
Framingham-office (recal),race,Other Hispanic,n,929.0,556.975,614.0,14.138311755527338,200,percentile
Framingham-office (recal),race,Other Hispanic,events,17.0,7.0,14.0,1.991413729795012,200,percentile
Framingham-office (recal),race,Other Hispanic,observed,0.019188673021253596,0.010296972973432045,0.03012576141891538,0.0049333341162629074,200,percentile
Framingham-office (recal),race,Other Hispanic,expected,0.025001911247915048,0.023242812313444276,0.027487375071367854,0.0010863668936750414,200,percentile
Framingham-office (recal),race,Other Hispanic,OE,0.7674882464377107,0.4333195169205091,1.1744176189587487,0.1914367808581083,200,percentile
Framingham-office (recal),race,Other Hispanic,cal_intercept,-0.2810655783628345,-0.8841176154151592,0.15805549823982373,0.27306747332345455,200,percentile
Framingham-office (recal),race,Other Hispanic,cal_slope,1.0433682900058112,0.6171436218867367,1.6214907314502307,0.2699342592218937,200,percentile
Framingham-office (recal),race,Other Hispanic,AUC,0.7603026201018835,0.6323314221750171,0.871485670672433,0.06528358231514067,200,percentile
Framingham-office (recal),race,Other Hispanic,brier,0.017832556668018907,0.01044779928590586,0.026825168876280402,0.0042057631532626235,200,percentile
Framingham-office (recal),race,Other Hispanic,scaled_brier,0.05249131896441683,-0.04125426380003685,0.1314890622813594,0.04346759816219349,200,percentile
Framingham-office (recal),race,Other Hispanic,pct_flagged_7.5,0.0527448869752422,0.038253071041333714,0.06618621838368667,0.007253901475538678,200,percentile
Framingham-office (recal),race,Other Hispanic,TPR_7.5,0.40720211802022993,0.16834530483485177,0.6241745750209367,0.11465775866436737,200,percentile
Framingham-office (recal),race,Other Hispanic,FPR_7.5,0.044701281278166825,0.03169556832925482,0.059039122817756175,0.007309880296386984,200,percentile
Framingham-office (recal),race,Other Hispanic,pct_flagged_20,0.007534983853606028,0.0031399877189580505,0.013230429988974642,0.0027320387775991955,200,percentile
Framingham-office (recal),race,Other Hispanic,TPR_20,0.05672756521559558,0.0,0.2132338639328406,0.06258136534396891,200,percentile
Framingham-office (recal),race,Other Hispanic,FPR_20,0.004448769750061206,0.0010873934954099243,0.008833604948762837,0.0020798949972948033,200,percentile
Framingham-office (recal),race,Other Hispanic,rel_OE,0.7656822037473072,0.4261740818405467,1.149350071853193,0.18574016170387883,200,percentile
Framingham-office (recal),race,Other/Multiracial,n,477.0,281.0,318.025,9.972001003815658,200,percentile
Framingham-office (recal),race,Other/Multiracial,events,7.0,2.0,7.0,1.303252598955174,200,percentile
Framingham-office (recal),race,Other/Multiracial,observed,0.015679572320388645,0.004797876905243432,0.028861967059162167,0.006065588398768145,200,percentile
Framingham-office (recal),race,Other/Multiracial,expected,0.0217947375680799,0.019402961395774635,0.023921367373279677,0.001190729044135624,200,percentile
Framingham-office (recal),race,Other/Multiracial,OE,0.7194201018209371,0.23040040782771415,1.3207920503924018,0.2860742961490982,200,percentile
Framingham-office (recal),race,Other/Multiracial,cal_intercept,-0.3697713904035796,-1.5537992375486986,0.2631277974524412,0.44843056459610026,200,percentile
Framingham-office (recal),race,Other/Multiracial,cal_slope,0.07677977711852405,-0.986625024196937,1.0480978759640762,0.5419039906774631,200,percentile
Framingham-office (recal),race,Other/Multiracial,AUC,0.5514025534001414,0.30854642354343054,0.799221816931453,0.133959168352989,200,percentile
Framingham-office (recal),race,Other/Multiracial,brier,0.015989672663070338,0.005943429290686036,0.02826267515649939,0.005741155841818753,200,percentile
Framingham-office (recal),race,Other/Multiracial,scaled_brier,-0.036021724561480895,-0.14535786251272415,-0.00047169995984237465,0.05278820942584119,200,percentile
Framingham-office (recal),race,Other/Multiracial,pct_flagged_7.5,0.05241090146750524,0.03302359159284878,0.07469795645443471,0.01029651442565809,200,percentile
Framingham-office (recal),race,Other/Multiracial,TPR_7.5,0.0,0.0,0.0,0.0,200,percentile
Framingham-office (recal),race,Other/Multiracial,FPR_7.5,0.05530536422106223,0.032138507989253794,0.07905935618608304,0.011628328446569422,200,percentile
Framingham-office (recal),race,Other/Multiracial,pct_flagged_20,0.0,0.0,0.0,0.0,200,percentile
Framingham-office (recal),race,Other/Multiracial,TPR_20,0.0,0.0,0.0,0.0,200,percentile
Framingham-office (recal),race,Other/Multiracial,FPR_20,0.0,0.0,0.0,0.0,200,percentile
Framingham-office (recal),race,Other/Multiracial,rel_OE,0.7177271724213615,0.23262033618321556,1.3137821235890637,0.2868330741240819,200,percentile
Framingham-office (recal),age_group,40-49,n,4420.0,2740.975,2852.075,29.934628944589303,200,percentile
Framingham-office (recal),age_group,40-49,events,35.0,16.975,27.0,2.6951659685425597,200,percentile
Framingham-office (recal),age_group,40-49,observed,0.00795660063450242,0.005647463755773878,0.010450144494185966,0.001313006302254515,200,percentile
Framingham-office (recal),age_group,40-49,expected,0.009081961670784297,0.008852622639719379,0.009328953668432446,0.00012523677975838615,200,percentile
Framingham-office (recal),age_group,40-49,OE,0.8760883301344419,0.621749095735591,1.1535972118792253,0.14460624052337429,200,percentile
Framingham-office (recal),age_group,40-49,cal_intercept,-0.1422374660250503,-0.4964526688857088,0.1347570005128915,0.16860888851914438,200,percentile
Framingham-office (recal),age_group,40-49,cal_slope,1.358147970300904,0.8631704579942011,1.8667093818406741,0.24692066476526875,200,percentile
Framingham-office (recal),age_group,40-49,AUC,0.7590920835009077,0.6670276903926446,0.8456000462730172,0.045630583527506145,200,percentile
Framingham-office (recal),age_group,40-49,brier,0.0077909654755279716,0.005544729442983045,0.010090388837596024,0.0012604628259462315,200,percentile
Framingham-office (recal),age_group,40-49,scaled_brier,0.012963874962145905,2.0603984308664824e-05,0.02609434403988278,0.006688160602131128,200,percentile
Framingham-office (recal),age_group,40-49,pct_flagged_7.5,0.0009049773755656109,0.00022385263754275472,0.0018106934657054362,0.0004463178703801802,200,percentile
Framingham-office (recal),age_group,40-49,TPR_7.5,0.028426691671605595,0.0,0.10226590720152193,0.030857324187599327,200,percentile
Framingham-office (recal),age_group,40-49,FPR_7.5,0.0006839816679464761,0.0,0.001409589163958373,0.0003813175346201709,200,percentile
Framingham-office (recal),age_group,40-49,pct_flagged_20,0.0,0.0,0.0,0.0,200,percentile
Framingham-office (recal),age_group,40-49,TPR_20,0.0,0.0,0.0,0.0,200,percentile
Framingham-office (recal),age_group,40-49,FPR_20,0.0,0.0,0.0,0.0,200,percentile
Framingham-office (recal),age_group,40-49,rel_OE,0.8740267312342227,0.6352154275491779,1.1440764505890686,0.13657016120976093,200,percentile
Framingham-office (recal),age_group,50-59,n,3406.0,2099.975,2201.025,26.897231835302478,200,percentile
Framingham-office (recal),age_group,50-59,events,45.0,22.975,35.0,3.094000516480226,200,percentile
Framingham-office (recal),age_group,50-59,observed,0.013519955107744815,0.010056953619475612,0.0178626168185472,0.0019287876648910953,200,percentile
Framingham-office (recal),age_group,50-59,expected,0.018846988095048506,0.018333900104796737,0.019376712729972257,0.0002796384578052381,200,percentile
Framingham-office (recal),age_group,50-59,OE,0.7173536184965696,0.531974875807954,0.9356032231614408,0.10206781050761986,200,percentile
Framingham-office (recal),age_group,50-59,cal_intercept,-0.350514297640436,-0.6438635747523725,-0.07835100471432503,0.1450329511901472,200,percentile
Framingham-office (recal),age_group,50-59,cal_slope,0.9409927180559233,0.49800373326587405,1.380119470813641,0.2253959302185099,200,percentile
Framingham-office (recal),age_group,50-59,AUC,0.6804090824342944,0.5743114251277033,0.7767230776716152,0.04972135704334398,200,percentile
Framingham-office (recal),age_group,50-59,brier,0.013210131999426786,0.010008186917612055,0.017296562291390497,0.0018028817039155928,200,percentile
Framingham-office (recal),age_group,50-59,scaled_brier,0.00952480631560404,-0.010968559986045045,0.03160902872776572,0.01124314676155168,200,percentile
Framingham-office (recal),age_group,50-59,pct_flagged_7.5,0.015854374633000587,0.011494872004544828,0.019789748500038336,0.002096869731366239,200,percentile
Framingham-office (recal),age_group,50-59,TPR_7.5,0.1359169707313958,0.0601409943727643,0.22618488809725562,0.04666139648473791,200,percentile
Framingham-office (recal),age_group,50-59,FPR_7.5,0.015000411208916842,0.010403212146371178,0.01978933002605989,0.002404615297241742,200,percentile
Framingham-office (recal),age_group,50-59,pct_flagged_20,0.0005871990604815032,0.0,0.0014611872907611015,0.0004052154810027092,200,percentile
Framingham-office (recal),age_group,50-59,TPR_20,0.0,0.0,0.0,0.0,200,percentile
Framingham-office (recal),age_group,50-59,FPR_20,0.0012815431532352815,0.0,0.0031685000847030756,0.000881524982665222,200,percentile
Framingham-office (recal),age_group,50-59,rel_OE,0.7156655519168746,0.546289945163696,0.9449134210069223,0.09895602162632626,200,percentile
Framingham-office (recal),age_group,60-69,n,3441.0,2119.95,2231.1,28.096622590714194,200,percentile
Framingham-office (recal),age_group,60-69,events,102.0,54.975,73.025,5.084153625772163,200,percentile
Framingham-office (recal),age_group,60-69,observed,0.02987645402215967,0.0243922908867442,0.03575652963771975,0.0030899780538367547,200,percentile
Framingham-office (recal),age_group,60-69,expected,0.03702781374459253,0.03593864810620836,0.038272741712315,0.000608694586067511,200,percentile
Framingham-office (recal),age_group,60-69,OE,0.8068651913461341,0.649889265139578,0.964205697752534,0.08288972125206795,200,percentile
Framingham-office (recal),age_group,60-69,cal_intercept,-0.2171152394061549,-0.42434893517652594,-0.025273958301176985,0.10920020433244114,200,percentile
Framingham-office (recal),age_group,60-69,cal_slope,0.7533355282844381,0.5197446820512963,1.0147785328385575,0.1215331573022603,200,percentile
Framingham-office (recal),age_group,60-69,AUC,0.6709451088119732,0.6165426550338516,0.719537256775396,0.027480051318144696,200,percentile
Framingham-office (recal),age_group,60-69,brier,0.02899152697489878,0.02396953804849908,0.0343959146221363,0.0027262798558277605,200,percentile
Framingham-office (recal),age_group,60-69,scaled_brier,-0.0002648184169991019,-0.023604520030574547,0.020236087414447927,0.011924642672232191,200,percentile
Framingham-office (recal),age_group,60-69,pct_flagged_7.5,0.09241499564080209,0.08235212446607,0.10062234428534382,0.004847012458730652,200,percentile
Framingham-office (recal),age_group,60-69,TPR_7.5,0.2049782205711665,0.13994997845930984,0.2792091154468039,0.039373208639368176,200,percentile
Framingham-office (recal),age_group,60-69,FPR_7.5,0.0861261093076442,0.07554968681710696,0.0954625125752868,0.005039508888214916,200,percentile
Framingham-office (recal),age_group,60-69,pct_flagged_20,0.0052310374891020054,0.0029228452446152502,0.0074195584147163296,0.0012099487332688816,200,percentile
Framingham-office (recal),age_group,60-69,TPR_20,0.009760867646246023,0.0,0.0362407904429773,0.010267191366841533,200,percentile
Framingham-office (recal),age_group,60-69,FPR_20,0.0045115824766011735,0.0024423182170898094,0.006797414738618376,0.0011473240989084102,200,percentile
Framingham-office (recal),age_group,60-69,rel_OE,0.8049664873754409,0.6738748405451224,0.93385005626147,0.06624512729117754,200,percentile
Framingham-office (recal),age_group,70-79,n,2199.0,1346.975,1427.025,20.782191835497958,200,percentile
Framingham-office (recal),age_group,70-79,events,180.0,103.0,126.0,6.393110299101867,200,percentile
Framingham-office (recal),age_group,70-79,observed,0.08022995462814278,0.07024871515762866,0.09249890175956153,0.005944053403622074,200,percentile
Framingham-office (recal),age_group,70-79,expected,0.05964662832431036,0.05776424785402533,0.061778921339857,0.001098347459132836,200,percentile
Framingham-office (recal),age_group,70-79,OE,1.3450878428855502,1.18045892041962,1.5538723728251609,0.09889850143432471,200,percentile
Framingham-office (recal),age_group,70-79,cal_intercept,0.340067753743113,0.19224860391000562,0.5168142794351948,0.08457148871127061,200,percentile
Framingham-office (recal),age_group,70-79,cal_slope,0.6837592735597199,0.5175387918081692,0.894722262404083,0.0953068767944179,200,percentile
Framingham-office (recal),age_group,70-79,AUC,0.654509444988191,0.6164236974310509,0.6985551257918178,0.02119845870216607,200,percentile
Framingham-office (recal),age_group,70-79,brier,0.07267293487510317,0.06408630524627724,0.08341690392797704,0.0050043497472673825,200,percentile
Framingham-office (recal),age_group,70-79,scaled_brier,0.015179928701426704,-0.0037521553419575413,0.03748871188943824,0.010657213247788061,200,percentile
Framingham-office (recal),age_group,70-79,pct_flagged_7.5,0.23692587539790813,0.22031775916666946,0.2551127212721272,0.00941053567281463,200,percentile
Framingham-office (recal),age_group,70-79,TPR_7.5,0.42652811751425634,0.3638737967276765,0.49428579509097575,0.035424561403223684,200,percentile
Framingham-office (recal),age_group,70-79,FPR_7.5,0.21927149683990743,0.1997905174599466,0.23961591687542744,0.010730151742119682,200,percentile
Framingham-office (recal),age_group,70-79,pct_flagged_20,0.02501136880400182,0.01846608573562798,0.032107096131198457,0.0031765618133748168,200,percentile
Framingham-office (recal),age_group,70-79,TPR_20,0.06089984339029191,0.028614468382429738,0.09952420046572717,0.017926410659913218,200,percentile
Framingham-office (recal),age_group,70-79,FPR_20,0.020464324346926795,0.013928942043518761,0.027482087246234486,0.0034414122012181255,200,percentile
Framingham-office (recal),age_group,70-79,rel_OE,1.3419226008406464,1.2050618597933755,1.4655938161034552,0.06869206721956889,200,percentile
Framingham-office (recal),income,PIR 1.3-3.5,n,4520.0,2805.0,2909.025,26.634877199211587,200,percentile
Framingham-office (recal),income,PIR 1.3-3.5,events,144.0,81.0,103.025,5.839425868384821,200,percentile
Framingham-office (recal),income,PIR 1.3-3.5,observed,0.03194901200591318,0.02740836608586969,0.03781364799266269,0.0025841732902676245,200,percentile
Framingham-office (recal),income,PIR 1.3-3.5,expected,0.029390641938304117,0.028470128935823492,0.030417055953303473,0.0004921853231777434,200,percentile
Framingham-office (recal),income,PIR 1.3-3.5,OE,1.0870470972692434,0.9361210308012279,1.2956098911202611,0.08763688882910556,200,percentile
Framingham-office (recal),income,PIR 1.3-3.5,cal_intercept,0.08193730545349732,-0.07939269738372672,0.27064299004398523,0.08565593562669069,200,percentile
Framingham-office (recal),income,PIR 1.3-3.5,cal_slope,1.0825075680792944,0.9289458012396963,1.229277628220057,0.08141648565024771,200,percentile
Framingham-office (recal),income,PIR 1.3-3.5,AUC,0.7966343638342526,0.762836512690652,0.822137060492304,0.016505161708833614,200,percentile
Framingham-office (recal),income,PIR 1.3-3.5,brier,0.029699344208538255,0.025812480998493863,0.03489448427468124,0.00226406319606619,200,percentile
Framingham-office (recal),income,PIR 1.3-3.5,scaled_brier,0.039734790352325966,0.024252259352435416,0.058419593656928705,0.008934010867194992,200,percentile
Framingham-office (recal),income,PIR 1.3-3.5,pct_flagged_7.5,0.07964601769911504,0.0723837872672684,0.08786196092653337,0.003965104454715618,200,percentile
Framingham-office (recal),income,PIR 1.3-3.5,TPR_7.5,0.3469805710136851,0.27105828353391725,0.42302340673986744,0.03771055681323189,200,percentile
Framingham-office (recal),income,PIR 1.3-3.5,FPR_7.5,0.07016243177452906,0.061817651701797344,0.07877530825778899,0.0041479716576431425,200,percentile
Framingham-office (recal),income,PIR 1.3-3.5,pct_flagged_20,0.004424778761061947,0.0026718408440303274,0.0060328915772025595,0.0009344457539825126,200,percentile
Framingham-office (recal),income,PIR 1.3-3.5,TPR_20,0.020801609857778985,0.0,0.05025267655154952,0.012474294233126786,200,percentile
Framingham-office (recal),income,PIR 1.3-3.5,FPR_20,0.004405303016157921,0.0022901245122975288,0.006368426262259819,0.0010735111137562888,200,percentile
Framingham-office (recal),income,PIR 1.3-3.5,rel_OE,1.084489073125864,0.9592512663013004,1.2224367347014025,0.0688870058562492,200,percentile
Framingham-office (recal),income,PIR<1.3,n,3136.0,1933.95,2032.0,23.822825400238557,200,percentile
Framingham-office (recal),income,PIR<1.3,events,124.0,67.975,88.0,5.572074575539786,200,percentile
Framingham-office (recal),income,PIR<1.3,observed,0.03996337671369271,0.0332834102595872,0.046284313954201454,0.003665671271720164,200,percentile
Framingham-office (recal),income,PIR<1.3,expected,0.0303539338457337,0.02895232911021721,0.03151769632785455,0.0006884508669347576,200,percentile
Framingham-office (recal),income,PIR<1.3,OE,1.3165798185103983,1.0792931183963697,1.5345374127206142,0.11794294945202413,200,percentile
Framingham-office (recal),income,PIR<1.3,cal_intercept,0.30890648632774853,0.09250917451347813,0.47472141120597366,0.10106482990671535,200,percentile
Framingham-office (recal),income,PIR<1.3,cal_slope,0.8403129208213322,0.702710116228426,1.0274525339811065,0.08181391815691791,200,percentile
Framingham-office (recal),income,PIR<1.3,AUC,0.7474471257554645,0.7111989897129442,0.794684880866114,0.02130445484202217,200,percentile
Framingham-office (recal),income,PIR<1.3,brier,0.037040993272944286,0.031144573673590352,0.04233601107579281,0.0031880627259662665,200,percentile
Framingham-office (recal),income,PIR<1.3,scaled_brier,0.034543643289565606,0.01455802635808721,0.0594146379562357,0.011893204568833533,200,percentile
Framingham-office (recal),income,PIR<1.3,pct_flagged_7.5,0.08832908163265306,0.07807687166951681,0.09895546314787196,0.0051357561092099735,200,percentile
Framingham-office (recal),income,PIR<1.3,TPR_7.5,0.2729721140111102,0.2155419611927843,0.352859136981284,0.03778951846890659,200,percentile
Framingham-office (recal),income,PIR<1.3,FPR_7.5,0.08105653397973969,0.0697161853337178,0.0918116251450899,0.0057172381460321945,200,percentile
Framingham-office (recal),income,PIR<1.3,pct_flagged_20,0.007334183673469388,0.004719321804542379,0.01021011157949494,0.0014943661008808597,200,percentile
Framingham-office (recal),income,PIR<1.3,TPR_20,0.039933652218641445,0.009143364828562863,0.07552507076570966,0.016906010734326456,200,percentile
Framingham-office (recal),income,PIR<1.3,FPR_20,0.006358430966847352,0.003911759569801471,0.009614446948651559,0.0015275381997753622,200,percentile
Framingham-office (recal),income,PIR<1.3,rel_OE,1.313481661152823,1.12998727865011,1.4902646684138532,0.09297216947959683,200,percentile
Framingham-office (recal),income,PIR>3.5,n,4696.0,2908.925,3035.075,30.586573317988474,200,percentile
Framingham-office (recal),income,PIR>3.5,events,60.0,31.0,45.025000000000006,3.8866832302958914,200,percentile
Framingham-office (recal),income,PIR>3.5,observed,0.012671438649998484,0.009752289047334613,0.016373745142371766,0.0017284327326067557,200,percentile
Framingham-office (recal),income,PIR>3.5,expected,0.0216444007345412,0.020795620987240027,0.022513594378747594,0.00043434250607310665,200,percentile
Framingham-office (recal),income,PIR>3.5,OE,0.5854372595207397,0.45469688991624585,0.7525736289541459,0.08006181941352268,200,percentile
Framingham-office (recal),income,PIR>3.5,cal_intercept,-0.5685351633238716,-0.8463187025262211,-0.30864905272673443,0.14221306244800697,200,percentile
Framingham-office (recal),income,PIR>3.5,cal_slope,0.9000553723454315,0.7458125122425604,1.1331117391788275,0.1072867531234236,200,percentile
Framingham-office (recal),income,PIR>3.5,AUC,0.7648627348324478,0.7138535111548384,0.8202414196077183,0.028280432223455765,200,percentile
Framingham-office (recal),income,PIR>3.5,brier,0.01275602786536392,0.00998804117622621,0.01617862685779451,0.0015781197392152047,200,percentile
Framingham-office (recal),income,PIR>3.5,scaled_brier,-0.01959532057385127,-0.055785479163696555,0.007954724714752195,0.016619777747346028,200,percentile
Framingham-office (recal),income,PIR>3.5,pct_flagged_7.5,0.03726575809199319,0.03168114733798663,0.04271658885093849,0.0028565559517272562,200,percentile
Framingham-office (recal),income,PIR>3.5,TPR_7.5,0.16589824963889144,0.1005889056183138,0.2636418512382558,0.04338714045273926,200,percentile
Framingham-office (recal),income,PIR>3.5,FPR_7.5,0.036517680534005406,0.030339831475419594,0.04297632766855308,0.003125285236833858,200,percentile
Framingham-office (recal),income,PIR>3.5,pct_flagged_20,0.003620102214650767,0.0021492446244932716,0.005268967576743582,0.0008706654976529766,200,percentile
Framingham-office (recal),income,PIR>3.5,TPR_20,0.0,0.0,0.0,0.0,200,percentile
Framingham-office (recal),income,PIR>3.5,FPR_20,0.0032488663976150247,0.0017608288799315674,0.005224385701356552,0.000904174175609392,200,percentile
Framingham-office (recal),income,PIR>3.5,rel_OE,0.5840596166862665,0.4505225635162033,0.733307917628608,0.07346401623840676,200,percentile
Framingham-office (recal),education,<HS,n,4127.0,2557.95,2661.025,25.571355971695386,200,percentile
Framingham-office (recal),education,<HS,events,151.0,82.0,109.0,6.385046522577374,200,percentile
Framingham-office (recal),education,<HS,observed,0.03781721168744455,0.03220577278145665,0.04446220330683749,0.0032176776625831884,200,percentile
Framingham-office (recal),education,<HS,expected,0.034344090427222085,0.033069309859088306,0.0357022718941254,0.0006639568586555429,200,percentile
Framingham-office (recal),education,<HS,OE,1.1011271871526862,0.9382893293845416,1.2955313872063796,0.09148640881044681,200,percentile
Framingham-office (recal),education,<HS,cal_intercept,0.09240707791939808,-0.08270831422779754,0.26977195978999746,0.09104970619999206,200,percentile
Framingham-office (recal),education,<HS,cal_slope,0.9175241591537513,0.7695347491116266,1.1080392523228517,0.08449522446347656,200,percentile
Framingham-office (recal),education,<HS,AUC,0.7562264797774771,0.7169223704450299,0.7994737573203651,0.020015990959299908,200,percentile
Framingham-office (recal),education,<HS,brier,0.03479760251544899,0.02954135319268947,0.04028291009862835,0.0027414695453753164,200,percentile
Framingham-office (recal),education,<HS,scaled_brier,0.04368221085089852,0.022125395395414547,0.06885411291830573,0.01225015762358514,200,percentile
Framingham-office (recal),education,<HS,pct_flagged_7.5,0.10588805427671431,0.09670696547826108,0.11611551253038646,0.005072319816546456,200,percentile
Framingham-office (recal),education,<HS,TPR_7.5,0.35689471814229023,0.28273910050663914,0.4338578250955882,0.039308254212582286,200,percentile
Framingham-office (recal),education,<HS,FPR_7.5,0.0984248743774026,0.08828800782843485,0.1084462880528596,0.005511113387036053,200,percentile
Framingham-office (recal),education,<HS,pct_flagged_20,0.00969227041434456,0.007141851229838004,0.013003119002936336,0.0014773422336442274,200,percentile
Framingham-office (recal),education,<HS,TPR_20,0.05287329157663559,0.021771398155889445,0.094344490610171,0.01885124081385256,200,percentile
Framingham-office (recal),education,<HS,FPR_20,0.008377492840856418,0.005581309667766698,0.01163240027772376,0.0015512154546607822,200,percentile
Framingham-office (recal),education,<HS,rel_OE,1.0985360299371951,0.9729580896722684,1.2235421892372578,0.06648830563092883,200,percentile
Framingham-office (recal),education,College+,n,2796.0,1723.875,1823.025,23.610230620427007,200,percentile
Framingham-office (recal),education,College+,events,48.0,24.0,36.025000000000006,3.4290768202529347,200,percentile
Framingham-office (recal),education,College+,observed,0.01709407429638614,0.012633315082858925,0.021815629503753032,0.0025892950703857854,200,percentile
Framingham-office (recal),education,College+,expected,0.020685401853427716,0.019797152458385977,0.02164719995462364,0.0005189113212774145,200,percentile
Framingham-office (recal),education,College+,OE,0.8263834764976311,0.6094773444273895,1.0642062477510934,0.12293079443434764,200,percentile
Framingham-office (recal),education,College+,cal_intercept,-0.20631451550123817,-0.5324514090889403,0.055649943846508565,0.15813674074750292,200,percentile
Framingham-office (recal),education,College+,cal_slope,1.077043513991076,0.8568602661214765,1.3688534999175688,0.14064047342452365,200,percentile
Framingham-office (recal),education,College+,AUC,0.8006129726896325,0.7439280194196339,0.8598130744136899,0.0313125775720548,200,percentile
Framingham-office (recal),education,College+,brier,0.01639299425338619,0.012361411746600152,0.020794381624162764,0.0023614061470405715,200,percentile
Framingham-office (recal),education,College+,scaled_brier,0.02433495449572387,-0.005186649845682665,0.05532448775849354,0.01663801122116588,200,percentile
Framingham-office (recal),education,College+,pct_flagged_7.5,0.034334763948497854,0.028358499199267903,0.0411126978147991,0.003436407196552752,200,percentile
Framingham-office (recal),education,College+,TPR_7.5,0.288938801181121,0.17433448731234613,0.42139687138220655,0.06553255118296575,200,percentile
Framingham-office (recal),education,College+,FPR_7.5,0.030065040537669365,0.023835203981522057,0.03850436696555706,0.0036468483689128767,200,percentile
Framingham-office (recal),education,College+,pct_flagged_20,0.003934191702432046,0.00178317563125484,0.0062680021734844524,0.0011836771196929265,200,percentile
Framingham-office (recal),education,College+,TPR_20,0.020577632432512066,0.0,0.0551340732018128,0.01824512848078649,200,percentile
Framingham-office (recal),education,College+,FPR_20,0.0029108559640542674,0.0007225899936133336,0.005145645572374385,0.0011295821004441839,200,percentile
Framingham-office (recal),education,College+,rel_OE,0.8244388423691918,0.6165811217320438,1.054987922352478,0.11599107756201893,200,percentile
Framingham-office (recal),education,HS/GED,n,3138.0,1939.975,2026.025,22.61337488341995,200,percentile
Framingham-office (recal),education,HS/GED,events,90.0,48.0,65.025,4.596306141974635,200,percentile
Framingham-office (recal),education,HS/GED,observed,0.02861859988288628,0.023620827335088915,0.034869979153821465,0.003237804191311106,200,percentile
Framingham-office (recal),education,HS/GED,expected,0.027316626957299032,0.02602143999544471,0.028403274030772478,0.0006244079953670635,200,percentile
Framingham-office (recal),education,HS/GED,OE,1.0476622874274513,0.8611410225533322,1.2767700940893014,0.11836442950142957,200,percentile
Framingham-office (recal),education,HS/GED,cal_intercept,0.04549959499835681,-0.17261568882666545,0.2684795088104333,0.12125262114442464,200,percentile
Framingham-office (recal),education,HS/GED,cal_slope,0.9616609506042446,0.7663411737905732,1.1551942097205636,0.09477950913484437,200,percentile
Framingham-office (recal),education,HS/GED,AUC,0.7798884412166311,0.7301142180435823,0.8159778763135089,0.02200263027683148,200,percentile
Framingham-office (recal),education,HS/GED,brier,0.02729035256955138,0.02243819870681172,0.032700644778038565,0.002887927167984081,200,percentile
Framingham-office (recal),education,HS/GED,scaled_brier,0.018317655671165167,-0.002296632188661184,0.03721138808098984,0.010205863159888145,200,percentile
Framingham-office (recal),education,HS/GED,pct_flagged_7.5,0.06469088591459528,0.05535536663401894,0.07404281799160217,0.00463828902156565,200,percentile
Framingham-office (recal),education,HS/GED,TPR_7.5,0.25428439132207004,0.16661312982970272,0.3376721339115782,0.044580993777386516,200,percentile
Framingham-office (recal),education,HS/GED,FPR_7.5,0.058957313517010834,0.05024606294435202,0.06780728104881752,0.004753901764514632,200,percentile
Framingham-office (recal),education,HS/GED,pct_flagged_20,0.004461440407903123,0.0019177934360678725,0.007165193648680865,0.0012582643929706374,200,percentile
Framingham-office (recal),education,HS/GED,TPR_20,0.011055843100959566,0.0,0.03731956601248107,0.011044818227230545,200,percentile
Framingham-office (recal),education,HS/GED,FPR_20,0.004641721250269025,0.0019872803674848153,0.008010852467557783,0.0014488679539485395,200,percentile
Framingham-office (recal),education,HS/GED,rel_OE,1.0451969430720138,0.8549545999124347,1.2535783531314328,0.10341338113115718,200,percentile
Framingham-office (recal),education,Some college,n,3390.0,2089.95,2195.1,26.056961183734565,200,percentile
Framingham-office (recal),education,Some college,events,71.0,38.0,53.0,3.7634048520458214,200,percentile
Framingham-office (recal),education,Some college,observed,0.0207218498695426,0.016468492297619826,0.025768574705325214,0.0023823991329441074,200,percentile
Framingham-office (recal),education,Some college,expected,0.022735808758615837,0.021812835777591716,0.023768309286762854,0.0004939098976427826,200,percentile
Framingham-office (recal),education,Some college,OE,0.91141907857973,0.7197767077309277,1.1284353194748007,0.10489035480947506,200,percentile
Framingham-office (recal),education,Some college,cal_intercept,-0.10030273181279172,-0.35249081171781693,0.12016289970864992,0.12102444910706363,200,percentile
Framingham-office (recal),education,Some college,cal_slope,0.9879849056827283,0.7709073190932432,1.2194756297012508,0.11729187854158055,200,percentile
Framingham-office (recal),education,Some college,AUC,0.7699964293286943,0.7124735546512233,0.8227028843158056,0.026724062722003013,200,percentile
Framingham-office (recal),education,Some college,brier,0.019858753185051654,0.015978388414714856,0.0242999117310636,0.0021220019071605182,200,percentile
Framingham-office (recal),education,Some college,scaled_brier,0.021372555789268888,-0.0014171277786022504,0.04524703958245682,0.012410811011195056,200,percentile
Framingham-office (recal),education,Some college,pct_flagged_7.5,0.0471976401179941,0.03956215724471361,0.054254978277131057,0.003580839966876989,200,percentile
Framingham-office (recal),education,Some college,TPR_7.5,0.1846804552337644,0.10200928845377531,0.28416884689715216,0.04584574922081013,200,percentile
Framingham-office (recal),education,Some college,FPR_7.5,0.04430238301425806,0.036404807687471084,0.05151734541626268,0.003979488952428538,200,percentile
Framingham-office (recal),education,Some college,pct_flagged_20,0.002654867256637168,0.0011531840645303052,0.004650490699655724,0.0008764496906461437,200,percentile
Framingham-office (recal),education,Some college,TPR_20,0.014014082257180578,0.0,0.0460119137454283,0.014408386443266072,200,percentile
Framingham-office (recal),education,Some college,FPR_20,0.0020757983417461255,0.0008558717855314351,0.0033430389253407606,0.0007779303246921467,200,percentile
Framingham-office (recal),education,Some college,rel_OE,0.9092743398525854,0.7388385864637065,1.0837764052208512,0.09395769423969125,200,percentile
Framingham-office (recal),sex,GAP(max-min),OE,0.23251769540652345,0.03548462895161186,0.4247000499916622,0.10410146083132195,200,basic
Framingham-office (recal),sex,GAP(max-min),AUC,0.00743370419577527,0.0,0.014054064709526018,0.014833042532475247,200,basic
Framingham-office (recal),sex,GAP(max-min),cal_slope,0.030578106461167653,0.0,0.057846513033814835,0.06500183487124275,200,basic
Framingham-office (recal),sex,GAP(max-min),TPR_7.5,0.19528660159424638,0.10231365924062724,0.27858646246564156,0.04845019727238114,200,basic
Framingham-office (recal),sex,GAP(max-min),FPR_7.5,0.06551161023579716,0.05725803060240155,0.07331027711858104,0.004528693426415182,200,basic
Framingham-office (recal),sex,GAP(max-min),pct_flagged_7.5,0.07414695427175191,0.06485180770826797,0.08237818469805579,0.004355169837271027,200,basic
Framingham-office (recal),sex,GAP(max/min),OE,1.252706134053612,1.001956630024408,1.4680894184446047,0.12363276692499052,200,basic
Framingham-office (recal),race,GAP(max-min),OE,0.30429242742735696,0.0,0.5441708100746709,0.14619977600429185,200,basic
Framingham-office (recal),race,GAP(max-min),AUC,0.03352473091686958,0.0,0.052464890180217175,0.03885850118318192,200,basic
Framingham-office (recal),race,GAP(max-min),cal_slope,0.053338178572264416,0.0,0.03646668604257626,0.15292827497356404,200,basic
Framingham-office (recal),race,GAP(max-min),TPR_7.5,0.16690243322155512,0.0,0.26401567468923504,0.07748063951811265,200,basic
Framingham-office (recal),race,GAP(max-min),FPR_7.5,0.043043198371670706,0.024922762103363277,0.0587784090457915,0.008966815964118198,200,basic
Framingham-office (recal),race,GAP(max-min),pct_flagged_7.5,0.046207383106247904,0.031495045309995674,0.060759492640527546,0.007625711303040816,200,basic
Framingham-office (recal),race,GAP(max/min),OE,1.3964782898496848,1.0,1.7284019198491594,0.25793529921704517,200,basic
Framingham-office (recal),age_group,GAP(max-min),OE,0.6277342243889805,0.3192009197271035,0.8283662711355348,0.12757180363637302,200,basic
Framingham-office (recal),age_group,GAP(max-min),AUC,0.10458263851271676,0.0,0.16798340809409051,0.045626618875379,200,basic
Framingham-office (recal),age_group,GAP(max-min),cal_slope,0.6743886967411842,0.08458828469361412,1.0638447631596906,0.24246268543078042,200,basic
Framingham-office (recal),age_group,GAP(max-min),TPR_7.5,0.39810142584265074,0.3142537988288294,0.4825436689826691,0.0429370218191275,200,basic
Framingham-office (recal),age_group,GAP(max-min),FPR_7.5,0.21858751517196096,0.19795975660091325,0.238356567703293,0.010732776421897612,200,basic
Framingham-office (recal),age_group,GAP(max-min),pct_flagged_7.5,0.23602089802234252,0.2181816919858392,0.25240998881978916,0.009386237487623612,200,basic
Framingham-office (recal),age_group,GAP(max/min),OE,1.8750694332658229,1.1195725216161194,2.201605443393733,0.283013646990764,200,basic
Framingham-office (recal),income,GAP(max-min),OE,0.7311425589896586,0.45711134935813313,1.0265715768468082,0.1374673683098465,200,basic
Framingham-office (recal),income,GAP(max-min),AUC,0.04918723807878811,0.0,0.0849587578743609,0.02220811542428814,200,basic
Framingham-office (recal),income,GAP(max-min),cal_slope,0.24219464725796214,0.03067727457616798,0.4043399144253261,0.09352684194861705,200,basic
Framingham-office (recal),income,GAP(max-min),TPR_7.5,0.1810823213747937,0.09088810324695745,0.3119189878712024,0.056423291270558104,200,basic
Framingham-office (recal),income,GAP(max-min),FPR_7.5,0.044538853445734286,0.0333639807163966,0.05597844025889932,0.005930186410273822,200,basic
Framingham-office (recal),income,GAP(max-min),pct_flagged_7.5,0.05106332354065987,0.040147131535584094,0.061645527189193874,0.005373035919841074,200,basic
Framingham-office (recal),income,GAP(max/min),OE,2.2488828599467663,1.3610362555950672,2.867080883831081,0.3646567630612761,200,basic
Framingham-office (recal),education,GAP(max-min),OE,0.2747437106550551,0.0,0.4097134473698992,0.12720986935574405,200,basic
Framingham-office (recal),education,GAP(max-min),AUC,0.04438649291215535,0.0,0.07168024274822765,0.030070077910555534,200,basic
Framingham-office (recal),education,GAP(max-min),cal_slope,0.1595193548373246,0.0,0.26386572192054447,0.1353584218622228,200,basic
Framingham-office (recal),education,GAP(max-min),TPR_7.5,0.17221426290852584,0.04411866809824727,0.26223317991488776,0.05490741046391965,200,basic
Framingham-office (recal),education,GAP(max-min),FPR_7.5,0.06835983383973324,0.05694158769032534,0.0821131261262268,0.00683064861671943,200,basic
Framingham-office (recal),education,GAP(max-min),pct_flagged_7.5,0.07155329032821646,0.0597837923010474,0.08476473921168348,0.0062804233278388405,200,basic
Framingham-office (recal),education,GAP(max/min),OE,1.3324651550627207,1.0,1.5050780147025986,0.21338275175243787,200,basic
ML-GAM,Overall,All,n,13466.0,8438.95,8586.025,37.273860524394514,200,percentile
ML-GAM,Overall,All,events,362.0,213.975,246.025,8.927423730974231,200,percentile
ML-GAM,Overall,All,observed,0.027013720906110657,0.02467674019335717,0.029924370144193888,0.0014107056245544264,200,percentile
ML-GAM,Overall,All,expected,0.026824894953850494,0.02622650393287844,0.02734234874444277,0.00029250707913376325,200,percentile
ML-GAM,Overall,All,OE,1.0070392056552326,0.9047904345441014,1.1138209846680898,0.05247393497439904,200,percentile
ML-GAM,Overall,All,cal_intercept,-0.0016469356748013556,-0.11046750187010966,0.11022713755097875,0.05599546430998785,200,percentile
ML-GAM,Overall,All,cal_slope,1.0219903702596533,0.936093342027959,1.1244349313291497,0.04828728550671779,200,percentile
ML-GAM,Overall,All,AUC,0.7985743983001918,0.7792707198577045,0.8215500063321761,0.011110047338600128,200,percentile
ML-GAM,Overall,All,brier,0.02514136350682099,0.022993177382587715,0.02752214878341751,0.0012095032737105698,200,percentile
ML-GAM,Overall,All,scaled_brier,0.043471966242273785,0.029565043993299282,0.05765201212520788,0.007303230990923751,200,percentile
ML-GAM,Overall,All,pct_flagged_7.5,0.07485519085103223,0.070696569137086,0.07880402495173028,0.002235786198173937,200,percentile
ML-GAM,Overall,All,TPR_7.5,0.3501336979950453,0.30755932341263037,0.40224035001839087,0.024284313816601837,200,percentile
ML-GAM,Overall,All,FPR_7.5,0.06795606565165298,0.06343300739685186,0.07247711278279649,0.002377252964290002,200,percentile
ML-GAM,Overall,All,pct_flagged_20,0.00653497697905837,0.00512215951284717,0.007648893509579682,0.0006214931240039457,200,percentile
ML-GAM,Overall,All,TPR_20,0.04949021165618248,0.029776471250784437,0.07159798165223509,0.010524651757292334,200,percentile
ML-GAM,Overall,All,FPR_20,0.005372136950816702,0.00414115349199867,0.006551511136504693,0.0006435169820286036,200,percentile
ML-GAM,Overall,All,rel_OE,1.0,1.0,1.0,0.0,200,percentile
ML-GAM,sex,Female,n,6883.0,4280.9,4411.05,34.77516586306971,200,percentile
ML-GAM,sex,Female,events,145.0,81.0,103.0,5.351334779248818,200,percentile
ML-GAM,sex,Female,observed,0.021294194048772756,0.01816319222437981,0.02519213712088221,0.0017412995721131723,200,percentile
ML-GAM,sex,Female,expected,0.02115875972323988,0.020367944539011,0.02182700227099046,0.0003619249648573315,200,percentile
ML-GAM,sex,Female,OE,1.0064008631557038,0.8638747047884223,1.1919335182213942,0.07824335259375707,200,percentile
ML-GAM,sex,Female,cal_intercept,-0.007727929723356784,-0.17446750266024114,0.16993643037138068,0.08209720647378274,200,percentile
ML-GAM,sex,Female,cal_slope,1.0649837355455423,0.9038584753474,1.249129489510238,0.08078032713008033,200,percentile
ML-GAM,sex,Female,AUC,0.8057027441324449,0.7698450995265096,0.8408353729321673,0.017596795622302455,200,percentile
ML-GAM,sex,Female,brier,0.01994436200309342,0.017129985968519505,0.023394572783115596,0.0015404043352151954,200,percentile
ML-GAM,sex,Female,scaled_brier,0.04301137375036934,0.02279502536940895,0.06418374252664186,0.010076814516873842,200,percentile
ML-GAM,sex,Female,pct_flagged_7.5,0.050123492663082955,0.04499958603533485,0.05523117431745033,0.002539596578377696,200,percentile
ML-GAM,sex,Female,TPR_7.5,0.2816125040770763,0.2079836512437804,0.3498484330422831,0.03794831918227743,200,percentile
ML-GAM,sex,Female,FPR_7.5,0.046154750698514276,0.04126566016041184,0.05141124075003702,0.0026440164210181807,200,percentile
ML-GAM,sex,Female,pct_flagged_20,0.003196280691558913,0.0017518199451107988,0.004546421934146612,0.0007241617519617254,200,percentile
ML-GAM,sex,Female,TPR_20,0.03423957257358983,0.007390241876145511,0.06762471521274446,0.01533305928514517,200,percentile
ML-GAM,sex,Female,FPR_20,0.002551547536224607,0.0013651797202012658,0.003691436314732843,0.0006513887154892638,200,percentile
ML-GAM,sex,Female,rel_OE,0.9993661195155619,0.893483371061323,1.108557172397174,0.058214168700780604,200,percentile
ML-GAM,sex,Male,n,6583.0,4101.0,4216.025,30.75408662635102,200,percentile
ML-GAM,sex,Male,events,217.0,123.975,152.0,7.173485517679798,200,percentile
ML-GAM,sex,Male,observed,0.032951105313655873,0.02891846402677544,0.03725173513945846,0.0021658789664504925,200,percentile
ML-GAM,sex,Male,expected,0.032749246889486654,0.031808340058840534,0.03366363230213354,0.0004949419248471045,200,percentile
ML-GAM,sex,Male,OE,1.0061637577453428,0.8928845102673755,1.1487303857955788,0.06663160617335702,200,percentile
ML-GAM,sex,Male,cal_intercept,0.0025642858290084412,-0.12017225706029584,0.14666202071629855,0.07199946752747581,200,percentile
ML-GAM,sex,Male,cal_slope,0.9908015965031334,0.8732970295986954,1.1094575052285158,0.06127704603644349,200,percentile
ML-GAM,sex,Male,AUC,0.7841485778563557,0.7552574190351826,0.8141901418592032,0.014694538450685824,200,percentile
ML-GAM,sex,Male,brier,0.03053631949948906,0.026889396819483147,0.034126468166442825,0.0018598500216176165,200,percentile
ML-GAM,sex,Male,scaled_brier,0.04170709902994729,0.022131975525639027,0.06262606532131239,0.01017390781915238,200,percentile
ML-GAM,sex,Male,pct_flagged_7.5,0.10071396020051648,0.0944051318329889,0.10807135399860753,0.003877908052080557,200,percentile
ML-GAM,sex,Male,TPR_7.5,0.3961012319650655,0.3366409380510242,0.4595780887231247,0.03291224308712607,200,percentile
ML-GAM,sex,Male,FPR_7.5,0.09086060093932427,0.0838064603609057,0.0982415744597146,0.004052845872627405,200,percentile
ML-GAM,sex,Male,pct_flagged_20,0.010025824092359107,0.007737421017419703,0.012122236494353844,0.0011643063318680345,200,percentile
ML-GAM,sex,Male,TPR_20,0.05972112314515694,0.03324394236054459,0.09180275032563819,0.016018070672986107,200,percentile
ML-GAM,sex,Male,FPR_20,0.008335457737540885,0.006216834487709112,0.010621923981765754,0.001195349118532094,200,percentile
ML-GAM,sex,Male,rel_OE,0.999130671472398,0.9258173271577187,1.0703982006545907,0.03916049111321175,200,percentile
ML-GAM,race,Mexican American,n,2794.0,1719.85,1813.05,24.09378190806018,200,percentile
ML-GAM,race,Mexican American,events,62.0,30.975,47.0,4.148875248684361,200,percentile
ML-GAM,race,Mexican American,observed,0.02520622729693485,0.01920168317731077,0.032376831226357,0.0033080039074116136,200,percentile
ML-GAM,race,Mexican American,expected,0.02487786342999878,0.02369308734238073,0.026179491404918827,0.000632946076579163,200,percentile
ML-GAM,race,Mexican American,OE,1.0131990380870133,0.7794343974105783,1.3058187718242598,0.1317769517092775,200,percentile
ML-GAM,race,Mexican American,cal_intercept,-0.019029422753823803,-0.2917481105934368,0.2539683052229152,0.14039528146103944,200,percentile
ML-GAM,race,Mexican American,cal_slope,1.0216385973130877,0.7836796823659304,1.2960178103075939,0.13025585639288229,200,percentile
ML-GAM,race,Mexican American,AUC,0.7899352161193353,0.7310990378364592,0.8503907455519748,0.0314181341103428,200,percentile
ML-GAM,race,Mexican American,brier,0.023385505235206026,0.018249050003913383,0.030204397655353925,0.0029286597953719273,200,percentile
ML-GAM,race,Mexican American,scaled_brier,0.04824281773674244,0.008008873359265098,0.08646913662824665,0.01878622847750325,200,percentile
ML-GAM,race,Mexican American,pct_flagged_7.5,0.06728704366499642,0.055836973202691535,0.07751687406219279,0.005348110683835725,200,percentile
ML-GAM,race,Mexican American,TPR_7.5,0.3888533816219629,0.2540838120770552,0.5110353749778358,0.06677204884855273,200,percentile
ML-GAM,race,Mexican American,FPR_7.5,0.06466510952366473,0.05419522908694358,0.07615337359820627,0.00569518632256141,200,percentile
ML-GAM,race,Mexican American,pct_flagged_20,0.0046528274874731565,0.0025349708057995943,0.007418427882832778,0.0012665515196162924,200,percentile
ML-GAM,race,Mexican American,TPR_20,0.04824841724037135,0.0,0.10843838077008269,0.026724254317872807,200,percentile
ML-GAM,race,Mexican American,FPR_20,0.004158693547066147,0.0020324131768151314,0.007107237988417203,0.0013378141169793469,200,percentile
ML-GAM,race,Mexican American,rel_OE,1.0061167751932485,0.790578896844891,1.2534585331367558,0.11499668511347967,200,percentile
ML-GAM,race,NH Black,n,2577.0,1585.9,1675.05,24.098716577932493,200,percentile
ML-GAM,race,NH Black,events,85.0,45.975,63.025000000000006,4.46907576473646,200,percentile
ML-GAM,race,NH Black,observed,0.0328297981317907,0.02673892004271837,0.041121663459351226,0.00383675138192561,200,percentile
ML-GAM,race,NH Black,expected,0.03152666545716242,0.02982880089321573,0.03321584253455611,0.0008667677581190146,200,percentile
ML-GAM,race,NH Black,OE,1.0413343008444371,0.8470133691294894,1.3145627660798274,0.12219616366340036,200,percentile
ML-GAM,race,NH Black,cal_intercept,0.033739288604535976,-0.19257363046504772,0.2796753073838257,0.12719086161345028,200,percentile
ML-GAM,race,NH Black,cal_slope,0.9330476587848973,0.7503702122186547,1.1202072592001544,0.10098555822542486,200,percentile
ML-GAM,race,NH Black,AUC,0.7785123048908131,0.7278923616532345,0.8274267816780515,0.02489710952951719,200,percentile
ML-GAM,race,NH Black,brier,0.030105099799724692,0.02520904429813795,0.03741786482211251,0.003263137598904938,200,percentile
ML-GAM,race,NH Black,scaled_brier,0.051867679444671744,0.012672963415830322,0.08845449690927103,0.019526780962021546,200,percentile
ML-GAM,race,NH Black,pct_flagged_7.5,0.09701202949165696,0.08631188890518046,0.10912051508952583,0.005908825138917102,200,percentile
ML-GAM,race,NH Black,TPR_7.5,0.36486624001739765,0.2541023026593404,0.48112992237624735,0.05448406496791177,200,percentile
ML-GAM,race,NH Black,FPR_7.5,0.08704828264041392,0.0752980160069984,0.09895382908788944,0.0061460626465445305,200,percentile
ML-GAM,race,NH Black,pct_flagged_20,0.011641443538998836,0.00742360241324966,0.015323864178014993,0.002037143383258197,200,percentile
ML-GAM,race,NH Black,TPR_20,0.082061343350633,0.0267801146847209,0.12872792937399682,0.027695091530882832,200,percentile
ML-GAM,race,NH Black,FPR_20,0.009152373243492294,0.005585703362161777,0.01225584416136708,0.001842396178470425,200,percentile
ML-GAM,race,NH Black,rel_OE,1.034055372419081,0.8580134749955971,1.2748472322741469,0.10780868500974054,200,percentile
ML-GAM,race,NH White,n,6689.0,4168.925,4287.175,33.29648147165029,200,percentile
ML-GAM,race,NH White,events,191.0,107.0,133.025,6.630968914398453,200,percentile
ML-GAM,race,NH White,observed,0.02724054453331013,0.02306571590950139,0.03178517432862721,0.0020222394318669436,200,percentile
ML-GAM,race,NH White,expected,0.026752478104012642,0.02595989481637745,0.02747652603247514,0.00041189953940144806,200,percentile
ML-GAM,race,NH White,OE,1.0182437838991927,0.8816899545806979,1.1890627037222523,0.07371858089227815,200,percentile
ML-GAM,race,NH White,cal_intercept,0.024713015845831524,-0.1412215496564878,0.19153805167716595,0.07786027082851128,200,percentile
ML-GAM,race,NH White,cal_slope,1.0815575754372666,0.96278092304204,1.2010746423344205,0.0618458935285303,200,percentile
ML-GAM,race,NH White,AUC,0.816678317713709,0.7919038955466506,0.8411911358382366,0.01348037459352825,200,percentile
ML-GAM,race,NH White,brier,0.02546147211993696,0.02182697897329814,0.029469647751636806,0.001776236714533887,200,percentile
ML-GAM,race,NH White,scaled_brier,0.03913524365020071,0.024064432848862633,0.05314312814259596,0.007674708625360746,200,percentile
ML-GAM,race,NH White,pct_flagged_7.5,0.07579608312154283,0.07015994519263585,0.08257111478069666,0.003135573746744085,200,percentile
ML-GAM,race,NH White,TPR_7.5,0.3499191696156513,0.29104415353054863,0.4193335720619754,0.034103823110167485,200,percentile
ML-GAM,race,NH White,FPR_7.5,0.06655944341250256,0.061220010243470215,0.07311990780358722,0.003165417051534643,200,percentile
ML-GAM,race,NH White,pct_flagged_20,0.005680968754671849,0.0038861729188926788,0.007463047861410683,0.0009110427418860821,200,percentile
ML-GAM,race,NH White,TPR_20,0.036534461044770636,0.014728423984395302,0.06092364758498475,0.012936404626502689,200,percentile
ML-GAM,race,NH White,FPR_20,0.004731881151305263,0.0029807932547085856,0.00647164108448026,0.0009241283256969046,200,percentile
ML-GAM,race,NH White,rel_OE,1.0111262582241471,0.8900048859568531,1.1040531863895584,0.05114949210460278,200,percentile
ML-GAM,race,Other Hispanic,n,929.0,556.975,614.0,14.138311755527338,200,percentile
ML-GAM,race,Other Hispanic,events,17.0,7.0,14.0,1.991413729795012,200,percentile
ML-GAM,race,Other Hispanic,observed,0.019188673021253596,0.010296972973432045,0.03012576141891538,0.0049333341162629074,200,percentile
ML-GAM,race,Other Hispanic,expected,0.02283888808746432,0.021120906730275505,0.024776222410109558,0.0009835286224624353,200,percentile
ML-GAM,race,Other Hispanic,OE,0.8401754475860743,0.4689811802674443,1.293129464697906,0.21268363900520446,200,percentile
ML-GAM,race,Other Hispanic,cal_intercept,-0.18717982940648661,-0.7994174866540826,0.26899174751332355,0.27484160921083034,200,percentile
ML-GAM,race,Other Hispanic,cal_slope,1.0871297849362174,0.6189883574901849,1.6105671884906436,0.2520346752971146,200,percentile
ML-GAM,race,Other Hispanic,AUC,0.7808791395685587,0.6662085204236732,0.8717800548461065,0.054733440516205024,200,percentile
ML-GAM,race,Other Hispanic,brier,0.017754432565957014,0.010243339675087282,0.02737799498819178,0.004306732282798286,200,percentile
ML-GAM,race,Other Hispanic,scaled_brier,0.05664233703096855,-0.02818480105019171,0.13709732559958837,0.04131648095258572,200,percentile
ML-GAM,race,Other Hispanic,pct_flagged_7.5,0.04413347685683531,0.03145794108715457,0.05845175490765691,0.006857205401439015,200,percentile
ML-GAM,race,Other Hispanic,TPR_7.5,0.2836378260779779,0.08394564822714955,0.5144393273755068,0.1179575674386418,200,percentile
ML-GAM,race,Other Hispanic,FPR_7.5,0.04359145855255969,0.030412800790218946,0.06025147325916831,0.007740900096996865,200,percentile
ML-GAM,race,Other Hispanic,pct_flagged_20,0.005382131324004306,0.0011147342995169083,0.010721016676362901,0.002337747873218113,200,percentile
ML-GAM,race,Other Hispanic,TPR_20,0.05672756521559558,0.0,0.2132338639328406,0.06258136534396891,200,percentile
ML-GAM,race,Other Hispanic,FPR_20,0.0033294681768214034,0.0,0.007969135172495477,0.0018908287683197826,200,percentile
ML-GAM,race,Other Hispanic,rel_OE,0.8343026198661372,0.46528613512557454,1.2641688314769994,0.20495474590809012,200,percentile
ML-GAM,race,Other/Multiracial,n,477.0,281.0,318.025,9.972001003815658,200,percentile
ML-GAM,race,Other/Multiracial,events,7.0,2.0,7.0,1.303252598955174,200,percentile
ML-GAM,race,Other/Multiracial,observed,0.015679572320388645,0.004797876905243432,0.028861967059162167,0.006065588398768145,200,percentile
ML-GAM,race,Other/Multiracial,expected,0.02160674019084214,0.019412380795871542,0.024143257628500454,0.001325193248283137,200,percentile
ML-GAM,race,Other/Multiracial,OE,0.7256796805949617,0.2264296976854763,1.3666065040586106,0.2887539005050118,200,percentile
ML-GAM,race,Other/Multiracial,cal_intercept,-0.3693962788630957,-1.57035665473973,0.2970391585437561,0.44905144431245597,200,percentile
ML-GAM,race,Other/Multiracial,cal_slope,0.22182504654835675,-0.8513835788659729,0.9834618970474541,0.5599497996885842,200,percentile
ML-GAM,race,Other/Multiracial,AUC,0.5952092564523503,0.3475721168302583,0.8355953521284345,0.13228683055631263,200,percentile
ML-GAM,race,Other/Multiracial,brier,0.016111341309881393,0.006204249855991577,0.028650327383413526,0.0057416173933835316,200,percentile
ML-GAM,race,Other/Multiracial,scaled_brier,-0.04390502298480503,-0.17232271143030536,-0.006566442292662205,0.05944924196055672,200,percentile
ML-GAM,race,Other/Multiracial,pct_flagged_7.5,0.04612159329140461,0.024827998088867653,0.06707349031037481,0.010004240344890615,200,percentile
ML-GAM,race,Other/Multiracial,TPR_7.5,0.0,0.0,0.0,0.0,200,percentile
ML-GAM,race,Other/Multiracial,FPR_7.5,0.048485525755268474,0.025002676954240816,0.07223878055113371,0.01203574462034397,200,percentile
ML-GAM,race,Other/Multiracial,pct_flagged_20,0.0041928721174004195,0.0,0.010130475559969107,0.0028120582673534238,200,percentile
ML-GAM,race,Other/Multiracial,TPR_20,0.0,0.0,0.0,0.0,200,percentile
ML-GAM,race,Other/Multiracial,FPR_20,0.0045512392914429005,0.0,0.010804930487240124,0.003039863561803865,200,percentile
ML-GAM,race,Other/Multiracial,rel_OE,0.7206071784690808,0.2216480650089389,1.3284258364657933,0.28844374115324534,200,percentile
ML-GAM,age_group,40-49,n,4420.0,2740.975,2852.075,29.934628944589303,200,percentile
ML-GAM,age_group,40-49,events,35.0,16.975,27.0,2.6951659685425597,200,percentile
ML-GAM,age_group,40-49,observed,0.00795660063450242,0.005647463755773878,0.010450144494185966,0.001313006302254515,200,percentile
ML-GAM,age_group,40-49,expected,0.008760818006335028,0.008546018903977706,0.00899084551360756,0.00011084619227452604,200,percentile
ML-GAM,age_group,40-49,OE,0.9082029359300615,0.6429101591855136,1.19668008485394,0.15014041867184852,200,percentile
ML-GAM,age_group,40-49,cal_intercept,-0.11126374099629104,-0.46540613340399156,0.16757767973441776,0.1688392168486731,200,percentile
ML-GAM,age_group,40-49,cal_slope,1.3158630854588522,0.7604489410173313,1.7669839392292135,0.25360264226003926,200,percentile
ML-GAM,age_group,40-49,AUC,0.7448579272473208,0.6460747564828938,0.8288708148137696,0.046194383335683764,200,percentile
ML-GAM,age_group,40-49,brier,0.007808204574171429,0.005555670192454389,0.01013338272900289,0.0012627298242177797,200,percentile
ML-GAM,age_group,40-49,scaled_brier,0.010779856411732514,-0.0013673093381458994,0.02207866015874919,0.005777396405579179,200,percentile
ML-GAM,age_group,40-49,pct_flagged_7.5,0.0006787330316742081,0.0,0.001582377082096338,0.00039756109551130606,200,percentile
ML-GAM,age_group,40-49,TPR_7.5,0.028426691671605595,0.0,0.08492336621276325,0.027607097976930096,200,percentile
ML-GAM,age_group,40-49,FPR_7.5,0.000455987778630984,0.0,0.0011432733986527297,0.00031718683072480704,200,percentile
ML-GAM,age_group,40-49,pct_flagged_20,0.0,0.0,0.0,0.0,200,percentile
ML-GAM,age_group,40-49,TPR_20,0.0,0.0,0.0,0.0,200,percentile
ML-GAM,age_group,40-49,FPR_20,0.0,0.0,0.0,0.0,200,percentile
ML-GAM,age_group,40-49,rel_OE,0.9018545959579964,0.6585831846072603,1.1756744081257184,0.14190571100807056,200,percentile
ML-GAM,age_group,50-59,n,3406.0,2099.975,2201.025,26.897231835302478,200,percentile
ML-GAM,age_group,50-59,events,45.0,22.975,35.0,3.094000516480226,200,percentile
ML-GAM,age_group,50-59,observed,0.013519955107744815,0.010056953619475612,0.0178626168185472,0.0019287876648910953,200,percentile
ML-GAM,age_group,50-59,expected,0.014230208521845788,0.013881244658244874,0.014678021312761693,0.00019229976731217156,200,percentile
ML-GAM,age_group,50-59,OE,0.9500883340528276,0.7055960930467879,1.2441884471916373,0.1345818888570088,200,percentile
ML-GAM,age_group,50-59,cal_intercept,-0.05525169438153976,-0.3593968713104734,0.21662568416343958,0.14401080245251593,200,percentile
ML-GAM,age_group,50-59,cal_slope,1.367799453572133,0.9858103340888215,1.7721273967336717,0.2080621889236264,200,percentile
ML-GAM,age_group,50-59,AUC,0.7526177808204156,0.6839414165061238,0.8266634069779901,0.038977860245046084,200,percentile
ML-GAM,age_group,50-59,brier,0.013111145575785145,0.009841049306649726,0.017310386158548262,0.0018295728671707014,200,percentile
ML-GAM,age_group,50-59,scaled_brier,0.016946654722026833,0.006333023993257506,0.027761554307270942,0.005276677436362969,200,percentile
ML-GAM,age_group,50-59,pct_flagged_7.5,0.0035231943628890195,0.0020275906318839338,0.005690222787269235,0.0009287587368345407,200,percentile
ML-GAM,age_group,50-59,TPR_7.5,0.0,0.0,0.0,0.0,200,percentile
ML-GAM,age_group,50-59,FPR_7.5,0.0036936040719836053,0.0018307063215706996,0.006152133268148672,0.0011220875508337357,200,percentile
ML-GAM,age_group,50-59,pct_flagged_20,0.0,0.0,0.0,0.0,200,percentile
ML-GAM,age_group,50-59,TPR_20,0.0,0.0,0.0,0.0,200,percentile
ML-GAM,age_group,50-59,FPR_20,0.0,0.0,0.0,0.0,200,percentile
ML-GAM,age_group,50-59,rel_OE,0.9434472150810158,0.7196475803277426,1.2366348628312727,0.1306187826485481,200,percentile
ML-GAM,age_group,60-69,n,3441.0,2119.95,2231.1,28.096622590714194,200,percentile
ML-GAM,age_group,60-69,events,102.0,54.975,73.025,5.084153625772163,200,percentile
ML-GAM,age_group,60-69,observed,0.02987645402215967,0.0243922908867442,0.03575652963771975,0.0030899780538367547,200,percentile
ML-GAM,age_group,60-69,expected,0.029909296697737023,0.02907618274159811,0.030793388481018723,0.0004288769128419231,200,percentile
ML-GAM,age_group,60-69,OE,0.9989019241773132,0.812670985499132,1.1900330659479978,0.1030114174182554,200,percentile
ML-GAM,age_group,60-69,cal_intercept,0.0038901087553400077,-0.20114561598221525,0.1925054239323493,0.10845802671280778,200,percentile
ML-GAM,age_group,60-69,cal_slope,0.8036995237308235,0.5404629908985038,1.0796623119476958,0.13577194301243486,200,percentile
ML-GAM,age_group,60-69,AUC,0.6625570797496206,0.6123504531206873,0.7145886743195027,0.02643057344957516,200,percentile
ML-GAM,age_group,60-69,brier,0.028735503232633356,0.023811757514003967,0.03410889965905818,0.0028183868210019435,200,percentile
ML-GAM,age_group,60-69,scaled_brier,0.008568505274067273,-0.0055623908447504635,0.02083238449670264,0.007277161851868972,200,percentile
ML-GAM,age_group,60-69,pct_flagged_7.5,0.045335658238884045,0.038451126719344454,0.05273626735186288,0.0035939181524824518,200,percentile
ML-GAM,age_group,60-69,TPR_7.5,0.13665214704744433,0.08005726560675251,0.19611949249668825,0.03223370398826975,200,percentile
ML-GAM,age_group,60-69,FPR_7.5,0.04096013131133703,0.03310794865786311,0.04860856746101327,0.0038541244505741075,200,percentile
ML-GAM,age_group,60-69,pct_flagged_20,0.0023249055507120024,0.000864447941262276,0.003813631189287133,0.0007771074949011325,200,percentile
ML-GAM,age_group,60-69,TPR_20,0.009760867646246023,0.0,0.03230388563049855,0.009586969871596865,200,percentile
ML-GAM,age_group,60-69,FPR_20,0.002104207038999974,0.0006118377728108832,0.0035586652277294004,0.0007828964738330238,200,percentile
ML-GAM,age_group,60-69,rel_OE,0.9919195981326021,0.8311324318692359,1.1507658036265098,0.08123041825139536,200,percentile
ML-GAM,age_group,70-79,n,2199.0,1346.975,1427.025,20.782191835497958,200,percentile
ML-GAM,age_group,70-79,events,180.0,103.0,126.0,6.393110299101867,200,percentile
ML-GAM,age_group,70-79,observed,0.08022995462814278,0.07024871515762866,0.09249890175956153,0.005944053403622074,200,percentile
ML-GAM,age_group,70-79,expected,0.07781502487413827,0.07576794659667588,0.08008370448139261,0.0011794275500069354,200,percentile
ML-GAM,age_group,70-79,OE,1.0310342348140418,0.90479217697381,1.1941173117170065,0.07537363915005854,200,percentile
ML-GAM,age_group,70-79,cal_intercept,0.03628280503546991,-0.10506166887893047,0.20378861226515269,0.08274941824008557,200,percentile
ML-GAM,age_group,70-79,cal_slope,0.9029666942369255,0.7181217007471894,1.11834780585335,0.10817381930639752,200,percentile
ML-GAM,age_group,70-79,AUC,0.6820316135695145,0.6440471836751691,0.7233701089993352,0.020216293392153466,200,percentile
ML-GAM,age_group,70-79,brier,0.07167232206175117,0.0635638259180247,0.08184007846590406,0.004754645019549691,200,percentile
ML-GAM,age_group,70-79,scaled_brier,0.02873963402887969,0.0065785641481242475,0.05219674069818927,0.011678165839994592,200,percentile
ML-GAM,age_group,70-79,pct_flagged_7.5,0.3806275579809004,0.360231190109578,0.4001935894520046,0.009950298656192605,200,percentile
ML-GAM,age_group,70-79,TPR_7.5,0.6219896260189571,0.5512705339766125,0.6975565212801973,0.037103672437851246,200,percentile
ML-GAM,age_group,70-79,FPR_7.5,0.35723106275962624,0.3357093296334344,0.37720315351032935,0.010770389781332941,200,percentile
ML-GAM,age_group,70-79,pct_flagged_20,0.03638017280582083,0.02836705721679126,0.04352592890311047,0.0037063110561803988,200,percentile
ML-GAM,age_group,70-79,TPR_20,0.0941179397849966,0.058796990649513534,0.1337272099962296,0.020793399039117314,200,percentile
ML-GAM,age_group,70-79,FPR_20,0.030605774734409605,0.02293619260904419,0.03802324389904097,0.00392931056188278,200,percentile
ML-GAM,age_group,70-79,rel_OE,1.0238273038666819,0.922625776681989,1.1250541808385741,0.0526518182336857,200,percentile
ML-GAM,income,PIR 1.3-3.5,n,4520.0,2805.0,2909.025,26.634877199211587,200,percentile
ML-GAM,income,PIR 1.3-3.5,events,144.0,81.0,103.025,5.839425868384821,200,percentile
ML-GAM,income,PIR 1.3-3.5,observed,0.03194901200591318,0.02740836608586969,0.03781364799266269,0.0025841732902676245,200,percentile
ML-GAM,income,PIR 1.3-3.5,expected,0.03021979284599261,0.02916005698828684,0.03110557813472787,0.0005176934528831005,200,percentile
ML-GAM,income,PIR 1.3-3.5,OE,1.0572214101113495,0.9202681429480197,1.2484905406197628,0.08411362503619221,200,percentile
ML-GAM,income,PIR 1.3-3.5,cal_intercept,0.043615265662758106,-0.1078029905491865,0.22720729607850282,0.08504962740313445,200,percentile
ML-GAM,income,PIR 1.3-3.5,cal_slope,1.101250528090216,0.9306947381455356,1.2501899281913562,0.08154661545264842,200,percentile
ML-GAM,income,PIR 1.3-3.5,AUC,0.8075796993204211,0.7714428400725006,0.8335323143465947,0.016520842368363774,200,percentile
ML-GAM,income,PIR 1.3-3.5,brier,0.029345974859086087,0.025653934061460347,0.03468142333890051,0.002224905731977286,200,percentile
ML-GAM,income,PIR 1.3-3.5,scaled_brier,0.05116023766362365,0.03314535768082409,0.06845133980504198,0.009919601573791043,200,percentile
ML-GAM,income,PIR 1.3-3.5,pct_flagged_7.5,0.09314159292035398,0.08458541209513087,0.10077432693246602,0.004290761927824715,200,percentile
ML-GAM,income,PIR 1.3-3.5,TPR_7.5,0.40245153063442907,0.31822298066500404,0.47183664939734343,0.03941277066135546,200,percentile
ML-GAM,income,PIR 1.3-3.5,FPR_7.5,0.08421762353118231,0.07582520441720798,0.09314567082245578,0.0045130783061382955,200,percentile
ML-GAM,income,PIR 1.3-3.5,pct_flagged_20,0.006858407079646018,0.004447369308441645,0.008940496893014464,0.0011989531341012082,200,percentile
ML-GAM,income,PIR 1.3-3.5,TPR_20,0.048537089668150964,0.013585784076195486,0.08600070961291412,0.01796493813957092,200,percentile
ML-GAM,income,PIR 1.3-3.5,FPR_20,0.005520854069823278,0.0033998859633166513,0.0075491445307550135,0.001162584419912809,200,percentile
ML-GAM,income,PIR 1.3-3.5,rel_OE,1.0498314307668546,0.9372578877048066,1.1833318955198406,0.06544651858336116,200,percentile
ML-GAM,income,PIR<1.3,n,3136.0,1933.95,2032.0,23.822825400238557,200,percentile
ML-GAM,income,PIR<1.3,events,124.0,67.975,88.0,5.572074575539786,200,percentile
ML-GAM,income,PIR<1.3,observed,0.03996337671369271,0.0332834102595872,0.046284313954201454,0.003665671271720164,200,percentile
ML-GAM,income,PIR<1.3,expected,0.031489497938267795,0.029885751420364242,0.03284928465094507,0.0007792255352860407,200,percentile
ML-GAM,income,PIR<1.3,OE,1.2691017428107987,1.0573323639712675,1.4698473757706576,0.11163966300708351,200,percentile
ML-GAM,income,PIR<1.3,cal_intercept,0.2649549380036801,0.06320855866914576,0.4281910864712612,0.09980867229390507,200,percentile
ML-GAM,income,PIR<1.3,cal_slope,0.8419742822835488,0.7039716552664622,1.0136153634982228,0.07710787572568732,200,percentile
ML-GAM,income,PIR<1.3,AUC,0.7609075508078614,0.724563022351588,0.7992372029720297,0.020351608102007746,200,percentile
ML-GAM,income,PIR<1.3,brier,0.0370150929903865,0.031105821166082032,0.04206761550363777,0.003153900144408888,200,percentile
ML-GAM,income,PIR<1.3,scaled_brier,0.03521872217451205,0.010994576799104368,0.059469273032497244,0.012528724387272957,200,percentile
ML-GAM,income,PIR<1.3,pct_flagged_7.5,0.09693877551020408,0.0864493417204207,0.10671754843066412,0.005099853207366199,200,percentile
ML-GAM,income,PIR<1.3,TPR_7.5,0.337854991386018,0.2617835483357824,0.42760508098033617,0.04187814080426346,200,percentile
ML-GAM,income,PIR<1.3,FPR_7.5,0.08729006670018723,0.07662499034306237,0.09621246179030898,0.00533094602923041,200,percentile
ML-GAM,income,PIR<1.3,pct_flagged_20,0.011160714285714286,0.007773349610384902,0.01450660270391009,0.0018546797711602476,200,percentile
ML-GAM,income,PIR<1.3,TPR_20,0.04792038266236973,0.016381796082644246,0.08346309416460854,0.018577728994785762,200,percentile
ML-GAM,income,PIR<1.3,FPR_20,0.009641428859125,0.006526005885049329,0.013248208805960435,0.0017595471895883916,200,percentile
ML-GAM,income,PIR<1.3,rel_OE,1.2602307196024751,1.087252561432749,1.4183893047340856,0.08757146347500924,200,percentile
ML-GAM,income,PIR>3.5,n,4696.0,2908.925,3035.075,30.586573317988474,200,percentile
ML-GAM,income,PIR>3.5,events,60.0,31.0,45.025000000000006,3.8866832302958914,200,percentile
ML-GAM,income,PIR>3.5,observed,0.012671438649998484,0.009752289047334613,0.016373745142371766,0.0017284327326067557,200,percentile
ML-GAM,income,PIR>3.5,expected,0.01978723663705839,0.018991641986173115,0.02044435541669651,0.00038152983562150366,200,percentile
ML-GAM,income,PIR>3.5,OE,0.6403844499573461,0.49977522990064605,0.8184990904052758,0.08688182960990609,200,percentile
ML-GAM,income,PIR>3.5,cal_intercept,-0.4753045987515862,-0.7406283759065063,-0.21333561449954253,0.1406356501765639,200,percentile
ML-GAM,income,PIR>3.5,cal_slope,1.0053920638747282,0.8151307433811983,1.227392015126013,0.11087709801247385,200,percentile
ML-GAM,income,PIR>3.5,AUC,0.7909862044086602,0.7414172840786123,0.8416973052993862,0.028267520926430048,200,percentile
ML-GAM,income,PIR>3.5,brier,0.012497804404555552,0.009801347691137304,0.01575526172099966,0.0015719655327863275,200,percentile
ML-GAM,income,PIR>3.5,scaled_brier,0.001044602377201942,-0.030369604579835896,0.027971160553934032,0.014838088806854818,200,percentile
ML-GAM,income,PIR>3.5,pct_flagged_7.5,0.039821124361158436,0.03401496446759504,0.045769786432103145,0.002916947520720683,200,percentile
ML-GAM,income,PIR>3.5,TPR_7.5,0.21566772453055885,0.12114791987673344,0.3393602167429483,0.0565487768685839,200,percentile
ML-GAM,income,PIR>3.5,FPR_7.5,0.037768507550859025,0.03220613759671073,0.04358297943426469,0.0030516397771138265,200,percentile
ML-GAM,income,PIR>3.5,pct_flagged_20,0.0017035775127768314,0.0006360523170145607,0.0027899832569200185,0.000569938482201685,200,percentile
ML-GAM,income,PIR>3.5,TPR_20,0.01658982496388914,0.0,0.054277703720235895,0.016258733168117424,200,percentile
ML-GAM,income,PIR>3.5,FPR_20,0.0015170665164166931,0.000421785694654172,0.0028162235496789235,0.000651211520198022,200,percentile
ML-GAM,income,PIR>3.5,rel_OE,0.6359081616297931,0.49078166000384715,0.797540494084636,0.07910569308522791,200,percentile
ML-GAM,education,<HS,n,4127.0,2557.95,2661.025,25.571355971695386,200,percentile
ML-GAM,education,<HS,events,151.0,82.0,109.0,6.385046522577374,200,percentile
ML-GAM,education,<HS,observed,0.03781721168744455,0.03220577278145665,0.04446220330683749,0.0032176776625831884,200,percentile
ML-GAM,education,<HS,expected,0.03470869145592491,0.03350031873626544,0.035992281377151804,0.0006972564215220151,200,percentile
ML-GAM,education,<HS,OE,1.0895602830624433,0.9288038302774068,1.2689384373837507,0.09092744457938075,200,percentile
ML-GAM,education,<HS,cal_intercept,0.07012418080114864,-0.10404300180733737,0.245227214314588,0.0921295758935522,200,percentile
ML-GAM,education,<HS,cal_slope,0.861820815938838,0.72440314607642,1.0423482559879318,0.07455299400101972,200,percentile
ML-GAM,education,<HS,AUC,0.7576200411479763,0.7230797775985315,0.7967260517939434,0.018664290196258287,200,percentile
ML-GAM,education,<HS,brier,0.03500277210813761,0.029839342331144166,0.04047487612915739,0.0027440122581233366,200,percentile
ML-GAM,education,<HS,scaled_brier,0.038043680690853954,0.014109134586623199,0.06127087863511374,0.012762589132463942,200,percentile
ML-GAM,education,<HS,pct_flagged_7.5,0.11388417736854858,0.10513336792503195,0.12333553728853944,0.005282067427262281,200,percentile
ML-GAM,education,<HS,TPR_7.5,0.4051754697628495,0.33416330799480976,0.47843208274765847,0.03942776150756066,200,percentile
ML-GAM,education,<HS,FPR_7.5,0.10595881994525484,0.09611235380757863,0.11513324746244916,0.005487167738753287,200,percentile
ML-GAM,education,<HS,pct_flagged_20,0.012357644778289314,0.009612830694497128,0.015459779188111101,0.0015820326596818204,200,percentile
ML-GAM,education,<HS,TPR_20,0.05948245302371504,0.022575045749589615,0.09322259566245009,0.018383020989834978,200,percentile
ML-GAM,education,<HS,FPR_20,0.010942599819671585,0.00767652945659542,0.014219831775622872,0.0015918820935334756,200,percentile
ML-GAM,education,<HS,rel_OE,1.0819442549443923,0.9568751699052455,1.2012187288555123,0.06547760208726575,200,percentile
ML-GAM,education,College+,n,2796.0,1723.875,1823.025,23.610230620427007,200,percentile
ML-GAM,education,College+,events,48.0,24.0,36.025000000000006,3.4290768202529347,200,percentile
ML-GAM,education,College+,observed,0.01709407429638614,0.012633315082858925,0.021815629503753032,0.0025892950703857854,200,percentile
ML-GAM,education,College+,expected,0.02000119196647065,0.01910767431018998,0.020969096836083154,0.0004901188114392792,200,percentile
ML-GAM,education,College+,OE,0.8546527789464793,0.6341320976516933,1.0862525551555307,0.1253843261354039,200,percentile
ML-GAM,education,College+,cal_intercept,-0.17024491387738588,-0.48455319303693883,0.08571828119182774,0.15627626565091726,200,percentile
ML-GAM,education,College+,cal_slope,1.2271135028318148,1.0339805729513583,1.4907543422213063,0.13137650187026226,200,percentile
ML-GAM,education,College+,AUC,0.8384755243731028,0.7837173947273289,0.8908533589519603,0.028181640367617604,200,percentile
ML-GAM,education,College+,brier,0.01603794861182294,0.01210001291553863,0.020272739837920113,0.002311303475900237,200,percentile
ML-GAM,education,College+,scaled_brier,0.045466275392780364,0.01797145774708025,0.07401460670760446,0.014749235588746735,200,percentile
ML-GAM,education,College+,pct_flagged_7.5,0.045779685264663805,0.03885483585059707,0.05319718926676807,0.003927055691216586,200,percentile
ML-GAM,education,College+,TPR_7.5,0.33009406604614516,0.20634438745093814,0.45187490883835923,0.06467605373581846,200,percentile
ML-GAM,education,College+,FPR_7.5,0.039011867707148526,0.032700749735627824,0.045724641058881584,0.0037454807720314533,200,percentile
ML-GAM,education,College+,pct_flagged_20,0.002861230329041488,0.0010592545269591895,0.004606058753064091,0.0009476203362894838,200,percentile
ML-GAM,education,College+,TPR_20,0.04115526486502413,0.0,0.10792456322908814,0.02891303827117078,200,percentile
ML-GAM,education,College+,FPR_20,0.00259474105464777,0.0003640916970010005,0.004811700369620534,0.0011768298792183747,200,percentile
ML-GAM,education,College+,rel_OE,0.8486787546572204,0.6317425770529506,1.0645078095325777,0.11787747336726086,200,percentile
ML-GAM,education,HS/GED,n,3138.0,1939.975,2026.025,22.61337488341995,200,percentile
ML-GAM,education,HS/GED,events,90.0,48.0,65.025,4.596306141974635,200,percentile
ML-GAM,education,HS/GED,observed,0.02861859988288628,0.023620827335088915,0.034869979153821465,0.003237804191311106,200,percentile
ML-GAM,education,HS/GED,expected,0.02777771593217076,0.026509344543986055,0.028836235224922683,0.0006093071302976286,200,percentile
ML-GAM,education,HS/GED,OE,1.0302718896243608,0.8486012130343306,1.250620018432286,0.1146375457157493,200,percentile
ML-GAM,education,HS/GED,cal_intercept,0.023566142643273624,-0.18039108385966485,0.23133150711468867,0.11888041250586498,200,percentile
ML-GAM,education,HS/GED,cal_slope,1.1307783592890575,0.9420216368938422,1.3404281241202844,0.1020619058088252,200,percentile
ML-GAM,education,HS/GED,AUC,0.8084191515925608,0.7648390403082461,0.8480314739383586,0.02039597042220334,200,percentile
ML-GAM,education,HS/GED,brier,0.026454731100714907,0.021720933482869933,0.03160153835635141,0.002798581876703056,200,percentile
ML-GAM,education,HS/GED,scaled_brier,0.048376440745790394,0.024392400909323857,0.0725087088951084,0.012137254618913434,200,percentile
ML-GAM,education,HS/GED,pct_flagged_7.5,0.07775653282345443,0.06877641322850964,0.08742866882089204,0.0047369040812251665,200,percentile
ML-GAM,education,HS/GED,TPR_7.5,0.3206194499278274,0.22086833746910042,0.41788133813239936,0.049943792802644105,200,percentile
ML-GAM,education,HS/GED,FPR_7.5,0.07296405509707171,0.06421186098554124,0.08444039685034507,0.005300902716286433,200,percentile
ML-GAM,education,HS/GED,pct_flagged_20,0.005417463352453792,0.0028725544531406043,0.008126465867968929,0.0013671275882259613,200,percentile
ML-GAM,education,HS/GED,TPR_20,0.044223372403838265,0.00990351349283539,0.09141466387711943,0.021823177219607148,200,percentile
ML-GAM,education,HS/GED,FPR_20,0.003908694360870204,0.0016181443715182098,0.006378817052772567,0.0012002975347889305,200,percentile
ML-GAM,education,HS/GED,rel_OE,1.0230702874710937,0.8467097762733025,1.2382543774824424,0.10007757076446852,200,percentile
ML-GAM,education,Some college,n,3390.0,2089.95,2195.1,26.056961183734565,200,percentile
ML-GAM,education,Some college,events,71.0,38.0,53.0,3.7634048520458214,200,percentile
ML-GAM,education,Some college,observed,0.0207218498695426,0.016468492297619826,0.025768574705325214,0.0023823991329441074,200,percentile
ML-GAM,education,Some college,expected,0.021860836426971807,0.02084263001940119,0.02290195464025293,0.0004879276461532065,200,percentile
ML-GAM,education,Some college,OE,0.9478983084094657,0.7555405535575375,1.1652467974076277,0.10833495520037326,200,percentile
ML-GAM,education,Some college,cal_intercept,-0.06628974638546134,-0.31987227240015537,0.1528815428233757,0.12136763083294726,200,percentile
ML-GAM,education,Some college,cal_slope,0.9884850533782382,0.7594997610433623,1.2008873124658586,0.11202667254687836,200,percentile
ML-GAM,education,Some college,AUC,0.783176237257925,0.724000418882435,0.8315698751130157,0.027093235822364337,200,percentile
ML-GAM,education,Some college,brier,0.019767980719358424,0.01588230412758626,0.024152792404192873,0.002137158024905113,200,percentile
ML-GAM,education,Some college,scaled_brier,0.025845768446594253,0.0005323986363941508,0.04862299268993624,0.01297037712213748,200,percentile
ML-GAM,education,Some college,pct_flagged_7.5,0.047787610619469026,0.040329913097238324,0.05407632907632908,0.0034301492104814083,200,percentile
ML-GAM,education,Some college,TPR_7.5,0.266267562886431,0.16897137457406436,0.362338436079085,0.05147370799107459,200,percentile
ML-GAM,education,Some college,FPR_7.5,0.043980983131548995,0.03577327473196872,0.05054208678951681,0.003713010265599416,200,percentile
ML-GAM,education,Some college,pct_flagged_20,0.0032448377581120944,0.0014936742580835996,0.005149628932664991,0.0009709086355509759,200,percentile
ML-GAM,education,Some college,TPR_20,0.028028164514361156,0.0,0.06732281988298187,0.01873236377454795,200,percentile
ML-GAM,education,Some college,FPR_20,0.0026688835822450186,0.0011816248548285467,0.004450521591659861,0.0008682364679949699,200,percentile
ML-GAM,education,Some college,rel_OE,0.9412724977203972,0.7619210610574996,1.124988218636566,0.09676885677613814,200,percentile
ML-GAM,sex,GAP(max-min),OE,0.00023710541036092714,0.0,-0.003385981414453271,0.058311807452284675,200,basic
ML-GAM,sex,GAP(max-min),AUC,0.021554166276089193,0.0,0.039946875775787136,0.017650992304863087,200,basic
ML-GAM,sex,GAP(max-min),cal_slope,0.07418213904240889,0.0,0.14653714716442248,0.07759733134036707,200,basic
ML-GAM,sex,GAP(max-min),TPR_7.5,0.11448872788798925,0.007517278328770388,0.20053015319605977,0.050341644236703294,200,basic
ML-GAM,sex,GAP(max-min),FPR_7.5,0.044705850240809995,0.035586189472704734,0.053225519244685285,0.004935893905956802,200,basic
ML-GAM,sex,GAP(max-min),pct_flagged_7.5,0.05059046753743353,0.041651551961662724,0.05938674821914681,0.0048058968157102125,200,basic
ML-GAM,sex,GAP(max/min),OE,1.000235652902955,1.0,0.9964425956639338,0.06341293352886523,200,basic
ML-GAM,race,GAP(max-min),OE,0.2011588532583628,0.0,0.3380106611624882,0.14340884805744844,200,basic
ML-GAM,race,GAP(max-min),AUC,0.03816601282289589,0.0,0.06259819813782305,0.0330516226397481,200,basic
ML-GAM,race,GAP(max-min),cal_slope,0.1540821261513201,0.0,0.24401264236726825,0.14945677805513974,200,basic
ML-GAM,race,GAP(max-min),TPR_7.5,0.10521555554398504,0.0,0.18298624678972,0.07920177490198534,200,basic
ML-GAM,race,GAP(max-min),FPR_7.5,0.04345682408785423,0.026175817212638217,0.07423171590335526,0.012808187088056472,200,basic
ML-GAM,race,GAP(max-min),pct_flagged_7.5,0.052878552634821656,0.0348264962277717,0.08396962426861797,0.013302417398698389,200,basic
ML-GAM,race,GAP(max/min),OE,1.2394248175619944,1.0,1.4176954331708558,0.2266004107146423,200,basic
ML-GAM,age_group,GAP(max-min),OE,0.12283129888398026,0.0,0.1750713481940278,0.11785833595186829,200,basic
ML-GAM,age_group,GAP(max-min),AUC,0.090060701070795,0.0,0.13006290634235979,0.03910825167759736,200,basic
ML-GAM,age_group,GAP(max-min),cal_slope,0.5640999298413094,0.0,0.8203646609696418,0.21693763715508532,200,basic
ML-GAM,age_group,GAP(max-min),TPR_7.5,0.6219896260189571,0.546422730757717,0.6927087180613017,0.037103672437851246,200,basic
ML-GAM,age_group,GAP(max-min),FPR_7.5,0.35677507498099525,0.33713238456240807,0.37920896492325157,0.01076429379302505,200,basic
ML-GAM,age_group,GAP(max-min),pct_flagged_7.5,0.3799488249492262,0.36056645749274463,0.4003277515684589,0.009934509884688148,200,basic
ML-GAM,age_group,GAP(max/min),OE,1.1352465335934998,1.0,1.195805818514206,0.1865346541002816,200,basic
ML-GAM,income,GAP(max-min),OE,0.6287172928534526,0.3443332136013426,0.9118051663935232,0.13697929436051653,200,basic
ML-GAM,income,GAP(max-min),AUC,0.04667214851255963,0.0,0.07908762434892186,0.02240150415191199,200,basic
ML-GAM,income,GAP(max-min),cal_slope,0.2592762458066673,0.05458924239045648,0.42306316943273337,0.099122746591862,200,basic
ML-GAM,income,GAP(max-min),TPR_7.5,0.18678380610387021,0.061233407173572785,0.30604262435614693,0.06324506378038644,200,basic
ML-GAM,income,GAP(max-min),FPR_7.5,0.0495215591493282,0.038342506295112266,0.057535789869655914,0.004832444274023327,200,basic
ML-GAM,income,GAP(max-min),pct_flagged_7.5,0.05711765114904564,0.046795094084348704,0.06500251196822365,0.004793418926484916,200,basic
ML-GAM,income,GAP(max/min),OE,1.981781011227442,1.1932518724521324,2.533809150659429,0.31800321030419937,200,basic
ML-GAM,education,GAP(max-min),OE,0.23490750411596406,0.0,0.3655293451165028,0.12314720776740938,200,basic
ML-GAM,education,GAP(max-min),AUC,0.08085548322512648,0.014992376074369596,0.12290736878379233,0.029956012566211478,200,basic
ML-GAM,education,GAP(max-min),cal_slope,0.3652926868929768,0.06065072928900628,0.5359918381436808,0.13005945154731918,200,basic
ML-GAM,education,GAP(max-min),TPR_7.5,0.13890790687641852,0.0,0.2084636639889373,0.059525234024265204,200,basic
ML-GAM,education,GAP(max-min),FPR_7.5,0.06694695223810632,0.05469851506145586,0.0794703900441171,0.006583914932406741,200,basic
ML-GAM,education,GAP(max-min),pct_flagged_7.5,0.06810449210388478,0.054747592999797534,0.07877160118168605,0.006063200928228016,200,basic
ML-GAM,education,GAP(max/min),OE,1.2748572401596023,1.0,1.438082185722546,0.1972481248554862,200,basic
ML-GBM,Overall,All,n,13466.0,8438.95,8586.025,37.273860524394514,200,percentile
ML-GBM,Overall,All,events,362.0,213.975,246.025,8.927423730974231,200,percentile
ML-GBM,Overall,All,observed,0.027013720906110657,0.02467674019335717,0.029924370144193888,0.0014107056245544264,200,percentile
ML-GBM,Overall,All,expected,0.02635773020857646,0.025549580664401942,0.027041191371289238,0.0003964227308587947,200,percentile
ML-GBM,Overall,All,OE,1.0248879813376626,0.9202471553526425,1.135558548282584,0.05487478787266522,200,percentile
ML-GBM,Overall,All,cal_intercept,0.008461783657059331,-0.1118206332761123,0.12917999438844077,0.0607059780906212,200,percentile
ML-GBM,Overall,All,cal_slope,0.7206962350775556,0.6542269645461714,0.8077039590818968,0.03845392390715961,200,percentile
ML-GBM,Overall,All,AUC,0.773867806232229,0.7500122892335893,0.7977945205799066,0.012853206539275651,200,percentile
ML-GBM,Overall,All,brier,0.025692688523027744,0.023744981795144594,0.028014112678267453,0.001195734202189838,200,percentile
ML-GBM,Overall,All,scaled_brier,0.022496260864535822,0.0013828009962200073,0.04930259544918552,0.011833088081517429,200,percentile
ML-GBM,Overall,All,pct_flagged_7.5,0.0823555621565424,0.0781115401752562,0.08762995692856082,0.0024000510259318763,200,percentile
ML-GBM,Overall,All,TPR_7.5,0.3661404671229636,0.32258657680810626,0.41605872528521437,0.023430433448311732,200,percentile
ML-GBM,Overall,All,FPR_7.5,0.07660462934495708,0.07169112221985424,0.08189141565441833,0.00265574437956592,200,percentile
ML-GBM,Overall,All,pct_flagged_20,0.01522352591712461,0.01344125946829051,0.017081909995544334,0.001003225779990763,200,percentile
ML-GBM,Overall,All,TPR_20,0.09932090120937506,0.07219255126883212,0.134406890675137,0.015441662596472222,200,percentile
ML-GBM,Overall,All,FPR_20,0.013446812632373892,0.011398097315778446,0.01539444485079329,0.0010614316443576938,200,percentile
ML-GBM,Overall,All,rel_OE,1.0,1.0,1.0,0.0,200,percentile
ML-GBM,sex,Female,n,6883.0,4280.9,4411.05,34.77516586306971,200,percentile
ML-GBM,sex,Female,events,145.0,81.0,103.0,5.351334779248818,200,percentile
ML-GBM,sex,Female,observed,0.021294194048772756,0.01816319222437981,0.02519213712088221,0.0017412995721131723,200,percentile
ML-GBM,sex,Female,expected,0.020988018412222403,0.01971118346926344,0.021944094660196936,0.0005671179536805361,200,percentile
ML-GBM,sex,Female,OE,1.0145881154922205,0.8794300181334317,1.2098749278753338,0.08031561682246571,200,percentile
ML-GBM,sex,Female,cal_intercept,-0.00984916617652194,-0.17638037146205351,0.18896063659760012,0.08888110887762896,200,percentile
ML-GBM,sex,Female,cal_slope,0.7324009457417412,0.621555145092019,0.8605695911986575,0.062218932464293275,200,percentile
ML-GBM,sex,Female,AUC,0.7746113723904486,0.735764323823591,0.8123468328967497,0.020675746945652617,200,percentile
ML-GBM,sex,Female,brier,0.020296549598298082,0.017672640660768513,0.023509302021107622,0.0015179169327503266,200,percentile
ML-GBM,sex,Female,scaled_brier,0.026112386313980385,-0.010068504435815284,0.06465828680460589,0.01893283628932553,200,percentile
ML-GBM,sex,Female,pct_flagged_7.5,0.05884062182188,0.05311879009880841,0.06475811967559808,0.00308379071932008,200,percentile
ML-GBM,sex,Female,TPR_7.5,0.34324373470953795,0.2666890831773004,0.4194652491142682,0.03952523398596357,200,percentile
ML-GBM,sex,Female,FPR_7.5,0.05471192946467257,0.04859785051867441,0.06057666867290098,0.0031139453168633415,200,percentile
ML-GBM,sex,Female,pct_flagged_20,0.010169984018596543,0.007662261042796039,0.012584102141928661,0.0012739018021639217,200,percentile
ML-GBM,sex,Female,TPR_20,0.08987089766497319,0.04862087991908384,0.13020318277987655,0.021851454523958872,200,percentile
ML-GBM,sex,Female,FPR_20,0.008969654745375442,0.006491039830051765,0.011691075910804738,0.0013725879925175135,200,percentile
ML-GBM,sex,Female,rel_OE,0.9899502520929176,0.886450416625856,1.114275971083403,0.05863041725299345,200,percentile
ML-GBM,sex,Male,n,6583.0,4101.0,4216.025,30.75408662635102,200,percentile
ML-GBM,sex,Male,events,217.0,123.975,152.0,7.173485517679798,200,percentile
ML-GBM,sex,Male,observed,0.032951105313655873,0.02891846402677544,0.03725173513945846,0.0021658789664504925,200,percentile
ML-GBM,sex,Male,expected,0.031972150122643754,0.030891000399623815,0.033156188712865575,0.0006085641517277123,200,percentile
ML-GBM,sex,Male,OE,1.030618997698212,0.9040160139476904,1.166648247561934,0.0698344559478182,200,percentile
ML-GBM,sex,Male,cal_intercept,0.021038535766535728,-0.12165148323144787,0.17489849400142488,0.07747724105477484,200,percentile
ML-GBM,sex,Male,cal_slope,0.7014687725796417,0.6126574811681408,0.796856807549134,0.0503258902744905,200,percentile
ML-GBM,sex,Male,AUC,0.7624104268797388,0.734424897110978,0.7946581378957258,0.016564937219771744,200,percentile
ML-GBM,sex,Male,brier,0.03129436710795005,0.02773709423549413,0.0349304578875002,0.0018861057382607415,200,percentile
ML-GBM,sex,Male,scaled_brier,0.017917996292872274,-0.0067237241417491145,0.04681576291516424,0.014114595575267999,200,percentile
ML-GBM,sex,Male,pct_flagged_7.5,0.10694212365183048,0.09909623512421802,0.11540482183963136,0.00395277968056717,200,percentile
ML-GBM,sex,Male,TPR_7.5,0.3815007704807338,0.3287353599033614,0.4494468578996265,0.03002208620426124,200,percentile
ML-GBM,sex,Male,FPR_7.5,0.09960517394642762,0.09168928381820735,0.1073972162621449,0.004416913642990773,200,percentile
ML-GBM,sex,Male,pct_flagged_20,0.020507367461643628,0.017300922943405905,0.02329011722246509,0.0016693343652242154,200,percentile
ML-GBM,sex,Male,TPR_20,0.10566044864143152,0.07245596832202263,0.14747129945583373,0.020548964852865878,200,percentile
ML-GBM,sex,Male,FPR_20,0.018150529863726863,0.014250281944362826,0.021231822075830298,0.0017790906963017154,200,percentile
ML-GBM,sex,Male,rel_OE,1.005591846587048,0.9253507475571696,1.0743471026542588,0.039795325652185125,200,percentile
ML-GBM,race,Mexican American,n,2794.0,1719.85,1813.05,24.09378190806018,200,percentile
ML-GBM,race,Mexican American,events,62.0,30.975,47.0,4.148875248684361,200,percentile
ML-GBM,race,Mexican American,observed,0.02520622729693485,0.01920168317731077,0.032376831226357,0.0033080039074116136,200,percentile
ML-GBM,race,Mexican American,expected,0.022689511144861046,0.021297401921522057,0.02433116628658516,0.0007718482961136849,200,percentile
ML-GBM,race,Mexican American,OE,1.1109198050150064,0.8440636572846634,1.4295324069041706,0.1480227567272935,200,percentile
ML-GBM,race,Mexican American,cal_intercept,0.07314213964028869,-0.24697538274462372,0.34879117569401696,0.15078306291979518,200,percentile
ML-GBM,race,Mexican American,cal_slope,0.7341812352479268,0.5340750172002793,0.9396918339820313,0.10282465718043514,200,percentile
ML-GBM,race,Mexican American,AUC,0.7684806234477896,0.701241848987153,0.8342511223713699,0.03498062259856106,200,percentile
ML-GBM,race,Mexican American,brier,0.023666973186083868,0.01872004877978002,0.030540824335990188,0.0028732227513445945,200,percentile
ML-GBM,race,Mexican American,scaled_brier,0.03678746788945275,-0.01721356550661481,0.08213874579007484,0.025110040612592487,200,percentile
ML-GBM,race,Mexican American,pct_flagged_7.5,0.0658554044380816,0.056163936931658984,0.07521512944044578,0.005009658520492581,200,percentile
ML-GBM,race,Mexican American,TPR_7.5,0.3538217264293899,0.21491744638894625,0.48110530357983683,0.06302838119471293,200,percentile
ML-GBM,race,Mexican American,FPR_7.5,0.06293233712674255,0.051862349680066505,0.07363749039279734,0.005596102794629569,200,percentile
ML-GBM,race,Mexican American,pct_flagged_20,0.010379384395132427,0.007246245631709851,0.013760815686532382,0.0017437637587260884,200,percentile
ML-GBM,race,Mexican American,TPR_20,0.04824841724037135,0.0,0.10419270980008681,0.025766403585401523,200,percentile
ML-GBM,race,Mexican American,FPR_20,0.010376566482729303,0.006726400353773855,0.014367495945140769,0.0020388378985350675,200,percentile
ML-GBM,race,Mexican American,rel_OE,1.083942660314015,0.8518363494917592,1.3283594038661426,0.1255865016515785,200,percentile
ML-GBM,race,NH Black,n,2577.0,1585.9,1675.05,24.098716577932493,200,percentile
ML-GBM,race,NH Black,events,85.0,45.975,63.025000000000006,4.46907576473646,200,percentile
ML-GBM,race,NH Black,observed,0.0328297981317907,0.02673892004271837,0.041121663459351226,0.00383675138192561,200,percentile
ML-GBM,race,NH Black,expected,0.03238708754786537,0.030142291572305024,0.03455658110112537,0.0010997331492189337,200,percentile
ML-GBM,race,NH Black,OE,1.0136693545929696,0.8383175511885436,1.2687872811758476,0.11955341825311772,200,percentile
ML-GBM,race,NH Black,cal_intercept,0.006504508980432269,-0.22771508974818935,0.2855585965744275,0.13363016095661343,200,percentile
ML-GBM,race,NH Black,cal_slope,0.6842191248664343,0.5344656318130743,0.8309874040685159,0.07949209896495552,200,percentile
ML-GBM,race,NH Black,AUC,0.7559925035155531,0.7026643176746317,0.8134636228053614,0.026874766788240533,200,percentile
ML-GBM,race,NH Black,brier,0.030763604835298476,0.025583283715122203,0.03795004062253293,0.003261323434541811,200,percentile
ML-GBM,race,NH Black,scaled_brier,0.031128671381936535,-0.02260133595302365,0.08402217595036252,0.02850537370072601,200,percentile
ML-GBM,race,NH Black,pct_flagged_7.5,0.1043849437330229,0.09437597686267926,0.11531919372182946,0.005525383534778898,200,percentile
ML-GBM,race,NH Black,TPR_7.5,0.400035387167669,0.3037857502585119,0.5121461678648879,0.05148413780691431,200,percentile
ML-GBM,race,NH Black,FPR_7.5,0.09610171121291634,0.08430140924076596,0.10636005296538656,0.005798617169605377,200,percentile
ML-GBM,race,NH Black,pct_flagged_20,0.025999223903764065,0.02065799049170653,0.03137504204321332,0.0028403632422685635,200,percentile
ML-GBM,race,NH Black,TPR_20,0.1772974552159508,0.10810248858625057,0.2625482705968796,0.03847584868748714,200,percentile
ML-GBM,race,NH Black,FPR_20,0.020045955873042493,0.014684035767264047,0.026202171837050092,0.0029031306226241227,200,percentile
ML-GBM,race,NH Black,rel_OE,0.9890538020261974,0.8230508008568678,1.2284500032346635,0.10431273324352351,200,percentile
ML-GBM,race,NH White,n,6689.0,4168.925,4287.175,33.29648147165029,200,percentile
ML-GBM,race,NH White,events,191.0,107.0,133.025,6.630968914398453,200,percentile
ML-GBM,race,NH White,observed,0.02724054453331013,0.02306571590950139,0.03178517432862721,0.0020222394318669436,200,percentile
ML-GBM,race,NH White,expected,0.026783613655603482,0.0254524999894086,0.027715305805608,0.0005818276080574828,200,percentile
ML-GBM,race,NH White,OE,1.0170600906801481,0.869277368640203,1.1869963364267722,0.0762741285479721,200,percentile
ML-GBM,race,NH White,cal_intercept,0.017399670890747124,-0.16031663646526317,0.19227778087397762,0.08534847665566082,200,percentile
ML-GBM,race,NH White,cal_slope,0.7569526813708798,0.6723988081663341,0.8711366302265984,0.053360515644660086,200,percentile
ML-GBM,race,NH White,AUC,0.7883086044562679,0.7602789984188015,0.8205485848195564,0.016757725167717293,200,percentile
ML-GBM,race,NH White,brier,0.02593001543477533,0.022388848905395515,0.02974263892418307,0.001737134090735253,200,percentile
ML-GBM,race,NH White,scaled_brier,0.021453361160029383,-0.0036881617376927117,0.0550799960581747,0.01540237065619764,200,percentile
ML-GBM,race,NH White,pct_flagged_7.5,0.08656002391986845,0.0802972414700909,0.09308537294091543,0.003389588871936715,200,percentile
ML-GBM,race,NH White,TPR_7.5,0.3812344219397404,0.32230997258174343,0.4582675022593448,0.034272672932965695,200,percentile
ML-GBM,race,NH White,FPR_7.5,0.07804540961238213,0.07105734185608835,0.08451088948397,0.0034874468416066086,200,percentile
ML-GBM,race,NH White,pct_flagged_20,0.014800418597697713,0.011911541315958224,0.01765993322728485,0.0014259997347548822,200,percentile
ML-GBM,race,NH White,TPR_20,0.08872654825158582,0.053985322405940776,0.13043022545483832,0.02082742480763767,200,percentile
ML-GBM,race,NH White,FPR_20,0.013092212731533139,0.010406498220831171,0.015478922793373394,0.0013990991198471806,200,percentile
ML-GBM,race,NH White,rel_OE,0.9923621987963039,0.8815434298767969,1.072445060063321,0.05145007355126793,200,percentile
ML-GBM,race,Other Hispanic,n,929.0,556.975,614.0,14.138311755527338,200,percentile
ML-GBM,race,Other Hispanic,events,17.0,7.0,14.0,1.991413729795012,200,percentile
ML-GBM,race,Other Hispanic,observed,0.019188673021253596,0.010296972973432045,0.03012576141891538,0.0049333341162629074,200,percentile
ML-GBM,race,Other Hispanic,expected,0.02079067218296054,0.018191663437567774,0.023634181234578198,0.0013703140747446916,200,percentile
ML-GBM,race,Other Hispanic,OE,0.9229462545698789,0.49659164874623024,1.4695948992317078,0.24190014956220737,200,percentile
ML-GBM,race,Other Hispanic,cal_intercept,-0.11359575033472888,-0.7886565618993124,0.40920459903734174,0.3046005303480432,200,percentile
ML-GBM,race,Other Hispanic,cal_slope,0.6096497408877405,0.3392430327572568,0.8865409570789122,0.136407380559303,200,percentile
ML-GBM,race,Other Hispanic,AUC,0.7580889400200094,0.6625409764410889,0.8406715263678444,0.04548477525286618,200,percentile
ML-GBM,race,Other Hispanic,brier,0.019564959943415654,0.011317586637753058,0.028780513032287243,0.004512749153144304,200,percentile
ML-GBM,race,Other Hispanic,scaled_brier,-0.03955757638196511,-0.1893955588277599,0.04953911579893617,0.05835570185542721,200,percentile
ML-GBM,race,Other Hispanic,pct_flagged_7.5,0.05166846071044134,0.03721791245703374,0.06697138590624599,0.00745482729770476,200,percentile
ML-GBM,race,Other Hispanic,TPR_7.5,0.17018269564678673,0.0,0.37511014174563645,0.09842433010970528,200,percentile
ML-GBM,race,Other Hispanic,FPR_7.5,0.050111417149766115,0.03626557986843235,0.06500597867402157,0.007779659057776278,200,percentile
ML-GBM,race,Other Hispanic,pct_flagged_20,0.008611410118406888,0.003325758393344191,0.0142008709201567,0.0028564903082510425,200,percentile
ML-GBM,race,Other Hispanic,TPR_20,0.05672756521559558,0.0,0.2132338639328406,0.06258136534396891,200,percentile
ML-GBM,race,Other Hispanic,FPR_20,0.010266360043336989,0.0023154611054392728,0.01931173501216492,0.004006181812675834,200,percentile
ML-GBM,race,Other Hispanic,rel_OE,0.9005337864975922,0.49688059170710225,1.362624669497084,0.2297795986187198,200,percentile
ML-GBM,race,Other/Multiracial,n,477.0,281.0,318.025,9.972001003815658,200,percentile
ML-GBM,race,Other/Multiracial,events,7.0,2.0,7.0,1.303252598955174,200,percentile
ML-GBM,race,Other/Multiracial,observed,0.015679572320388645,0.004797876905243432,0.028861967059162167,0.006065588398768145,200,percentile
ML-GBM,race,Other/Multiracial,expected,0.020140566119072827,0.017274268722549058,0.023404614259357824,0.001645373690278751,200,percentile
ML-GBM,race,Other/Multiracial,OE,0.7785070304225618,0.25652506255216506,1.4263079377399208,0.3049848036112194,200,percentile
ML-GBM,race,Other/Multiracial,cal_intercept,-0.35562647973989087,-1.517554319691427,0.3382535326637908,0.45217543301527124,200,percentile
ML-GBM,race,Other/Multiracial,cal_slope,0.24272561505126072,-0.652724487140543,0.9906032115502851,0.4382527552422456,200,percentile
ML-GBM,race,Other/Multiracial,AUC,0.6232498763488074,0.35216036176853927,0.8674053852598692,0.13919735521409074,200,percentile
ML-GBM,race,Other/Multiracial,brier,0.016243017370496386,0.006537148198390612,0.028382555832246477,0.005582572381595912,200,percentile
ML-GBM,race,Other/Multiracial,scaled_brier,-0.052436733563025806,-0.2878541237334669,0.027506732953468047,0.08849348011364051,200,percentile
ML-GBM,race,Other/Multiracial,pct_flagged_7.5,0.06079664570230608,0.04071939586645469,0.0844340157658935,0.011631633958451385,200,percentile
ML-GBM,race,Other/Multiracial,TPR_7.5,0.14285714285714285,0.0,0.4,0.12640310647399422,200,percentile
ML-GBM,race,Other/Multiracial,FPR_7.5,0.07181165199598408,0.04690092818586033,0.1009177913826566,0.014952282697066418,200,percentile
ML-GBM,race,Other/Multiracial,pct_flagged_20,0.0041928721174004195,0.0,0.010168953252032521,0.002763245803238264,200,percentile
ML-GBM,race,Other/Multiracial,TPR_20,0.0,0.0,0.0,0.0,200,percentile
ML-GBM,race,Other/Multiracial,FPR_20,0.0045512392914429005,0.0,0.011030541863242932,0.003009982067975592,200,percentile
ML-GBM,race,Other/Multiracial,rel_OE,0.7596020683221112,0.2507189535761847,1.4042676508969283,0.2996985833898079,200,percentile
ML-GBM,age_group,40-49,n,4420.0,2740.975,2852.075,29.934628944589303,200,percentile
ML-GBM,age_group,40-49,events,35.0,16.975,27.0,2.6951659685425597,200,percentile
ML-GBM,age_group,40-49,observed,0.00795660063450242,0.005647463755773878,0.010450144494185966,0.001313006302254515,200,percentile
ML-GBM,age_group,40-49,expected,0.006537432955536313,0.006229047245095633,0.006867305756319127,0.0001686955902007969,200,percentile
ML-GBM,age_group,40-49,OE,1.2170833243902357,0.8803148885429799,1.5873058258026338,0.20209656825678707,200,percentile
ML-GBM,age_group,40-49,cal_intercept,0.18113469193413106,-0.18781416843758048,0.466965101697652,0.17299118591641113,200,percentile
ML-GBM,age_group,40-49,cal_slope,0.6544857358722039,0.23760989580368178,1.034650857917299,0.2063565091228506,200,percentile
ML-GBM,age_group,40-49,AUC,0.6545513342254325,0.5551867476847709,0.7629180064810966,0.05315466203646451,200,percentile
ML-GBM,age_group,40-49,brier,0.007809968179228114,0.005669565955398802,0.010002635706528503,0.0012607163024153884,200,percentile
ML-GBM,age_group,40-49,scaled_brier,0.010556425579351658,-0.012551129164752949,0.036254783562444215,0.01287328411112256,200,percentile
ML-GBM,age_group,40-49,pct_flagged_7.5,0.005203619909502262,0.003376870807733963,0.007249533745191748,0.0010718045888660364,200,percentile
ML-GBM,age_group,40-49,TPR_7.5,0.08528007501481678,0.0,0.20032326305325251,0.051438309499156676,200,percentile
ML-GBM,age_group,40-49,FPR_7.5,0.005130067873065087,0.002525621624084762,0.007278892733305474,0.0012914648698073268,200,percentile
ML-GBM,age_group,40-49,pct_flagged_20,0.00045248868778280545,0.0,0.0011362546449792496,0.0003151703708327527,200,percentile
ML-GBM,age_group,40-49,TPR_20,0.0,0.0,0.0,0.0,200,percentile
ML-GBM,age_group,40-49,FPR_20,0.000455987778630984,0.0,0.001146335543913788,0.0003169772227916369,200,percentile
ML-GBM,age_group,40-49,rel_OE,1.1875281460533118,0.8582088485150395,1.5383839718442003,0.18921597126822734,200,percentile
ML-GBM,age_group,50-59,n,3406.0,2099.975,2201.025,26.897231835302478,200,percentile
ML-GBM,age_group,50-59,events,45.0,22.975,35.0,3.094000516480226,200,percentile
ML-GBM,age_group,50-59,observed,0.013519955107744815,0.010056953619475612,0.0178626168185472,0.0019287876648910953,200,percentile
ML-GBM,age_group,50-59,expected,0.012103731278289918,0.011530443193994084,0.012717503320947291,0.0003107666037467534,200,percentile
ML-GBM,age_group,50-59,OE,1.1170072101646153,0.8375770698016003,1.4558651345785751,0.15991355486472847,200,percentile
ML-GBM,age_group,50-59,cal_intercept,0.08715395784244476,-0.21138053093278542,0.37515134176684745,0.1489570483646767,200,percentile
ML-GBM,age_group,50-59,cal_slope,0.7135691943147989,0.3937559884995382,0.9862099093577065,0.155449531399972,200,percentile
ML-GBM,age_group,50-59,AUC,0.6912836021972589,0.6010609497841713,0.7850285348318468,0.04598224998502968,200,percentile
ML-GBM,age_group,50-59,brier,0.013200893019026645,0.009975331920520393,0.01735550964583585,0.0018357066886683692,200,percentile
ML-GBM,age_group,50-59,scaled_brier,0.010217530726054469,-0.010600097376584305,0.02966320502482063,0.010673971582101444,200,percentile
ML-GBM,age_group,50-59,pct_flagged_7.5,0.014679976512037582,0.01024330379410102,0.018465420507197766,0.002046662153121775,200,percentile
ML-GBM,age_group,50-59,TPR_7.5,0.10999712759986575,0.036285226661192306,0.18502644384215913,0.04172446499681994,200,percentile
ML-GBM,age_group,50-59,FPR_7.5,0.013756624402612121,0.009513711567588904,0.018210533489466895,0.002214412686016232,200,percentile
ML-GBM,age_group,50-59,pct_flagged_20,0.0008807985907222549,0.0,0.0018131532013231709,0.0004867365529441139,200,percentile
ML-GBM,age_group,50-59,TPR_20,0.0,0.0,0.0,0.0,200,percentile
ML-GBM,age_group,50-59,FPR_20,0.0009045228445306215,0.0,0.001847852947692459,0.000499764922321421,200,percentile
ML-GBM,age_group,50-59,rel_OE,1.0898822412833065,0.8367898010933069,1.426634876221561,0.1510274996659297,200,percentile
ML-GBM,age_group,60-69,n,3441.0,2119.95,2231.1,28.096622590714194,200,percentile
ML-GBM,age_group,60-69,events,102.0,54.975,73.025,5.084153625772163,200,percentile
ML-GBM,age_group,60-69,observed,0.02987645402215967,0.0243922908867442,0.03575652963771975,0.0030899780538367547,200,percentile
ML-GBM,age_group,60-69,expected,0.031813226116406405,0.030328314520049214,0.033161267818288556,0.0007146245046660016,200,percentile
ML-GBM,age_group,60-69,OE,0.9391205378806923,0.766339158989803,1.1289750736021562,0.09689409918888416,200,percentile
ML-GBM,age_group,60-69,cal_intercept,-0.06107683392762586,-0.2844393305570886,0.14041188550390962,0.1109003455234928,200,percentile
ML-GBM,age_group,60-69,cal_slope,0.5094129255605161,0.3046299976956052,0.7199781329760132,0.10697808176965808,200,percentile
ML-GBM,age_group,60-69,AUC,0.6348163919279687,0.5720801504265752,0.6953210697883656,0.03245334173348317,200,percentile
ML-GBM,age_group,60-69,brier,0.02919061178856352,0.024178023554136188,0.034643776808557916,0.0027391128186322355,200,percentile
ML-GBM,age_group,60-69,scaled_brier,-0.007133636853584369,-0.036632728557175316,0.02426064226505299,0.01590444813432298,200,percentile
ML-GBM,age_group,60-69,pct_flagged_7.5,0.08282476024411509,0.07395232414534474,0.09316838546946188,0.00490832230754618,200,percentile
ML-GBM,age_group,60-69,TPR_7.5,0.2049782205711665,0.13278472651882317,0.27727901168495234,0.03824494072408743,200,percentile
ML-GBM,age_group,60-69,FPR_7.5,0.07773973498851532,0.06763161013143215,0.08789519911711548,0.005124319537365375,200,percentile
ML-GBM,age_group,60-69,pct_flagged_20,0.013368206916594013,0.009796171263894607,0.0169291820349982,0.0018525542077186248,200,percentile
ML-GBM,age_group,60-69,TPR_20,0.048804338231230114,0.010723220147567067,0.09689034060040261,0.019935009639581617,200,percentile
ML-GBM,age_group,60-69,FPR_20,0.012572812710837197,0.008603748462773012,0.016138573808458807,0.0020522909125061132,200,percentile
ML-GBM,age_group,60-69,rel_OE,0.9163152997998587,0.7702321742147511,1.070193500413316,0.0753047775834172,200,percentile
ML-GBM,age_group,70-79,n,2199.0,1346.975,1427.025,20.782191835497958,200,percentile
ML-GBM,age_group,70-79,events,180.0,103.0,126.0,6.393110299101867,200,percentile
ML-GBM,age_group,70-79,observed,0.08022995462814278,0.07024871515762866,0.09249890175956153,0.005944053403622074,200,percentile
ML-GBM,age_group,70-79,expected,0.07973766326730797,0.07588011721826614,0.08359063778839498,0.0018847374510439368,200,percentile
ML-GBM,age_group,70-79,OE,1.0061738874788002,0.8801925571730751,1.1683006999173522,0.07683900156185343,200,percentile
ML-GBM,age_group,70-79,cal_intercept,-0.004959406341291301,-0.1679153732545567,0.17866265686682287,0.09298377256897492,200,percentile
ML-GBM,age_group,70-79,cal_slope,0.5528506895590135,0.4499867647388806,0.7224090171842174,0.0739965629886559,200,percentile
ML-GBM,age_group,70-79,AUC,0.6589127435746365,0.6253924631092508,0.7051957376294857,0.020604957947578086,200,percentile
ML-GBM,age_group,70-79,brier,0.07413876562688022,0.06606377014412682,0.08327347860221408,0.004753898184882183,200,percentile
ML-GBM,age_group,70-79,scaled_brier,-0.004684131391339275,-0.04143987310194124,0.037635698152855945,0.020535501454192324,200,percentile
ML-GBM,age_group,70-79,pct_flagged_7.5,0.341518872214643,0.32471169973164654,0.3604563397129187,0.010391833341223742,200,percentile
ML-GBM,age_group,70-79,TPR_7.5,0.576712223168089,0.5209395849244828,0.652352210528997,0.034228096180301766,200,percentile
ML-GBM,age_group,70-79,FPR_7.5,0.32683913697448724,0.3039739656410428,0.3501907941895901,0.011913309665962395,200,percentile
ML-GBM,age_group,70-79,pct_flagged_20,0.07003183265120509,0.06054091914333269,0.08327208022775982,0.0055923376637010466,200,percentile
ML-GBM,age_group,70-79,TPR_20,0.17231242316289544,0.1297565306457136,0.23797025548364031,0.028782022455938087,200,percentile
ML-GBM,age_group,70-79,FPR_20,0.0624565409011223,0.05112895593393089,0.07464788575613762,0.006144202952305409,200,percentile
ML-GBM,age_group,70-79,rel_OE,0.9817403519217416,0.8810979777157998,1.0867693217774528,0.051316210298462964,200,percentile
ML-GBM,income,PIR 1.3-3.5,n,4520.0,2805.0,2909.025,26.634877199211587,200,percentile
ML-GBM,income,PIR 1.3-3.5,events,144.0,81.0,103.025,5.839425868384821,200,percentile
ML-GBM,income,PIR 1.3-3.5,observed,0.03194901200591318,0.02740836608586969,0.03781364799266269,0.0025841732902676245,200,percentile
ML-GBM,income,PIR 1.3-3.5,expected,0.03008740695632595,0.028730570387188403,0.03155268611852417,0.0008158191783870734,200,percentile
ML-GBM,income,PIR 1.3-3.5,OE,1.0618732299626048,0.922538199257973,1.249779413624333,0.08515650027713757,200,percentile
ML-GBM,income,PIR 1.3-3.5,cal_intercept,0.03591084417454572,-0.13584401183947278,0.22917023806541242,0.09125899662302747,200,percentile
ML-GBM,income,PIR 1.3-3.5,cal_slope,0.7945041439648538,0.6827773956402623,0.9279369644687221,0.06306024437067226,200,percentile
ML-GBM,income,PIR 1.3-3.5,AUC,0.7995046824402565,0.7672855464246376,0.8290109717411606,0.016859652644628412,200,percentile
ML-GBM,income,PIR 1.3-3.5,brier,0.030037495758133366,0.026087342153906266,0.03516633959868676,0.002251499839126872,200,percentile
ML-GBM,income,PIR 1.3-3.5,scaled_brier,0.02880137827478646,-0.00870186228373794,0.06098316805921473,0.01873972761245833,200,percentile
ML-GBM,income,PIR 1.3-3.5,pct_flagged_7.5,0.09867256637168141,0.08994320668514233,0.10799647511667985,0.004428653184732749,200,percentile
ML-GBM,income,PIR 1.3-3.5,TPR_7.5,0.43712088039739405,0.3632365913258482,0.5104365890400289,0.040404101178527524,200,percentile
ML-GBM,income,PIR 1.3-3.5,FPR_7.5,0.09012546778524205,0.08192516939468948,0.10021999251473451,0.00457810785487289,200,percentile
ML-GBM,income,PIR 1.3-3.5,pct_flagged_20,0.018584070796460177,0.01417426732583108,0.023512246180266424,0.002319488546511443,200,percentile
ML-GBM,income,PIR 1.3-3.5,TPR_20,0.11094191924148791,0.06535078127588163,0.16629122176731392,0.02778006445345653,200,percentile
ML-GBM,income,PIR 1.3-3.5,FPR_20,0.01692358983516284,0.012123109706232397,0.0217175430571137,0.002501542889624642,200,percentile
ML-GBM,income,PIR 1.3-3.5,rel_OE,1.0360871132244813,0.9182126466826173,1.1713392063539807,0.06631917051457813,200,percentile
ML-GBM,income,PIR<1.3,n,3136.0,1933.95,2032.0,23.822825400238557,200,percentile
ML-GBM,income,PIR<1.3,events,124.0,67.975,88.0,5.572074575539786,200,percentile
ML-GBM,income,PIR<1.3,observed,0.03996337671369271,0.0332834102595872,0.046284313954201454,0.003665671271720164,200,percentile
ML-GBM,income,PIR<1.3,expected,0.03141592827082163,0.02935319110465372,0.033459310407245826,0.001075806149707087,200,percentile
ML-GBM,income,PIR<1.3,OE,1.2720737190761207,1.0606774946584776,1.490853598007126,0.11324090238714032,200,percentile
ML-GBM,income,PIR<1.3,cal_intercept,0.2852817447454271,0.06616028742588481,0.47817784984185935,0.10722340877705357,200,percentile
ML-GBM,income,PIR<1.3,cal_slope,0.562210177452602,0.44948506516522213,0.6977679121371926,0.06259181683689087,200,percentile
ML-GBM,income,PIR<1.3,AUC,0.7250976733326642,0.6819649934277394,0.7746289259277086,0.023395246509226766,200,percentile
ML-GBM,income,PIR<1.3,brier,0.037800716901785866,0.0317680903447116,0.04307888635228147,0.0031159605814138278,200,percentile
ML-GBM,income,PIR<1.3,scaled_brier,0.014741798306537657,-0.02039425523233005,0.05112021714901058,0.02009542992882869,200,percentile
ML-GBM,income,PIR<1.3,pct_flagged_7.5,0.1055484693877551,0.09511016449637923,0.11525005961426898,0.005649761993242259,200,percentile
ML-GBM,income,PIR<1.3,TPR_7.5,0.32045825157421304,0.24220749712191295,0.3954368559645363,0.04221201890729203,200,percentile
ML-GBM,income,PIR<1.3,FPR_7.5,0.09763070239043473,0.08531683026445694,0.10859276876300804,0.005651230245189096,200,percentile
ML-GBM,income,PIR<1.3,pct_flagged_20,0.022002551020408163,0.017411416567547865,0.027289844620490167,0.0025844940791926586,200,percentile
ML-GBM,income,PIR<1.3,TPR_20,0.09682979914982094,0.049858703107354296,0.14733526973414549,0.026291264279026918,200,percentile
ML-GBM,income,PIR<1.3,FPR_20,0.018476679327263195,0.013943866732454211,0.022599050475443878,0.00232041319138669,200,percentile
ML-GBM,income,PIR<1.3,rel_OE,1.2411831753708698,1.079532229131099,1.4051942874604875,0.08571633255333744,200,percentile
ML-GBM,income,PIR>3.5,n,4696.0,2908.925,3035.075,30.586573317988474,200,percentile
ML-GBM,income,PIR>3.5,events,60.0,31.0,45.025000000000006,3.8866832302958914,200,percentile
ML-GBM,income,PIR>3.5,observed,0.012671438649998484,0.009752289047334613,0.016373745142371766,0.0017284327326067557,200,percentile
ML-GBM,income,PIR>3.5,expected,0.01877181474365074,0.017770709367574668,0.0197583043134459,0.0005145665461973795,200,percentile
ML-GBM,income,PIR>3.5,OE,0.6750247018224166,0.5257253076933879,0.8796452029648746,0.09435756041910043,200,percentile
ML-GBM,income,PIR>3.5,cal_intercept,-0.43105135928560645,-0.7108577722526751,-0.1416312765269139,0.1492323913971161,200,percentile
ML-GBM,income,PIR>3.5,cal_slope,0.6986168189390387,0.5058664569907634,0.9190092380035011,0.0991974374276371,200,percentile
ML-GBM,income,PIR>3.5,AUC,0.7486948231666272,0.6805031026285672,0.8199073985403407,0.03463142405574723,200,percentile
ML-GBM,income,PIR>3.5,brier,0.012746721422430515,0.010127567573551027,0.015925865481579968,0.0015604155908995937,200,percentile
ML-GBM,income,PIR>3.5,scaled_brier,-0.018851452203051178,-0.07428406843256281,0.03754148523971213,0.027682308818291722,200,percentile
ML-GBM,income,PIR>3.5,pct_flagged_7.5,0.047487223168654176,0.042488733112136585,0.05361204034387561,0.002977610738352345,200,percentile
ML-GBM,income,PIR>3.5,TPR_7.5,0.24884737445833716,0.15948467862983168,0.369670870947201,0.05353952440135218,200,percentile
ML-GBM,income,PIR>3.5,FPR_7.5,0.046525145652449605,0.040081198742372995,0.05394101413890391,0.0034813660061605786,200,percentile
ML-GBM,income,PIR>3.5,pct_flagged_20,0.007240204429301534,0.004782142655393827,0.009277171799408516,0.0010676706295028775,200,percentile
ML-GBM,income,PIR>3.5,TPR_20,0.04976947489166743,0.0,0.10918395150280451,0.028642739391864826,200,percentile
ML-GBM,income,PIR>3.5,FPR_20,0.006680430279853519,0.004020443937934003,0.009133823794708578,0.0012759212896368288,200,percentile
ML-GBM,income,PIR>3.5,rel_OE,0.6586326643633662,0.5066923208576359,0.8346612871521063,0.08350717709284874,200,percentile
ML-GBM,education,<HS,n,4127.0,2557.95,2661.025,25.571355971695386,200,percentile
ML-GBM,education,<HS,events,151.0,82.0,109.0,6.385046522577374,200,percentile
ML-GBM,education,<HS,observed,0.03781721168744455,0.03220577278145665,0.04446220330683749,0.0032176776625831884,200,percentile
ML-GBM,education,<HS,expected,0.034303406666830204,0.032534957770066514,0.03618585825897829,0.0009709926134287884,200,percentile
ML-GBM,education,<HS,OE,1.1024331214314067,0.9345853558088382,1.3012486546851318,0.09423135854270429,200,percentile
ML-GBM,education,<HS,cal_intercept,0.06929662722450045,-0.12364014315441303,0.2613804253127975,0.09966059102348598,200,percentile
ML-GBM,education,<HS,cal_slope,0.6143278362738898,0.5272395119671571,0.7280680112804319,0.056310017488745055,200,percentile
ML-GBM,education,<HS,AUC,0.7461587894485874,0.7123191122583621,0.7847620202107866,0.0194793275075426,200,percentile
ML-GBM,education,<HS,brier,0.036103894776134904,0.031039534451059572,0.041775568393336494,0.002714488577895628,200,percentile
ML-GBM,education,<HS,scaled_brier,0.007782308661742898,-0.02750232972500864,0.045298623201446744,0.0201718583706329,200,percentile
ML-GBM,education,<HS,pct_flagged_7.5,0.11485340440998304,0.10549662916077496,0.12446833338306783,0.005009279063366008,200,percentile
ML-GBM,education,<HS,TPR_7.5,0.3973885196998251,0.3211381463497381,0.46876484281164904,0.0394492626337775,200,percentile
ML-GBM,education,<HS,FPR_7.5,0.10918842023898875,0.09815388576404765,0.1191413705456221,0.00542991379668747,200,percentile
ML-GBM,education,<HS,pct_flagged_20,0.023746062515144172,0.019949455422428396,0.028357135554151022,0.0023348354811707286,200,percentile
ML-GBM,education,<HS,TPR_20,0.10656502622864993,0.0668775874924593,0.15657164369665705,0.02477670703670333,200,percentile
ML-GBM,education,<HS,FPR_20,0.022898879002865333,0.01797180371948809,0.027658591826256233,0.0025157989374004143,200,percentile
ML-GBM,education,<HS,rel_OE,1.0756620640555603,0.9609748335730196,1.2101246914862172,0.06593304499333844,200,percentile
ML-GBM,education,College+,n,2796.0,1723.875,1823.025,23.610230620427007,200,percentile
ML-GBM,education,College+,events,48.0,24.0,36.025000000000006,3.4290768202529347,200,percentile
ML-GBM,education,College+,observed,0.01709407429638614,0.012633315082858925,0.021815629503753032,0.0025892950703857854,200,percentile
ML-GBM,education,College+,expected,0.019526649182843324,0.018149014223288892,0.020924209640409988,0.0006928224811382891,200,percentile
ML-GBM,education,College+,OE,0.8754228201838892,0.648369805694134,1.121245820250456,0.1302479984769961,200,percentile
ML-GBM,education,College+,cal_intercept,-0.17136876803692963,-0.4972384669062282,0.10233989351313459,0.16664784618401263,200,percentile
ML-GBM,education,College+,cal_slope,0.8903608361379305,0.7066170670915961,1.1430491290276017,0.11663280379743629,200,percentile
ML-GBM,education,College+,AUC,0.8092707356767039,0.746461566634931,0.8714187963961948,0.033898977586614865,200,percentile
ML-GBM,education,College+,brier,0.015930380974461842,0.012078527305135495,0.020018141125787734,0.002262735368280424,200,percentile
ML-GBM,education,College+,scaled_brier,0.05186839950619693,-0.018408354556995767,0.10504815798259326,0.0326173366614683,200,percentile
ML-GBM,education,College+,pct_flagged_7.5,0.05436337625178827,0.04620056697808194,0.0632445598915933,0.0041558721737016205,200,percentile
ML-GBM,education,College+,TPR_7.5,0.45355986064121756,0.339930320853589,0.6159780592970048,0.07065348033129104,200,percentile
ML-GBM,education,College+,FPR_7.5,0.0495797808077075,0.04122965831204037,0.05733178470879333,0.00428543498965758,200,percentile
ML-GBM,education,College+,pct_flagged_20,0.007868383404864092,0.004507716842983237,0.011396588337729004,0.0016537612801022306,200,percentile
ML-GBM,education,College+,TPR_20,0.10288816216256033,0.023440874267608956,0.17972233553326766,0.04192108244083842,200,percentile
ML-GBM,education,College+,FPR_20,0.005770784112063465,0.0031538375084071797,0.008610936410191235,0.00146758182098239,200,percentile
ML-GBM,education,College+,rel_OE,0.8541643927186124,0.636998699833715,1.0684079407992921,0.12021880329610628,200,percentile
ML-GBM,education,HS/GED,n,3138.0,1939.975,2026.025,22.61337488341995,200,percentile
ML-GBM,education,HS/GED,events,90.0,48.0,65.025,4.596306141974635,200,percentile
ML-GBM,education,HS/GED,observed,0.02861859988288628,0.023620827335088915,0.034869979153821465,0.003237804191311106,200,percentile
ML-GBM,education,HS/GED,expected,0.027425179989374698,0.025958399400083997,0.028837745264793935,0.0008161779204480934,200,percentile
ML-GBM,education,HS/GED,OE,1.043515480809021,0.8606353232066901,1.2954002734376877,0.11690172079678883,200,percentile
ML-GBM,education,HS/GED,cal_intercept,0.038438562783453666,-0.1817887271998367,0.26786679607650277,0.12588207180119915,200,percentile
ML-GBM,education,HS/GED,cal_slope,0.7704282488301467,0.6229464590471085,0.9497365440776073,0.07686509718241805,200,percentile
ML-GBM,education,HS/GED,AUC,0.7806800001584291,0.7414418330379665,0.8289039992407135,0.022525646488502044,200,percentile
ML-GBM,education,HS/GED,brier,0.026906160168401715,0.021873526593669205,0.03221273273017971,0.0027729676397146566,200,percentile
ML-GBM,education,HS/GED,scaled_brier,0.03213773718431967,-0.007231440971885929,0.07572814925792717,0.021674856223574786,200,percentile
ML-GBM,education,HS/GED,pct_flagged_7.5,0.08859145952836202,0.07940165831268844,0.09783213992201913,0.0046622905930145024,200,percentile
ML-GBM,education,HS/GED,TPR_7.5,0.36484282233166565,0.2823738739987908,0.4730741407128733,0.04945642667280279,200,percentile
ML-GBM,education,HS/GED,FPR_7.5,0.0823692775545478,0.0733455483096756,0.09173746666089208,0.0050790346395826564,200,percentile
ML-GBM,education,HS/GED,pct_flagged_20,0.01561504142766093,0.011474981821439658,0.020229004480971362,0.002310364285611118,200,percentile
ML-GBM,education,HS/GED,TPR_20,0.0995025879086361,0.042043713648394716,0.17160645560683205,0.03189574741377802,200,percentile
ML-GBM,education,HS/GED,FPR_20,0.013192136861408254,0.008892311546402298,0.01766153743261429,0.0022093758497710335,200,percentile
ML-GBM,education,HS/GED,rel_OE,1.018175156515199,0.8255270344764144,1.2373522693242596,0.10177056812362423,200,percentile
ML-GBM,education,Some college,n,3390.0,2089.95,2195.1,26.056961183734565,200,percentile
ML-GBM,education,Some college,events,71.0,38.0,53.0,3.7634048520458214,200,percentile
ML-GBM,education,Some college,observed,0.0207218498695426,0.016468492297619826,0.025768574705325214,0.0023823991329441074,200,percentile
ML-GBM,education,Some college,expected,0.021122752677874484,0.019743967376782866,0.022322323511179413,0.000656536174038253,200,percentile
ML-GBM,education,Some college,OE,0.9810203331712625,0.7769487996911122,1.205040699829186,0.11977163825900167,200,percentile
ML-GBM,education,Some college,cal_intercept,-0.02840134788632007,-0.2906427570239333,0.21033437634410515,0.13359568796848706,200,percentile
ML-GBM,education,Some college,cal_slope,0.6531263397914612,0.4739323218879503,0.8284278041862049,0.0907551211824612,200,percentile
ML-GBM,education,Some college,AUC,0.7423185946112707,0.6775850524162816,0.7985219779129381,0.03231032814738604,200,percentile
ML-GBM,education,Some college,brier,0.020392943157371425,0.016412354879997676,0.024632512047658862,0.0021317940237899928,200,percentile
ML-GBM,education,Some college,scaled_brier,-0.004952005600003417,-0.04415461390809549,0.030138723837695572,0.01838039356362539,200,percentile
ML-GBM,education,Some college,pct_flagged_7.5,0.05929203539823009,0.05137661207554109,0.06606642603940621,0.0038479755796326123,200,percentile
ML-GBM,education,Some college,TPR_7.5,0.22422531611488924,0.12787193431867197,0.3100110326454666,0.04553460372067358,200,percentile
ML-GBM,education,Some college,FPR_7.5,0.0565721482691768,0.04759183554717937,0.0650696324777228,0.004465862011042444,200,percentile
ML-GBM,education,Some college,pct_flagged_20,0.009734513274336283,0.006848958863400435,0.01296156231180648,0.001623990276877911,200,percentile
ML-GBM,education,Some college,TPR_20,0.05605632902872231,0.013445546922644401,0.11295554517822169,0.026898549034112575,200,percentile
ML-GBM,education,Some college,FPR_20,0.009007796432174829,0.00609636446143652,0.012809133008521843,0.0018002763194650056,200,percentile
ML-GBM,education,Some college,rel_OE,0.9571976167491544,0.7640958647974966,1.1500489887769474,0.103347523956161,200,percentile
ML-GBM,sex,GAP(max-min),OE,0.01603088220599158,0.0,0.02736681649630665,0.05843807651066034,200,basic
ML-GBM,sex,GAP(max-min),AUC,0.012200945510709826,0.0,0.023458811038106014,0.017008077018296815,200,basic
ML-GBM,sex,GAP(max-min),cal_slope,0.030932173162099508,0.0,0.06123171223912326,0.05269556330826852,200,basic
ML-GBM,sex,GAP(max-min),TPR_7.5,0.038257035771195824,0.0,0.07468267969693707,0.03879208054705098,200,basic
ML-GBM,sex,GAP(max-min),FPR_7.5,0.04489324448175505,0.035756844124168505,0.05454172553902829,0.005479614781786761,200,basic
ML-GBM,sex,GAP(max-min),pct_flagged_7.5,0.04810150182995048,0.0383801212110847,0.05777415215077818,0.0051963720238891375,200,basic
ML-GBM,sex,GAP(max/min),OE,1.0158003843739234,1.0,1.027082665830081,0.06278388362465973,200,basic
ML-GBM,race,GAP(max-min),OE,0.18797355044512754,0.0,0.3108724217227709,0.14801073325341155,200,basic
ML-GBM,race,GAP(max-min),AUC,0.0323161009407148,0.0,0.04972035812956473,0.03243608897159008,200,basic
ML-GBM,race,GAP(max-min),cal_slope,0.1473029404831393,0.0,0.2515996274083778,0.11217514605424261,200,basic
ML-GBM,race,GAP(max-min),TPR_7.5,0.22985269152088228,0.045548568856521754,0.4206934938388144,0.10821692675644622,200,basic
ML-GBM,race,GAP(max-min),FPR_7.5,0.04599029406315023,0.02934482539323989,0.06902372309043632,0.010411569359677023,200,basic
ML-GBM,race,GAP(max-min),pct_flagged_7.5,0.05271648302258156,0.037381153393698796,0.07427147817880823,0.01049331230027186,200,basic
ML-GBM,race,GAP(max/min),OE,1.2036668435614692,1.0,1.3423892177391847,0.20967263226855204,200,basic
ML-GBM,age_group,GAP(max-min),OE,0.2779627865095434,0.0,0.45926409607300767,0.175713100368082,200,basic
ML-GBM,age_group,GAP(max-min),AUC,0.05646721026929025,0.0,0.09388226810940763,0.04544886154369095,200,basic
ML-GBM,age_group,GAP(max-min),cal_slope,0.20415626875428283,0.0,0.30661805774933054,0.15956715764879809,200,basic
ML-GBM,age_group,GAP(max-min),TPR_7.5,0.49143214815327224,0.3771312287170011,0.5632418689899393,0.05083550959903958,200,basic
ML-GBM,age_group,GAP(max-min),FPR_7.5,0.32170906910142216,0.29868547668313816,0.34256698829738313,0.011810281658147067,200,basic
ML-GBM,age_group,GAP(max-min),pct_flagged_7.5,0.33631525230514075,0.31764944369012854,0.3537411204854408,0.010354383563562192,200,basic
ML-GBM,age_group,GAP(max/min),OE,1.2959820122098706,1.0,1.489990531198231,0.21641796751135395,200,basic
ML-GBM,income,GAP(max-min),OE,0.5970490172537041,0.3230872603222864,0.8956398225615169,0.14072002566581557,200,basic
ML-GBM,income,GAP(max-min),AUC,0.07440700910759235,0.019476238198621237,0.11435043960795263,0.025502001078746023,200,basic
ML-GBM,income,GAP(max-min),cal_slope,0.23229396651225176,0.037283397534069784,0.3813978133159195,0.08594785388721964,200,basic
ML-GBM,income,GAP(max-min),TPR_7.5,0.1882735059390569,0.07270852651330173,0.311971651520233,0.06047602704081099,200,basic
ML-GBM,income,GAP(max-min),FPR_7.5,0.05110555673798512,0.04050798895727896,0.06186465823098571,0.005735753135005643,200,basic
ML-GBM,income,GAP(max-min),pct_flagged_7.5,0.05806124621910092,0.04842038743683408,0.06854872989009275,0.005690768934597728,200,basic
ML-GBM,income,GAP(max/min),OE,1.884484694621996,1.1433939578876888,2.413931825673844,0.30297203590984156,200,basic
ML-GBM,education,GAP(max-min),OE,0.22701030124751753,0.0,0.33938500403140603,0.12607064156316378,200,basic
ML-GBM,education,GAP(max-min),AUC,0.06695214106543323,0.0,0.1081773859501251,0.035398518786014375,200,basic
ML-GBM,education,GAP(max-min),cal_slope,0.27603299986404073,0.0,0.4527795707985721,0.11892921745785093,200,basic
ML-GBM,education,GAP(max-min),TPR_7.5,0.22933454452632832,0.046853340163475254,0.33616614880517964,0.07267938848663541,200,basic
ML-GBM,education,GAP(max-min),FPR_7.5,0.05960863943128125,0.0472122055464175,0.07335680181175781,0.007248623228897613,200,basic
ML-GBM,education,GAP(max-min),pct_flagged_7.5,0.06049002815819477,0.04730064220827264,0.07307850106850751,0.00679709449559467,200,basic
ML-GBM,education,GAP(max/min),OE,1.2593150372751676,1.0,1.4031761482162035,0.19520404660133617,200,basic
