tool,attribute,level,metric,value,lo,hi,se,n_rep,ci_method
PCE,Overall,All,n,12851.0,6243.8,6681.15,113.20703129520443,200,percentile
PCE,Overall,All,events,333.0,151.0,188.025,9.198578380440397,200,percentile
PCE,Overall,All,observed,0.018259132654697845,0.0152370789918285,0.02194398216351286,0.0015577176931997592,200,percentile
PCE,Overall,All,expected,0.08131154211666518,0.07862960889316195,0.08387819090433608,0.0013501176577271521,200,percentile
PCE,Overall,All,OE,0.22455769721474206,0.19291480150516438,0.26777205333181364,0.017840847291022522,200,percentile
PCE,Overall,All,cal_intercept,-1.6968021892512861,-1.8466231013193912,-1.5169940184709272,0.07977091758676107,200,percentile
PCE,Overall,All,cal_slope,0.9844362042315872,0.8516654331445453,1.152461618375056,0.07765541636647214,200,percentile
PCE,Overall,All,AUC,0.8141113419431507,0.7791308040815359,0.8511937286436501,0.017254516006909353,200,percentile
PCE,Overall,All,brier,0.026418969884246246,0.02393484103153778,0.029486372358364477,0.0013688196074360746,200,percentile
PCE,Overall,All,scaled_brier,-0.4738010650866249,-0.6034922520861175,-0.3526229893863506,0.06284795181897486,200,percentile
PCE,Overall,All,pct_flagged_7.5,0.3425023713533398,0.3315293562450235,0.3534074373979417,0.006019911593144588,200,percentile
PCE,Overall,All,TPR_7.5,0.8260864524783273,0.7642461490426684,0.8855205344388758,0.0314535044862331,200,percentile
PCE,Overall,All,FPR_7.5,0.33519495085484585,0.32434206848539276,0.3472356740249839,0.006286651760403131,200,percentile
PCE,Overall,All,pct_flagged_20,0.10795809802319124,0.10218838540638876,0.11420917945177103,0.0032641064715007778,200,percentile
PCE,Overall,All,TPR_20,0.46881276863386145,0.40109679641041207,0.5474104412924553,0.0381171224313321,200,percentile
PCE,Overall,All,FPR_20,0.10094962896735696,0.094731704293223,0.10811543996137471,0.0036588851137687806,200,percentile
PCE,Overall,All,rel_OE,1.0,1.0,1.0,0.0,200,percentile
PCE,sex,Female,n,6536.0,3170.95,3407.1,61.6232431431306,200,percentile
PCE,sex,Female,events,129.0,53.975,76.025,5.6826987714142625,200,percentile
PCE,sex,Female,observed,0.014298811656041032,0.011440341297596274,0.017886875796136174,0.0015999201735201812,200,percentile
PCE,sex,Female,expected,0.06352735598654673,0.060635262679718784,0.0667433904891466,0.001586826191041869,200,percentile
PCE,sex,Female,OE,0.22508117068604447,0.1873186331428013,0.2747820199972027,0.022825830052723803,200,percentile
PCE,sex,Female,cal_intercept,-1.6934167445486232,-1.8880644812195035,-1.483162173154771,0.1042210331969979,200,percentile
PCE,sex,Female,cal_slope,0.9985663331456252,0.804490882569658,1.1555362749577254,0.08743451021460319,200,percentile
PCE,sex,Female,AUC,0.8399406233100538,0.7932866827719565,0.876896123126838,0.020814156368698055,200,percentile
PCE,sex,Female,brier,0.02030572816723066,0.017523875667466184,0.02363855389843381,0.001444445938319318,200,percentile
PCE,sex,Female,scaled_brier,-0.440699290131336,-0.6248565085806346,-0.31958953189804445,0.08127926290574783,200,percentile
PCE,sex,Female,pct_flagged_7.5,0.2510453262083265,0.23782829837483901,0.26344238716132273,0.006791906238473368,200,percentile
PCE,sex,Female,TPR_7.5,0.8042193774604005,0.7143299160350477,0.8743067279686195,0.042908632288657496,200,percentile
PCE,sex,Female,FPR_7.5,0.24607775140021715,0.2333812664215387,0.2621904376844696,0.0073018330180928005,200,percentile
PCE,sex,Female,pct_flagged_20,0.08133218697573015,0.07474365344481024,0.08981416334508639,0.003644195285880428,200,percentile
PCE,sex,Female,TPR_20,0.48312514521984,0.37935046848819376,0.5774564150722181,0.05094391992145978,200,percentile
PCE,sex,Female,FPR_20,0.07558274580821804,0.06903310395994414,0.08469601115184135,0.0038758473052133307,200,percentile
PCE,sex,Female,rel_OE,1.0023311312762608,0.8809724454706201,1.1270545923619324,0.06995212286529792,200,percentile
PCE,sex,Male,n,6315.0,3057.975,3290.125,60.87899192900173,200,percentile
PCE,sex,Male,events,204.0,87.975,117.0,7.245776798041406,200,percentile
PCE,sex,Male,observed,0.022578668278006912,0.019075092164227442,0.02767814346895268,0.002252923241004078,200,percentile
PCE,sex,Male,expected,0.10079837137862746,0.09750480249663246,0.10399023907491692,0.0016759242470377467,200,percentile
PCE,sex,Male,OE,0.22399834411207883,0.1941441261605925,0.27624986920008215,0.021600874952417644,200,percentile
PCE,sex,Male,cal_intercept,-1.6991348166390061,-1.856812524276523,-1.4890081424601735,0.09907315921509752,200,percentile
PCE,sex,Male,cal_slope,0.9705785325061321,0.8040581768616949,1.1830132303765692,0.1033561866768559,200,percentile
PCE,sex,Male,AUC,0.7805231227293098,0.7382897832576889,0.8250018151634786,0.023650109849911463,200,percentile
PCE,sex,Male,brier,0.033086703479453264,0.030024826626710716,0.03714861744775852,0.001813675034184335,200,percentile
PCE,sex,Male,scaled_brier,-0.4992476033332356,-0.6571861838460586,-0.350506210422597,0.07979346023857431,200,percentile
PCE,sex,Male,pct_flagged_7.5,0.44271543764183213,0.42664346963991523,0.45888846896373947,0.008620212393027998,200,percentile
PCE,sex,Male,TPR_7.5,0.8411906963453946,0.7623063392915159,0.9140863166782364,0.036882411450110224,200,percentile
PCE,sex,Male,FPR_7.5,0.43321878116781626,0.4147992986801711,0.44950243727609396,0.009069564607809,200,percentile
PCE,sex,Male,pct_flagged_20,0.1371331515640087,0.12702861807088725,0.1465265330371767,0.005072679654021461,200,percentile
PCE,sex,Male,TPR_20,0.4589267813175559,0.37586038802015664,0.5643611095470943,0.051585916234293316,200,percentile
PCE,sex,Male,FPR_20,0.12885175185247225,0.11934087567956458,0.14037320893079894,0.005481344566883398,200,percentile
PCE,sex,Male,rel_OE,0.9975090896032465,0.9095536329880285,1.0800609656088869,0.048320710621854834,200,percentile
PCE,race,Mexican American,n,2701.0,1106.925,1560.0,117.19133251689493,200,percentile
PCE,race,Mexican American,events,55.0,16.975,36.0,4.965964560898566,200,percentile
PCE,race,Mexican American,observed,0.016277313254553467,0.009612973904533445,0.022429504136546784,0.0034390260242196245,200,percentile
PCE,race,Mexican American,expected,0.07236907267984709,0.06632875854633327,0.07669993051164187,0.0028150027918618097,200,percentile
PCE,race,Mexican American,OE,0.22492084880737012,0.13926896137650135,0.3097371314090125,0.04481120653735921,200,percentile
PCE,race,Mexican American,cal_intercept,-1.7173105366993278,-2.175745107498099,-1.3936297406450309,0.21498883818266462,200,percentile
PCE,race,Mexican American,cal_slope,0.7396836644330589,0.48692482904665496,1.0684174575616585,0.15557382714280674,200,percentile
PCE,race,Mexican American,AUC,0.7714516068501011,0.6854609245059439,0.8568795532864082,0.04476407004451892,200,percentile
PCE,race,Mexican American,brier,0.02540710604725798,0.018805431657159314,0.030832763289909575,0.003287417111516067,200,percentile
PCE,race,Mexican American,scaled_brier,-0.5867181573327382,-1.0465912326981863,-0.36069617654892744,0.1919681952355759,200,percentile
PCE,race,Mexican American,pct_flagged_7.5,0.284275308454526,0.25638545285166836,0.30600048443761474,0.013115189464420572,200,percentile
PCE,race,Mexican American,TPR_7.5,0.6341572935082951,0.4386421903758984,0.8366433110278193,0.10055417666665521,200,percentile
PCE,race,Mexican American,FPR_7.5,0.2787413215347788,0.25117106099264264,0.29950591142983574,0.01311322262780924,200,percentile
PCE,race,Mexican American,pct_flagged_20,0.09560540775271631,0.07728327883996673,0.1093785199833948,0.008312789899626678,200,percentile
PCE,race,Mexican American,TPR_20,0.40093328283617086,0.2556016054189054,0.5841764490072929,0.09241862548565821,200,percentile
PCE,race,Mexican American,FPR_20,0.09137734993106324,0.07606259147084715,0.10470407989970382,0.007448602833245236,200,percentile
PCE,race,Mexican American,rel_OE,1.0016171861269167,0.6368812900210211,1.3929860606581397,0.201900914548095,200,percentile
PCE,race,NH Black,n,2419.0,1058.775,1360.05,75.45441550429952,200,percentile
PCE,race,NH Black,events,80.0,30.0,51.025000000000006,5.232001932444744,200,percentile
PCE,race,NH Black,observed,0.025565243548074105,0.02034727883567887,0.031121041799918914,0.002788823918965767,200,percentile
PCE,race,NH Black,expected,0.10094391390647922,0.09592238257646377,0.10541380037109938,0.0024561613241714593,200,percentile
PCE,race,NH Black,OE,0.25326186154976466,0.2044676197036428,0.30345838569272865,0.02717909787308717,200,percentile
PCE,race,NH Black,cal_intercept,-1.6065500174290297,-1.8368386545560653,-1.4178227960981518,0.11508102035884354,200,percentile
PCE,race,NH Black,cal_slope,0.8714672619953943,0.5710723548970847,1.2201620606739128,0.16387209723297388,200,percentile
PCE,race,NH Black,AUC,0.758618407896598,0.6794876116390225,0.8392925445371888,0.03984913922004793,200,percentile
PCE,race,NH Black,brier,0.035232159279911565,0.030495979398255362,0.03989992120738389,0.002360183216780425,200,percentile
PCE,race,NH Black,scaled_brier,-0.4142837785451752,-0.6170457233762145,-0.2628247519279492,0.09300546147584107,200,percentile
PCE,race,NH Black,pct_flagged_7.5,0.44330432724485425,0.4219428509500229,0.46073559644806206,0.009966100887444913,200,percentile
PCE,race,NH Black,TPR_7.5,0.8276838885421214,0.7163079098828996,0.9246949901121098,0.055359099460802294,200,percentile
PCE,race,NH Black,FPR_7.5,0.44533263255401356,0.42128479111931105,0.46606371038346317,0.01153219757229971,200,percentile
PCE,race,NH Black,pct_flagged_20,0.142950456170165,0.1270636980196853,0.1575481900786835,0.008168451368661471,200,percentile
PCE,race,NH Black,TPR_20,0.5070805714828116,0.405076647143941,0.6144205594961648,0.056361870909769296,200,percentile
PCE,race,NH Black,FPR_20,0.13703130974275485,0.12033085125992249,0.1526205652404467,0.008533657683197311,200,percentile
PCE,race,NH Black,rel_OE,1.1278253415093276,0.8676080220021716,1.3897112318149025,0.13033884524160888,200,percentile
PCE,race,NH White,n,6377.0,2923.675,3514.8250000000003,150.60396699413948,200,percentile
PCE,race,NH White,events,177.0,75.0,108.025,8.603363546986026,200,percentile
PCE,race,NH White,observed,0.018143963408148334,0.01460569744998004,0.023247886440067204,0.0019702226850302155,200,percentile
PCE,race,NH White,expected,0.08056309872728981,0.0772868997736072,0.08371518740573053,0.0016625838908983757,200,percentile
PCE,race,NH White,OE,0.22521431889762053,0.1862754142533674,0.28064732157258543,0.02254390325090613,200,percentile
PCE,race,NH White,cal_intercept,-1.6862662438122364,-1.8691965815760818,-1.4583103328443874,0.10169043249073828,200,percentile
PCE,race,NH White,cal_slope,1.0424430093264823,0.8761726321720668,1.275332124774176,0.10059582333951872,200,percentile
PCE,race,NH White,AUC,0.8297944117172712,0.791633729822811,0.8716315618669731,0.020282422586864378,200,percentile
PCE,race,NH White,brier,0.025887171770150534,0.02269256448731663,0.029836209385291343,0.0016767147751167641,200,percentile
PCE,race,NH White,scaled_brier,-0.4531305372714538,-0.6151963762402731,-0.3162073007817682,0.07604605236264952,200,percentile
PCE,race,NH White,pct_flagged_7.5,0.33841305273444566,0.32419818582691246,0.3530438863358664,0.007724526886677971,200,percentile
PCE,race,NH White,TPR_7.5,0.8571643106439663,0.7714751388250348,0.9311738470004126,0.03676562935507777,200,percentile
PCE,race,NH White,FPR_7.5,0.3286877758561538,0.31514001651322493,0.34387182314599607,0.0076726665146932375,200,percentile
PCE,race,NH White,pct_flagged_20,0.1070241355448859,0.09999141909069148,0.11461799640013463,0.003830833948464857,200,percentile
PCE,race,NH White,TPR_20,0.48860846439507755,0.39451907720093415,0.5900924984131524,0.04767124951435079,200,percentile
PCE,race,NH White,FPR_20,0.09902844235640638,0.09245988486478697,0.10838473710428315,0.004048424977876132,200,percentile
PCE,race,NH White,rel_OE,1.0029240666920918,0.9366889000516138,1.049709582696175,0.030742436547262636,200,percentile
PCE,race,Other Hispanic,n,901.0,337.925,571.325,56.95261540974261,200,percentile
PCE,race,Other Hispanic,events,16.0,4.0,13.0,2.5987965904612405,200,percentile
PCE,race,Other Hispanic,observed,0.0160590726115451,0.005101153958524901,0.02856040567230794,0.006160549074224618,200,percentile
PCE,race,Other Hispanic,expected,0.07513945753380424,0.06581488956888966,0.08272817645900729,0.004704766630080281,200,percentile
PCE,race,Other Hispanic,OE,0.21372356333981166,0.06480667387145464,0.40737578613028785,0.08571361062935766,200,percentile
PCE,race,Other Hispanic,cal_intercept,-1.7203766675770071,-2.9321122007892724,-1.0358294487321822,0.4798991892605953,200,percentile
PCE,race,Other Hispanic,cal_slope,0.6765482379874334,0.3372844571653565,1.5074088808016815,0.3683493314502279,200,percentile
PCE,race,Other Hispanic,AUC,0.7226572921665682,0.62405231182894,0.8640904060987395,0.0689138649471181,200,percentile
PCE,race,Other Hispanic,brier,0.02455790579654937,0.01627104020257847,0.035740113975852604,0.00523399542485105,200,percentile
PCE,race,Other Hispanic,scaled_brier,-0.5541818816095294,-2.497704547042518,-0.19650246570782381,1.0054509628181418,200,percentile
PCE,race,Other Hispanic,pct_flagged_7.5,0.322225480880582,0.28429369159438495,0.3553690206951449,0.0185606960498274,200,percentile
PCE,race,Other Hispanic,TPR_7.5,0.551727668740509,0.21392436181995256,1.0,0.2120437056409491,200,percentile
PCE,race,Other Hispanic,FPR_7.5,0.31377083182900717,0.2726376418694571,0.35130341998476916,0.02157334573441725,200,percentile
PCE,race,Other Hispanic,pct_flagged_20,0.08970184062322449,0.06069884382806124,0.11588997660057385,0.01506207403936807,200,percentile
PCE,race,Other Hispanic,TPR_20,0.21509775905908252,0.059199191945465794,0.5106514713258562,0.12419648303543579,200,percentile
PCE,race,Other Hispanic,FPR_20,0.08851107403375005,0.058744237702914516,0.11398284622154754,0.01533868933071076,200,percentile
PCE,race,Other Hispanic,rel_OE,0.9517534512986663,0.2891943019140248,1.9025520627252808,0.3945049638320548,200,percentile
PCE,race,Other/Multiracial,n,453.0,187.0,263.1,18.956092482657272,200,percentile
PCE,race,Other/Multiracial,events,5.0,1.0,4.0,0.8501256188582931,200,percentile
PCE,race,Other/Multiracial,observed,0.008958833097011294,0.0017436925715847054,0.016630253922543997,0.004372740445559088,200,percentile
PCE,race,Other/Multiracial,expected,0.07130442767923731,0.06352938288209012,0.07996282179650982,0.004477568153898751,200,percentile
PCE,race,Other/Multiracial,OE,0.12564203077700267,0.02354088577304974,0.24499818843815108,0.06398514782137783,200,percentile
PCE,race,Other/Multiracial,cal_intercept,-2.3053513530656127,-3.9874233946654623,-1.6065088440896729,0.6590493242390975,200,percentile
PCE,race,Other/Multiracial,cal_slope,0.7223967050430283,0.3913602698131787,1.4376821581770056,0.3132810469270199,200,percentile
PCE,race,Other/Multiracial,AUC,0.794312670950173,0.6832271841201121,0.9400894491379883,0.0844566339025174,200,percentile
PCE,race,Other/Multiracial,brier,0.02005430899510765,0.012775008470948262,0.026677637761908363,0.003918875180975457,200,percentile
PCE,race,Other/Multiracial,scaled_brier,-1.2587312550732,-7.518857837067882,-0.5150725431311267,1.8130884984395692,200,percentile
PCE,race,Other/Multiracial,pct_flagged_7.5,0.30002820866513885,0.26017220101984934,0.3384220728349605,0.020145010043033394,200,percentile
PCE,race,Other/Multiracial,TPR_7.5,0.5580633515244523,0.17180660084200322,1.0,0.336124457155663,200,percentile
PCE,race,Other/Multiracial,FPR_7.5,0.30524382021634694,0.2538119504998244,0.3566094713558275,0.024963339605409463,200,percentile
PCE,race,Other/Multiracial,pct_flagged_20,0.08581005878353623,0.053585309391276065,0.11375022432833504,0.01544461921637846,200,percentile
PCE,race,Other/Multiracial,TPR_20,0.09167862656148287,0.0,1.0,0.2790149358654756,200,percentile
PCE,race,Other/Multiracial,FPR_20,0.08224869681555917,0.052540138930923956,0.1085444816019048,0.01545793602326283,200,percentile
PCE,race,Other/Multiracial,rel_OE,0.5595089027692183,0.10898524613439396,1.0831766188183436,0.2899575016611625,200,percentile
PCE,age_group,40-49,n,4228.0,2046.975,2206.05,40.909693105054565,200,percentile
PCE,age_group,40-49,events,33.0,12.0,23.0,2.8525576991772983,200,percentile
PCE,age_group,40-49,observed,0.006177362043944706,0.0037141321245675847,0.009592236060778851,0.0015385042144552333,200,percentile
PCE,age_group,40-49,expected,0.028843828218132337,0.027537306207452726,0.030260824715741902,0.0007061455353944118,200,percentile
PCE,age_group,40-49,OE,0.21416581728431525,0.12609476794800917,0.3227694872994939,0.051936892616394954,200,percentile
PCE,age_group,40-49,cal_intercept,-1.6151766561358725,-2.1534719481549898,-1.201633906635485,0.2522825554053129,200,percentile
PCE,age_group,40-49,cal_slope,1.0969125658538774,0.8452245407654302,1.3545086923783056,0.1327140621546348,200,percentile
PCE,age_group,40-49,AUC,0.8197806915581844,0.7558153485775296,0.8785561650129564,0.031505719385492764,200,percentile
PCE,age_group,40-49,brier,0.0073468883547252424,0.005155187078244451,0.010376838508382497,0.0013515028689605742,200,percentile
PCE,age_group,40-49,scaled_brier,-0.19671710834287914,-0.4400760523790572,-0.08502002733681013,0.0945161093821754,200,percentile
PCE,age_group,40-49,pct_flagged_7.5,0.07945224137601542,0.07086434564141098,0.08969402165455517,0.0048745383457174975,200,percentile
PCE,age_group,40-49,TPR_7.5,0.3511963749481375,0.17451084326301933,0.5225108939049792,0.08950326469427794,200,percentile
PCE,age_group,40-49,FPR_7.5,0.0770866793401608,0.06840790587232032,0.08737077616443949,0.00516418966979207,200,percentile
PCE,age_group,40-49,pct_flagged_20,0.004342330276686302,0.002055181301752797,0.0067386829976290065,0.0012070131520958598,200,percentile
PCE,age_group,40-49,TPR_20,0.018643126626665705,0.0,0.05835566446333592,0.020484522109112176,200,percentile
PCE,age_group,40-49,FPR_20,0.004480740956763749,0.0022238038935569237,0.0070991514526941345,0.001287084970107772,200,percentile
PCE,age_group,40-49,rel_OE,0.9537228959001607,0.5894930645604042,1.387178765892579,0.21295284367600484,200,percentile
PCE,age_group,50-59,n,3260.0,1556.95,1729.1,43.378607839469154,200,percentile
PCE,age_group,50-59,events,40.0,14.0,27.025000000000006,3.513992131965807,200,percentile
PCE,age_group,50-59,observed,0.00996025642592069,0.006530629237850776,0.014154823223523235,0.0019785545433338328,200,percentile
PCE,age_group,50-59,expected,0.05900696880497571,0.0569896405488383,0.06137428242872596,0.0011131761285371564,200,percentile
PCE,age_group,50-59,OE,0.1687979678949514,0.11216794094250644,0.23292355731016598,0.03253287113031897,200,percentile
PCE,age_group,50-59,cal_intercept,-1.8798908008770019,-2.290368073452603,-1.5550557855920617,0.1989121105598738,200,percentile
PCE,age_group,50-59,cal_slope,0.800952290457707,0.37298534207249845,1.2282353750693709,0.2335642415617517,200,percentile
PCE,age_group,50-59,AUC,0.7037033910676175,0.5776081113206742,0.807952217317045,0.05756096568043425,200,percentile
PCE,age_group,50-59,brier,0.014245777638303665,0.011389878728547779,0.0178880054072773,0.0017479571959830085,200,percentile
PCE,age_group,50-59,scaled_brier,-0.4446512334803241,-0.7678944723946436,-0.27868637417808834,0.12442127801053751,200,percentile
PCE,age_group,50-59,pct_flagged_7.5,0.2486166571710179,0.23323498504017076,0.26322929118136246,0.008518349691415216,200,percentile
PCE,age_group,50-59,TPR_7.5,0.6594521033564589,0.4596431999874291,0.8388594097468163,0.09906725922204232,200,percentile
PCE,age_group,50-59,FPR_7.5,0.24384113209518068,0.22594441474629268,0.26159012079237703,0.009541017536777052,200,percentile
PCE,age_group,50-59,pct_flagged_20,0.023513877201425244,0.017834468450915013,0.028738304696223595,0.0029712790545271357,200,percentile
PCE,age_group,50-59,TPR_20,0.0798180894816684,0.0,0.18514415303106935,0.04388673559988183,200,percentile
PCE,age_group,50-59,FPR_20,0.022825877935261557,0.017130686701871126,0.029207848603666986,0.003084328556956338,200,percentile
PCE,age_group,50-59,rel_OE,0.7516908571320615,0.536440725423883,1.0069345575421387,0.12474276877642632,200,percentile
PCE,age_group,60-69,n,3272.0,1556.0,1732.025,45.61075316216669,200,percentile
PCE,age_group,60-69,events,92.0,38.975,54.0,4.329979052254737,200,percentile
PCE,age_group,60-69,observed,0.02516531422026301,0.018837228448022214,0.03212763357149883,0.0035250731495560087,200,percentile
PCE,age_group,60-69,expected,0.12641710339638138,0.12350324958960915,0.1294000193516903,0.0016431545874622724,200,percentile
PCE,age_group,60-69,OE,0.19906573987348103,0.15029800404757246,0.25867259101738194,0.028024577994287193,200,percentile
PCE,age_group,60-69,cal_intercept,-1.7846792261163607,-2.0763623357912513,-1.5056620563544154,0.1476951902585017,200,percentile
PCE,age_group,60-69,cal_slope,0.7913400412361282,0.4143921264881981,1.163145258336947,0.19598673378643253,200,percentile
PCE,age_group,60-69,AUC,0.6709757833479104,0.5876284935852694,0.7443501378364417,0.041984575053433955,200,percentile
PCE,age_group,60-69,brier,0.03907844996078691,0.034694855514746825,0.0442535727376956,0.002504456008782449,200,percentile
PCE,age_group,60-69,scaled_brier,-0.5929568001480356,-0.8998371199723624,-0.38836056982709993,0.13331982965909264,200,percentile
PCE,age_group,60-69,pct_flagged_7.5,0.696014699176846,0.6800597654418068,0.7118166343386951,0.008253533157707589,200,percentile
PCE,age_group,60-69,TPR_7.5,0.8853431149507777,0.7917667638800356,0.9570206369969646,0.04543364202584805,200,percentile
PCE,age_group,60-69,FPR_7.5,0.69485877574475,0.6750838554000146,0.7115571776890067,0.010041023349723946,200,percentile
PCE,age_group,60-69,pct_flagged_20,0.15320348146826152,0.13964317126599965,0.167649186309334,0.007559130449618634,200,percentile
PCE,age_group,60-69,TPR_20,0.2994841181158537,0.19798761686168953,0.42040953695902905,0.05959864996065072,200,percentile
PCE,age_group,60-69,FPR_20,0.14342695700474944,0.12913921497108732,0.15855696309095035,0.008276756521499517,200,percentile
PCE,age_group,60-69,rel_OE,0.886479253851257,0.6963573369748508,1.0587586744081048,0.0969269604222326,200,percentile
PCE,age_group,70-79,n,2091.0,987.9,1120.0,32.73460204209411,200,percentile
PCE,age_group,70-79,events,168.0,71.0,96.025,6.601842288940279,200,percentile
PCE,age_group,70-79,observed,0.07472044143926194,0.06027899228045474,0.08923346164971416,0.007513767174470167,200,percentile
PCE,age_group,70-79,expected,0.2634929002192015,0.25684239793142427,0.2703492192968425,0.0036742036014644945,200,percentile
PCE,age_group,70-79,OE,0.28357667844978557,0.22675123149560464,0.33830579798850446,0.02816722233850039,200,percentile
PCE,age_group,70-79,cal_intercept,-1.5768464774645594,-1.8254018372521184,-1.3877469080680975,0.11232723543316715,200,percentile
PCE,age_group,70-79,cal_slope,0.8469804516407389,0.5779708023177922,1.1539401076894802,0.14559434077964772,200,percentile
PCE,age_group,70-79,AUC,0.6618774157693009,0.6064348945702647,0.709453687923183,0.025465028890191505,200,percentile
PCE,age_group,70-79,brier,0.10989772166052322,0.10172109363422976,0.11781650814879313,0.004207163634687245,200,percentile
PCE,age_group,70-79,scaled_brier,-0.5895576818492654,-0.8630253294080686,-0.4311478031453492,0.11360136746303758,200,percentile
PCE,age_group,70-79,pct_flagged_7.5,0.9901502834657298,0.9850906439335897,0.995085675998558,0.0027535764438009563,200,percentile
PCE,age_group,70-79,TPR_7.5,1.0,1.0,1.0,0.0,200,percentile
PCE,age_group,70-79,FPR_7.5,0.9903979279156825,0.9850961931807728,0.9956176786467201,0.0028393314118071457,200,percentile
PCE,age_group,70-79,pct_flagged_20,0.6577092447489205,0.638410772386024,0.6770955237473821,0.01038067998846114,200,percentile
PCE,age_group,70-79,TPR_20,0.851004947244757,0.7737755238140641,0.9199551480187992,0.03760527023865801,200,percentile
PCE,age_group,70-79,FPR_20,0.6455421295455684,0.6235229484045328,0.6660928887253439,0.011189095902112978,200,percentile
PCE,age_group,70-79,rel_OE,1.2628232386022569,1.0795798870999898,1.4591155814999297,0.10670351605768824,200,percentile
PCE,income,PIR 1.3-3.5,n,4300.0,2061.0,2269.225,52.23236424260208,200,percentile
PCE,income,PIR 1.3-3.5,events,134.0,55.975,78.025,6.202915103311867,200,percentile
PCE,income,PIR 1.3-3.5,observed,0.024634807027959664,0.019230422884167927,0.02991313661643493,0.0028751717546942022,200,percentile
PCE,income,PIR 1.3-3.5,expected,0.09984278079176473,0.09533654765585536,0.10485048701505699,0.0023250026933382406,200,percentile
PCE,income,PIR 1.3-3.5,OE,0.2467359866442302,0.19304198132057773,0.29635161045358605,0.02731393782294912,200,percentile
PCE,income,PIR 1.3-3.5,cal_intercept,-1.6198025043268758,-1.9097169532491411,-1.4252015110840692,0.11874398861723341,200,percentile
PCE,income,PIR 1.3-3.5,cal_slope,1.05094885557874,0.8466339149827228,1.307311971725908,0.12377070433647137,200,percentile
PCE,income,PIR 1.3-3.5,AUC,0.8267777935098314,0.7835803721099232,0.8731213240611224,0.023751480855685188,200,percentile
PCE,income,PIR 1.3-3.5,brier,0.034352359381623454,0.030272290133944505,0.038140623091780575,0.0021031127970689723,200,percentile
PCE,income,PIR 1.3-3.5,scaled_brier,-0.4296843152294907,-0.686542154408068,-0.27989793020939896,0.10680872839760769,200,percentile
PCE,income,PIR 1.3-3.5,pct_flagged_7.5,0.4242896072405395,0.4040890646793833,0.4426599479726465,0.009696848260392955,200,percentile
PCE,income,PIR 1.3-3.5,TPR_7.5,0.908444765751276,0.8347328430588881,0.9720902174714063,0.03781014572808742,200,percentile
PCE,income,PIR 1.3-3.5,FPR_7.5,0.41303643188571887,0.39577936012147774,0.43447282581658925,0.01022172218389847,200,percentile
PCE,income,PIR 1.3-3.5,pct_flagged_20,0.15377655864983644,0.14047145931337063,0.1683729834171868,0.006995973760929255,200,percentile
PCE,income,PIR 1.3-3.5,TPR_20,0.595836788788783,0.49034267420369687,0.7094808690433033,0.055800225400923976,200,percentile
PCE,income,PIR 1.3-3.5,FPR_20,0.13937345186799424,0.12478231412443849,0.1559437072069985,0.007233135395544887,200,percentile
PCE,income,PIR 1.3-3.5,rel_OE,1.0987643251804424,0.9203552879419822,1.2542997491495278,0.0944445154664435,200,percentile
PCE,income,PIR<1.3,n,2973.0,1391.8,1601.1,52.18286145997319,200,percentile
PCE,income,PIR<1.3,events,113.0,48.0,66.0,4.42231663521627,200,percentile
PCE,income,PIR<1.3,observed,0.032136508605885745,0.02596628583600367,0.03855131068213482,0.003362469636431314,200,percentile
PCE,income,PIR<1.3,expected,0.09942586441743514,0.09484492678288975,0.10456435768488143,0.0026993543167394877,200,percentile
PCE,income,PIR<1.3,OE,0.3232208117493655,0.2609608330415907,0.39512327313834295,0.03412438907223455,200,percentile
PCE,income,PIR<1.3,cal_intercept,-1.3392841600089824,-1.5570638068082243,-1.1121157767953398,0.11498603971474645,200,percentile
PCE,income,PIR<1.3,cal_slope,0.8524581138392823,0.6549970187550503,1.0574458511367193,0.10703200476759067,200,percentile
PCE,income,PIR<1.3,AUC,0.7810344326122473,0.7317835419462931,0.8218196674890033,0.024294538036434662,200,percentile
PCE,income,PIR<1.3,brier,0.040162240026636764,0.03543348482661292,0.04597103254485384,0.002791181785004196,200,percentile
PCE,income,PIR<1.3,scaled_brier,-0.29123451705844894,-0.4484356750834308,-0.1453775331357773,0.08003439624017153,200,percentile
PCE,income,PIR<1.3,pct_flagged_7.5,0.4259929142072182,0.4048540113052148,0.44757133952302486,0.01123670314892858,200,percentile
PCE,income,PIR<1.3,TPR_7.5,0.8419689418669981,0.7406667711945806,0.9070883235062411,0.04078311094019685,200,percentile
PCE,income,PIR<1.3,FPR_7.5,0.41462712058657764,0.3935939530905485,0.43771419578942194,0.011450468475099224,200,percentile
PCE,income,PIR<1.3,pct_flagged_20,0.14600149260814996,0.13067924119233398,0.16283326899839703,0.0087564178412334,200,percentile
PCE,income,PIR<1.3,TPR_20,0.4780573748385365,0.34702387465377865,0.5929375176924764,0.06086826478439025,200,percentile
PCE,income,PIR<1.3,FPR_20,0.13295906169484098,0.11593503084925186,0.15163885205320904,0.009926424927019523,200,percentile
PCE,income,PIR<1.3,rel_OE,1.4393664334751037,1.1968378956719607,1.6829631334548338,0.13299342641422454,200,percentile
PCE,income,PIR>3.5,n,4520.0,2133.775,2405.05,75.40521671968538,200,percentile
PCE,income,PIR>3.5,events,55.0,18.975,37.0,4.311370382240932,200,percentile
PCE,income,PIR>3.5,observed,0.009882996868099557,0.00662408747419736,0.01367297211594502,0.0017183769339146869,200,percentile
PCE,income,PIR>3.5,expected,0.06301688935575729,0.06052595193180314,0.0657358996892898,0.001330265361634424,200,percentile
PCE,income,PIR>3.5,OE,0.15683092214066316,0.1015979549470065,0.2172775431056309,0.02701278977403174,200,percentile
PCE,income,PIR>3.5,cal_intercept,-2.027171013726455,-2.4606262137515027,-1.7014817192090792,0.1797957657637608,200,percentile
PCE,income,PIR>3.5,cal_slope,0.8640144497749049,0.6098945704821052,1.1851138760140911,0.14671267400109808,200,percentile
PCE,income,PIR>3.5,AUC,0.7867911917078628,0.7202232093046983,0.870063755863768,0.03802129823186081,200,percentile
PCE,income,PIR>3.5,brier,0.016931816912697257,0.014044743904620885,0.02011204262980927,0.0014621889538223402,200,percentile
PCE,income,PIR>3.5,scaled_brier,-0.7303278078485642,-1.2134207150253888,-0.4587136068837022,0.18030417801670026,200,percentile
PCE,income,PIR>3.5,pct_flagged_7.5,0.2584727792611631,0.2446519390680176,0.273950999169405,0.007650184308084862,200,percentile
PCE,income,PIR>3.5,TPR_7.5,0.7130943690814847,0.5470453354681251,0.8950207744937475,0.08890654218682588,200,percentile
PCE,income,PIR>3.5,FPR_7.5,0.2560237779360854,0.23934484129327685,0.2727023573050515,0.00847045568620143,200,percentile
PCE,income,PIR>3.5,pct_flagged_20,0.06382450609167331,0.0578125811216894,0.07131566043841571,0.0034442988232422393,200,percentile
PCE,income,PIR>3.5,TPR_20,0.2710869667727358,0.15870265008143858,0.40613354431611737,0.0657347372618451,200,percentile
PCE,income,PIR>3.5,FPR_20,0.06317541217586133,0.056405209121611115,0.07085160482067973,0.0037233782237440054,200,percentile
PCE,income,PIR>3.5,rel_OE,0.698399226950958,0.4886890116913952,0.8577091371668055,0.0942949868242204,200,percentile
PCE,education,<HS,n,3925.0,1840.925,2077.375,63.90603792613881,200,percentile
PCE,education,<HS,events,132.0,57.975,77.0,5.268182202486258,200,percentile
PCE,education,<HS,observed,0.029007725915108577,0.023451540059760526,0.03679807595623777,0.0036020534999067944,200,percentile
PCE,education,<HS,expected,0.11526132843273151,0.10920088511832614,0.12089417076264003,0.0030219352472066877,200,percentile
PCE,education,<HS,OE,0.25166919650798564,0.1999760900114349,0.31732180435622853,0.0300563770164793,200,percentile
PCE,education,<HS,cal_intercept,-1.6404403917465267,-1.8737645987341849,-1.388961837290728,0.12612835371580536,200,percentile
PCE,education,<HS,cal_slope,0.8690583542814222,0.612175032806577,1.0852101412854438,0.11050613312607412,200,percentile
PCE,education,<HS,AUC,0.7753660767945391,0.7173585375977227,0.8158217536470467,0.0244670546738627,200,percentile
PCE,education,<HS,brier,0.042643025691417154,0.03864009513677749,0.048891855009234854,0.002674237519971007,200,percentile
PCE,education,<HS,scaled_brier,-0.5139744792110716,-0.7589182258012426,-0.3262126663429631,0.11922263094865627,200,percentile
PCE,education,<HS,pct_flagged_7.5,0.4868139978410257,0.46508787085776127,0.5092283405240372,0.011620732596922954,200,percentile
PCE,education,<HS,TPR_7.5,0.8696039042206568,0.7891318575769979,0.9407433770623717,0.03626805907200096,200,percentile
PCE,education,<HS,FPR_7.5,0.4832196361086904,0.4611671775287448,0.5094539247614538,0.012488584672902193,200,percentile
PCE,education,<HS,pct_flagged_20,0.18609306634756562,0.17395611965430072,0.20146388072693192,0.00771701133419831,200,percentile
PCE,education,<HS,TPR_20,0.5250567114265047,0.4142057919536688,0.6015801228680231,0.04996848294379252,200,percentile
PCE,education,<HS,FPR_20,0.17796812216234018,0.16446214990084235,0.19417303822216875,0.008407961511055028,200,percentile
PCE,education,<HS,rel_OE,1.1207328879371128,0.9308386759317019,1.3834472393170278,0.12114500879506318,200,percentile
PCE,education,College+,n,2673.0,1246.9,1434.125,51.98476753123342,200,percentile
PCE,education,College+,events,45.0,15.0,29.025000000000006,3.644173431657719,200,percentile
PCE,education,College+,observed,0.011212050736599574,0.007060347272302816,0.01525686179600597,0.002068265585715939,200,percentile
PCE,education,College+,expected,0.06122819132803966,0.05745173415386742,0.0653626787042182,0.0019763018507424224,200,percentile
PCE,education,College+,OE,0.18311909095157244,0.11553008126854308,0.25015749229466694,0.03337428784985934,200,percentile
PCE,education,College+,cal_intercept,-1.870112221243463,-2.3415830864050675,-1.544114021793387,0.1961452979115191,200,percentile
PCE,education,College+,cal_slope,1.2319128617578656,0.9738698604745022,1.5493920127634768,0.1703241673101326,200,percentile
PCE,education,College+,AUC,0.8704350876913247,0.8047892602348806,0.9138224094184421,0.03111717080052666,200,percentile
PCE,education,College+,brier,0.01670137677106991,0.013579924614970134,0.01952923404505082,0.00154861637737326,200,percentile
PCE,education,College+,scaled_brier,-0.5064823724065382,-1.0451064038919395,-0.27475364769189453,0.18934110631304207,200,percentile
PCE,education,College+,pct_flagged_7.5,0.24321803986623947,0.22507465265899596,0.2659366750819925,0.011003192842510104,200,percentile
PCE,education,College+,TPR_7.5,0.9071802684488333,0.7762385314884679,1.0,0.06152203520824497,200,percentile
PCE,education,College+,FPR_7.5,0.2343363603770472,0.2158585704539157,0.25382712922239586,0.010937011072372748,200,percentile
PCE,education,College+,pct_flagged_20,0.06932681588678839,0.059239722416482836,0.07779328016563176,0.004700874977459787,200,percentile
PCE,education,College+,TPR_20,0.4727274355791267,0.32787398400164347,0.6384033956024004,0.0844562035107478,200,percentile
PCE,education,College+,FPR_20,0.06572233948965245,0.05559889434034682,0.07512766504359741,0.004926985663027545,200,percentile
PCE,education,College+,rel_OE,0.8154656608206027,0.5204484662166193,1.054714326693421,0.13153122228316091,200,percentile
PCE,education,HS/GED,n,2987.0,1432.875,1602.075,45.80507504084552,200,percentile
PCE,education,HS/GED,events,87.0,34.0,52.0,4.588490626682783,200,percentile
PCE,education,HS/GED,observed,0.021233046724068116,0.015012183057993728,0.027494939776271734,0.003269945255758333,200,percentile
PCE,education,HS/GED,expected,0.09125632219878457,0.08700771127774562,0.09591436880858262,0.0023197031625584157,200,percentile
PCE,education,HS/GED,OE,0.23267480227633933,0.1678649587273712,0.2932990174695094,0.03449105685670146,200,percentile
PCE,education,HS/GED,cal_intercept,-1.6643120938925233,-2.0139142816680384,-1.416151292092286,0.1606939998857722,200,percentile
PCE,education,HS/GED,cal_slope,1.0171222588663553,0.7388095596259376,1.4128841877095208,0.16496780732555838,200,percentile
PCE,education,HS/GED,AUC,0.8092678466248782,0.7361736448241863,0.8828839105136808,0.03658852205053774,200,percentile
PCE,education,HS/GED,brier,0.029921087562274264,0.02593293799213617,0.03475286500655443,0.0023460157965466953,200,percentile
PCE,education,HS/GED,scaled_brier,-0.4397456070164347,-0.8062639378711511,-0.2586990540386879,0.13299403020132658,200,percentile
PCE,education,HS/GED,pct_flagged_7.5,0.3956488733960717,0.371729640585116,0.4201242074451509,0.012348937385140155,200,percentile
PCE,education,HS/GED,TPR_7.5,0.8698270284388816,0.7601621307104424,0.9833198066457693,0.05857419427770463,200,percentile
PCE,education,HS/GED,FPR_7.5,0.3892973774602613,0.3647022260610834,0.4150210593600989,0.012539461188667719,200,percentile
PCE,education,HS/GED,pct_flagged_20,0.12801021563048112,0.1169099999206819,0.1408183520113024,0.006790941369007277,200,percentile
PCE,education,HS/GED,TPR_20,0.5552471929823414,0.44203044025714655,0.680936691279602,0.06252308270830575,200,percentile
PCE,education,HS/GED,FPR_20,0.11749262093603845,0.10537704862575216,0.13187090418467956,0.007125793443658687,200,percentile
PCE,education,HS/GED,rel_OE,1.0361470800701833,0.7998071452749056,1.2503544980483778,0.11283607840252138,200,percentile
PCE,education,Some college,n,3252.0,1556.975,1714.025,41.8909181100212,200,percentile
PCE,education,Some college,events,67.0,25.975,41.0,4.131737683034468,200,percentile
PCE,education,Some college,observed,0.016017017148540397,0.01082300539616698,0.021233913776032794,0.002564644906706082,200,percentile
PCE,education,Some college,expected,0.07153842429777907,0.06819575244107906,0.07417466970842643,0.0016035157636623205,200,percentile
PCE,education,Some college,OE,0.22389390465003084,0.15076351520213932,0.2950767724973917,0.035102071248681914,200,percentile
PCE,education,Some college,cal_intercept,-1.6696499511693288,-2.074260174806169,-1.354592298629901,0.16677341377864371,200,percentile
PCE,education,Some college,cal_slope,0.8429443476051022,0.6596784401107625,1.100478371744032,0.11310026481551104,200,percentile
PCE,education,Some college,AUC,0.7759694511548347,0.7093483832865806,0.8446201613140881,0.03273306068693404,200,percentile
PCE,education,Some college,brier,0.023202043547785108,0.019022036651077018,0.027717930455654766,0.0021709190292230275,200,percentile
PCE,education,Some college,scaled_brier,-0.47216676576142147,-0.7659119672270562,-0.3007594976647883,0.11797701761522308,200,percentile
PCE,education,Some college,pct_flagged_7.5,0.30555921053099444,0.29008439525488244,0.3199592737685714,0.008640658318064535,200,percentile
PCE,education,Some college,TPR_7.5,0.6710152393575768,0.5334436071912158,0.8564767780755597,0.08337808646840672,200,percentile
PCE,education,Some college,FPR_7.5,0.3007283522557342,0.28240711972383986,0.3161454534622002,0.009196028113263957,200,percentile
PCE,education,Some college,pct_flagged_20,0.08038774017689568,0.0710109300716696,0.0903218912949229,0.004813549272090777,200,percentile
PCE,education,Some college,TPR_20,0.2989858808610211,0.19064226760320455,0.4421956111845132,0.06443622513307366,200,percentile
PCE,education,Some college,FPR_20,0.076145971624925,0.06595804039743661,0.08713594785156605,0.005129775360978031,200,percentile
PCE,education,Some college,rel_OE,0.9970439999476997,0.7263518204991205,1.280234648468244,0.14143378557297215,200,percentile
PCE,sex,GAP(max-min),OE,0.001082826573965634,0.0,0.001749472667667802,0.015497349285134895,200,basic
PCE,sex,GAP(max-min),AUC,0.05941750058074402,0.013643406067222641,0.10853986181801184,0.025874935624539484,200,basic
PCE,sex,GAP(max-min),cal_slope,0.02798780063949302,0.0,0.05117983772002247,0.06482693660084804,200,basic
PCE,sex,GAP(max-min),TPR_7.5,0.03697131888499405,0.0,0.07265169876025097,0.036221852697242034,200,basic
PCE,sex,GAP(max-min),FPR_7.5,0.1871410297675991,0.17058165905478906,0.21049747233080618,0.010151936674338091,200,basic
PCE,sex,GAP(max-min),pct_flagged_7.5,0.19167011143350565,0.17526155791361045,0.2102932733802072,0.009383901361435382,200,basic
PCE,sex,GAP(max/min),OE,1.0048340829404696,1.0,1.0077396622415626,0.07867347198896868,200,basic
PCE,race,GAP(max-min),OE,0.039538298209953,0.0,0.06766854834284253,0.04217648208019432,200,basic
PCE,race,GAP(max-min),AUC,0.10713711955070304,0.03982737388571228,0.18121118524988983,0.03920963426650673,200,basic
PCE,race,GAP(max-min),cal_slope,0.3658947713390489,0.02406745044730252,0.5994768314765434,0.15613775462236373,200,basic
PCE,race,GAP(max-min),TPR_7.5,0.3054366419034572,0.03394145868256704,0.553597540449766,0.1258578284906119,200,basic
PCE,race,GAP(max-min),FPR_7.5,0.16659131101923474,0.1329890570827439,0.19317900383038253,0.016805145909706384,200,basic
PCE,race,GAP(max-min),pct_flagged_7.5,0.15902901879032827,0.12498328701940864,0.1855121759681326,0.01653087981007197,200,basic
PCE,race,GAP(max/min),OE,1.1849973750769294,1.0,1.3177574776863832,0.27449068618922395,200,basic
PCE,age_group,GAP(max-min),OE,0.11477871055483416,0.035217273388873316,0.17434612007788203,0.03826936140651175,200,basic
PCE,age_group,GAP(max-min),AUC,0.15790327578888352,0.0389377088814476,0.22011700823184083,0.046045792297619716,200,basic
PCE,age_group,GAP(max-min),cal_slope,0.3055725246177492,0.0,0.4507602269166775,0.19946047842671208,200,basic
PCE,age_group,GAP(max-min),TPR_7.5,0.6488036250518625,0.47211809336674426,0.8201646439588199,0.09398447117023956,200,basic
PCE,age_group,GAP(max-min),FPR_7.5,0.9133112485755217,0.9022777149117769,0.924505273415677,0.012470873032900665,200,basic
PCE,age_group,GAP(max-min),pct_flagged_7.5,0.9106980420897144,0.8992393452019167,0.9224240882290834,0.01272399577706771,200,basic
PCE,age_group,GAP(max/min),OE,1.6799768503508572,1.0,2.0866608314314985,0.37163601844644784,200,basic
PCE,income,GAP(max-min),OE,0.16638988960870235,0.0866557903587587,0.23596654009599322,0.03846015533494189,200,basic
PCE,income,GAP(max-min),AUC,0.04574336089758413,0.0,0.07905329147955369,0.030484793259599633,200,basic
PCE,income,GAP(max-min),cal_slope,0.1984907417394578,0.0,0.32426441424713776,0.13926385587317847,200,basic
PCE,income,GAP(max-min),TPR_7.5,0.19535039666979126,0.021241366992605815,0.33150632178644246,0.08583604532864979,200,basic
PCE,income,GAP(max-min),FPR_7.5,0.15860334265049225,0.12843376795031794,0.17964491697439663,0.013407424954421853,200,basic
PCE,income,GAP(max-min),pct_flagged_7.5,0.1675201349460551,0.13877481260036534,0.18691582566036927,0.01256559069586828,200,basic
PCE,income,GAP(max/min),OE,2.0609507827765348,1.039815104989045,2.5766538687984895,0.40763514407478796,200,basic
PCE,education,GAP(max-min),OE,0.0685501055564132,0.0,0.10861974102966535,0.03826348764194316,200,basic
PCE,education,GAP(max-min),AUC,0.09506901089678566,0.01641813228394215,0.13469811202912782,0.029730790680752274,200,basic
PCE,education,GAP(max-min),cal_slope,0.38896851415276346,0.0,0.5620639210397412,0.15467068060303155,200,basic
PCE,education,GAP(max-min),TPR_7.5,0.23616502909125647,0.05910370117726177,0.3577631612879838,0.08067640464596157,200,basic
PCE,education,GAP(max-min),FPR_7.5,0.2488832757316432,0.21300325631348183,0.2787647815910975,0.016068881947470505,200,basic
PCE,education,GAP(max-min),pct_flagged_7.5,0.24359595797478623,0.21165781498919511,0.27387823648891796,0.016406336666090832,200,basic
PCE,education,GAP(max/min),OE,1.374347126780691,1.0,1.606381366546639,0.3405306366558408,200,basic
PCE-revised,Overall,All,n,12851.0,6243.8,6681.15,113.20703129520443,200,percentile
PCE-revised,Overall,All,events,333.0,151.0,188.025,9.198578380440397,200,percentile
PCE-revised,Overall,All,observed,0.018259132654697845,0.0152370789918285,0.02194398216351286,0.0015577176931997592,200,percentile
PCE-revised,Overall,All,expected,0.05764714750527493,0.055615799348673466,0.05949537645106339,0.001012035083526551,200,percentile
PCE-revised,Overall,All,OE,0.31673956899648964,0.2733988863614365,0.3771851555822074,0.024812273306903825,200,percentile
PCE-revised,Overall,All,cal_intercept,-1.2746130815737753,-1.4232354276550432,-1.099421413777296,0.07881654502415053,200,percentile
PCE-revised,Overall,All,cal_slope,0.9878185900452385,0.8596141354978629,1.1479603949556256,0.07064258179193504,200,percentile
PCE-revised,Overall,All,AUC,0.8109372059438958,0.7802178086226403,0.8428016267897744,0.01585720282526689,200,percentile
PCE-revised,Overall,All,brier,0.02115593604271228,0.018701997140019366,0.02427805503520728,0.0013587599380408208,200,percentile
PCE-revised,Overall,All,scaled_brier,-0.18019897101462834,-0.24949837209923065,-0.12167619313291173,0.033654590174538514,200,percentile
PCE-revised,Overall,All,pct_flagged_7.5,0.24210715485381243,0.23236245823862103,0.2529384526638443,0.005440285911320742,200,percentile
PCE-revised,Overall,All,TPR_7.5,0.6860036960434553,0.6166126306378972,0.7651036434018262,0.03914535873611769,200,percentile
PCE-revised,Overall,All,FPR_7.5,0.23416862790829315,0.22437781609890645,0.2455831166023222,0.0057115025243026215,200,percentile
PCE-revised,Overall,All,pct_flagged_20,0.05492640092738119,0.050986826861762424,0.059424643810449006,0.002256688057741352,200,percentile
PCE-revised,Overall,All,TPR_20,0.2808478317054688,0.22126820029785818,0.33630111355024567,0.02921671116420516,200,percentile
PCE-revised,Overall,All,FPR_20,0.050737044984441884,0.0466526609922697,0.0557174156524159,0.002533234827563665,200,percentile
PCE-revised,Overall,All,rel_OE,1.0,1.0,1.0,0.0,200,percentile
PCE-revised,sex,Female,n,6536.0,3170.95,3407.1,61.6232431431306,200,percentile
PCE-revised,sex,Female,events,129.0,53.975,76.025,5.6826987714142625,200,percentile
PCE-revised,sex,Female,observed,0.014298811656041032,0.011440341297596274,0.017886875796136174,0.0015999201735201812,200,percentile
PCE-revised,sex,Female,expected,0.04070255971381633,0.03866915255450399,0.04295071736672182,0.001122773388900135,200,percentile
PCE-revised,sex,Female,OE,0.3513000596664527,0.2916974788086776,0.4264518667075614,0.03560047442009333,200,percentile
PCE-revised,sex,Female,cal_intercept,-1.1564696075418592,-1.3578537552482752,-0.9459056520126554,0.10496604010874547,200,percentile
PCE-revised,sex,Female,cal_slope,1.0113501561397988,0.835143590498739,1.1625292851393991,0.08542848357696572,200,percentile
PCE-revised,sex,Female,AUC,0.8384635482863828,0.7900286596597932,0.8729832578635569,0.01945577438883396,200,percentile
PCE-revised,sex,Female,brier,0.015611685447886455,0.0129179993943822,0.018755646718613767,0.0014109096713173868,200,percentile
PCE-revised,sex,Female,scaled_brier,-0.10765513835750329,-0.20291420404092794,-0.053617469021462985,0.04144821581603789,200,percentile
PCE-revised,sex,Female,pct_flagged_7.5,0.15494703089889303,0.1450457764548933,0.16697319393545482,0.005588791191378585,200,percentile
PCE-revised,sex,Female,TPR_7.5,0.5798938765532212,0.4614509913737115,0.6792181112984773,0.05619296158883112,200,percentile
PCE-revised,sex,Female,FPR_7.5,0.15013493822671123,0.13995419594378172,0.16332270663132192,0.0061985301313276136,200,percentile
PCE-revised,sex,Female,pct_flagged_20,0.03489265312586749,0.030301948785728484,0.03953387429396601,0.0024534231113315795,200,percentile
PCE-revised,sex,Female,TPR_20,0.28005062979999695,0.19032400874838964,0.36344076228790617,0.0461200765135251,200,percentile
PCE-revised,sex,Female,FPR_20,0.031524129019309746,0.027236534965476938,0.03682303987996984,0.0025779161507574226,200,percentile
PCE-revised,sex,Female,rel_OE,1.1091132717628536,0.9693116169262982,1.2532339483417607,0.07737218340414666,200,percentile
PCE-revised,sex,Male,n,6315.0,3057.975,3290.125,60.87899192900173,200,percentile
PCE-revised,sex,Male,events,204.0,87.975,117.0,7.245776798041406,200,percentile
PCE-revised,sex,Male,observed,0.022578668278006912,0.019075092164227442,0.02767814346895268,0.002252923241004078,200,percentile
PCE-revised,sex,Male,expected,0.07621399598462585,0.07357877861851185,0.07890359743022791,0.0013797369258967752,200,percentile
PCE-revised,sex,Male,OE,0.2962535684726669,0.25634869053419956,0.36461936351492563,0.028110137775495737,200,percentile
PCE-revised,sex,Male,cal_intercept,-1.3493278752623366,-1.5028850938393923,-1.1379848976367584,0.09768512092592331,200,percentile
PCE-revised,sex,Male,cal_slope,0.9878166525920702,0.85630135021419,1.1630328045628429,0.08784991642058512,200,percentile
PCE-revised,sex,Male,AUC,0.7801141835537342,0.7450134263289755,0.8198602110962776,0.020713898788709165,200,percentile
PCE-revised,sex,Male,brier,0.02720306907991431,0.024118678427693087,0.03150271730918173,0.0018265496129638223,200,percentile
PCE-revised,sex,Male,scaled_brier,-0.23264429007552212,-0.3204096975994129,-0.1495131286844496,0.04695397128855192,200,percentile
PCE-revised,sex,Male,pct_flagged_7.5,0.33761191630502796,0.322854778801437,0.3538541547312417,0.00798202605914402,200,percentile
PCE-revised,sex,Male,TPR_7.5,0.7592969274864843,0.6758015022759171,0.8390553698235643,0.043551140433270956,200,percentile
PCE-revised,sex,Male,FPR_7.5,0.32660088776755836,0.3124017099654534,0.3429565225199891,0.008067341471824368,200,percentile
PCE-revised,sex,Male,pct_flagged_20,0.07687816301696905,0.07093685724877066,0.08427906846471411,0.0036273894154456444,200,percentile
PCE-revised,sex,Male,TPR_20,0.28139848294628006,0.21544278226059244,0.36471403047444023,0.03888949499396432,200,percentile
PCE-revised,sex,Male,FPR_20,0.07187015538186087,0.06508935075586064,0.08005980839561787,0.003896684599797215,200,percentile
PCE-revised,sex,Male,rel_OE,0.9353222567400481,0.8497912030610679,1.0164883707378145,0.045490436139182196,200,percentile
PCE-revised,race,Mexican American,n,2701.0,1106.925,1560.0,117.19133251689493,200,percentile
PCE-revised,race,Mexican American,events,55.0,16.975,36.0,4.965964560898566,200,percentile
PCE-revised,race,Mexican American,observed,0.016277313254553467,0.009612973904533445,0.022429504136546784,0.0034390260242196245,200,percentile
PCE-revised,race,Mexican American,expected,0.055149171456797125,0.050623331353206735,0.05873611010715538,0.0021557812722229073,200,percentile
PCE-revised,race,Mexican American,OE,0.29515064006546,0.18106928521809626,0.40603738099713915,0.059058264886286606,200,percentile
PCE-revised,race,Mexican American,cal_intercept,-1.3784907456498925,-1.8596720885232811,-1.0484317895675548,0.2185039666920972,200,percentile
PCE-revised,race,Mexican American,cal_slope,0.7221063280390234,0.44037662920757126,1.0646319040068035,0.15433245774812576,200,percentile
PCE-revised,race,Mexican American,AUC,0.7612931427604173,0.6562087060102849,0.8627529744630684,0.050363968826927695,200,percentile
PCE-revised,race,Mexican American,brier,0.02101386134321241,0.01520078414425466,0.026141262847871383,0.0030131909404245145,200,percentile
PCE-revised,race,Mexican American,scaled_brier,-0.3123523508316348,-0.6142989056246009,-0.1683279784419238,0.12731444932151628,200,percentile
PCE-revised,race,Mexican American,pct_flagged_7.5,0.22040939586014735,0.19156948302365684,0.23947495241173533,0.012606294045036544,200,percentile
PCE-revised,race,Mexican American,TPR_7.5,0.5558117417229215,0.3650075953071987,0.7476985272567268,0.100267134264677,200,percentile
PCE-revised,race,Mexican American,FPR_7.5,0.21257084458678283,0.18605813732722126,0.23285856370776895,0.01218791407057008,200,percentile
PCE-revised,race,Mexican American,pct_flagged_20,0.06115713395265366,0.04891116667865187,0.07135428864193309,0.005937651555315446,200,percentile
PCE-revised,race,Mexican American,TPR_20,0.29370882749838667,0.1455264702920931,0.4597136802563046,0.08213568698437346,200,percentile
PCE-revised,race,Mexican American,FPR_20,0.059511747106623956,0.04870156973123099,0.07079660044533334,0.00590707917070119,200,percentile
PCE-revised,race,Mexican American,rel_OE,0.9318401265764528,0.586770562306782,1.2887990642308313,0.18851859507824584,200,percentile
PCE-revised,race,NH Black,n,2419.0,1058.775,1360.05,75.45441550429952,200,percentile
PCE-revised,race,NH Black,events,80.0,30.0,51.025000000000006,5.232001932444744,200,percentile
PCE-revised,race,NH Black,observed,0.025565243548074105,0.02034727883567887,0.031121041799918914,0.002788823918965767,200,percentile
PCE-revised,race,NH Black,expected,0.07349252900461589,0.07007409049610139,0.07672666090381046,0.0018119001142661159,200,percentile
PCE-revised,race,NH Black,OE,0.347861801659709,0.27853728730007776,0.4179126487367553,0.037427718528824615,200,percentile
PCE-revised,race,NH Black,cal_intercept,-1.2023372585677845,-1.4358838977173027,-1.0115454728535511,0.11489324206371664,200,percentile
PCE-revised,race,NH Black,cal_slope,0.9367465593873034,0.6500799354848242,1.2723894257812731,0.1555228013294634,200,percentile
PCE-revised,race,NH Black,AUC,0.7599843750033131,0.6852285113951422,0.8356012459568591,0.03808253547730605,200,percentile
PCE-revised,race,NH Black,brier,0.028524372478706834,0.02396799940694126,0.03293100835520721,0.002231630316348081,200,percentile
PCE-revised,race,NH Black,scaled_brier,-0.14502085919034724,-0.2499978271082021,-0.057576089305976394,0.05184403880680477,200,percentile
PCE-revised,race,NH Black,pct_flagged_7.5,0.327674168605668,0.30908047049970433,0.3477567630769062,0.010480368250170947,200,percentile
PCE-revised,race,NH Black,TPR_7.5,0.7152897474599976,0.5933493112732119,0.8388125903031277,0.06005276646663655,200,percentile
PCE-revised,race,NH Black,FPR_7.5,0.3279650039698656,0.30746497514712046,0.3528881430476369,0.011256882586041447,200,percentile
PCE-revised,race,NH Black,pct_flagged_20,0.0806525981848587,0.07000033964846583,0.09085941681047896,0.00567404604422191,200,percentile
PCE-revised,race,NH Black,TPR_20,0.3486580666485604,0.25735423237591776,0.4409782410263297,0.048428982065660944,200,percentile
PCE-revised,race,NH Black,FPR_20,0.07441724161250615,0.06243762636907361,0.08725901687459398,0.006288560608543648,200,percentile
PCE-revised,race,NH Black,rel_OE,1.0982581139509104,0.8463780679913354,1.3514092805748383,0.12761461080649042,200,percentile
PCE-revised,race,NH White,n,6377.0,2923.675,3514.8250000000003,150.60396699413948,200,percentile
PCE-revised,race,NH White,events,177.0,75.0,108.025,8.603363546986026,200,percentile
PCE-revised,race,NH White,observed,0.018143963408148334,0.01460569744998004,0.023247886440067204,0.0019702226850302155,200,percentile
PCE-revised,race,NH White,expected,0.05624256931019251,0.05397803129640137,0.058558483801941,0.001229790315654078,200,percentile
PCE-revised,race,NH White,OE,0.32260196556952475,0.26735223157932286,0.39998399947271535,0.031984064489663934,200,percentile
PCE-revised,race,NH White,cal_intercept,-1.2479988877207533,-1.4400791813080487,-1.0328003766947234,0.10126571766924718,200,percentile
PCE-revised,race,NH White,cal_slope,1.0427525202259373,0.8987551690161077,1.2605620898251824,0.09128197041612539,200,percentile
PCE-revised,race,NH White,AUC,0.8239444706985065,0.7910380512022884,0.8623000740840965,0.018653758844595032,200,percentile
PCE-revised,race,NH White,brier,0.02061441720991032,0.017641571703219634,0.02464351811015962,0.0016925484210187722,200,percentile
PCE-revised,race,NH White,scaled_brier,-0.1571537988678744,-0.24080801169932012,-0.08843198866585558,0.039695985598853754,200,percentile
PCE-revised,race,NH White,pct_flagged_7.5,0.2353302439103738,0.2213737344870619,0.24933555351218073,0.006793217632235283,200,percentile
PCE-revised,race,NH White,TPR_7.5,0.698097217279601,0.6154816993398476,0.8033104813525089,0.04827859654545082,200,percentile
PCE-revised,race,NH White,FPR_7.5,0.22552691313981862,0.21312381473569136,0.2395195072215936,0.006934958485941558,200,percentile
PCE-revised,race,NH White,pct_flagged_20,0.05124188907853837,0.04640230855380644,0.05661725151933026,0.0027252924092591403,200,percentile
PCE-revised,race,NH White,TPR_20,0.27947926780004384,0.2143904454328663,0.34920618384804974,0.03579710126241361,200,percentile
PCE-revised,race,NH White,FPR_20,0.04681089028374364,0.04202715945786608,0.05370059168288605,0.002815355960827053,200,percentile
PCE-revised,race,NH White,rel_OE,1.0185085702793897,0.948192646525859,1.0632786380731098,0.03126090257471979,200,percentile
PCE-revised,race,Other Hispanic,n,901.0,337.925,571.325,56.95261540974261,200,percentile
PCE-revised,race,Other Hispanic,events,16.0,4.0,13.0,2.5987965904612405,200,percentile
PCE-revised,race,Other Hispanic,observed,0.0160590726115451,0.005101153958524901,0.02856040567230794,0.006160549074224618,200,percentile
PCE-revised,race,Other Hispanic,expected,0.056748941255933945,0.0481513014821648,0.06275202776512505,0.003848146973394741,200,percentile
PCE-revised,race,Other Hispanic,OE,0.282984532506426,0.0852313730658456,0.5510129336467995,0.11486004248703034,200,percentile
PCE-revised,race,Other Hispanic,cal_intercept,-1.388019765938081,-2.620409761283152,-0.6805850583771669,0.4855650160250548,200,percentile
PCE-revised,race,Other Hispanic,cal_slope,0.6250928252484229,0.37071274984752234,1.2789228068979548,0.23044847693386902,200,percentile
PCE-revised,race,Other Hispanic,AUC,0.7269355800831708,0.646682896463052,0.8612709633234625,0.05963793984152121,200,percentile
PCE-revised,race,Other Hispanic,brier,0.02097199276140947,0.012809679531204753,0.03233532121457736,0.005317609674085248,200,percentile
PCE-revised,race,Other Hispanic,scaled_brier,-0.3272422917921862,-1.5503552435123769,-0.0831544525943295,0.6159530524549017,200,percentile
PCE-revised,race,Other Hispanic,pct_flagged_7.5,0.24029398947824604,0.20266750387638033,0.27817421217778204,0.021855497775294667,200,percentile
PCE-revised,race,Other Hispanic,TPR_7.5,0.3152005356028059,0.1357771160291227,0.7697312599119166,0.16343568070999956,200,percentile
PCE-revised,race,Other Hispanic,FPR_7.5,0.2374096351744491,0.1961562484006837,0.28240908945412524,0.023205516213623,200,percentile
PCE-revised,race,Other Hispanic,pct_flagged_20,0.05947723093445596,0.03574192056276783,0.07724326323642955,0.010466269364187163,200,percentile
PCE-revised,race,Other Hispanic,TPR_20,0.21509775905908252,0.059199191945465794,0.5106514713258562,0.12419648303543579,200,percentile
PCE-revised,race,Other Hispanic,FPR_20,0.05792756363735333,0.03548155434748271,0.07581839987096842,0.01064933569712954,200,percentile
PCE-revised,race,Other Hispanic,rel_OE,0.8934296823191115,0.2690519600946149,1.7692610388563865,0.37487685369284857,200,percentile
PCE-revised,race,Other/Multiracial,n,453.0,187.0,263.1,18.956092482657272,200,percentile
PCE-revised,race,Other/Multiracial,events,5.0,1.0,4.0,0.8501256188582931,200,percentile
PCE-revised,race,Other/Multiracial,observed,0.008958833097011294,0.0017436925715847054,0.016630253922543997,0.004372740445559088,200,percentile
PCE-revised,race,Other/Multiracial,expected,0.052953145150673384,0.0460288751020248,0.060609650900404384,0.0037786670683203918,200,percentile
PCE-revised,race,Other/Multiracial,OE,0.16918415462423894,0.03142043395150677,0.32826258684190524,0.08621057309919078,200,percentile
PCE-revised,race,Other/Multiracial,cal_intercept,-1.956602028204338,-3.6697802002714646,-1.239773850788662,0.6640566882614374,200,percentile
PCE-revised,race,Other/Multiracial,cal_slope,0.8160872960512836,0.6114936752182146,1.286752345217236,0.1809519271717639,200,percentile
PCE-revised,race,Other/Multiracial,AUC,0.8398233017436152,0.7850317243207904,0.9342799650905729,0.039274573163229035,200,percentile
PCE-revised,race,Other/Multiracial,brier,0.01541319494436766,0.008181005275275089,0.02220155972696801,0.0037599821913420995,200,percentile
PCE-revised,race,Other/Multiracial,scaled_brier,-0.7359992393591113,-4.950053386327155,-0.24419080507984137,1.1945740078392773,200,percentile
PCE-revised,race,Other/Multiracial,pct_flagged_7.5,0.2109884480189544,0.16752051602522475,0.25274462413956716,0.021072474373692866,200,percentile
PCE-revised,race,Other/Multiracial,TPR_7.5,1.0,1.0,1.0,0.0,200,percentile
PCE-revised,race,Other/Multiracial,FPR_7.5,0.2130017783407512,0.15823469386160124,0.2600232433431493,0.02529357368366215,200,percentile
PCE-revised,race,Other/Multiracial,pct_flagged_20,0.05178289045589339,0.026715594389164904,0.07253082910527095,0.011399219418522673,200,percentile
PCE-revised,race,Other/Multiracial,TPR_20,0.0,0.0,0.0,0.0,200,percentile
PCE-revised,race,Other/Multiracial,FPR_20,0.05436249510589557,0.028726325951277405,0.07881365111214049,0.01267846242368253,200,percentile
PCE-revised,race,Other/Multiracial,rel_OE,0.5341427822240737,0.10305846994432177,1.0565191400567295,0.2775501965874869,200,percentile
PCE-revised,age_group,40-49,n,4228.0,2046.975,2206.05,40.909693105054565,200,percentile
PCE-revised,age_group,40-49,events,33.0,12.0,23.0,2.8525576991772983,200,percentile
PCE-revised,age_group,40-49,observed,0.006177362043944706,0.0037141321245675847,0.009592236060778851,0.0015385042144552333,200,percentile
PCE-revised,age_group,40-49,expected,0.02229081108679844,0.021311987568890103,0.023378021924815903,0.0005284014971017971,200,percentile
PCE-revised,age_group,40-49,OE,0.27712594305746013,0.16432977172792101,0.4192611924667658,0.06683859619370754,200,percentile
PCE-revised,age_group,40-49,cal_intercept,-1.3286688636949207,-1.8572266287575665,-0.9162327374076447,0.25044842379960414,200,percentile
PCE-revised,age_group,40-49,cal_slope,1.2124752435581565,0.9892496336976325,1.5526284778097248,0.14352037683782493,200,percentile
PCE-revised,age_group,40-49,AUC,0.8364838630993832,0.7882874158617755,0.894715838421592,0.02786642323460171,200,percentile
PCE-revised,age_group,40-49,brier,0.006676037665773252,0.0043894772635219405,0.00973852604331394,0.0013779129743104785,200,percentile
PCE-revised,age_group,40-49,scaled_brier,-0.08744384082464984,-0.22186303024777593,-0.021221014787713773,0.05478242726364878,200,percentile
PCE-revised,age_group,40-49,pct_flagged_7.5,0.04686782088385145,0.040509045706659044,0.05491381019405,0.003710924713807693,200,percentile
PCE-revised,age_group,40-49,TPR_7.5,0.2521481497378725,0.08332365847062269,0.40802091996371426,0.08791083392048164,200,percentile
PCE-revised,age_group,40-49,FPR_7.5,0.04519913538343103,0.037922461126861574,0.0537252223119852,0.004005332065489192,200,percentile
PCE-revised,age_group,40-49,pct_flagged_20,0.002038937907070436,0.0005979933276071126,0.003587174331906416,0.0008756888473587554,200,percentile
PCE-revised,age_group,40-49,TPR_20,0.0,0.0,0.0,0.0,200,percentile
PCE-revised,age_group,40-49,FPR_20,0.0022141240023529295,0.0006703216540434527,0.0038831365082710877,0.0009532735988885538,200,percentile
PCE-revised,age_group,40-49,rel_OE,0.8749331317696257,0.5413124418893581,1.2632839833623348,0.19455221868888342,200,percentile
PCE-revised,age_group,50-59,n,3260.0,1556.95,1729.1,43.378607839469154,200,percentile
PCE-revised,age_group,50-59,events,40.0,14.0,27.025000000000006,3.513992131965807,200,percentile
PCE-revised,age_group,50-59,observed,0.00996025642592069,0.006530629237850776,0.014154823223523235,0.0019785545433338328,200,percentile
PCE-revised,age_group,50-59,expected,0.04581837161427117,0.04401723508778699,0.0480250953125235,0.001050490403284052,200,percentile
PCE-revised,age_group,50-59,OE,0.2173856484855595,0.14547564910458846,0.301783375688346,0.04162370655090895,200,percentile
PCE-revised,age_group,50-59,cal_intercept,-1.6093337529657423,-2.0167153654869345,-1.2836877327697518,0.19841754457443367,200,percentile
PCE-revised,age_group,50-59,cal_slope,0.7541526193634663,0.3714410902296013,1.117123708284306,0.1929982712335347,200,percentile
PCE-revised,age_group,50-59,AUC,0.7105226394179477,0.6034377134068267,0.809373060313424,0.053833868299785655,200,percentile
PCE-revised,age_group,50-59,brier,0.01271476227672785,0.00980456299624059,0.01638944020023529,0.001807750249875922,200,percentile
PCE-revised,age_group,50-59,scaled_brier,-0.2893923710486348,-0.48566699115808165,-0.17707854479209326,0.0846637066127704,200,percentile
PCE-revised,age_group,50-59,pct_flagged_7.5,0.16789443192944625,0.152944198691757,0.18225314944453555,0.007935883331491691,200,percentile
PCE-revised,age_group,50-59,TPR_7.5,0.37621315291872925,0.19937853904650266,0.5470949440179158,0.09187173995140963,200,percentile
PCE-revised,age_group,50-59,FPR_7.5,0.1631638610452253,0.14619392447388918,0.17881704950839464,0.008307393378861726,200,percentile
PCE-revised,age_group,50-59,pct_flagged_20,0.019600167855410116,0.015415384105829667,0.02462785770719711,0.002542080859397484,200,percentile
PCE-revised,age_group,50-59,TPR_20,0.08793826995587087,0.018304434407589176,0.19213070947369687,0.04520149760899942,200,percentile
PCE-revised,age_group,50-59,FPR_20,0.018642069437482877,0.014129283610425156,0.023682978645845062,0.0025488855288901455,200,percentile
PCE-revised,age_group,50-59,rel_OE,0.6863229913909769,0.4882925407298496,0.9159972851410401,0.11358112839006822,200,percentile
PCE-revised,age_group,60-69,n,3272.0,1556.0,1732.025,45.61075316216669,200,percentile
PCE-revised,age_group,60-69,events,92.0,38.975,54.0,4.329979052254737,200,percentile
PCE-revised,age_group,60-69,observed,0.02516531422026301,0.018837228448022214,0.03212763357149883,0.0035250731495560087,200,percentile
PCE-revised,age_group,60-69,expected,0.0916198901217913,0.08901697582130359,0.09472131231719387,0.0015430785896038443,200,percentile
PCE-revised,age_group,60-69,OE,0.27467086226375614,0.20655834724496566,0.357419869202266,0.03854213748718797,200,percentile
PCE-revised,age_group,60-69,cal_intercept,-1.4232196033896702,-1.7217497422788923,-1.1590161713929026,0.14812292713631323,200,percentile
PCE-revised,age_group,60-69,cal_slope,0.6437434534793078,0.31868211094097765,0.9385173808942557,0.16605681414375204,200,percentile
PCE-revised,age_group,60-69,AUC,0.6588106518233237,0.5822341967808695,0.732788801204157,0.0410063155010906,200,percentile
PCE-revised,age_group,60-69,brier,0.03246776056678502,0.027775739370664916,0.03875174889319738,0.002760667136275547,200,percentile
PCE-revised,age_group,60-69,scaled_brier,-0.32348493945733203,-0.5277528578187424,-0.20749369892113778,0.08314415607591961,200,percentile
PCE-revised,age_group,60-69,pct_flagged_7.5,0.4578447565840139,0.4396277417449406,0.47773777022186376,0.010374534556587878,200,percentile
PCE-revised,age_group,60-69,TPR_7.5,0.7053408315296241,0.5653341947085356,0.8513971594214417,0.07307293143834181,200,percentile
PCE-revised,age_group,60-69,FPR_7.5,0.4514435377606205,0.42693801125656605,0.4780718035853789,0.014190642136987688,200,percentile
PCE-revised,age_group,60-69,pct_flagged_20,0.09330989352200654,0.0806849132285711,0.10711381024616891,0.006838504966098808,200,percentile
PCE-revised,age_group,60-69,TPR_20,0.16435934639847147,0.06661850463348319,0.24883883394100412,0.04577417006133302,200,percentile
PCE-revised,age_group,60-69,FPR_20,0.09063678851299611,0.07701796589738816,0.10622074090405975,0.0075613681870329505,200,percentile
PCE-revised,age_group,60-69,rel_OE,0.8671820294950274,0.6773464503691068,1.0349372452804662,0.09514686962560123,200,percentile
PCE-revised,age_group,70-79,n,2091.0,987.9,1120.0,32.73460204209411,200,percentile
PCE-revised,age_group,70-79,events,168.0,71.0,96.025,6.601842288940279,200,percentile
PCE-revised,age_group,70-79,observed,0.07472044143926194,0.06027899228045474,0.08923346164971416,0.007513767174470167,200,percentile
PCE-revised,age_group,70-79,expected,0.16518308307628568,0.15950745516299986,0.1707075847406566,0.002823983031515875,200,percentile
PCE-revised,age_group,70-79,OE,0.45234923605799376,0.3594615821428773,0.5360338250638801,0.04464989576958265,200,percentile
PCE-revised,age_group,70-79,cal_intercept,-0.9531618291222432,-1.2138956317363336,-0.7642389701448513,0.11310119439704176,200,percentile
PCE-revised,age_group,70-79,cal_slope,0.7734543541493281,0.490347848377737,1.0495086574671366,0.1428529889989782,200,percentile
PCE-revised,age_group,70-79,AUC,0.6619077208094549,0.6027873897853885,0.715604566012489,0.028658342692476822,200,percentile
PCE-revised,age_group,70-79,brier,0.07934620520905394,0.07001670334577106,0.08924500312419995,0.004923844675748118,200,percentile
PCE-revised,age_group,70-79,scaled_brier,-0.14766137195495532,-0.2707583184892377,-0.06405647008623554,0.053359999744381444,200,percentile
PCE-revised,age_group,70-79,pct_flagged_7.5,0.8142371543914428,0.7984110915569288,0.8316840021170381,0.009218243993705818,200,percentile
PCE-revised,age_group,70-79,TPR_7.5,0.9254379553212899,0.8759697588651483,0.9714312035797585,0.025016563849385214,200,percentile
PCE-revised,age_group,70-79,FPR_7.5,0.8085363819001925,0.7899042882550846,0.8267496453294132,0.009803763979206178,200,percentile
PCE-revised,age_group,70-79,pct_flagged_20,0.28744584326277817,0.2618010183204581,0.31036508997600537,0.011305677375281672,200,percentile
PCE-revised,age_group,70-79,TPR_20,0.5062618859198249,0.42066748827572553,0.5992509633612472,0.04804238344638961,200,percentile
PCE-revised,age_group,70-79,FPR_20,0.2694020738120688,0.2429297052545852,0.2949839041642895,0.013424432701207729,200,percentile
PCE-revised,age_group,70-79,rel_OE,1.4281424878209867,1.2212137813103923,1.650023031936787,0.12046304900206159,200,percentile
PCE-revised,income,PIR 1.3-3.5,n,4300.0,2061.0,2269.225,52.23236424260208,200,percentile
PCE-revised,income,PIR 1.3-3.5,events,134.0,55.975,78.025,6.202915103311867,200,percentile
PCE-revised,income,PIR 1.3-3.5,observed,0.024634807027959664,0.019230422884167927,0.02991313661643493,0.0028751717546942022,200,percentile
PCE-revised,income,PIR 1.3-3.5,expected,0.06949086973316788,0.06550382026038157,0.072996748705429,0.0017992823811875227,200,percentile
PCE-revised,income,PIR 1.3-3.5,OE,0.35450422656318414,0.27844666817610486,0.4279178392592329,0.03934808453571437,200,percentile
PCE-revised,income,PIR 1.3-3.5,cal_intercept,-1.15938885103029,-1.4373429213679645,-0.9571930722378473,0.11829247331553906,200,percentile
PCE-revised,income,PIR 1.3-3.5,cal_slope,1.051022529538741,0.8480629925664814,1.2680336284607316,0.11479625135419598,200,percentile
PCE-revised,income,PIR 1.3-3.5,AUC,0.8163093287129236,0.7760360077730069,0.8542281602233843,0.02150578724852094,200,percentile
PCE-revised,income,PIR 1.3-3.5,brier,0.02719388538548593,0.023434087888379133,0.0317439279869196,0.0021879529358391743,200,percentile
PCE-revised,income,PIR 1.3-3.5,scaled_brier,-0.1317613143793428,-0.2649376483516177,-0.04906491552410259,0.05622806314482847,200,percentile
PCE-revised,income,PIR 1.3-3.5,pct_flagged_7.5,0.312762366289483,0.29451492156242826,0.3331563399114041,0.009927134469535555,200,percentile
PCE-revised,income,PIR 1.3-3.5,TPR_7.5,0.7748990287633568,0.6753576025351435,0.8632469377072638,0.04801623703737366,200,percentile
PCE-revised,income,PIR 1.3-3.5,FPR_7.5,0.2996442274264065,0.28129767833815855,0.32205268758581224,0.011043954334401447,200,percentile
PCE-revised,income,PIR 1.3-3.5,pct_flagged_20,0.07425291905671667,0.06635016358584019,0.082587008241236,0.004333741642578813,200,percentile
PCE-revised,income,PIR 1.3-3.5,TPR_20,0.34533220106963153,0.25187183477443953,0.4483667711717668,0.05053019025119041,200,percentile
PCE-revised,income,PIR 1.3-3.5,FPR_20,0.06595602891445919,0.0578123407017076,0.07643578723394553,0.004527526073906902,200,percentile
PCE-revised,income,PIR 1.3-3.5,rel_OE,1.1192293646365132,0.9353330353273009,1.2889057097022578,0.09671898677865569,200,percentile
PCE-revised,income,PIR<1.3,n,2973.0,1391.8,1601.1,52.18286145997319,200,percentile
PCE-revised,income,PIR<1.3,events,113.0,48.0,66.0,4.42231663521627,200,percentile
PCE-revised,income,PIR<1.3,observed,0.032136508605885745,0.02596628583600367,0.03855131068213482,0.003362469636431314,200,percentile
PCE-revised,income,PIR<1.3,expected,0.07203353494902172,0.06876500085907689,0.075604234057941,0.0018840743981421693,200,percentile
PCE-revised,income,PIR<1.3,OE,0.446132605162704,0.3661638627187914,0.5455020129145993,0.0467080422317937,200,percentile
PCE-revised,income,PIR<1.3,cal_intercept,-0.9363555442325915,-1.1456539781525539,-0.706632282505067,0.11352773219578295,200,percentile
PCE-revised,income,PIR<1.3,cal_slope,0.8553632031685829,0.656127795493262,1.0463116991927779,0.09382006996098777,200,percentile
PCE-revised,income,PIR<1.3,AUC,0.7793682272781153,0.733904976606826,0.8189756697388625,0.021524773250787513,200,percentile
PCE-revised,income,PIR<1.3,brier,0.0340620773257945,0.029341264925439897,0.039068162605886796,0.0026706540537907936,200,percentile
PCE-revised,income,PIR<1.3,scaled_brier,-0.0951114762674985,-0.1986238838094305,-0.007631616679531466,0.04845170503368491,200,percentile
PCE-revised,income,PIR<1.3,pct_flagged_7.5,0.30761944626038007,0.29052733995766566,0.32694848028289947,0.009702244491135567,200,percentile
PCE-revised,income,PIR<1.3,TPR_7.5,0.6977865316349489,0.5937633664656942,0.791087071406124,0.05295004107002663,200,percentile
PCE-revised,income,PIR<1.3,FPR_7.5,0.2950158371033188,0.2751459596748002,0.3174243868421465,0.011060962935867402,200,percentile
PCE-revised,income,PIR<1.3,pct_flagged_20,0.08614468255602646,0.07680604494171211,0.0975649191837517,0.00595282867126959,200,percentile
PCE-revised,income,PIR<1.3,TPR_20,0.3205400325403034,0.22570227721751313,0.4030371682768949,0.04785900705909261,200,percentile
PCE-revised,income,PIR<1.3,FPR_20,0.07957945101106038,0.06849178774502851,0.09172999168642298,0.006552478894428999,200,percentile
PCE-revised,income,PIR<1.3,rel_OE,1.4085155403101794,1.1776747514890953,1.6601909433360884,0.13201914814617374,200,percentile
PCE-revised,income,PIR>3.5,n,4520.0,2133.775,2405.05,75.40521671968538,200,percentile
PCE-revised,income,PIR>3.5,events,55.0,18.975,37.0,4.311370382240932,200,percentile
PCE-revised,income,PIR>3.5,observed,0.009882996868099557,0.00662408747419736,0.01367297211594502,0.0017183769339146869,200,percentile
PCE-revised,income,PIR>3.5,expected,0.04491189406604373,0.04313799889102298,0.046844310289420175,0.001013989144797167,200,percentile
PCE-revised,income,PIR>3.5,OE,0.22005299650837343,0.14345929612067831,0.3056803586363261,0.03787302065888015,200,percentile
PCE-revised,income,PIR>3.5,cal_intercept,-1.630066794912601,-2.0549916750824004,-1.3073433088623212,0.180353538659052,200,percentile
PCE-revised,income,PIR>3.5,cal_slope,0.8736607589014838,0.6775316293695569,1.151115813680813,0.12590974758085416,200,percentile
PCE-revised,income,PIR>3.5,AUC,0.7870403106958489,0.7291908085936377,0.857284396356735,0.033724588304909306,200,percentile
PCE-revised,income,PIR>3.5,brier,0.013167977969743951,0.010402875881962974,0.016328910360872154,0.001485348664468973,200,percentile
PCE-revised,income,PIR>3.5,scaled_brier,-0.3456865599047856,-0.6016655332739443,-0.19838849741744807,0.09830534330740504,200,percentile
PCE-revised,income,PIR>3.5,pct_flagged_7.5,0.17265210521485524,0.16011548661036049,0.18469086258341277,0.006717787351771247,200,percentile
PCE-revised,income,PIR>3.5,TPR_7.5,0.5304324160300898,0.3869971760633949,0.6974102268150703,0.08565867781616188,200,percentile
PCE-revised,income,PIR>3.5,FPR_7.5,0.1698426995152562,0.15730804152458308,0.18303875929791205,0.007071972786409386,200,percentile
PCE-revised,income,PIR>3.5,pct_flagged_20,0.031739815460822746,0.02749430936738252,0.03777524800627626,0.002582789475516976,200,percentile
PCE-revised,income,PIR>3.5,TPR_20,0.12185620666646145,0.04071513570777769,0.2085505270582558,0.04358615217369014,200,percentile
PCE-revised,income,PIR>3.5,FPR_20,0.03115430880640907,0.026414917990649895,0.03729600365740909,0.0029033781446404566,200,percentile
PCE-revised,income,PIR>3.5,rel_OE,0.6947442569476131,0.4838685078453196,0.856188372974366,0.09396140680848925,200,percentile
PCE-revised,education,<HS,n,3925.0,1840.925,2077.375,63.90603792613881,200,percentile
PCE-revised,education,<HS,events,132.0,57.975,77.0,5.268182202486258,200,percentile
PCE-revised,education,<HS,observed,0.029007725915108577,0.023451540059760526,0.03679807595623777,0.0036020534999067944,200,percentile
PCE-revised,education,<HS,expected,0.08367424911712655,0.0789209674707464,0.08840146925864127,0.0022891226626963654,200,percentile
PCE-revised,education,<HS,OE,0.34667446939982444,0.2755623141276708,0.4349226897272407,0.04146493663897163,200,percentile
PCE-revised,education,<HS,cal_intercept,-1.2275588636447325,-1.4587399836560493,-0.9811183803529735,0.12599082002084042,200,percentile
PCE-revised,education,<HS,cal_slope,0.8155924677837043,0.6169305223684717,1.0097377434481127,0.10326170565391217,200,percentile
PCE-revised,education,<HS,AUC,0.7626126468557279,0.7145540678863775,0.8035245446148898,0.024091749853690288,200,percentile
PCE-revised,education,<HS,brier,0.03464611587885025,0.03032448949278016,0.04071029685685815,0.002726791584810181,200,percentile
PCE-revised,education,<HS,scaled_brier,-0.23005660114137094,-0.3667406888839796,-0.11333646734545103,0.0704453483367029,200,percentile
PCE-revised,education,<HS,pct_flagged_7.5,0.37768896203293084,0.354953672542055,0.39973471993709064,0.01173504644776249,200,percentile
PCE-revised,education,<HS,TPR_7.5,0.721505498172239,0.6080193012090107,0.842026319009373,0.06012135299140136,200,percentile
PCE-revised,education,<HS,FPR_7.5,0.37262478495725265,0.35133967397634375,0.3967636330280029,0.012386918144470785,200,percentile
PCE-revised,education,<HS,pct_flagged_20,0.10742465773116595,0.09396515042164973,0.12147210533811541,0.006753009138791544,200,percentile
PCE-revised,education,<HS,TPR_20,0.36572824166812995,0.24676922278742458,0.4617780483591968,0.05619922928378361,200,percentile
PCE-revised,education,<HS,FPR_20,0.10161280665924667,0.08884042012811072,0.11542611122914512,0.006915181412206135,200,percentile
PCE-revised,education,<HS,rel_OE,1.094509506652977,0.910265401343649,1.3462448111464547,0.11981186174063156,200,percentile
PCE-revised,education,College+,n,2673.0,1246.9,1434.125,51.98476753123342,200,percentile
PCE-revised,education,College+,events,45.0,15.0,29.025000000000006,3.644173431657719,200,percentile
PCE-revised,education,College+,observed,0.011212050736599574,0.007060347272302816,0.01525686179600597,0.002068265585715939,200,percentile
PCE-revised,education,College+,expected,0.042148335662655634,0.03957595351855222,0.04466095525013742,0.0013330272796155177,200,percentile
PCE-revised,education,College+,OE,0.26601408004192445,0.16948963644290696,0.3614531566613751,0.0482105773961133,200,percentile
PCE-revised,education,College+,cal_intercept,-1.4340514962697775,-1.8960813809396608,-1.1138945894532553,0.19429264268283547,200,percentile
PCE-revised,education,College+,cal_slope,1.2048826374834358,0.942934923754914,1.5083239116591718,0.15223109371301494,200,percentile
PCE-revised,education,College+,AUC,0.8598057895098076,0.796228735517299,0.9084699123182869,0.031240154103022423,200,percentile
PCE-revised,education,College+,brier,0.013050108945324011,0.010087569340530142,0.0161242786679194,0.001585898785602269,200,percentile
PCE-revised,education,College+,scaled_brier,-0.17713403832491803,-0.46290904330281407,-0.04874623731936942,0.09935761392267795,200,percentile
PCE-revised,education,College+,pct_flagged_7.5,0.16112513965625774,0.14565810780503366,0.18094148313437622,0.00904105441295064,200,percentile
PCE-revised,education,College+,TPR_7.5,0.7483074316280995,0.5545995152703996,0.8666495589300284,0.08001371282104124,200,percentile
PCE-revised,education,College+,FPR_7.5,0.15470335638047777,0.13901724471653693,0.17354894304292454,0.009538461629808958,200,percentile
PCE-revised,education,College+,pct_flagged_20,0.028229326793982636,0.021758583476827915,0.0340902413951911,0.003283781777672977,200,percentile
PCE-revised,education,College+,TPR_20,0.25970640295693903,0.13633128201250685,0.4121386161619597,0.07297868899447049,200,percentile
PCE-revised,education,College+,FPR_20,0.0274816212914306,0.021076405230264383,0.03420655706911245,0.003672211469766894,200,percentile
PCE-revised,education,College+,rel_OE,0.8398511145441151,0.5391988834432732,1.088848923906693,0.13444534812887554,200,percentile
PCE-revised,education,HS/GED,n,2987.0,1432.875,1602.075,45.80507504084552,200,percentile
PCE-revised,education,HS/GED,events,87.0,34.0,52.0,4.588490626682783,200,percentile
PCE-revised,education,HS/GED,observed,0.021233046724068116,0.015012183057993728,0.027494939776271734,0.003269945255758333,200,percentile
PCE-revised,education,HS/GED,expected,0.06455092480795105,0.061518109553869826,0.06817063710838436,0.0017835551933263988,200,percentile
PCE-revised,education,HS/GED,OE,0.32893481831963994,0.23944846118381485,0.41397261154638254,0.04870413613057966,200,percentile
PCE-revised,education,HS/GED,cal_intercept,-1.2328771787515906,-1.5857595667467328,-0.9792636690919367,0.16247696566260317,200,percentile
PCE-revised,education,HS/GED,cal_slope,1.060804039893767,0.8030529513428668,1.4120820619200474,0.15131145733198362,200,percentile
PCE-revised,education,HS/GED,AUC,0.8130666109508787,0.7487677587213317,0.8796385550987856,0.03374690327322812,200,percentile
PCE-revised,education,HS/GED,brier,0.023775930597036563,0.019848334449160815,0.028907320582659227,0.002451237663947491,200,percentile
PCE-revised,education,HS/GED,scaled_brier,-0.14405238641697138,-0.33649385938489484,-0.03294240644111329,0.07460026868307848,200,percentile
PCE-revised,education,HS/GED,pct_flagged_7.5,0.27765085334579126,0.25736175308920123,0.29967182303557505,0.011225662782019653,200,percentile
PCE-revised,education,HS/GED,TPR_7.5,0.7316259423532651,0.6117062339832523,0.858971991735422,0.06522815730190912,200,percentile
PCE-revised,education,HS/GED,FPR_7.5,0.2674143903402609,0.24700281166568883,0.2917206709851202,0.011793596834864773,200,percentile
PCE-revised,education,HS/GED,pct_flagged_20,0.06513231019150262,0.05844455000163093,0.07380607696984459,0.003937859008941389,200,percentile
PCE-revised,education,HS/GED,TPR_20,0.3235064549146878,0.22921805660305147,0.41758639418383625,0.050963374528704544,200,percentile
PCE-revised,education,HS/GED,FPR_20,0.05724411223199278,0.050633516959421164,0.06596061572815677,0.004171104979966094,200,percentile
PCE-revised,education,HS/GED,rel_OE,1.0385024496995683,0.7918731010535729,1.2619869788451468,0.11374246216135728,200,percentile
PCE-revised,education,Some college,n,3252.0,1556.975,1714.025,41.8909181100212,200,percentile
PCE-revised,education,Some college,events,67.0,25.975,41.0,4.131737683034468,200,percentile
PCE-revised,education,Some college,observed,0.016017017148540397,0.01082300539616698,0.021233913776032794,0.002564644906706082,200,percentile
PCE-revised,education,Some college,expected,0.05087228518882494,0.048279357833870794,0.052948430858625925,0.0012217217861854373,200,percentile
PCE-revised,education,Some college,OE,0.31484760492062264,0.213494425124202,0.41464492688818405,0.04913208789882586,200,percentile
PCE-revised,education,Some college,cal_intercept,-1.259795787114192,-1.6606648030898365,-0.9729673101804732,0.1657980642725597,200,percentile
PCE-revised,education,Some college,cal_slope,0.8705836688333013,0.6834991572377299,1.1382168787562714,0.10975444459985045,200,percentile
PCE-revised,education,Some college,AUC,0.7748085106614163,0.7203831029978107,0.8353612288407424,0.029396033924919764,200,percentile
PCE-revised,education,Some college,brier,0.01872353036762516,0.014313916777693942,0.02324708524511194,0.0022142967709350607,200,percentile
PCE-revised,education,Some college,scaled_brier,-0.18800566373274474,-0.33759291882061,-0.10108521973411932,0.06084205717055568,200,percentile
PCE-revised,education,Some college,pct_flagged_7.5,0.20786097763642067,0.19445688655089258,0.22289062830354167,0.007302040566864454,200,percentile
PCE-revised,education,Some college,TPR_7.5,0.5486080083633215,0.40198608149300735,0.7287103805304396,0.08278039038831243,200,percentile
PCE-revised,education,Some college,FPR_7.5,0.20251497976186422,0.1888854388143512,0.21860701600867646,0.007804057925720167,200,percentile
PCE-revised,education,Some college,pct_flagged_20,0.039751477751085215,0.03401459461728682,0.045172274646911266,0.0029349697730928505,200,percentile
PCE-revised,education,Some college,TPR_20,0.1464179224071405,0.06951540627866319,0.23223830969007914,0.039839662068504866,200,percentile
PCE-revised,education,Some college,FPR_20,0.038147206945310534,0.03259478097928318,0.04447142993832778,0.003290645883320374,200,percentile
PCE-revised,education,Some college,rel_OE,0.9940267517510957,0.7312910773023504,1.2737946870761487,0.14083632399473742,200,percentile
PCE-revised,sex,GAP(max-min),OE,0.05504649119378585,0.0,0.1065512557436682,0.035053496158266605,200,basic
PCE-revised,sex,GAP(max-min),AUC,0.05834936473264862,0.015904279542877195,0.10596644454344933,0.023161898641830835,200,basic
PCE-revised,sex,GAP(max-min),cal_slope,0.02353350354772865,0.0,0.038607864137130986,0.05908580297969999,200,basic
PCE-revised,sex,GAP(max-min),TPR_7.5,0.17940305093326303,0.04084411785008368,0.2902520631049792,0.06315162265567893,200,basic
PCE-revised,sex,GAP(max-min),FPR_7.5,0.17646594954084713,0.16115780278637945,0.19505112077382575,0.00847811815537561,200,basic
PCE-revised,sex,GAP(max-min),pct_flagged_7.5,0.18266488540613493,0.1676530734894644,0.2004671051934005,0.008179737341605061,200,basic
PCE-revised,sex,GAP(max/min),OE,1.185808702583998,1.0,1.3595411726782092,0.1294470899870815,200,basic
PCE-revised,race,GAP(max-min),OE,0.06487726915328296,0.0,0.10639587508218688,0.05759723637931779,200,basic
PCE-revised,race,GAP(max-min),AUC,0.09700889061533569,0.012320204663049478,0.16440198727715957,0.03905481137705477,200,basic
PCE-revised,race,GAP(max-min),cal_slope,0.41765969497751443,0.13168887748685487,0.7095532115029454,0.15914538858767588,200,basic
PCE-revised,race,GAP(max-min),TPR_7.5,0.4000892118571917,0.27323438640023456,0.7517589998627819,0.1367233174364829,200,basic
PCE-revised,race,GAP(max-min),FPR_7.5,0.11539415938308278,0.07960545918714895,0.14114797176562455,0.01647898486446905,200,basic
PCE-revised,race,GAP(max-min),pct_flagged_7.5,0.10726477274552065,0.07017199465916052,0.13590085023413576,0.01654068384277538,200,basic
PCE-revised,race,GAP(max/min),OE,1.2292608312498836,1.0,1.386478902717904,0.294575348858262,200,basic
PCE-revised,age_group,GAP(max-min),OE,0.23496358757243427,0.12290428339766679,0.3331161152982657,0.05689732839740477,200,basic
PCE-revised,age_group,GAP(max-min),AUC,0.1776732112760595,0.06550144336712066,0.23719139198829353,0.044760440044271724,200,basic
PCE-revised,age_group,GAP(max-min),cal_slope,0.5687317900788487,0.06960855509911346,0.8460023972768234,0.21157851202705835,200,basic
PCE-revised,age_group,GAP(max-min),TPR_7.5,0.6732898055834174,0.48523365530922336,0.7876442951662163,0.08620225351789546,200,basic
PCE-revised,age_group,GAP(max-min),FPR_7.5,0.7633372465167615,0.7437513600036321,0.7841991954473876,0.012663318830224727,200,basic
PCE-revised,age_group,GAP(max-min),pct_flagged_7.5,0.7673693335075914,0.7482763361212078,0.7863162605503586,0.01251251364620735,200,basic
PCE-revised,age_group,GAP(max/min),OE,2.080860623547752,1.0,2.6150926378321078,0.4651091309443728,200,basic
PCE-revised,income,GAP(max-min),OE,0.22607960865433055,0.11535264165816933,0.32283484773874577,0.053769022665454615,200,basic
PCE-revised,income,GAP(max-min),AUC,0.03694110143480833,0.0,0.059832675411945674,0.025486150734266175,200,basic
PCE-revised,income,GAP(max-min),cal_slope,0.19565932637015804,0.0,0.3118473316112978,0.12297851759279249,200,basic
PCE-revised,income,GAP(max-min),TPR_7.5,0.24446661273326697,0.05456166065661355,0.40414501413500603,0.09209488016387483,200,basic
PCE-revised,income,GAP(max-min),FPR_7.5,0.1298015279111503,0.10381857161935854,0.1481803153409072,0.011440598749195893,200,basic
PCE-revised,income,GAP(max-min),pct_flagged_7.5,0.14011026107462776,0.11746718441492154,0.15727113831622502,0.010916552846695342,200,basic
PCE-revised,income,GAP(max/min),OE,2.0273870942072256,1.046747397029995,2.5415639795747604,0.40611109134475215,200,basic
PCE-revised,education,GAP(max-min),OE,0.08066038935789999,0.0,0.12133848108103666,0.05263197022566309,200,basic
PCE-revised,education,GAP(max-min),AUC,0.09719314265407963,0.03133349229395663,0.13045154410709406,0.02617734496918199,200,basic
PCE-revised,education,GAP(max-min),cal_slope,0.3892901696997315,0.033842699022217815,0.5436672947057228,0.13053156749232542,200,basic
PCE-revised,education,GAP(max-min),TPR_7.5,0.19969942326477808,0.0,0.31133362237878853,0.08821440609334216,200,basic
PCE-revised,education,GAP(max-min),FPR_7.5,0.21792142857677488,0.18682006867163714,0.2430515607121582,0.014807931751341038,200,basic
PCE-revised,education,GAP(max-min),pct_flagged_7.5,0.2165638223766731,0.18564126861378002,0.2429806855808076,0.015032834493786852,200,basic
PCE-revised,education,GAP(max/min),OE,1.3032184963487186,1.0,1.4808273321867667,0.3210541122917217,200,basic
PREVENT-CVD,Overall,All,n,12851.0,6243.8,6681.15,113.20703129520443,200,percentile
PREVENT-CVD,Overall,All,events,333.0,151.0,188.025,9.198578380440397,200,percentile
PREVENT-CVD,Overall,All,observed,0.018259132654697845,0.0152370789918285,0.02194398216351286,0.0015577176931997592,200,percentile
PREVENT-CVD,Overall,All,expected,0.0672494538607728,0.06522596040361733,0.06926172055673556,0.0010069180214320995,200,percentile
PREVENT-CVD,Overall,All,OE,0.27151347120974256,0.2320673116077234,0.3242038685537409,0.021765366305412162,200,percentile
PREVENT-CVD,Overall,All,cal_intercept,-1.4184210119187275,-1.571837826603854,-1.2405832087546074,0.08029526163576635,200,percentile
PREVENT-CVD,Overall,All,cal_slope,1.332593589004153,1.1579557832792762,1.5696751968180451,0.11185236756519312,200,percentile
PREVENT-CVD,Overall,All,AUC,0.8216189629693093,0.7905035244093882,0.8566103546747054,0.017167641018882587,200,percentile
PREVENT-CVD,Overall,All,brier,0.021179761061580198,0.018895750477617018,0.024008741970253957,0.0012675856164055198,200,percentile
PREVENT-CVD,Overall,All,scaled_brier,-0.18152806667343313,-0.25370556422322954,-0.11658447552742915,0.03538408089978483,200,percentile
PREVENT-CVD,Overall,All,pct_flagged_7.5,0.30394715178724313,0.2916328867122563,0.3157555924630541,0.0060277350479690925,200,percentile
PREVENT-CVD,Overall,All,TPR_7.5,0.7821142285392355,0.710420154149038,0.8456725272945274,0.03328712426432954,200,percentile
PREVENT-CVD,Overall,All,FPR_7.5,0.29640008915589033,0.28466255233358423,0.3089727296881578,0.006454369062808014,200,percentile
PREVENT-CVD,Overall,All,pct_flagged_20,0.06068467672346786,0.05563087471371132,0.06550170018282653,0.0026863098195604065,200,percentile
PREVENT-CVD,Overall,All,TPR_20,0.37508673251992913,0.31520675159113115,0.4511111984722708,0.03589830166363389,200,percentile
PREVENT-CVD,Overall,All,FPR_20,0.05492057598422067,0.04931372141181016,0.06068794433194985,0.0029572772896065956,200,percentile
PREVENT-CVD,Overall,All,rel_OE,1.0,1.0,1.0,0.0,200,percentile
PREVENT-CVD,sex,Female,n,6536.0,3170.95,3407.1,61.6232431431306,200,percentile
PREVENT-CVD,sex,Female,events,129.0,53.975,76.025,5.6826987714142625,200,percentile
PREVENT-CVD,sex,Female,observed,0.014298811656041032,0.011440341297596274,0.017886875796136174,0.0015999201735201812,200,percentile
PREVENT-CVD,sex,Female,expected,0.061090336439927395,0.05876946294486036,0.06350972379435345,0.0012513753506624011,200,percentile
PREVENT-CVD,sex,Female,OE,0.23406012291488415,0.19396016962860638,0.2883342495897112,0.02414749359921918,200,percentile
PREVENT-CVD,sex,Female,cal_intercept,-1.5737506036363216,-1.7676417784719294,-1.353208207275314,0.10526615350103931,200,percentile
PREVENT-CVD,sex,Female,cal_slope,1.463048642220264,1.1628919324603473,1.7983043636362188,0.1563330372280257,200,percentile
PREVENT-CVD,sex,Female,AUC,0.847272713920593,0.8027182276208799,0.8856192780125849,0.020957942363941145,200,percentile
PREVENT-CVD,sex,Female,brier,0.017277043899348775,0.014945865033954819,0.02011527429730621,0.0013117228741039793,200,percentile
PREVENT-CVD,sex,Female,scaled_brier,-0.22581296648739713,-0.3533873561235089,-0.1416854166869388,0.05437901074850007,200,percentile
PREVENT-CVD,sex,Female,pct_flagged_7.5,0.2786328595305492,0.2641440419865809,0.29366498114887785,0.007991714223826937,200,percentile
PREVENT-CVD,sex,Female,TPR_7.5,0.7988769216829557,0.7064349992543552,0.8777393454058154,0.045400414571163776,200,percentile
PREVENT-CVD,sex,Female,FPR_7.5,0.27393236720734226,0.2584648865795768,0.29296312105323136,0.00884824878300605,200,percentile
PREVENT-CVD,sex,Female,pct_flagged_20,0.051217360764974386,0.0466676694336163,0.05748896571895939,0.0029665885308814955,200,percentile
PREVENT-CVD,sex,Female,TPR_20,0.42436579151480613,0.32869052043614355,0.5259682509467518,0.05348722331675311,200,percentile
PREVENT-CVD,sex,Female,FPR_20,0.046091230312914094,0.04161287364169003,0.052559634949984946,0.002943366514857077,200,percentile
PREVENT-CVD,sex,Female,rel_OE,0.8620571269337648,0.7580371844265109,0.9738226932306386,0.060725219896671644,200,percentile
PREVENT-CVD,sex,Male,n,6315.0,3057.975,3290.125,60.87899192900173,200,percentile
PREVENT-CVD,sex,Male,events,204.0,87.975,117.0,7.245776798041406,200,percentile
PREVENT-CVD,sex,Male,observed,0.022578668278006912,0.019075092164227442,0.02767814346895268,0.002252923241004078,200,percentile
PREVENT-CVD,sex,Male,expected,0.07399824004116082,0.07173047218021829,0.07609898758934261,0.0011546670689406428,200,percentile
PREVENT-CVD,sex,Male,OE,0.3051243957349221,0.2632456750115637,0.37527764730915175,0.02947759390278201,200,percentile
PREVENT-CVD,sex,Male,cal_intercept,-1.2947826154015305,-1.4493478556595099,-1.0855029487832875,0.09824069016087872,200,percentile
PREVENT-CVD,sex,Male,cal_slope,1.2353836369069924,1.0038167125029795,1.496816718395059,0.12632100855249345,200,percentile
PREVENT-CVD,sex,Male,AUC,0.795746217584199,0.7534014538487299,0.8371662203233522,0.022207270813982976,200,percentile
PREVENT-CVD,sex,Male,brier,0.02543646798399276,0.022571926845949934,0.029458657902132326,0.001759187806594455,200,percentile
PREVENT-CVD,sex,Male,scaled_brier,-0.15259483876795965,-0.23260660203484218,-0.0816261788918552,0.03990454532630003,200,percentile
PREVENT-CVD,sex,Male,pct_flagged_7.5,0.33168501324935334,0.31685188544419707,0.34638708322809725,0.007447723159372491,200,percentile
PREVENT-CVD,sex,Male,TPR_7.5,0.7705357341633757,0.6904686576440114,0.8522778693294623,0.04226586654574064,200,percentile
PREVENT-CVD,sex,Male,FPR_7.5,0.32111330026756507,0.3060954024968139,0.3352146720080619,0.007499794880722872,200,percentile
PREVENT-CVD,sex,Male,pct_flagged_20,0.07105838560743934,0.0636333299437886,0.07817449898060269,0.003777348491928434,200,percentile
PREVENT-CVD,sex,Male,TPR_20,0.3410482100386179,0.2625182023653856,0.4397627498540326,0.04428172776252446,200,percentile
PREVENT-CVD,sex,Male,FPR_20,0.0646323520179744,0.056411463364742544,0.072804604957519,0.004244843039685161,200,percentile
PREVENT-CVD,sex,Male,rel_OE,1.123791001512464,1.0243271228801707,1.2140265701900088,0.05434559928935483,200,percentile
PREVENT-CVD,race,Mexican American,n,2701.0,1106.925,1560.0,117.19133251689493,200,percentile
PREVENT-CVD,race,Mexican American,events,55.0,16.975,36.0,4.965964560898566,200,percentile
PREVENT-CVD,race,Mexican American,observed,0.016277313254553467,0.009612973904533445,0.022429504136546784,0.0034390260242196245,200,percentile
PREVENT-CVD,race,Mexican American,expected,0.061670993669109685,0.05667364169501454,0.06517260475442577,0.002316763539850489,200,percentile
PREVENT-CVD,race,Mexican American,OE,0.26393791126324256,0.1647931994880763,0.35860067014334446,0.051683121581720386,200,percentile
PREVENT-CVD,race,Mexican American,cal_intercept,-1.4516082715648797,-1.9249238783819673,-1.1377427297334117,0.2129258889178759,200,percentile
PREVENT-CVD,race,Mexican American,cal_slope,0.9192681885107022,0.6359820425995367,1.2868366750840232,0.1759610978770956,200,percentile
PREVENT-CVD,race,Mexican American,AUC,0.7746429416596136,0.7049859318562004,0.855386447787555,0.04023258271455115,200,percentile
PREVENT-CVD,race,Mexican American,brier,0.020438949996313772,0.014240279555904112,0.025995158422469872,0.0030972506405299383,200,percentile
PREVENT-CVD,race,Mexican American,scaled_brier,-0.2764481328823756,-0.521745952027313,-0.15606196501042296,0.10621292995732254,200,percentile
PREVENT-CVD,race,Mexican American,pct_flagged_7.5,0.26322425797520554,0.2336763776370235,0.2850000636337929,0.014167411733151686,200,percentile
PREVENT-CVD,race,Mexican American,TPR_7.5,0.642753361619806,0.45753222512754904,0.8237110265942432,0.09995294160227929,200,percentile
PREVENT-CVD,race,Mexican American,FPR_7.5,0.2513127667333152,0.2258216795881909,0.2703916587769474,0.012773182968194656,200,percentile
PREVENT-CVD,race,Mexican American,pct_flagged_20,0.05464596521852426,0.0424097198966291,0.06361201383282127,0.00555581623689509,200,percentile
PREVENT-CVD,race,Mexican American,TPR_20,0.2085421253855917,0.05879146493504596,0.379142707639399,0.0845136006072648,200,percentile
PREVENT-CVD,race,Mexican American,FPR_20,0.05334980884858375,0.042218481725885736,0.06364709941632866,0.005634169390535795,200,percentile
PREVENT-CVD,race,Mexican American,rel_OE,0.9720987694910802,0.6238215758149482,1.3479381233895753,0.19298888943390693,200,percentile
PREVENT-CVD,race,NH Black,n,2419.0,1058.775,1360.05,75.45441550429952,200,percentile
PREVENT-CVD,race,NH Black,events,80.0,30.0,51.025000000000006,5.232001932444744,200,percentile
PREVENT-CVD,race,NH Black,observed,0.025565243548074105,0.02034727883567887,0.031121041799918914,0.002788823918965767,200,percentile
PREVENT-CVD,race,NH Black,expected,0.07543433437527772,0.07154122068495966,0.07841163888579154,0.0017839547660713554,200,percentile
PREVENT-CVD,race,NH Black,OE,0.3389072596689163,0.27193434340910005,0.4093189427289602,0.037223090797952704,200,percentile
PREVENT-CVD,race,NH Black,cal_intercept,-1.2320812169024942,-1.477477097641875,-1.0278395310655979,0.12114561917439638,200,percentile
PREVENT-CVD,race,NH Black,cal_slope,1.1030159301926554,0.7746180475159046,1.4931002782447078,0.16780233416656903,200,percentile
PREVENT-CVD,race,NH Black,AUC,0.7889992256670356,0.7195848349798101,0.8559410989122932,0.033818951220628245,200,percentile
PREVENT-CVD,race,NH Black,brier,0.028372654798345213,0.02425305434137917,0.03229061264824801,0.0020438583281275112,200,percentile
PREVENT-CVD,race,NH Black,scaled_brier,-0.1389306320047461,-0.2602970045502484,-0.04032231848859653,0.05962578623324794,200,percentile
PREVENT-CVD,race,NH Black,pct_flagged_7.5,0.3379599725400684,0.3168020271545132,0.3614028189681871,0.011510007251946064,200,percentile
PREVENT-CVD,race,NH Black,TPR_7.5,0.7606250540199277,0.6407340591197247,0.8621950187057534,0.0561254081734626,200,percentile
PREVENT-CVD,race,NH Black,FPR_7.5,0.33957683700100516,0.3135043672968254,0.3655823976286296,0.013711663074130473,200,percentile
PREVENT-CVD,race,NH Black,pct_flagged_20,0.08460705621480523,0.07215996482693371,0.09505935184113068,0.006103966436447963,200,percentile
PREVENT-CVD,race,NH Black,TPR_20,0.4069214372728078,0.3138396275031834,0.5023058590241276,0.05040268429520725,200,percentile
PREVENT-CVD,race,NH Black,FPR_20,0.08253793255564502,0.06580901704647857,0.09859269947175722,0.008767358843094255,200,percentile
PREVENT-CVD,race,NH Black,rel_OE,1.2482152659273118,0.9604542701961332,1.5331337845174013,0.14551306020517335,200,percentile
PREVENT-CVD,race,NH White,n,6377.0,2923.675,3514.8250000000003,150.60396699413948,200,percentile
PREVENT-CVD,race,NH White,events,177.0,75.0,108.025,8.603363546986026,200,percentile
PREVENT-CVD,race,NH White,observed,0.018143963408148334,0.01460569744998004,0.023247886440067204,0.0019702226850302155,200,percentile
PREVENT-CVD,race,NH White,expected,0.06713225695086796,0.06492889629252281,0.06940696315500042,0.0012119031913528353,200,percentile
PREVENT-CVD,race,NH White,OE,0.2702719114810537,0.2222740512472586,0.33633456062246914,0.0273350266623861,200,percentile
PREVENT-CVD,race,NH White,cal_intercept,-1.4164045902714133,-1.6091631154827541,-1.1972595855871202,0.10145739785310094,200,percentile
PREVENT-CVD,race,NH White,cal_slope,1.4517750044744218,1.1982260051895959,1.8473837471900048,0.1569127480542176,200,percentile
PREVENT-CVD,race,NH White,AUC,0.8352964087874497,0.7950707175468457,0.8756680745393508,0.020768173897025153,200,percentile
PREVENT-CVD,race,NH White,brier,0.02076595791010086,0.01795225560535599,0.02493407254746465,0.001587697443711344,200,percentile
PREVENT-CVD,race,NH White,scaled_brier,-0.1656602676718666,-0.2567611036426748,-0.09050016554242786,0.042066158461499026,200,percentile
PREVENT-CVD,race,NH White,pct_flagged_7.5,0.3044320315969321,0.2902453821652664,0.3184292484585903,0.007615526186091047,200,percentile
PREVENT-CVD,race,NH White,TPR_7.5,0.7979845835594755,0.7105867509084819,0.8799183974036838,0.04196756542063631,200,percentile
PREVENT-CVD,race,NH White,FPR_7.5,0.2955554142329238,0.28073679527389966,0.3106234461295446,0.00782097236141521,200,percentile
PREVENT-CVD,race,NH White,pct_flagged_20,0.059949151423255756,0.05421762987140823,0.06554461717138636,0.003111596891157638,200,percentile
PREVENT-CVD,race,NH White,TPR_20,0.3954325455544384,0.3130606721203175,0.49255188312530257,0.047015586948397706,200,percentile
PREVENT-CVD,race,NH White,FPR_20,0.052760998057973414,0.047161139606877706,0.059390487398869686,0.0032300400557061753,200,percentile
PREVENT-CVD,race,NH White,rel_OE,0.9954272628788654,0.929732862010147,1.0453288890589947,0.03072006511107411,200,percentile
PREVENT-CVD,race,Other Hispanic,n,901.0,337.925,571.325,56.95261540974261,200,percentile
PREVENT-CVD,race,Other Hispanic,events,16.0,4.0,13.0,2.5987965904612405,200,percentile
PREVENT-CVD,race,Other Hispanic,observed,0.0160590726115451,0.005101153958524901,0.02856040567230794,0.006160549074224618,200,percentile
PREVENT-CVD,race,Other Hispanic,expected,0.06587950069047303,0.05889370217655318,0.07265210480466835,0.0038441111420211534,200,percentile
PREVENT-CVD,race,Other Hispanic,OE,0.24376433402245617,0.07394469158650274,0.45992562584311475,0.09720673594547108,200,percentile
PREVENT-CVD,race,Other Hispanic,cal_intercept,-1.5116564351417072,-2.7133721881267503,-0.8554401894282097,0.47312996970673876,200,percentile
PREVENT-CVD,race,Other Hispanic,cal_slope,0.7483810637825705,0.2668828267288151,1.9202249409854681,0.5634965025652063,200,percentile
PREVENT-CVD,race,Other Hispanic,AUC,0.7057091247648043,0.5879291347358371,0.8625434349188318,0.08202794441140512,200,percentile
PREVENT-CVD,race,Other Hispanic,brier,0.020553722804056318,0.012450792980654692,0.03145369731723374,0.005300556809060646,200,percentile
PREVENT-CVD,race,Other Hispanic,scaled_brier,-0.300771484601811,-1.3189031803744042,-0.08150042949070015,0.630511499406585,200,percentile
PREVENT-CVD,race,Other Hispanic,pct_flagged_7.5,0.3199708167958609,0.2675257251356959,0.3685672749038664,0.025405012552726213,200,percentile
PREVENT-CVD,race,Other Hispanic,TPR_7.5,0.5720965736889386,0.2260588981459317,1.0,0.21645870892717656,200,percentile
PREVENT-CVD,race,Other Hispanic,FPR_7.5,0.3125765887823943,0.2622729321926184,0.36525907955844433,0.027956111467295562,200,percentile
PREVENT-CVD,race,Other Hispanic,pct_flagged_20,0.04840994687354752,0.028536072709351643,0.0654172653334553,0.010123740809913894,200,percentile
PREVENT-CVD,race,Other Hispanic,TPR_20,0.24789237607953649,0.08596255143897262,0.599658583668538,0.1378344989437275,200,percentile
PREVENT-CVD,race,Other Hispanic,FPR_20,0.04360799648337868,0.024979631141982116,0.06325180351445701,0.010537217687149813,200,percentile
PREVENT-CVD,race,Other Hispanic,rel_OE,0.897798304210658,0.27328924328453946,1.718804229661277,0.36988687305028767,200,percentile
PREVENT-CVD,race,Other/Multiracial,n,453.0,187.0,263.1,18.956092482657272,200,percentile
PREVENT-CVD,race,Other/Multiracial,events,5.0,1.0,4.0,0.8501256188582931,200,percentile
PREVENT-CVD,race,Other/Multiracial,observed,0.008958833097011294,0.0017436925715847054,0.016630253922543997,0.004372740445559088,200,percentile
PREVENT-CVD,race,Other/Multiracial,expected,0.06108198359376657,0.05566169707579574,0.06762448856129419,0.003138943865066449,200,percentile
PREVENT-CVD,race,Other/Multiracial,OE,0.14666899419300367,0.027382777556838257,0.2747748637540888,0.07322697642480464,200,percentile
PREVENT-CVD,race,Other/Multiracial,cal_intercept,-2.0474585182734,-3.7564478413103366,-1.3906746119400268,0.6482341940823507,200,percentile
PREVENT-CVD,race,Other/Multiracial,cal_slope,1.0234833641209893,0.735505006102079,1.6320009830884454,0.2697238805853532,200,percentile
PREVENT-CVD,race,Other/Multiracial,AUC,0.8266621503787362,0.760370426675151,0.9279403085278832,0.050015749454524985,200,percentile
PREVENT-CVD,race,Other/Multiracial,brier,0.014607543284386793,0.008236282018599812,0.021052215691201515,0.003644277435674403,200,percentile
PREVENT-CVD,race,Other/Multiracial,scaled_brier,-0.6452581130732677,-3.9425333271296745,-0.23884230752236688,1.0270597880809176,200,percentile
PREVENT-CVD,race,Other/Multiracial,pct_flagged_7.5,0.26413836098506904,0.22517711676247842,0.30183727466761945,0.020643900751196393,200,percentile
PREVENT-CVD,race,Other/Multiracial,TPR_7.5,1.0,1.0,1.0,0.0,200,percentile
PREVENT-CVD,race,Other/Multiracial,FPR_7.5,0.2555697629745218,0.20885233209792609,0.2950561379762903,0.024690871266930658,200,percentile
PREVENT-CVD,race,Other/Multiracial,pct_flagged_20,0.043908232961846615,0.025415795195982967,0.06424799534697934,0.009801824193471507,200,percentile
PREVENT-CVD,race,Other/Multiracial,TPR_20,0.0,0.0,0.0,0.0,200,percentile
PREVENT-CVD,race,Other/Multiracial,FPR_20,0.04831393405366798,0.026592460654573803,0.06918906276662468,0.011354949124230256,200,percentile
PREVENT-CVD,race,Other/Multiracial,rel_OE,0.5401904868274574,0.10345456645442791,1.0261529690886424,0.27507160386641444,200,percentile
PREVENT-CVD,age_group,40-49,n,4228.0,2046.975,2206.05,40.909693105054565,200,percentile
PREVENT-CVD,age_group,40-49,events,33.0,12.0,23.0,2.8525576991772983,200,percentile
PREVENT-CVD,age_group,40-49,observed,0.006177362043944706,0.0037141321245675847,0.009592236060778851,0.0015385042144552333,200,percentile
PREVENT-CVD,age_group,40-49,expected,0.025517247048644515,0.024352168015662073,0.026699421284619475,0.0005772980515816963,200,percentile
PREVENT-CVD,age_group,40-49,OE,0.24208575604447305,0.1429599605386037,0.3639931813776972,0.0580715465591733,200,percentile
PREVENT-CVD,age_group,40-49,cal_intercept,-1.4586416998784475,-1.9885578990366775,-1.0462870608205705,0.24695259107586567,200,percentile
PREVENT-CVD,age_group,40-49,cal_slope,1.4335640217041803,1.1643023525246985,1.723113051383391,0.1421567546635421,200,percentile
PREVENT-CVD,age_group,40-49,AUC,0.8259523495559704,0.7589738940598935,0.8929759768310508,0.0356758365257698,200,percentile
PREVENT-CVD,age_group,40-49,brier,0.006572188949244562,0.004432680557992291,0.00962253612056453,0.0013364534127397196,200,percentile
PREVENT-CVD,age_group,40-49,scaled_brier,-0.07052817125830857,-0.223025313622127,0.0040500286044416614,0.06001483163627888,200,percentile
PREVENT-CVD,age_group,40-49,pct_flagged_7.5,0.03672113330569581,0.030416625029451073,0.042189567835009295,0.003385524662160312,200,percentile
PREVENT-CVD,age_group,40-49,TPR_7.5,0.3517121456964839,0.14943988798364974,0.5182105716551701,0.09552776926384522,200,percentile
PREVENT-CVD,age_group,40-49,FPR_7.5,0.03267500719807191,0.026106978923238263,0.03793943796479299,0.003047899685328914,200,percentile
PREVENT-CVD,age_group,40-49,pct_flagged_20,0.002820823208291353,0.0009667196865419622,0.004935825132443166,0.001035133855670869,200,percentile
PREVENT-CVD,age_group,40-49,TPR_20,0.021943729739455575,0.0,0.06868562432262287,0.02352521620643025,200,percentile
PREVENT-CVD,age_group,40-49,FPR_20,0.003040090274463606,0.0009426459339790429,0.005237627517409995,0.0010897499127512408,200,percentile
PREVENT-CVD,age_group,40-49,rel_OE,0.8916160033085917,0.5514096691137683,1.2823168887747762,0.19624425672116014,200,percentile
PREVENT-CVD,age_group,50-59,n,3260.0,1556.95,1729.1,43.378607839469154,200,percentile
PREVENT-CVD,age_group,50-59,events,40.0,14.0,27.025000000000006,3.513992131965807,200,percentile
PREVENT-CVD,age_group,50-59,observed,0.00996025642592069,0.006530629237850776,0.014154823223523235,0.0019785545433338328,200,percentile
PREVENT-CVD,age_group,50-59,expected,0.05330210859478415,0.05163550473425717,0.05489380022859151,0.0008497655363778524,200,percentile
PREVENT-CVD,age_group,50-59,OE,0.18686421022554717,0.12328035655207162,0.2609027473992144,0.036069602503652105,200,percentile
PREVENT-CVD,age_group,50-59,cal_intercept,-1.745696345535816,-2.1670139696964603,-1.410109409624319,0.19756436581316414,200,percentile
PREVENT-CVD,age_group,50-59,cal_slope,1.3562978834714423,0.7267977188929922,1.9366049413371587,0.31791700898705605,200,percentile
PREVENT-CVD,age_group,50-59,AUC,0.7290654198732526,0.6178025748525342,0.8208702324731839,0.05488716182095694,200,percentile
PREVENT-CVD,age_group,50-59,brier,0.012206161517684631,0.009405462762211691,0.015497730800678277,0.0016853389478719844,200,percentile
PREVENT-CVD,age_group,50-59,scaled_brier,-0.2378156349408609,-0.4597411935858946,-0.12479951236574664,0.08620527901454428,200,percentile
PREVENT-CVD,age_group,50-59,pct_flagged_7.5,0.1772933303651703,0.1642368253750297,0.19292539597660863,0.007832793298051383,200,percentile
PREVENT-CVD,age_group,50-59,TPR_7.5,0.464544426808553,0.286358792163538,0.6717464764197254,0.0976523501210649,200,percentile
PREVENT-CVD,age_group,50-59,FPR_7.5,0.17228409073547915,0.15743250955425733,0.18625815990165104,0.008009690042804723,200,percentile
PREVENT-CVD,age_group,50-59,pct_flagged_20,0.008785998539545705,0.0052704976043519425,0.012142114512056518,0.0018232285074352085,200,percentile
PREVENT-CVD,age_group,50-59,TPR_20,0.13934421298521557,0.028566096242739522,0.2708932894736084,0.0676615193074981,200,percentile
PREVENT-CVD,age_group,50-59,FPR_20,0.007659869205137949,0.004703596913828191,0.010663660585142247,0.0015674705568245611,200,percentile
PREVENT-CVD,age_group,50-59,rel_OE,0.6882318191910105,0.4922281409145845,0.9123133745847073,0.11281238917360158,200,percentile
PREVENT-CVD,age_group,60-69,n,3272.0,1556.0,1732.025,45.61075316216669,200,percentile
PREVENT-CVD,age_group,60-69,events,92.0,38.975,54.0,4.329979052254737,200,percentile
PREVENT-CVD,age_group,60-69,observed,0.02516531422026301,0.018837228448022214,0.03212763357149883,0.0035250731495560087,200,percentile
PREVENT-CVD,age_group,60-69,expected,0.10733614935625332,0.10540434537017343,0.1097328879012002,0.0011266921037501579,200,percentile
PREVENT-CVD,age_group,60-69,OE,0.23445329808449009,0.17740222506664735,0.30158246905929087,0.032820436412896246,200,percentile
PREVENT-CVD,age_group,60-69,cal_intercept,-1.5653243894908813,-1.8576433143363849,-1.3058686506832882,0.14538440299983912,200,percentile
PREVENT-CVD,age_group,60-69,cal_slope,1.0616984565101466,0.4153664080089638,1.6711444210989135,0.3236932851548935,200,percentile
PREVENT-CVD,age_group,60-69,AUC,0.6404779462512152,0.5473731500281048,0.7319221885893991,0.045185551552570966,200,percentile
PREVENT-CVD,age_group,60-69,brier,0.032328241019965835,0.027933468112905185,0.0383317080012365,0.0026721392513639015,200,percentile
PREVENT-CVD,age_group,60-69,scaled_brier,-0.3177976972283745,-0.5219376059081191,-0.20470661243239194,0.08357136714663611,200,percentile
PREVENT-CVD,age_group,60-69,pct_flagged_7.5,0.6980655481402537,0.6809697009773094,0.7191951486858669,0.010639414832127523,200,percentile
PREVENT-CVD,age_group,60-69,TPR_7.5,0.8427860993788402,0.7354638402643101,0.9504619148776215,0.05375908986223717,200,percentile
PREVENT-CVD,age_group,60-69,FPR_7.5,0.7018898141196812,0.6830136535907583,0.7258836515243354,0.011295851104755856,200,percentile
PREVENT-CVD,age_group,60-69,pct_flagged_20,0.062137195052588204,0.05416898935601831,0.0728470834245111,0.004942131007399344,200,percentile
PREVENT-CVD,age_group,60-69,TPR_20,0.17374172622278583,0.059397830208462565,0.26405370288681335,0.05346840681764984,200,percentile
PREVENT-CVD,age_group,60-69,FPR_20,0.05817357095504443,0.050073467887781394,0.06792806446324652,0.004868085083595482,200,percentile
PREVENT-CVD,age_group,60-69,rel_OE,0.8635052140870619,0.6792856376017571,1.0241630288198804,0.09484712431599672,200,percentile
PREVENT-CVD,age_group,70-79,n,2091.0,987.9,1120.0,32.73460204209411,200,percentile
PREVENT-CVD,age_group,70-79,events,168.0,71.0,96.025,6.601842288940279,200,percentile
PREVENT-CVD,age_group,70-79,observed,0.07472044143926194,0.06027899228045474,0.08923346164971416,0.007513767174470167,200,percentile
PREVENT-CVD,age_group,70-79,expected,0.1941565491172681,0.19065272215569384,0.19722336643404237,0.001759066072656457,200,percentile
PREVENT-CVD,age_group,70-79,OE,0.3848463612429151,0.3094138613742256,0.4599119022316347,0.03824535143227251,200,percentile
PREVENT-CVD,age_group,70-79,cal_intercept,-1.1147055420079754,-1.351317132948717,-0.9272694974094826,0.10965907897787625,200,percentile
PREVENT-CVD,age_group,70-79,cal_slope,1.5947488994540715,1.2372605840001045,2.096258110070332,0.21910230069483733,200,percentile
PREVENT-CVD,age_group,70-79,AUC,0.6818964108883903,0.6425247263166683,0.7288386570293689,0.02336117488593267,200,percentile
PREVENT-CVD,age_group,70-79,brier,0.08165231131112252,0.07352146847414462,0.08960074150676285,0.004382722268955131,200,percentile
PREVENT-CVD,age_group,70-79,scaled_brier,-0.1810168284131517,-0.30755180311872166,-0.1074094829097394,0.05261275552959856,200,percentile
PREVENT-CVD,age_group,70-79,pct_flagged_7.5,0.9931098187179859,0.989290171487246,0.997312781111084,0.0021478904510231433,200,percentile
PREVENT-CVD,age_group,70-79,TPR_7.5,1.0,1.0,1.0,0.0,200,percentile
PREVENT-CVD,age_group,70-79,FPR_7.5,0.9935241822090144,0.9895165659439252,0.998161910448922,0.002243888362574388,200,percentile
PREVENT-CVD,age_group,70-79,pct_flagged_20,0.42136722647899194,0.39453498025302247,0.4439821609467924,0.01312363145238108,200,percentile
PREVENT-CVD,age_group,70-79,TPR_20,0.6870975522897631,0.6081739373665361,0.7688942822878836,0.041925944806470807,200,percentile
PREVENT-CVD,age_group,70-79,FPR_20,0.3988901452335834,0.3684456867753214,0.42659121707193165,0.015377374157842632,200,percentile
PREVENT-CVD,age_group,70-79,rel_OE,1.4174116647995838,1.219047285787412,1.6440020929913781,0.11833862554738302,200,percentile
PREVENT-CVD,income,PIR 1.3-3.5,n,4300.0,2061.0,2269.225,52.23236424260208,200,percentile
PREVENT-CVD,income,PIR 1.3-3.5,events,134.0,55.975,78.025,6.202915103311867,200,percentile
PREVENT-CVD,income,PIR 1.3-3.5,observed,0.024634807027959664,0.019230422884167927,0.02991313661643493,0.0028751717546942022,200,percentile
PREVENT-CVD,income,PIR 1.3-3.5,expected,0.08069642364186272,0.077407716687258,0.08440977029668915,0.0016455893162976747,200,percentile
PREVENT-CVD,income,PIR 1.3-3.5,OE,0.30527755650350674,0.23896943010088065,0.3679921877889343,0.03416552363328523,200,percentile
PREVENT-CVD,income,PIR 1.3-3.5,cal_intercept,-1.3081941001277817,-1.5799805922978851,-1.1090758571604522,0.11854489383749553,200,percentile
PREVENT-CVD,income,PIR 1.3-3.5,cal_slope,1.4856604400963689,1.1752188333493923,1.9030779078586892,0.19275271605934097,200,percentile
PREVENT-CVD,income,PIR 1.3-3.5,AUC,0.8315855104740086,0.7919423457780573,0.8729373852628375,0.022361950781295156,200,percentile
PREVENT-CVD,income,PIR 1.3-3.5,brier,0.027335340125385247,0.023832728244978636,0.03145019362203797,0.00204025543663091,200,percentile
PREVENT-CVD,income,PIR 1.3-3.5,scaled_brier,-0.13764840995558147,-0.2782838053593931,-0.05472171221354084,0.05862119903357368,200,percentile
PREVENT-CVD,income,PIR 1.3-3.5,pct_flagged_7.5,0.3909293204823374,0.3725290958207228,0.41006902681172686,0.010332857429027106,200,percentile
PREVENT-CVD,income,PIR 1.3-3.5,TPR_7.5,0.8605821021136852,0.7980746685136892,0.9354005844889539,0.03898991051109113,200,percentile
PREVENT-CVD,income,PIR 1.3-3.5,FPR_7.5,0.38080486685728343,0.3626038342381689,0.4016402760208472,0.010750415993720033,200,percentile
PREVENT-CVD,income,PIR 1.3-3.5,pct_flagged_20,0.09142248183749727,0.07993046740479458,0.10301844249232928,0.005383986189879913,200,percentile
PREVENT-CVD,income,PIR 1.3-3.5,TPR_20,0.5024033476073686,0.41142018188216956,0.6250852198719995,0.05698958513325135,200,percentile
PREVENT-CVD,income,PIR 1.3-3.5,FPR_20,0.07997838101464527,0.06804359994792698,0.09235110770323522,0.005882375425121604,200,percentile
PREVENT-CVD,income,PIR 1.3-3.5,rel_OE,1.1243551015841922,0.9404165564781816,1.2875735305191125,0.09628461040675078,200,percentile
PREVENT-CVD,income,PIR<1.3,n,2973.0,1391.8,1601.1,52.18286145997319,200,percentile
PREVENT-CVD,income,PIR<1.3,events,113.0,48.0,66.0,4.42231663521627,200,percentile
PREVENT-CVD,income,PIR<1.3,observed,0.032136508605885745,0.02596628583600367,0.03855131068213482,0.003362469636431314,200,percentile
PREVENT-CVD,income,PIR<1.3,expected,0.07927849990238535,0.07599256167180427,0.08254639278278489,0.0018376122238266928,200,percentile
PREVENT-CVD,income,PIR<1.3,OE,0.40536221857697907,0.3321209066983862,0.49371973763667903,0.04249744272990645,200,percentile
PREVENT-CVD,income,PIR<1.3,cal_intercept,-1.0061935850087376,-1.2224400870205998,-0.7973715587748444,0.11098187841554474,200,percentile
PREVENT-CVD,income,PIR<1.3,cal_slope,1.2078391281146597,0.942660589112833,1.46197381438684,0.12985875440273853,200,percentile
PREVENT-CVD,income,PIR<1.3,AUC,0.8064352445860005,0.7548429329401869,0.8402684384244272,0.022461520652241503,200,percentile
PREVENT-CVD,income,PIR<1.3,brier,0.03303101760660879,0.02867242335893636,0.0382190310702277,0.0025181468773015792,200,percentile
PREVENT-CVD,income,PIR<1.3,scaled_brier,-0.06196243135172197,-0.14684352152490018,0.007643683642413233,0.04073414204419041,200,percentile
PREVENT-CVD,income,PIR<1.3,pct_flagged_7.5,0.36658443322824114,0.3422272209873952,0.38903421148111295,0.01166369540510376,200,percentile
PREVENT-CVD,income,PIR<1.3,TPR_7.5,0.8139714121637466,0.710876260694917,0.8854752270402045,0.04395589758402142,200,percentile
PREVENT-CVD,income,PIR<1.3,FPR_7.5,0.35061311723942096,0.32819745250048643,0.37551712210075694,0.012554545428907642,200,percentile
PREVENT-CVD,income,PIR<1.3,pct_flagged_20,0.09400100439173566,0.08422061682888841,0.10532534453806201,0.005739705996381672,200,percentile
PREVENT-CVD,income,PIR<1.3,TPR_20,0.32457387233124646,0.23292666613032967,0.41904451542952725,0.049567135027118445,200,percentile
PREVENT-CVD,income,PIR<1.3,FPR_20,0.08640915082005493,0.0747305213842931,0.0993405138506783,0.006418926380207763,200,percentile
PREVENT-CVD,income,PIR<1.3,rel_OE,1.4929727676894498,1.2412239003748011,1.77062841578907,0.13605406101339335,200,percentile
PREVENT-CVD,income,PIR>3.5,n,4520.0,2133.775,2405.05,75.40521671968538,200,percentile
PREVENT-CVD,income,PIR>3.5,events,55.0,18.975,37.0,4.311370382240932,200,percentile
PREVENT-CVD,income,PIR>3.5,observed,0.009882996868099557,0.00662408747419736,0.01367297211594502,0.0017183769339146869,200,percentile
PREVENT-CVD,income,PIR>3.5,expected,0.05425775796316289,0.052432796347514354,0.05640140737928455,0.001054980258098145,200,percentile
PREVENT-CVD,income,PIR>3.5,OE,0.1821490094524252,0.11888928021826502,0.25176446850919054,0.031328488184213514,200,percentile
PREVENT-CVD,income,PIR>3.5,cal_intercept,-1.8082301394818996,-2.2381704554687785,-1.4929898207053913,0.17766827772520247,200,percentile
PREVENT-CVD,income,PIR>3.5,cal_slope,1.134058222695982,0.7649672015190307,1.6577594091756045,0.22370036761949552,200,percentile
PREVENT-CVD,income,PIR>3.5,AUC,0.7814906370704517,0.7067038445145037,0.8677989981959803,0.04223595118955305,200,percentile
PREVENT-CVD,income,PIR>3.5,brier,0.013337039050906517,0.010626307820485176,0.016430311460750368,0.0014250752747791957,200,percentile
PREVENT-CVD,income,PIR>3.5,scaled_brier,-0.36296356517060313,-0.6385142764031183,-0.2029171298955893,0.1058024484803668,200,percentile
PREVENT-CVD,income,PIR>3.5,pct_flagged_7.5,0.22255946395130577,0.20895043706755992,0.2372997625460538,0.0076337954659602344,200,percentile
PREVENT-CVD,income,PIR>3.5,TPR_7.5,0.6088686869878162,0.4340562154579517,0.7972328725938032,0.09374757956350613,200,percentile
PREVENT-CVD,income,PIR>3.5,FPR_7.5,0.22026471170578962,0.20546979539230298,0.23717343478085387,0.008334639075831063,200,percentile
PREVENT-CVD,income,PIR>3.5,pct_flagged_20,0.03012788618484431,0.025372147502645184,0.03501067480420445,0.0026650286294916106,200,percentile
PREVENT-CVD,income,PIR>3.5,TPR_20,0.22287171699536168,0.10261387485024186,0.33888441750372456,0.058728078869503236,200,percentile
PREVENT-CVD,income,PIR>3.5,FPR_20,0.02864559125195479,0.02303316145653159,0.034106130561487036,0.00292804617386201,200,percentile
PREVENT-CVD,income,PIR>3.5,rel_OE,0.670865458869686,0.46938827336196653,0.827359468437596,0.09094641788567077,200,percentile
PREVENT-CVD,education,<HS,n,3925.0,1840.925,2077.375,63.90603792613881,200,percentile
PREVENT-CVD,education,<HS,events,132.0,57.975,77.0,5.268182202486258,200,percentile
PREVENT-CVD,education,<HS,observed,0.029007725915108577,0.023451540059760526,0.03679807595623777,0.0036020534999067944,200,percentile
PREVENT-CVD,education,<HS,expected,0.09097815436453992,0.08686294741224615,0.09487103509723208,0.0020916862505635956,200,percentile
PREVENT-CVD,education,<HS,OE,0.3188427608552891,0.25436834282607773,0.4015017420155933,0.037813104864908985,200,percentile
PREVENT-CVD,education,<HS,cal_intercept,-1.291355728741466,-1.5259776161866097,-1.03825554047532,0.12365292022283711,200,percentile
PREVENT-CVD,education,<HS,cal_slope,1.1919924653659957,0.846598470970516,1.440170631097384,0.1564893651223488,200,percentile
PREVENT-CVD,education,<HS,AUC,0.7914619497380886,0.7278545372798773,0.8258799331181909,0.02479812800480147,200,percentile
PREVENT-CVD,education,<HS,brier,0.033391616522775724,0.02990547468963918,0.03925874558111755,0.002381274149152912,200,percentile
PREVENT-CVD,education,<HS,scaled_brier,-0.18551754748632465,-0.3276507306779012,-0.07023326158284855,0.0688943139980502,200,percentile
PREVENT-CVD,education,<HS,pct_flagged_7.5,0.4381973162701213,0.41571542683685353,0.4620855743553564,0.012071638655845027,200,percentile
PREVENT-CVD,education,<HS,TPR_7.5,0.8736446503209828,0.8100592194634479,0.9306640845735399,0.031581607593020415,200,percentile
PREVENT-CVD,education,<HS,FPR_7.5,0.43301802956271074,0.40896356579697135,0.4589445663126298,0.013002089508191742,200,percentile
PREVENT-CVD,education,<HS,pct_flagged_20,0.11466915009384009,0.10020865082993087,0.1283618891863903,0.0073104020716377085,200,percentile
PREVENT-CVD,education,<HS,TPR_20,0.45156995552467927,0.3076605245756723,0.5607154624480319,0.06286683921818458,200,percentile
PREVENT-CVD,education,<HS,FPR_20,0.10787462231601379,0.09497857372386825,0.12197289899208136,0.007300249538635424,200,percentile
PREVENT-CVD,education,<HS,rel_OE,1.174316542876007,0.9765058895854529,1.4418789521692301,0.12716436620336935,200,percentile
PREVENT-CVD,education,College+,n,2673.0,1246.9,1434.125,51.98476753123342,200,percentile
PREVENT-CVD,education,College+,events,45.0,15.0,29.025000000000006,3.644173431657719,200,percentile
PREVENT-CVD,education,College+,observed,0.011212050736599574,0.007060347272302816,0.01525686179600597,0.002068265585715939,200,percentile
PREVENT-CVD,education,College+,expected,0.05338138954960538,0.051042276890060585,0.056123415114548186,0.0013749275629311264,200,percentile
PREVENT-CVD,education,College+,OE,0.21003669689378587,0.1327338744845057,0.28481003273805033,0.03816419150613272,200,percentile
PREVENT-CVD,education,College+,cal_intercept,-1.665069227274093,-2.1401129032269495,-1.3518359566128684,0.19338003931710873,200,percentile
PREVENT-CVD,education,College+,cal_slope,1.7153383735557515,1.2433742039621312,2.205524086148139,0.2518520458042384,200,percentile
PREVENT-CVD,education,College+,AUC,0.8763243848817821,0.8227025463757821,0.9204125938725531,0.028901157559566605,200,percentile
PREVENT-CVD,education,College+,brier,0.013418786098959369,0.010469300943331676,0.01629854085498802,0.0014702338159158414,200,percentile
PREVENT-CVD,education,College+,scaled_brier,-0.21038911906908497,-0.5462069611638869,-0.0645173799540111,0.11725961891981612,200,percentile
PREVENT-CVD,education,College+,pct_flagged_7.5,0.22248588067079655,0.2035916525603705,0.24311576778257404,0.010647505042185026,200,percentile
PREVENT-CVD,education,College+,TPR_7.5,0.7700044720755153,0.5773895891510002,0.9009520432552744,0.08677731512159728,200,percentile
PREVENT-CVD,education,College+,FPR_7.5,0.2178293967988548,0.19957095800281027,0.23820388205418605,0.010452976016799079,200,percentile
PREVENT-CVD,education,College+,pct_flagged_20,0.03702755687980331,0.03131971441311865,0.04223443335084191,0.002948395089910148,200,percentile
PREVENT-CVD,education,College+,TPR_20,0.3939678619472293,0.2502292495237253,0.5361123886836358,0.07945143146942825,200,percentile
PREVENT-CVD,education,College+,FPR_20,0.03220519558889274,0.025880976727995778,0.038646505879536164,0.0035679283663911108,200,percentile
PREVENT-CVD,education,College+,rel_OE,0.7735774433509922,0.48959494989103075,1.007387393175457,0.12487959514170434,200,percentile
PREVENT-CVD,education,HS/GED,n,2987.0,1432.875,1602.075,45.80507504084552,200,percentile
PREVENT-CVD,education,HS/GED,events,87.0,34.0,52.0,4.588490626682783,200,percentile
PREVENT-CVD,education,HS/GED,observed,0.021233046724068116,0.015012183057993728,0.027494939776271734,0.003269945255758333,200,percentile
PREVENT-CVD,education,HS/GED,expected,0.07399317533628666,0.07067854509132816,0.07730974971076586,0.0017351879427108309,200,percentile
PREVENT-CVD,education,HS/GED,OE,0.2869595287344739,0.20723173992628183,0.3634793147503209,0.0426439265194951,200,percentile
PREVENT-CVD,education,HS/GED,cal_intercept,-1.3577156253232245,-1.6934610483613026,-1.1070526803790248,0.15814882000994762,200,percentile
PREVENT-CVD,education,HS/GED,cal_slope,1.3713509478828034,0.9780246496624261,1.9176827204086502,0.24842944981364679,200,percentile
PREVENT-CVD,education,HS/GED,AUC,0.812129491575533,0.7472842379820533,0.8833763548986573,0.0352899144650346,200,percentile
PREVENT-CVD,education,HS/GED,brier,0.023989997185899562,0.020149635183019324,0.02931707816100499,0.0024808518368896887,200,percentile
PREVENT-CVD,education,HS/GED,scaled_brier,-0.1543528619689727,-0.36129176030079707,-0.06350568427853043,0.06730300961306306,200,percentile
PREVENT-CVD,education,HS/GED,pct_flagged_7.5,0.3422521365274591,0.3204033376654652,0.36557968024352366,0.011685544426301401,200,percentile
PREVENT-CVD,education,HS/GED,TPR_7.5,0.8159638223003735,0.7009774096600225,0.9323204139734552,0.06116016608693344,200,percentile
PREVENT-CVD,education,HS/GED,FPR_7.5,0.33153059917865496,0.3101822688317442,0.352671588955203,0.010990193382142065,200,percentile
PREVENT-CVD,education,HS/GED,pct_flagged_20,0.07338114019737796,0.06360563370746296,0.08373857247026703,0.005187810746305301,200,percentile
PREVENT-CVD,education,HS/GED,TPR_20,0.4259217983942122,0.30551317129342864,0.5669291200799896,0.06426658250527623,200,percentile
PREVENT-CVD,education,HS/GED,FPR_20,0.06564782456626936,0.05645373312541522,0.07567727515700146,0.004818446711807271,200,percentile
PREVENT-CVD,education,HS/GED,rel_OE,1.0568887335715262,0.8166244530585313,1.2628224849923064,0.11367254001711,200,percentile
PREVENT-CVD,education,Some college,n,3252.0,1556.975,1714.025,41.8909181100212,200,percentile
PREVENT-CVD,education,Some college,events,67.0,25.975,41.0,4.131737683034468,200,percentile
PREVENT-CVD,education,Some college,observed,0.016017017148540397,0.01082300539616698,0.021233913776032794,0.002564644906706082,200,percentile
PREVENT-CVD,education,Some college,expected,0.060491794661647696,0.05840095444786049,0.0623515803627141,0.0011657202752880693,200,percentile
PREVENT-CVD,education,Some college,OE,0.2647799959999421,0.1807667297788125,0.35127759477645065,0.04166299731806897,200,percentile
PREVENT-CVD,education,Some college,cal_intercept,-1.4306724747819828,-1.8212540974594478,-1.1494221689271686,0.163989724833587,200,percentile
PREVENT-CVD,education,Some college,cal_slope,1.1202388779622008,0.8325668013568294,1.4727905095009561,0.165802563648057,200,percentile
PREVENT-CVD,education,Some college,AUC,0.7824985264371536,0.7233641903442399,0.8566311801489562,0.0329834012695315,200,percentile
PREVENT-CVD,education,Some college,brier,0.018987687965449498,0.014858892020338134,0.023571676273218593,0.002167719687926587,200,percentile
PREVENT-CVD,education,Some college,scaled_brier,-0.2047664303281287,-0.35668568186541366,-0.10703186765464492,0.06490905674520382,200,percentile
PREVENT-CVD,education,Some college,pct_flagged_7.5,0.2686687972730555,0.25137984171618716,0.2853293535117187,0.009083248398489147,200,percentile
PREVENT-CVD,education,Some college,TPR_7.5,0.6502510744974,0.5079749736215885,0.8297224365903296,0.07948148494137632,200,percentile
PREVENT-CVD,education,Some college,FPR_7.5,0.26344088252242587,0.24574399244172745,0.28280972363073215,0.009314146357660955,200,percentile
PREVENT-CVD,education,Some college,pct_flagged_20,0.03992258310452383,0.03405105248731701,0.04573544489715121,0.002866658312598562,200,percentile
PREVENT-CVD,education,Some college,TPR_20,0.22204638812386404,0.12723795581789996,0.33554844350265295,0.05203577136257435,200,percentile
PREVENT-CVD,education,Some college,FPR_20,0.036899986809077176,0.02976405679392651,0.044341080269196025,0.0035680621984958663,200,percentile
PREVENT-CVD,education,Some college,rel_OE,0.9752002168444937,0.7169193171501917,1.2427119795540604,0.13785568928941636,200,percentile
PREVENT-CVD,sex,GAP(max-min),OE,0.07106427282003797,0.008225195730307222,0.12804672838422018,0.03207440881396606,200,basic
PREVENT-CVD,sex,GAP(max-min),AUC,0.051526496336394056,0.008129766132605382,0.09842638210720706,0.024404134953205297,200,basic
PREVENT-CVD,sex,GAP(max-min),cal_slope,0.2276650053132716,0.0,0.44557319684740676,0.13670747232136743,200,basic
PREVENT-CVD,sex,GAP(max-min),TPR_7.5,0.028341187519579925,0.0,0.0547566696491153,0.03759236475539408,200,basic
PREVENT-CVD,sex,GAP(max-min),FPR_7.5,0.04718093306022281,0.02910756962181414,0.06751348177355772,0.01015725793994621,200,basic
PREVENT-CVD,sex,GAP(max-min),pct_flagged_7.5,0.05305215371880412,0.03644249552190597,0.07323172029885924,0.00966773189186422,200,basic
PREVENT-CVD,sex,GAP(max/min),OE,1.3036154639886284,1.0080614561383483,1.555368873762833,0.15766524858920009,200,basic
PREVENT-CVD,race,GAP(max-min),OE,0.09514292564646015,0.0,0.1589121721932892,0.05036099187876596,200,basic
PREVENT-CVD,race,GAP(max-min),AUC,0.1295872840226454,0.05085059106769124,0.23323556223708802,0.05037588539520134,200,basic
PREVENT-CVD,race,GAP(max-min),cal_slope,0.7033939406918512,0.2936282718400782,1.22253812310458,0.24183129588933724,200,basic
PREVENT-CVD,race,GAP(max-min),TPR_7.5,0.22588800987053692,0.0,0.3991448899743789,0.11140005672418508,200,basic
PREVENT-CVD,race,GAP(max-min),FPR_7.5,0.08826407026768995,0.046446496133095955,0.121068667453306,0.020465107447082413,200,basic
PREVENT-CVD,race,GAP(max-min),pct_flagged_7.5,0.07473571456486283,0.030436934611335217,0.10666303093803008,0.020476442448238468,200,basic
PREVENT-CVD,race,GAP(max/min),OE,1.3903069988807113,1.0,1.673090451439748,0.3120322100026587,200,basic
PREVENT-CVD,age_group,GAP(max-min),OE,0.19798215101736794,0.09705506934900182,0.27812964322034567,0.047386277991117574,200,basic
PREVENT-CVD,age_group,GAP(max-min),AUC,0.18547440330475518,0.062448676065646413,0.26790957320091063,0.053395899731898344,200,basic
PREVENT-CVD,age_group,GAP(max-min),cal_slope,0.5330504429439249,0.0,0.8507560481687754,0.3178233757659335,200,basic
PREVENT-CVD,age_group,GAP(max-min),TPR_7.5,0.6482878543035161,0.4460155965906819,0.7696691733466198,0.08539871759462833,200,basic
PREVENT-CVD,age_group,GAP(max-min),FPR_7.5,0.9608491750109425,0.9523372369071214,0.9675481899927151,0.010694214355266811,200,basic
PREVENT-CVD,age_group,GAP(max-min),pct_flagged_7.5,0.95638868541229,0.9480468221464453,0.9632647862978612,0.010514110237168297,200,basic
PREVENT-CVD,age_group,GAP(max/min),OE,2.0594974328064284,1.0,2.5741446911712984,0.44675234967462096,200,basic
PREVENT-CVD,income,GAP(max-min),OE,0.22321320912455386,0.12975956815905249,0.30784142508813017,0.04658961580836098,200,basic
PREVENT-CVD,income,GAP(max-min),AUC,0.050094873403556894,0.0,0.08584848234608684,0.03139432217521871,200,basic
PREVENT-CVD,income,GAP(max-min),cal_slope,0.3516022174003868,0.0,0.5866101598358447,0.21127099695561283,200,basic
PREVENT-CVD,income,GAP(max-min),TPR_7.5,0.2517134151258691,0.0668565512854894,0.43173633159049063,0.09373799229601756,200,basic
PREVENT-CVD,income,GAP(max-min),FPR_7.5,0.1605401551514938,0.13547409767708427,0.18576583079157535,0.012969955821117271,200,basic
PREVENT-CVD,income,GAP(max-min),pct_flagged_7.5,0.16836985653103165,0.14559568895761077,0.19074759431316332,0.012299632093789268,200,basic
PREVENT-CVD,income,GAP(max/min),OE,2.225442893132252,1.1506445019916756,2.7798180071359746,0.4371688216428419,200,basic
PREVENT-CVD,education,GAP(max-min),OE,0.10880606396150325,0.0,0.1679130326449424,0.047320511568810265,200,basic
PREVENT-CVD,education,GAP(max-min),AUC,0.09382585844462854,0.011888937136829009,0.1373062012296205,0.031188256389016726,200,basic
PREVENT-CVD,education,GAP(max-min),cal_slope,0.5950994955935507,0.012618923275238947,0.8942396716873777,0.24056133411859515,200,basic
PREVENT-CVD,education,GAP(max-min),TPR_7.5,0.22339357582358277,0.04989664620616996,0.3421877695875738,0.0739350754828217,200,basic
PREVENT-CVD,education,GAP(max-min),FPR_7.5,0.21518863276385594,0.17918732911446206,0.2456488669913236,0.015987186090454752,200,basic
PREVENT-CVD,education,GAP(max-min),pct_flagged_7.5,0.21571143559932476,0.18285586304202683,0.2457203281977519,0.016626716741476526,200,basic
PREVENT-CVD,education,GAP(max/min),OE,1.518033589228104,1.0,1.8332595921237618,0.3752314607557967,200,basic
PREVENT-ASCVD,Overall,All,n,12851.0,6243.8,6681.15,113.20703129520443,200,percentile
PREVENT-ASCVD,Overall,All,events,333.0,151.0,188.025,9.198578380440397,200,percentile
PREVENT-ASCVD,Overall,All,observed,0.018259132654697845,0.0152370789918285,0.02194398216351286,0.0015577176931997592,200,percentile
PREVENT-ASCVD,Overall,All,expected,0.042278102144821056,0.04104482547751633,0.04345769242576348,0.0006164167918301494,200,percentile
PREVENT-ASCVD,Overall,All,OE,0.4318815587358274,0.36874388256315893,0.5170649380719538,0.034695108474429005,200,percentile
PREVENT-ASCVD,Overall,All,cal_intercept,-0.8930413290067051,-1.04947139962347,-0.7138117510804054,0.08010420879888484,200,percentile
PREVENT-ASCVD,Overall,All,cal_slope,1.4159174616483363,1.2180027435932663,1.6750318831857827,0.12223930847694145,200,percentile
PREVENT-ASCVD,Overall,All,AUC,0.8175415971323077,0.7851359679618114,0.8536219893094997,0.01744256249165609,200,percentile
PREVENT-ASCVD,Overall,All,brier,0.018030390880119755,0.015634406251336826,0.021101386172959098,0.0013417652268269576,200,percentile
PREVENT-ASCVD,Overall,All,scaled_brier,-0.005838206390264666,-0.034298288807912754,0.017594710502711896,0.014179174832364309,200,percentile
PREVENT-ASCVD,Overall,All,pct_flagged_7.5,0.1766028031247108,0.16877492815744793,0.18617890949106145,0.0046815917099579185,200,percentile
PREVENT-ASCVD,Overall,All,TPR_7.5,0.6281942450550747,0.5581881546250634,0.7077165384404548,0.04354892016583535,200,percentile
PREVENT-ASCVD,Overall,All,FPR_7.5,0.16768905150092295,0.15907171970605805,0.1789167325581384,0.005318553479331838,200,percentile
PREVENT-ASCVD,Overall,All,pct_flagged_20,0.004731389325327823,0.0036575884257524427,0.005847635146599429,0.0005809682884650352,200,percentile
PREVENT-ASCVD,Overall,All,TPR_20,0.04608147092710688,0.02249465818310781,0.07474430495285854,0.014249587955562582,200,percentile
PREVENT-ASCVD,Overall,All,FPR_20,0.003824480795470921,0.002793448814347209,0.004896946114274752,0.0005527365090104208,200,percentile
PREVENT-ASCVD,Overall,All,rel_OE,1.0,1.0,1.0,0.0,200,percentile
PREVENT-ASCVD,sex,Female,n,6536.0,3170.95,3407.1,61.6232431431306,200,percentile
PREVENT-ASCVD,sex,Female,events,129.0,53.975,76.025,5.6826987714142625,200,percentile
PREVENT-ASCVD,sex,Female,observed,0.014298811656041032,0.011440341297596274,0.017886875796136174,0.0015999201735201812,200,percentile
PREVENT-ASCVD,sex,Female,expected,0.036985953984631864,0.0355659152826037,0.03840805488678182,0.000744704057149263,200,percentile
PREVENT-ASCVD,sex,Female,OE,0.38660113139118624,0.32006057121344816,0.47481955040516616,0.039962589060655966,200,percentile
PREVENT-ASCVD,sex,Female,cal_intercept,-1.008020870267193,-1.200657070813255,-0.7893172690243134,0.10515558848525576,200,percentile
PREVENT-ASCVD,sex,Female,cal_slope,1.581385614251992,1.2435256761086881,1.9567259425072911,0.18051829511637474,200,percentile
PREVENT-ASCVD,sex,Female,AUC,0.8441727781100852,0.7977049468089424,0.8833099317341934,0.021604073211686392,200,percentile
PREVENT-ASCVD,sex,Female,brier,0.014181030194573802,0.011745598541346332,0.017264508785026857,0.0013765425552381431,200,percentile
PREVENT-ASCVD,sex,Female,scaled_brier,-0.0061495931785584546,-0.05238916985312237,0.023165612790858065,0.019741818752723343,200,percentile
PREVENT-ASCVD,sex,Female,pct_flagged_7.5,0.15162106448550655,0.14246245686339568,0.16246301502698404,0.005256024255061381,200,percentile
PREVENT-ASCVD,sex,Female,TPR_7.5,0.6610157969854521,0.557084724463793,0.778958009887932,0.05878707734170629,200,percentile
PREVENT-ASCVD,sex,Female,FPR_7.5,0.14579280225895044,0.1361252632635439,0.15801320617559567,0.006006752131024875,200,percentile
PREVENT-ASCVD,sex,Female,pct_flagged_20,0.0023528227605207207,0.0014265540518347787,0.003546726869931084,0.0005757557756886884,200,percentile
PREVENT-ASCVD,sex,Female,TPR_20,0.048189318457359624,0.01225560712539767,0.09087522727423952,0.022825968242370362,200,percentile
PREVENT-ASCVD,sex,Female,FPR_20,0.0017677649472476865,0.0007742632460451887,0.0027080001217618947,0.0005272819155729561,200,percentile
PREVENT-ASCVD,sex,Female,rel_OE,0.8951554507740901,0.7870701515600488,1.0132120715136752,0.06314869960864478,200,percentile
PREVENT-ASCVD,sex,Male,n,6315.0,3057.975,3290.125,60.87899192900173,200,percentile
PREVENT-ASCVD,sex,Male,events,204.0,87.975,117.0,7.245776798041406,200,percentile
PREVENT-ASCVD,sex,Male,observed,0.022578668278006912,0.019075092164227442,0.02767814346895268,0.002252923241004078,200,percentile
PREVENT-ASCVD,sex,Male,expected,0.04807691615138181,0.04659889927381822,0.049330799985179107,0.0007359681319579388,200,percentile
PREVENT-ASCVD,sex,Male,OE,0.46963636783425355,0.4057431546696069,0.5774162331606281,0.04549511449157859,200,percentile
PREVENT-ASCVD,sex,Male,cal_intercept,-0.8046746585392376,-0.9551100231854464,-0.5987474915752217,0.09798160537619019,200,percentile
PREVENT-ASCVD,sex,Male,cal_slope,1.2939526840914817,1.0572013349102882,1.5758870130602602,0.13685542752698718,200,percentile
PREVENT-ASCVD,sex,Male,AUC,0.7881232859956727,0.7441758157092409,0.8300314569865225,0.0225337951926125,200,percentile
PREVENT-ASCVD,sex,Male,brier,0.02222890171139342,0.019159814533948022,0.026568798123584415,0.00190675405236267,200,percentile
PREVENT-ASCVD,sex,Male,scaled_brier,-0.0072513762585133534,-0.04261078510244117,0.022816634996738305,0.017232083693347198,200,percentile
PREVENT-ASCVD,sex,Male,pct_flagged_7.5,0.20397627256364628,0.19295279427581086,0.21775852685154076,0.006291737692094065,200,percentile
PREVENT-ASCVD,sex,Male,TPR_7.5,0.6055234157811266,0.5200314252898496,0.7013703091792527,0.04897752557424263,200,percentile
PREVENT-ASCVD,sex,Male,FPR_7.5,0.19177367526963077,0.18011203764894243,0.20618938815896248,0.00688035888198202,200,percentile
PREVENT-ASCVD,sex,Male,pct_flagged_20,0.007337677867152668,0.005410521204127005,0.009005682882869667,0.0010044140288697331,200,percentile
PREVENT-ASCVD,sex,Male,TPR_20,0.044625517485440226,0.015477052839540095,0.07617431807235422,0.01739850396415453,200,percentile
PREVENT-ASCVD,sex,Male,FPR_20,0.0060867507786168075,0.004167176591102385,0.008055472066008689,0.000981824153393486,200,percentile
PREVENT-ASCVD,sex,Male,rel_OE,1.087419359161663,0.9891978160592699,1.1749477030856668,0.052819161707015005,200,percentile
PREVENT-ASCVD,race,Mexican American,n,2701.0,1106.925,1560.0,117.19133251689493,200,percentile
PREVENT-ASCVD,race,Mexican American,events,55.0,16.975,36.0,4.965964560898566,200,percentile
PREVENT-ASCVD,race,Mexican American,observed,0.016277313254553467,0.009612973904533445,0.022429504136546784,0.0034390260242196245,200,percentile
PREVENT-ASCVD,race,Mexican American,expected,0.03977596067576245,0.03680180279474371,0.04193623722329432,0.0013993277397907353,200,percentile
PREVENT-ASCVD,race,Mexican American,OE,0.40922489307648763,0.2541161380522615,0.556466789269211,0.08049832151724194,200,percentile
PREVENT-ASCVD,race,Mexican American,cal_intercept,-0.9544048975205677,-1.4279615661197396,-0.639936526854461,0.21287412935491776,200,percentile
PREVENT-ASCVD,race,Mexican American,cal_slope,1.0148225919707365,0.6837778032061216,1.4413951091343193,0.2064210349477545,200,percentile
PREVENT-ASCVD,race,Mexican American,AUC,0.7756451628083917,0.6943007277183908,0.8589756540540961,0.043044042637305525,200,percentile
PREVENT-ASCVD,race,Mexican American,brier,0.016914929362232135,0.010804828626880184,0.022321320100076588,0.00309404382340727,200,percentile
PREVENT-ASCVD,race,Mexican American,scaled_brier,-0.05636688803253054,-0.15525206332144723,-0.010360793401506406,0.04381287011707791,200,percentile
PREVENT-ASCVD,race,Mexican American,pct_flagged_7.5,0.15557153969840182,0.13462016352484915,0.17096505696652559,0.010444069781868407,200,percentile
PREVENT-ASCVD,race,Mexican American,TPR_7.5,0.542010211117607,0.3902715641883748,0.7145793947852951,0.09234521939601757,200,percentile
PREVENT-ASCVD,race,Mexican American,FPR_7.5,0.15143835034215633,0.13074668600207787,0.1687264817567796,0.010439421245569907,200,percentile
PREVENT-ASCVD,race,Mexican American,pct_flagged_20,0.006750792465620599,0.00300690060723081,0.009527915349806052,0.0016643788372647575,200,percentile
PREVENT-ASCVD,race,Mexican American,TPR_20,0.04593122820016057,0.0,0.11005073778116028,0.0312765508692717,200,percentile
PREVENT-ASCVD,race,Mexican American,FPR_20,0.007790419281750893,0.0029975396420579693,0.01242330036174514,0.0026237940484787085,200,percentile
PREVENT-ASCVD,race,Mexican American,rel_OE,0.9475396316396126,0.6051080106199722,1.3117736958247397,0.1888836908700924,200,percentile
PREVENT-ASCVD,race,NH Black,n,2419.0,1058.775,1360.05,75.45441550429952,200,percentile
PREVENT-ASCVD,race,NH Black,events,80.0,30.0,51.025000000000006,5.232001932444744,200,percentile
PREVENT-ASCVD,race,NH Black,observed,0.025565243548074105,0.02034727883567887,0.031121041799918914,0.002788823918965767,200,percentile
PREVENT-ASCVD,race,NH Black,expected,0.04579559527020553,0.04346187326493795,0.04748406335033329,0.0010491873233896692,200,percentile
PREVENT-ASCVD,race,NH Black,OE,0.558246778914713,0.44998508552858635,0.6713654376890448,0.06066275687559525,200,percentile
PREVENT-ASCVD,race,NH Black,cal_intercept,-0.651882685269472,-0.8853610289556639,-0.4522602311761357,0.11710722496490676,200,percentile
PREVENT-ASCVD,race,NH Black,cal_slope,1.1476720376531515,0.7892062851736891,1.5578286611074812,0.18714902853606805,200,percentile
PREVENT-ASCVD,race,NH Black,AUC,0.7813011330197999,0.7074255354907735,0.8495922153894759,0.034386350401279096,200,percentile
PREVENT-ASCVD,race,NH Black,brier,0.024535703832406185,0.0201954300813683,0.029099911800724423,0.002308978677680134,200,percentile
PREVENT-ASCVD,race,NH Black,scaled_brier,0.015091648238942268,-0.0293956302049129,0.05081376937984499,0.022038066510263646,200,percentile
PREVENT-ASCVD,race,NH Black,pct_flagged_7.5,0.20327867431483726,0.18468045346739614,0.22243565074167954,0.009554408421292016,200,percentile
PREVENT-ASCVD,race,NH Black,TPR_7.5,0.6456178774008542,0.524040355902522,0.7601986467549993,0.05956242341788441,200,percentile
PREVENT-ASCVD,race,NH Black,FPR_7.5,0.19801889645820614,0.17429541555939676,0.22051659721223293,0.011657223756245474,200,percentile
PREVENT-ASCVD,race,NH Black,pct_flagged_20,0.008799248473654693,0.006018912818584957,0.011610870581643553,0.0014825012207993877,200,percentile
PREVENT-ASCVD,race,NH Black,TPR_20,0.05827664502916944,0.020081664602232364,0.10292823592222843,0.022917409149052263,200,percentile
PREVENT-ASCVD,race,NH Black,FPR_20,0.007029394282507915,0.004789638534939727,0.009350579350240595,0.0012808748580641909,200,percentile
PREVENT-ASCVD,race,NH Black,rel_OE,1.2925923036602274,0.9963611140608004,1.5845387704629668,0.14991103708109743,200,percentile
PREVENT-ASCVD,race,NH White,n,6377.0,2923.675,3514.8250000000003,150.60396699413948,200,percentile
PREVENT-ASCVD,race,NH White,events,177.0,75.0,108.025,8.603363546986026,200,percentile
PREVENT-ASCVD,race,NH White,observed,0.018143963408148334,0.01460569744998004,0.023247886440067204,0.0019702226850302155,200,percentile
PREVENT-ASCVD,race,NH White,expected,0.042253334107003764,0.04082961201419757,0.04366548831451864,0.0007457226341009769,200,percentile
PREVENT-ASCVD,race,NH White,OE,0.4294090346148768,0.3527842209111439,0.5360421623705962,0.04362339378836625,200,percentile
PREVENT-ASCVD,race,NH White,cal_intercept,-0.8944615101057916,-1.0903900699908884,-0.6770228911131214,0.10175968312081515,200,percentile
PREVENT-ASCVD,race,NH White,cal_slope,1.5408957007967057,1.2654648091496254,1.9716936022041114,0.17115153794334,200,percentile
PREVENT-ASCVD,race,NH White,AUC,0.8307897992870704,0.790236274886303,0.8744531420919869,0.021334415718954655,200,percentile
PREVENT-ASCVD,race,NH White,brier,0.017783998208955033,0.014844840856951346,0.02219731649190667,0.0016914077163705799,200,percentile
PREVENT-ASCVD,race,NH White,scaled_brier,0.0017267586561416914,-0.03317767175080537,0.028064428467820576,0.016691803911694645,200,percentile
PREVENT-ASCVD,race,NH White,pct_flagged_7.5,0.1774130746719063,0.16821060746303343,0.18801471305635975,0.005468873274858766,200,percentile
PREVENT-ASCVD,race,NH White,TPR_7.5,0.6482153735104068,0.5495275604519223,0.7528957379356019,0.051488155351293474,200,percentile
PREVENT-ASCVD,race,NH White,FPR_7.5,0.1664721600456414,0.1574513747269213,0.1782946471030398,0.005948859015609549,200,percentile
PREVENT-ASCVD,race,NH White,pct_flagged_20,0.003762058447935136,0.0024085610063797943,0.0051500969057119836,0.000671920046091142,200,percentile
PREVENT-ASCVD,race,NH White,TPR_20,0.044696159844527086,0.013621310264141252,0.08279758793825553,0.018801656933158828,200,percentile
PREVENT-ASCVD,race,NH White,FPR_20,0.0028927313148768732,0.0018371853334561382,0.004029636667580667,0.0005517663968053728,200,percentile
PREVENT-ASCVD,race,NH White,rel_OE,0.9942749949125218,0.9286129891362361,1.0440006923837755,0.03076308565642162,200,percentile
PREVENT-ASCVD,race,Other Hispanic,n,901.0,337.925,571.325,56.95261540974261,200,percentile
PREVENT-ASCVD,race,Other Hispanic,events,16.0,4.0,13.0,2.5987965904612405,200,percentile
PREVENT-ASCVD,race,Other Hispanic,observed,0.0160590726115451,0.005101153958524901,0.02856040567230794,0.006160549074224618,200,percentile
PREVENT-ASCVD,race,Other Hispanic,expected,0.04216860998795489,0.03755078529799942,0.046219794609410725,0.002373153091595254,200,percentile
PREVENT-ASCVD,race,Other Hispanic,OE,0.38083002062748195,0.11593932528632747,0.7182262744111177,0.1523993812427765,200,percentile
PREVENT-ASCVD,race,Other Hispanic,cal_intercept,-1.0083259102929574,-2.204261880499418,-0.3541346304632395,0.4727645350128346,200,percentile
PREVENT-ASCVD,race,Other Hispanic,cal_slope,0.8078338363575889,0.35195571488331734,2.0820046765820397,0.9802404210072895,200,percentile
PREVENT-ASCVD,race,Other Hispanic,AUC,0.7088698174791497,0.6113998346427832,0.8710701629580613,0.0747236002306104,200,percentile
PREVENT-ASCVD,race,Other Hispanic,brier,0.016986552182253204,0.008140313931416012,0.028208971588670476,0.005545674753373634,200,percentile
PREVENT-ASCVD,race,Other Hispanic,scaled_brier,-0.07501803498172199,-0.49364123821050976,0.015875028935457374,0.23394023023954322,200,percentile
PREVENT-ASCVD,race,Other Hispanic,pct_flagged_7.5,0.1849016643222003,0.15022612072794964,0.22164878158124685,0.02044502182219291,200,percentile
PREVENT-ASCVD,race,Other Hispanic,TPR_7.5,0.31694500563410183,0.12706544300736647,0.7733124803297826,0.1685123180093542,200,percentile
PREVENT-ASCVD,race,Other Hispanic,FPR_7.5,0.1792949939152258,0.14117586005946367,0.21810347101224406,0.02151118387529988,200,percentile
PREVENT-ASCVD,race,Other Hispanic,pct_flagged_20,0.008349768325462616,0.0019853713817481015,0.014432740410295101,0.003928472613784355,200,percentile
PREVENT-ASCVD,race,Other Hispanic,TPR_20,0.058341529421668786,0.0,0.20493967536221616,0.0894752256698065,200,percentile
PREVENT-ASCVD,race,Other Hispanic,FPR_20,0.006021427553298492,0.0,0.011990667656459142,0.0038125216343744147,200,percentile
PREVENT-ASCVD,race,Other Hispanic,rel_OE,0.8817927344298288,0.2687080351110617,1.696603572116935,0.3647465127789652,200,percentile
PREVENT-ASCVD,race,Other/Multiracial,n,453.0,187.0,263.1,18.956092482657272,200,percentile
PREVENT-ASCVD,race,Other/Multiracial,events,5.0,1.0,4.0,0.8501256188582931,200,percentile
PREVENT-ASCVD,race,Other/Multiracial,observed,0.008958833097011294,0.0017436925715847054,0.016630253922543997,0.004372740445559088,200,percentile
PREVENT-ASCVD,race,Other/Multiracial,expected,0.03888998356209776,0.03552244308043454,0.04306116343171083,0.001954780994734356,200,percentile
PREVENT-ASCVD,race,Other/Multiracial,OE,0.23036350948069279,0.04310442197448601,0.43216866456663056,0.11495874599877923,200,percentile
PREVENT-ASCVD,race,Other/Multiracial,cal_intercept,-1.5454353353180323,-3.24491352868409,-0.8880980146249954,0.6469640381252221,200,percentile
PREVENT-ASCVD,race,Other/Multiracial,cal_slope,1.1674509554538899,0.8468936005660975,1.8655084988289465,0.2894913693341998,200,percentile
PREVENT-ASCVD,race,Other/Multiracial,AUC,0.8283114500771616,0.7613634200843538,0.9232343487429585,0.049451897248946004,200,percentile
PREVENT-ASCVD,race,Other/Multiracial,brier,0.010724887038271588,0.004321887955050507,0.017280961148739275,0.0038359566149064207,200,percentile
PREVENT-ASCVD,race,Other/Multiracial,scaled_brier,-0.20795174575115993,-1.5469413143817576,-0.052714020750506484,0.40734890359606896,200,percentile
PREVENT-ASCVD,race,Other/Multiracial,pct_flagged_7.5,0.1285367902426697,0.09175786752249776,0.1603762994159917,0.018528743670562457,200,percentile
PREVENT-ASCVD,race,Other/Multiracial,TPR_7.5,0.516353050828278,0.15935086223943035,1.0,0.31206308715557945,200,percentile
PREVENT-ASCVD,race,Other/Multiracial,FPR_7.5,0.13213977496241225,0.0888921007798656,0.17544875999633192,0.022271790506388976,200,percentile
PREVENT-ASCVD,race,Other/Multiracial,pct_flagged_20,0.00657404580226551,0.0,0.014906014037275124,0.005372133699242326,200,percentile
PREVENT-ASCVD,race,Other/Multiracial,TPR_20,0.0,0.0,0.0,0.0,200,percentile
PREVENT-ASCVD,race,Other/Multiracial,FPR_20,0.007184301161309922,0.0,0.015962127540198278,0.005910894693114655,200,percentile
PREVENT-ASCVD,race,Other/Multiracial,rel_OE,0.5333951052575532,0.10196234299609587,1.01139131939079,0.2715070159952709,200,percentile
PREVENT-ASCVD,age_group,40-49,n,4228.0,2046.975,2206.05,40.909693105054565,200,percentile
PREVENT-ASCVD,age_group,40-49,events,33.0,12.0,23.0,2.8525576991772983,200,percentile
PREVENT-ASCVD,age_group,40-49,observed,0.006177362043944706,0.0037141321245675847,0.009592236060778851,0.0015385042144552333,200,percentile
PREVENT-ASCVD,age_group,40-49,expected,0.0171246078817774,0.01636666710591202,0.017870462559824482,0.0003682631501677844,200,percentile
PREVENT-ASCVD,age_group,40-49,OE,0.36073013096656925,0.21289852911753673,0.5452295265573582,0.08699212666636649,200,percentile
PREVENT-ASCVD,age_group,40-49,cal_intercept,-1.0419601370898595,-1.5696639410918318,-0.6295383400658999,0.24832884796962687,200,percentile
PREVENT-ASCVD,age_group,40-49,cal_slope,1.4888442451544925,1.182250698769305,1.8033717673176735,0.15355789018533425,200,percentile
PREVENT-ASCVD,age_group,40-49,AUC,0.8231416194263858,0.7644091492339833,0.8822497840803847,0.03214909154081501,200,percentile
PREVENT-ASCVD,age_group,40-49,brier,0.0061722281468667185,0.0038825669570146247,0.009339532459355463,0.0013979928983004865,200,percentile
PREVENT-ASCVD,age_group,40-49,scaled_brier,-0.005379510796595266,-0.07294407716527165,0.03114315478659308,0.028271452684911453,200,percentile
PREVENT-ASCVD,age_group,40-49,pct_flagged_7.5,0.013208929324947867,0.009285439671527916,0.016947098709709254,0.002126065221606684,200,percentile
PREVENT-ASCVD,age_group,40-49,TPR_7.5,0.14527254048960656,0.03355989312087432,0.27314619808218793,0.06436011658300717,200,percentile
PREVENT-ASCVD,age_group,40-49,FPR_7.5,0.012276718335819588,0.008627662075224706,0.016072744007251585,0.0021245682772417247,200,percentile
PREVENT-ASCVD,age_group,40-49,pct_flagged_20,0.00023487749827262656,0.0,0.00048695865874703317,0.00016735621880310046,200,percentile
PREVENT-ASCVD,age_group,40-49,TPR_20,0.021943729739455575,0.0,0.06868562432262287,0.02352521620643025,200,percentile
PREVENT-ASCVD,age_group,40-49,FPR_20,0.0,0.0,0.0,0.0,200,percentile
PREVENT-ASCVD,age_group,40-49,rel_OE,0.8352524521363508,0.5164705822407695,1.2024967887972158,0.1845718662180866,200,percentile
PREVENT-ASCVD,age_group,50-59,n,3260.0,1556.95,1729.1,43.378607839469154,200,percentile
PREVENT-ASCVD,age_group,50-59,events,40.0,14.0,27.025000000000006,3.513992131965807,200,percentile
PREVENT-ASCVD,age_group,50-59,observed,0.00996025642592069,0.006530629237850776,0.014154823223523235,0.0019785545433338328,200,percentile
PREVENT-ASCVD,age_group,50-59,expected,0.03448967469353396,0.033463715353911024,0.03552599840013115,0.0005601941282746941,200,percentile
PREVENT-ASCVD,age_group,50-59,OE,0.28878951496135785,0.19120034205402994,0.4036393663278847,0.05581855579319657,200,percentile
PREVENT-ASCVD,age_group,50-59,cal_intercept,-1.280801123531508,-1.700612881570517,-0.9472721213898512,0.19785994293650572,200,percentile
PREVENT-ASCVD,age_group,50-59,cal_slope,1.2132099431223788,0.5874105824063461,1.8508301407559584,0.3368786679929511,200,percentile
PREVENT-ASCVD,age_group,50-59,AUC,0.7057120259635847,0.5891909270608034,0.7976392145868861,0.05687637185376195,200,percentile
PREVENT-ASCVD,age_group,50-59,brier,0.010569184162646225,0.007527629751327975,0.014194837526460724,0.0017865376352439563,200,percentile
PREVENT-ASCVD,age_group,50-59,scaled_brier,-0.07181126401926119,-0.16742290665912893,-0.024406152528062466,0.03725614960493012,200,percentile
PREVENT-ASCVD,age_group,50-59,pct_flagged_7.5,0.0638612129315288,0.05239237206265762,0.07452718228081062,0.005793399160729075,200,percentile
PREVENT-ASCVD,age_group,50-59,TPR_7.5,0.275790314311396,0.10277892434428017,0.47950831472106753,0.09623611522025785,200,percentile
PREVENT-ASCVD,age_group,50-59,FPR_7.5,0.05989530572004399,0.04756563097619338,0.0703109050292912,0.006136985923563813,200,percentile
PREVENT-ASCVD,age_group,50-59,pct_flagged_20,0.0012713622642823769,0.00015268869083321737,0.0024129042830821077,0.0007748596043276178,200,percentile
PREVENT-ASCVD,age_group,50-59,TPR_20,0.0,0.0,0.0,0.0,200,percentile
PREVENT-ASCVD,age_group,50-59,FPR_20,0.0013815411590326252,0.00014273365819750136,0.0028039402761307775,0.0008264719746398387,200,percentile
PREVENT-ASCVD,age_group,50-59,rel_OE,0.6686775786553186,0.4771020171329861,0.8867466622311627,0.10970268671490069,200,percentile
PREVENT-ASCVD,age_group,60-69,n,3272.0,1556.0,1732.025,45.61075316216669,200,percentile
PREVENT-ASCVD,age_group,60-69,events,92.0,38.975,54.0,4.329979052254737,200,percentile
PREVENT-ASCVD,age_group,60-69,observed,0.02516531422026301,0.018837228448022214,0.03212763357149883,0.0035250731495560087,200,percentile
PREVENT-ASCVD,age_group,60-69,expected,0.06669638140073683,0.06545803720675887,0.06813042020388514,0.0007065466075004798,200,percentile
PREVENT-ASCVD,age_group,60-69,OE,0.3773115376239137,0.28447326079067775,0.4861656161556519,0.05295968516546764,200,percentile
PREVENT-ASCVD,age_group,60-69,cal_intercept,-1.031411743143855,-1.3277457683871032,-0.7691383342041869,0.1455478642649784,200,percentile
PREVENT-ASCVD,age_group,60-69,cal_slope,1.1221939738383873,0.5612738160863945,1.695389278514701,0.31074983213001106,200,percentile
PREVENT-ASCVD,age_group,60-69,AUC,0.6481694728775383,0.5656494862648239,0.728929683270404,0.04268483756512783,200,percentile
PREVENT-ASCVD,age_group,60-69,brier,0.02630667211090935,0.021257733651638053,0.03253022826254198,0.0029575537917569464,200,percentile
PREVENT-ASCVD,age_group,60-69,scaled_brier,-0.07234018417791654,-0.15178768816058058,-0.026003628844283016,0.03312883209317151,200,percentile
PREVENT-ASCVD,age_group,60-69,pct_flagged_7.5,0.3239685768690806,0.30513488873884564,0.34079201976438794,0.009572418760718767,200,percentile
PREVENT-ASCVD,age_group,60-69,TPR_7.5,0.5291300396755557,0.3815825622949886,0.6877114649299098,0.07524191041865327,200,percentile
PREVENT-ASCVD,age_group,60-69,FPR_7.5,0.31231326388742175,0.29137111520524744,0.33485704472867234,0.011638010508990649,200,percentile
PREVENT-ASCVD,age_group,60-69,pct_flagged_20,0.004726401757103007,0.002636281448457955,0.0068021137387481705,0.0011475183475394037,200,percentile
PREVENT-ASCVD,age_group,60-69,TPR_20,0.04825323679430445,0.0,0.11116467263752235,0.03671695640079618,200,percentile
PREVENT-ASCVD,age_group,60-69,FPR_20,0.0032100301997005564,0.0016757215905280815,0.005078354554210546,0.0008750696119106848,200,percentile
PREVENT-ASCVD,age_group,60-69,rel_OE,0.8736458642234062,0.6861858036395659,1.038088390507499,0.09650341705010959,200,percentile
PREVENT-ASCVD,age_group,70-79,n,2091.0,987.9,1120.0,32.73460204209411,200,percentile
PREVENT-ASCVD,age_group,70-79,events,168.0,71.0,96.025,6.601842288940279,200,percentile
PREVENT-ASCVD,age_group,70-79,observed,0.07472044143926194,0.06027899228045474,0.08923346164971416,0.007513767174470167,200,percentile
PREVENT-ASCVD,age_group,70-79,expected,0.11655864643487805,0.11473859209176865,0.11827677752932475,0.0009768098492602116,200,percentile
PREVENT-ASCVD,age_group,70-79,OE,0.6410544710727115,0.5163378822241226,0.766413657174986,0.06342382181351547,200,percentile
PREVENT-ASCVD,age_group,70-79,cal_intercept,-0.49744704405125306,-0.7283478864392052,-0.3094038589725339,0.10861216137175238,200,percentile
PREVENT-ASCVD,age_group,70-79,cal_slope,1.7029309077979116,1.246803236819347,2.2440350468730705,0.27069126261723336,200,percentile
PREVENT-ASCVD,age_group,70-79,AUC,0.6805117437697223,0.6366566329315294,0.7296676041682806,0.025942260337930304,200,percentile
PREVENT-ASCVD,age_group,70-79,brier,0.06893846692961271,0.05828741580440742,0.07979463853479696,0.0055499267911367015,200,percentile
PREVENT-ASCVD,age_group,70-79,scaled_brier,0.0028758737931082745,-0.03658303593671765,0.025928838263250483,0.015720883030152358,200,percentile
PREVENT-ASCVD,age_group,70-79,pct_flagged_7.5,0.8569606965502987,0.8429735554375686,0.8742792288638427,0.007961766919500955,200,percentile
PREVENT-ASCVD,age_group,70-79,TPR_7.5,0.9662047185705134,0.9356528929798448,0.9960571121617179,0.01557914106480504,200,percentile
PREVENT-ASCVD,age_group,70-79,FPR_7.5,0.8535736184076952,0.8366955013378088,0.8733932718356023,0.008640311043543566,200,percentile
PREVENT-ASCVD,age_group,70-79,pct_flagged_20,0.03130806022466533,0.023132430357918003,0.039028751693127216,0.004129667897905185,200,percentile
PREVENT-ASCVD,age_group,70-79,TPR_20,0.06990339460045265,0.031650455985160676,0.11412405456545022,0.023011851564699527,200,percentile
PREVENT-ASCVD,age_group,70-79,FPR_20,0.0274782485493139,0.018891660388251512,0.03454498113414274,0.003928247312593794,200,percentile
PREVENT-ASCVD,age_group,70-79,rel_OE,1.4843293447146946,1.2768750431499383,1.716391925608719,0.12307326173544188,200,percentile
PREVENT-ASCVD,income,PIR 1.3-3.5,n,4300.0,2061.0,2269.225,52.23236424260208,200,percentile
PREVENT-ASCVD,income,PIR 1.3-3.5,events,134.0,55.975,78.025,6.202915103311867,200,percentile
PREVENT-ASCVD,income,PIR 1.3-3.5,observed,0.024634807027959664,0.019230422884167927,0.02991313661643493,0.0028751717546942022,200,percentile
PREVENT-ASCVD,income,PIR 1.3-3.5,expected,0.050391831726481345,0.048301261416152416,0.05253805819635802,0.000994942869365815,200,percentile
PREVENT-ASCVD,income,PIR 1.3-3.5,OE,0.48886508356499886,0.38416121967777345,0.5910353532809753,0.054603416962241684,200,percentile
PREVENT-ASCVD,income,PIR 1.3-3.5,cal_intercept,-0.7671376865508648,-1.0305234406658315,-0.5700191947816382,0.11750564537577442,200,percentile
PREVENT-ASCVD,income,PIR 1.3-3.5,cal_slope,1.560687646387362,1.22455247319327,2.016118717414099,0.22067545109915138,200,percentile
PREVENT-ASCVD,income,PIR 1.3-3.5,AUC,0.8244766741318891,0.7809807300583461,0.8711521148535295,0.024063926198522052,200,percentile
PREVENT-ASCVD,income,PIR 1.3-3.5,brier,0.023577970631963624,0.019380528331191624,0.028223040150602924,0.0023185811721525137,200,percentile
PREVENT-ASCVD,income,PIR 1.3-3.5,scaled_brier,0.018726649224205194,-0.037962668428514326,0.05224016537325019,0.02290074899829336,200,percentile
PREVENT-ASCVD,income,PIR 1.3-3.5,pct_flagged_7.5,0.24835154565021086,0.23298855205397218,0.2655063030600759,0.008143549276271802,200,percentile
PREVENT-ASCVD,income,PIR 1.3-3.5,TPR_7.5,0.7403361379303286,0.6481634289291166,0.8387667262677565,0.050459581579928144,200,percentile
PREVENT-ASCVD,income,PIR 1.3-3.5,FPR_7.5,0.23330241193091034,0.21814704522571102,0.25217003103295904,0.009124200340603149,200,percentile
PREVENT-ASCVD,income,PIR 1.3-3.5,pct_flagged_20,0.007055378262390153,0.0042024879786699935,0.009806022959969029,0.0013538193782624782,200,percentile
PREVENT-ASCVD,income,PIR 1.3-3.5,TPR_20,0.055607107191212354,0.007279368060133117,0.10614124202051617,0.02777983835253425,200,percentile
PREVENT-ASCVD,income,PIR 1.3-3.5,FPR_20,0.005445961749308324,0.003501312898819954,0.007368583984877216,0.0010485814197194205,200,percentile
PREVENT-ASCVD,income,PIR 1.3-3.5,rel_OE,1.1319424820915474,0.9455763314174788,1.2946146987590068,0.09651232925115169,200,percentile
PREVENT-ASCVD,income,PIR<1.3,n,2973.0,1391.8,1601.1,52.18286145997319,200,percentile
PREVENT-ASCVD,income,PIR<1.3,events,113.0,48.0,66.0,4.42231663521627,200,percentile
PREVENT-ASCVD,income,PIR<1.3,observed,0.032136508605885745,0.02596628583600367,0.03855131068213482,0.003362469636431314,200,percentile
PREVENT-ASCVD,income,PIR<1.3,expected,0.04973850067074239,0.04769909528359147,0.05165236844382052,0.0011451992407201885,200,percentile
PREVENT-ASCVD,income,PIR<1.3,OE,0.6461093151685885,0.5300816454972651,0.7868886306409913,0.06780374489585941,200,percentile
PREVENT-ASCVD,income,PIR<1.3,cal_intercept,-0.4702439245814234,-0.6781647833242174,-0.26271008537130497,0.11006470670229355,200,percentile
PREVENT-ASCVD,income,PIR<1.3,cal_slope,1.2940063438213547,1.0065576374189573,1.5713441632389835,0.14510802821377242,200,percentile
PREVENT-ASCVD,income,PIR<1.3,AUC,0.8030515057843853,0.7528250303283265,0.8413106930140415,0.022425305756198232,200,percentile
PREVENT-ASCVD,income,PIR<1.3,brier,0.029881469391142824,0.024932713410733123,0.03516215500210168,0.002765932946060235,200,percentile
PREVENT-ASCVD,income,PIR<1.3,scaled_brier,0.03929699457303404,0.0012735003904266495,0.0678074921775265,0.017041580976632897,200,percentile
PREVENT-ASCVD,income,PIR<1.3,pct_flagged_7.5,0.22840349249701802,0.20847535744333803,0.24835996055618176,0.01043054963100861,200,percentile
PREVENT-ASCVD,income,PIR<1.3,TPR_7.5,0.6669829519385955,0.5545144787819345,0.7603934865958059,0.051203156885071474,200,percentile
PREVENT-ASCVD,income,PIR<1.3,FPR_7.5,0.21399843548171296,0.19270599269506022,0.23788423693926533,0.011497432096822498,200,percentile
PREVENT-ASCVD,income,PIR<1.3,pct_flagged_20,0.010476166903505672,0.006741119254668251,0.014054885631457298,0.002010988546909184,200,percentile
PREVENT-ASCVD,income,PIR<1.3,TPR_20,0.09124617790876868,0.03308700168747203,0.1557048004909007,0.03412722971936718,200,percentile
PREVENT-ASCVD,income,PIR<1.3,FPR_20,0.007246382180027954,0.004212434438133883,0.010017827421797895,0.0016441014165050978,200,percentile
PREVENT-ASCVD,income,PIR<1.3,rel_OE,1.4960335816602894,1.245636306635112,1.7812967407693765,0.13819149896152616,200,percentile
PREVENT-ASCVD,income,PIR>3.5,n,4520.0,2133.775,2405.05,75.40521671968538,200,percentile
PREVENT-ASCVD,income,PIR>3.5,events,55.0,18.975,37.0,4.311370382240932,200,percentile
PREVENT-ASCVD,income,PIR>3.5,observed,0.009882996868099557,0.00662408747419736,0.01367297211594502,0.0017183769339146869,200,percentile
PREVENT-ASCVD,income,PIR>3.5,expected,0.03435845625425532,0.033138240477156015,0.03576258157889761,0.0006551848629102453,200,percentile
PREVENT-ASCVD,income,PIR>3.5,OE,0.28764379851541033,0.18724522339598917,0.39973440026565915,0.04956672678016332,200,percentile
PREVENT-ASCVD,income,PIR>3.5,cal_intercept,-1.3040203450168355,-1.7359972480996857,-0.9826177124500355,0.17760289048141306,200,percentile
PREVENT-ASCVD,income,PIR>3.5,cal_slope,1.1958692090305751,0.8088174769100389,1.7746396599727514,0.23598383604227993,200,percentile
PREVENT-ASCVD,income,PIR>3.5,AUC,0.7794654156003085,0.7062578992587162,0.8695200718439258,0.041772107749541994,200,percentile
PREVENT-ASCVD,income,PIR>3.5,brier,0.01070113061016218,0.00771539326318293,0.013996835041339136,0.001513673705376853,200,percentile
PREVENT-ASCVD,income,PIR>3.5,scaled_brier,-0.0935898944369935,-0.19669849795289468,-0.031160401053085634,0.04138646880766394,200,percentile
PREVENT-ASCVD,income,PIR>3.5,pct_flagged_7.5,0.11264420514279148,0.10315949162835973,0.12314980409277097,0.005225572640175976,200,percentile
PREVENT-ASCVD,income,PIR>3.5,TPR_7.5,0.4551612911852904,0.2695206918559841,0.6647961696905162,0.10274458852983388,200,percentile
PREVENT-ASCVD,income,PIR>3.5,FPR_7.5,0.10915458499824543,0.09932384448313114,0.12101991719645276,0.005604590057404693,200,percentile
PREVENT-ASCVD,income,PIR>3.5,pct_flagged_20,0.0016631507386903484,0.0006618506130382958,0.0027229314265229854,0.0005988612921128874,200,percentile
PREVENT-ASCVD,income,PIR>3.5,TPR_20,0.0,0.0,0.0,0.0,200,percentile
PREVENT-ASCVD,income,PIR>3.5,FPR_20,0.0017089585373780195,0.0006396043333295303,0.0029387198049407657,0.0006331842302604563,200,percentile
PREVENT-ASCVD,income,PIR>3.5,rel_OE,0.666024729922205,0.46575813469360766,0.8207583682514911,0.09011384636037276,200,percentile
PREVENT-ASCVD,education,<HS,n,3925.0,1840.925,2077.375,63.90603792613881,200,percentile
PREVENT-ASCVD,education,<HS,events,132.0,57.975,77.0,5.268182202486258,200,percentile
PREVENT-ASCVD,education,<HS,observed,0.029007725915108577,0.023451540059760526,0.03679807595623777,0.0036020534999067944,200,percentile
PREVENT-ASCVD,education,<HS,expected,0.05679799567019559,0.05409824083944315,0.05926353240888081,0.0013081295347759682,200,percentile
PREVENT-ASCVD,education,<HS,OE,0.5107174218531484,0.40488232669033053,0.6438897177095292,0.06071265507922286,200,percentile
PREVENT-ASCVD,education,<HS,cal_intercept,-0.7419830258225085,-0.9737781681937107,-0.4928073830909542,0.12305365414816305,200,percentile
PREVENT-ASCVD,education,<HS,cal_slope,1.254372520461083,0.8672707128666542,1.5478910438932716,0.17701119287028036,200,percentile
PREVENT-ASCVD,education,<HS,AUC,0.7841430772039268,0.7161719617394883,0.8212469457108048,0.025780688852855012,200,percentile
PREVENT-ASCVD,education,<HS,brier,0.028273686213819146,0.02407723829017172,0.03418157134768024,0.0027697521041709075,200,percentile
PREVENT-ASCVD,education,<HS,scaled_brier,-0.0038133708124672427,-0.06563245014837216,0.04064359180619482,0.028193245811058094,200,percentile
PREVENT-ASCVD,education,<HS,pct_flagged_7.5,0.28075125145240726,0.264516881351215,0.30037712718051707,0.00973076702906948,200,percentile
PREVENT-ASCVD,education,<HS,TPR_7.5,0.688438538702361,0.5715449793459205,0.7917145209714297,0.05862242546946929,200,percentile
PREVENT-ASCVD,education,<HS,FPR_7.5,0.27684884832914913,0.2579404359623994,0.2981073688675746,0.010581746785536139,200,percentile
PREVENT-ASCVD,education,<HS,pct_flagged_20,0.012743621726883961,0.00804729107473515,0.017027741425851773,0.002278905184812722,200,percentile
PREVENT-ASCVD,education,<HS,TPR_20,0.04175409351340602,0.013576979633513007,0.07252169490857308,0.015939877704141663,200,percentile
PREVENT-ASCVD,education,<HS,FPR_20,0.01193003826319851,0.007308124673150228,0.016806868415787195,0.002468686716226444,200,percentile
PREVENT-ASCVD,education,<HS,rel_OE,1.1825404709293068,0.9812298717155484,1.4534675540311481,0.12852446426515704,200,percentile
PREVENT-ASCVD,education,College+,n,2673.0,1246.9,1434.125,51.98476753123342,200,percentile
PREVENT-ASCVD,education,College+,events,45.0,15.0,29.025000000000006,3.644173431657719,200,percentile
PREVENT-ASCVD,education,College+,observed,0.011212050736599574,0.007060347272302816,0.01525686179600597,0.002068265585715939,200,percentile
PREVENT-ASCVD,education,College+,expected,0.0335532396847274,0.03203118035355751,0.0351612678614709,0.0008426636693631144,200,percentile
PREVENT-ASCVD,education,College+,OE,0.3341570245362334,0.21140079020405017,0.45547947974711567,0.060972912348397273,200,percentile
PREVENT-ASCVD,education,College+,cal_intercept,-1.149012678415122,-1.6218291580098645,-0.8375339207191581,0.19336441270110255,200,percentile
PREVENT-ASCVD,education,College+,cal_slope,1.7772198260454561,1.2888768837132798,2.32417346904119,0.26756477872469225,200,percentile
PREVENT-ASCVD,education,College+,AUC,0.8702034023702654,0.8115511977449357,0.9138894590931056,0.030262019180001452,200,percentile
PREVENT-ASCVD,education,College+,brier,0.011261108793059652,0.007846394495126877,0.01457976544708335,0.0016764904064447777,200,percentile
PREVENT-ASCVD,education,College+,scaled_brier,-0.01576427638485378,-0.1401751852242432,0.042406849516378645,0.04714361688203604,200,percentile
PREVENT-ASCVD,education,College+,pct_flagged_7.5,0.11430141320740571,0.10353305904359966,0.1251186130896124,0.005840151644966766,200,percentile
PREVENT-ASCVD,education,College+,TPR_7.5,0.6704978336810978,0.4935574911026281,0.8039358570867008,0.08329132199702054,200,percentile
PREVENT-ASCVD,education,College+,FPR_7.5,0.10628463094785616,0.09484278301082982,0.11847918206559568,0.006460077532515951,200,percentile
PREVENT-ASCVD,education,College+,pct_flagged_20,0.001911343439114211,0.0005652050194834681,0.0031017640931279723,0.0006557319609752332,200,percentile
PREVENT-ASCVD,education,College+,TPR_20,0.03824827407847692,0.0,0.10796969111889866,0.04071518328824156,200,percentile
PREVENT-ASCVD,education,College+,FPR_20,0.0015031142043729193,0.0004299476633390206,0.0026241848790801645,0.0006263646470992593,200,percentile
PREVENT-ASCVD,education,College+,rel_OE,0.7737237623999362,0.491109925924465,1.0101425325218478,0.1254182997560169,200,percentile
PREVENT-ASCVD,education,HS/GED,n,2987.0,1432.875,1602.075,45.80507504084552,200,percentile
PREVENT-ASCVD,education,HS/GED,events,87.0,34.0,52.0,4.588490626682783,200,percentile
PREVENT-ASCVD,education,HS/GED,observed,0.021233046724068116,0.015012183057993728,0.027494939776271734,0.003269945255758333,200,percentile
PREVENT-ASCVD,education,HS/GED,expected,0.04642312270722071,0.04448615678796289,0.04840499272225111,0.0010590459457001345,200,percentile
PREVENT-ASCVD,education,HS/GED,OE,0.45738083708801225,0.3293175820274294,0.578832338702307,0.06822315890070971,200,percentile
PREVENT-ASCVD,education,HS/GED,cal_intercept,-0.8291426747793526,-1.1699891408344865,-0.5783359482782711,0.15833303515420694,200,percentile
PREVENT-ASCVD,education,HS/GED,cal_slope,1.4836034757633423,1.002932428495782,2.13496603868175,0.28370553934590526,200,percentile
PREVENT-ASCVD,education,HS/GED,AUC,0.8086408725508302,0.736965373559089,0.8837586036089329,0.036416775939287126,200,percentile
PREVENT-ASCVD,education,HS/GED,brier,0.020574670166830393,0.015972377809898814,0.02598704619100033,0.002747889069228032,200,percentile
PREVENT-ASCVD,education,HS/GED,scaled_brier,0.009986153516185814,-0.05594285903624129,0.04505770561074766,0.02463809841460166,200,percentile
PREVENT-ASCVD,education,HS/GED,pct_flagged_7.5,0.21084902375751044,0.1898592354357839,0.2278242519678726,0.010500843249176212,200,percentile
PREVENT-ASCVD,education,HS/GED,TPR_7.5,0.6711012050892843,0.5711168939563444,0.8062347997150928,0.05993820930974425,200,percentile
PREVENT-ASCVD,education,HS/GED,FPR_7.5,0.19574605392413177,0.17409314368446346,0.21597969652693116,0.011113266182663855,200,percentile
PREVENT-ASCVD,education,HS/GED,pct_flagged_20,0.004324900353135809,0.002095438298711715,0.006704701959296636,0.0012120918267722197,200,percentile
PREVENT-ASCVD,education,HS/GED,TPR_20,0.08177520812604229,0.01769168944544563,0.1575696760200785,0.03878909727964399,200,percentile
PREVENT-ASCVD,education,HS/GED,FPR_20,0.002063181381689003,0.0004226393251224432,0.003515938582652741,0.0008176951619151121,200,percentile
PREVENT-ASCVD,education,HS/GED,rel_OE,1.059042294898686,0.8163247569676265,1.2700661063004857,0.11447252964437042,200,percentile
PREVENT-ASCVD,education,Some college,n,3252.0,1556.975,1714.025,41.8909181100212,200,percentile
PREVENT-ASCVD,education,Some college,events,67.0,25.975,41.0,4.131737683034468,200,percentile
PREVENT-ASCVD,education,Some college,observed,0.016017017148540397,0.01082300539616698,0.021233913776032794,0.002564644906706082,200,percentile
PREVENT-ASCVD,education,Some college,expected,0.0383523010947628,0.03697741560729119,0.03956291886821926,0.0007358345245724254,200,percentile
PREVENT-ASCVD,education,Some college,OE,0.41762858267525443,0.28462881631747944,0.5537107541512475,0.06574313048831565,200,percentile
PREVENT-ASCVD,education,Some college,cal_intercept,-0.9226411558500334,-1.3167656271601251,-0.6407045260166333,0.16373155973987066,200,percentile
PREVENT-ASCVD,education,Some college,cal_slope,1.1917150762948454,0.8802544743634139,1.5842378494555343,0.18039483698102568,200,percentile
PREVENT-ASCVD,education,Some college,AUC,0.780953612391168,0.723649214108783,0.8535228131572079,0.03294360501661358,200,percentile
PREVENT-ASCVD,education,Some college,brier,0.01623538095041557,0.011670269305273859,0.021015469413920775,0.0022830340018310316,200,percentile
PREVENT-ASCVD,education,Some college,scaled_brier,-0.030132893917420356,-0.08816457631999904,0.0076551163341524,0.02383213493994758,200,percentile
PREVENT-ASCVD,education,Some college,pct_flagged_7.5,0.14414767143471746,0.1309087795561526,0.1576102660248388,0.007168509216979535,200,percentile
PREVENT-ASCVD,education,Some college,TPR_7.5,0.4804407409428844,0.3431886022380445,0.671422965202489,0.08212590186659585,200,percentile
PREVENT-ASCVD,education,Some college,FPR_7.5,0.13983820154991822,0.12356684243438033,0.1535129237359203,0.007818891366221624,200,percentile
PREVENT-ASCVD,education,Some college,pct_flagged_20,0.00298585502450846,0.0015489593984161494,0.004384698822605169,0.000777216072049696,200,percentile
PREVENT-ASCVD,education,Some college,TPR_20,0.01492279628821391,0.0,0.03579043547450978,0.012656836040886264,200,percentile
PREVENT-ASCVD,education,Some college,FPR_20,0.002914339272566485,0.001367755723402191,0.004623660374298723,0.0009005704578899132,200,percentile
PREVENT-ASCVD,education,Some college,rel_OE,0.9669979517016349,0.7096897711841611,1.2324177772652034,0.1365785796416824,200,percentile
PREVENT-ASCVD,sex,GAP(max-min),OE,0.08303523644306732,0.0,0.1608424286730656,0.049034857070142955,200,basic
PREVENT-ASCVD,sex,GAP(max-min),AUC,0.05604949211441246,0.010478886499053777,0.10693318934296546,0.025349585174772156,200,basic
PREVENT-ASCVD,sex,GAP(max-min),cal_slope,0.2874329301605103,0.0,0.5613014032169334,0.1643960226230915,200,basic
PREVENT-ASCVD,sex,GAP(max-min),TPR_7.5,0.055492381204325536,0.0,0.10774246424291505,0.043336521192671,200,basic
PREVENT-ASCVD,sex,GAP(max-min),FPR_7.5,0.04598087301068032,0.03297408918965466,0.05947632834838677,0.0071456928076112335,200,basic
PREVENT-ASCVD,sex,GAP(max-min),pct_flagged_7.5,0.05235520807813973,0.040517566433748514,0.06494468677740718,0.006695028499914296,200,basic
PREVENT-ASCVD,sex,GAP(max/min),OE,1.214782704189883,1.0,1.416713780135144,0.14336784992492432,200,basic
PREVENT-ASCVD,race,GAP(max-min),OE,0.17741675828723102,1.9626666712291296e-05,0.2985898469516033,0.08146991077445134,200,basic
PREVENT-ASCVD,race,GAP(max-min),AUC,0.12191998180792074,0.045010041022438024,0.22056066515959916,0.046534176032601765,200,basic
PREVENT-ASCVD,race,GAP(max-min),cal_slope,0.7330618644391168,0.31976190533457216,1.2855082167426926,0.25130915608012305,200,basic
PREVENT-ASCVD,race,GAP(max-min),TPR_7.5,0.331270367876305,0.18791845851028227,0.6196511799181932,0.12287452801326716,200,basic
PREVENT-ASCVD,race,GAP(max-min),FPR_7.5,0.04658054611604981,0.015117146820817953,0.07296000160673421,0.016294005326516404,200,basic
PREVENT-ASCVD,race,GAP(max-min),pct_flagged_7.5,0.04770713461643544,0.017207802467174738,0.07139692560699415,0.014972462524300137,200,basic
PREVENT-ASCVD,race,GAP(max/min),OE,1.4658686255744935,1.0,1.8113639857122257,0.3354035474017372,200,basic
PREVENT-ASCVD,age_group,GAP(max-min),OE,0.35226495611135367,0.19418216394321974,0.4966259424331896,0.07934026657171606,200,basic
PREVENT-ASCVD,age_group,GAP(max-min),AUC,0.1749721465488474,0.04798707543602143,0.25176863512276204,0.0514873945414396,200,basic
PREVENT-ASCVD,age_group,GAP(max-min),cal_slope,0.5807369339595243,0.0,0.9151824132640556,0.33831570756630647,200,basic
PREVENT-ASCVD,age_group,GAP(max-min),TPR_7.5,0.8209321780809068,0.685395029366614,0.9314594883980168,0.0682278155345338,200,basic
PREVENT-ASCVD,age_group,GAP(max-min),FPR_7.5,0.8412969000718756,0.8231244535965669,0.8590360351060894,0.009599554459275223,200,basic
PREVENT-ASCVD,age_group,GAP(max-min),pct_flagged_7.5,0.8437517672253508,0.8273580520351259,0.8577507935336961,0.009145157257512119,200,basic
PREVENT-ASCVD,age_group,GAP(max/min),OE,2.2197982885856824,1.0,2.835166942349283,0.5022316233735957,200,basic
PREVENT-ASCVD,income,GAP(max-min),OE,0.35846551665317816,0.20918451952566153,0.4935747781475732,0.07441759019504991,200,basic
PREVENT-ASCVD,income,GAP(max-min),AUC,0.04501125853158061,0.0,0.07719072143815253,0.03180728944972296,200,basic
PREVENT-ASCVD,income,GAP(max-min),cal_slope,0.3648184373567869,0.0,0.6395101965571596,0.23557610446522012,200,basic
PREVENT-ASCVD,income,GAP(max-min),TPR_7.5,0.2851748467450382,0.07701426701736852,0.47508521112292224,0.10374565436020289,200,basic
PREVENT-ASCVD,income,GAP(max-min),FPR_7.5,0.1241478269326649,0.10694341715388803,0.13976976279423742,0.009251475857575731,200,basic
PREVENT-ASCVD,income,GAP(max-min),pct_flagged_7.5,0.1357073405074194,0.11792467134432322,0.15057450065403077,0.009017347505385844,200,basic
PREVENT-ASCVD,income,GAP(max/min),OE,2.2462132627343037,1.174130740271512,2.811768782732601,0.44354392884218324,200,basic
PREVENT-ASCVD,education,GAP(max-min),OE,0.17656039731691497,0.0008723570771543288,0.2731676274294674,0.07572878818024194,200,basic
PREVENT-ASCVD,education,GAP(max-min),AUC,0.08924978997909738,0.0035169361611640804,0.1273983178541866,0.03081488818250382,200,basic
PREVENT-ASCVD,education,GAP(max-min),cal_slope,0.5855047497506107,0.0,0.860455233662796,0.2534036773082985,200,basic
PREVENT-ASCVD,education,GAP(max-min),TPR_7.5,0.20799779775947663,0.0,0.32213147887264326,0.08479064661761426,200,basic
PREVENT-ASCVD,education,GAP(max-min),FPR_7.5,0.17056421738129296,0.14710691881032942,0.19116455987298592,0.011181625777956384,200,basic
PREVENT-ASCVD,education,GAP(max-min),pct_flagged_7.5,0.16644983824500154,0.144852457466433,0.18641240048607438,0.01129927027188247,200,basic
PREVENT-ASCVD,education,GAP(max/min),OE,1.5283755371055205,1.0,1.8413922898828334,0.377199162412424,200,basic
Framingham-office,Overall,All,n,12851.0,6243.8,6681.15,113.20703129520443,200,percentile
Framingham-office,Overall,All,events,333.0,151.0,188.025,9.198578380440397,200,percentile
Framingham-office,Overall,All,observed,0.018259132654697845,0.0152370789918285,0.02194398216351286,0.0015577176931997592,200,percentile
Framingham-office,Overall,All,expected,0.1485738182060406,0.14492275546639816,0.15223785956023114,0.0018798053293178536,200,percentile
Framingham-office,Overall,All,OE,0.12289603158327851,0.10479026544874437,0.14658552040227643,0.009864525109375345,200,percentile
Framingham-office,Overall,All,cal_intercept,-2.457313520575705,-2.6086147640258,-2.281946108239784,0.08031211837389693,200,percentile
Framingham-office,Overall,All,cal_slope,0.9998952892966059,0.8803439596772199,1.154909408155718,0.06965461838763762,200,percentile
Framingham-office,Overall,All,AUC,0.8010306249880967,0.7691995114390688,0.8335274997850277,0.01573114117322577,200,percentile
Framingham-office,Overall,All,brier,0.04663332490495252,0.04410508867555196,0.04987547981754072,0.0015566522655141573,200,percentile
Framingham-office,Overall,All,scaled_brier,-1.601473267677731,-1.9408826600412923,-1.3020476066904705,0.16126089861238332,200,percentile
Framingham-office,Overall,All,pct_flagged_7.5,0.6345087153589476,0.6220637399005292,0.6473322436084513,0.006712797592291862,200,percentile
Framingham-office,Overall,All,TPR_7.5,0.9373999829004154,0.8970221666106833,0.9732774328143348,0.019134682234929187,200,percentile
Framingham-office,Overall,All,FPR_7.5,0.6323456913671687,0.6203224890782952,0.6456180209498363,0.007202038052778952,200,percentile
Framingham-office,Overall,All,pct_flagged_20,0.24168910950164757,0.2291487100999063,0.25174097500846165,0.005554717207926497,200,percentile
Framingham-office,Overall,All,TPR_20,0.6739076061626821,0.5969677727658068,0.7532752216600985,0.03889794585827274,200,percentile
Framingham-office,Overall,All,FPR_20,0.23454013339776103,0.22468002023454514,0.2463770423150393,0.005792513320851928,200,percentile
Framingham-office,Overall,All,rel_OE,1.0,1.0,1.0,0.0,200,percentile
Framingham-office,sex,Female,n,6536.0,3170.95,3407.1,61.6232431431306,200,percentile
Framingham-office,sex,Female,events,129.0,53.975,76.025,5.6826987714142625,200,percentile
Framingham-office,sex,Female,observed,0.014298811656041032,0.011440341297596274,0.017886875796136174,0.0015999201735201812,200,percentile
Framingham-office,sex,Female,expected,0.10884366369700002,0.10536768013757077,0.11282315188895767,0.0020794876213209453,200,percentile
Framingham-office,sex,Female,OE,0.13137017967206796,0.10786634904535376,0.16079685114257025,0.013649315204881886,200,percentile
Framingham-office,sex,Female,cal_intercept,-2.3011835864076127,-2.4996452432711216,-2.0820428918332676,0.10583461948848666,200,percentile
Framingham-office,sex,Female,cal_slope,1.055715660183098,0.8834517956971977,1.2411547001629948,0.08805010297633825,200,percentile
Framingham-office,sex,Female,AUC,0.8174234944875097,0.7767601192664526,0.8520518108300326,0.018319186074692406,200,percentile
Framingham-office,sex,Female,brier,0.030471952266462828,0.02767619427016405,0.03387951351818997,0.0016521459745535382,200,percentile
Framingham-office,sex,Female,scaled_brier,-1.161996833487418,-1.5107935676643167,-0.888041228284088,0.1616660041370188,200,percentile
Framingham-office,sex,Female,pct_flagged_7.5,0.47446602106703906,0.45479893566694096,0.49254141142364827,0.009392249385788816,200,percentile
Framingham-office,sex,Female,TPR_7.5,0.8951112135614099,0.8245825302858981,0.9517108881854871,0.03348354052791927,200,percentile
Framingham-office,sex,Female,FPR_7.5,0.4719911686491512,0.4524131626189435,0.4930339835901517,0.010491337141793965,200,percentile
Framingham-office,sex,Female,pct_flagged_20,0.1480676806179907,0.13733763153383252,0.16106189487801925,0.0062261880615865324,200,percentile
Framingham-office,sex,Female,TPR_20,0.5139012110118429,0.40502055853239843,0.6346122679779435,0.05651671797771683,200,percentile
Framingham-office,sex,Female,FPR_20,0.14125804441303583,0.131590602557003,0.15651233077215776,0.006797536519105512,200,percentile
Framingham-office,sex,Female,rel_OE,1.0689537976093808,0.9351361308118212,1.2058428365311658,0.07521521251544835,200,percentile
Framingham-office,sex,Male,n,6315.0,3057.975,3290.125,60.87899192900173,200,percentile
Framingham-office,sex,Male,events,204.0,87.975,117.0,7.245776798041406,200,percentile
Framingham-office,sex,Male,observed,0.022578668278006912,0.019075092164227442,0.02767814346895268,0.002252923241004078,200,percentile
Framingham-office,sex,Male,expected,0.1921077045365418,0.18733541294173428,0.19725392534001718,0.0025204695971689653,200,percentile
Framingham-office,sex,Male,OE,0.11753130012394743,0.10120533287064243,0.14455553872428611,0.011325632941234544,200,percentile
Framingham-office,sex,Male,cal_intercept,-2.5549670999552023,-2.7181583986310485,-2.3493490633246674,0.09959003707797254,200,percentile
Framingham-office,sex,Male,cal_slope,1.0099998476152008,0.8582782551274256,1.1975664747099495,0.08816532367104736,200,percentile
Framingham-office,sex,Male,AUC,0.7866448049850621,0.7496445362778361,0.8274993287043955,0.021110605222204915,200,percentile
Framingham-office,sex,Male,brier,0.0642605891739866,0.060277254483674686,0.06824129656894132,0.0019776178601757476,200,percentile
Framingham-office,sex,Male,scaled_brier,-1.911820283568276,-2.317125962122384,-1.4763864878885284,0.23731407400026341,200,percentile
Framingham-office,sex,Male,pct_flagged_7.5,0.8098737635805873,0.7960375569394023,0.8242988116867203,0.00757355247276761,200,percentile
Framingham-office,sex,Male,TPR_7.5,0.9666101028826648,0.9338427866994208,1.0,0.01860859062494189,200,percentile
Framingham-office,sex,Male,FPR_7.5,0.8087265092229959,0.7916772903000882,0.824363761170223,0.008162309564244944,200,percentile
Framingham-office,sex,Male,pct_flagged_20,0.3442737758208484,0.32762354871327437,0.3586221999614678,0.008100734303482014,200,percentile
Framingham-office,sex,Male,TPR_20,0.7844288171919264,0.7071331060968564,0.8581728471551971,0.04058119254707332,200,percentile
Framingham-office,sex,Male,FPR_20,0.3371451043555102,0.320585370742045,0.35377512970088076,0.008380861680618273,200,percentile
Framingham-office,sex,Male,rel_OE,0.9563473987710029,0.8709733343088074,1.0387429674295336,0.04680224641822384,200,percentile
Framingham-office,race,Mexican American,n,2701.0,1106.925,1560.0,117.19133251689493,200,percentile
Framingham-office,race,Mexican American,events,55.0,16.975,36.0,4.965964560898566,200,percentile
Framingham-office,race,Mexican American,observed,0.016277313254553467,0.009612973904533445,0.022429504136546784,0.0034390260242196245,200,percentile
Framingham-office,race,Mexican American,expected,0.14018295136944192,0.1308448136868623,0.14700085155501175,0.004621785025614482,200,percentile
Framingham-office,race,Mexican American,OE,0.11611478496879266,0.0711006808568308,0.15961590845624066,0.022916850814666653,200,percentile
Framingham-office,race,Mexican American,cal_intercept,-2.527823939390931,-2.994888467250968,-2.2115589121315935,0.20956977751611472,200,percentile
Framingham-office,race,Mexican American,cal_slope,0.7119490983464859,0.39878371376388383,1.058715703111228,0.1687322281872258,200,percentile
Framingham-office,race,Mexican American,AUC,0.7295348941382662,0.6125584378644459,0.8338323142273539,0.05560846912574192,200,percentile
Framingham-office,race,Mexican American,brier,0.04590340554395366,0.03799091108231941,0.05233520449753231,0.004042619185354822,200,percentile
Framingham-office,race,Mexican American,scaled_brier,-1.8667478667000812,-3.09919235874072,-1.2962173352665913,0.5117026179622254,200,percentile
Framingham-office,race,Mexican American,pct_flagged_7.5,0.5714395800910415,0.5442742684753951,0.5919614388256903,0.013000025616836424,200,percentile
Framingham-office,race,Mexican American,TPR_7.5,0.8081546888089454,0.5828844650017571,0.9819883460972649,0.09315824222271435,200,percentile
Framingham-office,race,Mexican American,FPR_7.5,0.5592448810801344,0.5295563402854871,0.5821010072566577,0.013605953823389253,200,percentile
Framingham-office,race,Mexican American,pct_flagged_20,0.2160497819104754,0.18920823198738065,0.2347620372404465,0.012618097751930138,200,percentile
Framingham-office,race,Mexican American,TPR_20,0.5138372226175917,0.32245169909018057,0.6899880199147947,0.10390978571442641,200,percentile
Framingham-office,race,Mexican American,FPR_20,0.20689065252963912,0.18114875832906643,0.22626175155645362,0.012041022478664827,200,percentile
Framingham-office,race,Mexican American,rel_OE,0.944821272687795,0.5942137805893914,1.3175648173736956,0.18953221172020604,200,percentile
Framingham-office,race,NH Black,n,2419.0,1058.775,1360.05,75.45441550429952,200,percentile
Framingham-office,race,NH Black,events,80.0,30.0,51.025000000000006,5.232001932444744,200,percentile
Framingham-office,race,NH Black,observed,0.025565243548074105,0.02034727883567887,0.031121041799918914,0.002788823918965767,200,percentile
Framingham-office,race,NH Black,expected,0.1743926843816825,0.16792845485371294,0.1807080886516525,0.003564936648762375,200,percentile
Framingham-office,race,NH Black,OE,0.14659584855131327,0.117566513614249,0.17589372092183175,0.01563567437241944,200,percentile
Framingham-office,race,NH Black,cal_intercept,-2.353728135969994,-2.579609639593124,-2.159564502180675,0.11504178836288627,200,percentile
Framingham-office,race,NH Black,cal_slope,0.9056160094384421,0.659418137065979,1.1606193395231563,0.11933434838678016,200,percentile
Framingham-office,race,NH Black,AUC,0.7646678261100691,0.6890708917629266,0.8375444749974862,0.036690537688385566,200,percentile
Framingham-office,race,NH Black,brier,0.06202160755387945,0.05697340649594094,0.06766493253465763,0.0028280670870970163,200,percentile
Framingham-office,race,NH Black,scaled_brier,-1.4896615840619227,-1.9827697154406159,-1.1156873677635537,0.2333226591147388,200,percentile
Framingham-office,race,NH Black,pct_flagged_7.5,0.7010617416386619,0.6764216066275159,0.7190791361379041,0.011613332770213512,200,percentile
Framingham-office,race,NH Black,TPR_7.5,0.9376585035487108,0.8634886392568648,1.0,0.0372482425790344,200,percentile
Framingham-office,race,NH Black,FPR_7.5,0.7084829374088425,0.6793201484930209,0.730857137544136,0.013438850321177568,200,percentile
Framingham-office,race,NH Black,pct_flagged_20,0.30063132696953393,0.2814063859775727,0.31989952506922914,0.010283253433639103,200,percentile
Framingham-office,race,NH Black,TPR_20,0.69472361296747,0.5773344446847279,0.8191329911530895,0.057699722636438404,200,percentile
Framingham-office,race,NH Black,FPR_20,0.2965430518599687,0.2754496598089791,0.31514202431215127,0.01055563734010807,200,percentile
Framingham-office,race,NH Black,rel_OE,1.1928444447123987,0.918082806314893,1.4668968002046607,0.1374612060957458,200,percentile
Framingham-office,race,NH White,n,6377.0,2923.675,3514.8250000000003,150.60396699413948,200,percentile
Framingham-office,race,NH White,events,177.0,75.0,108.025,8.603363546986026,200,percentile
Framingham-office,race,NH White,observed,0.018143963408148334,0.01460569744998004,0.023247886440067204,0.0019702226850302155,200,percentile
Framingham-office,race,NH White,expected,0.14728371415995412,0.14310869479571375,0.15189262544638593,0.0022958642491241904,200,percentile
Framingham-office,race,NH White,OE,0.12319056123505615,0.10096475818375371,0.15319933668878635,0.012510763349687244,200,percentile
Framingham-office,race,NH White,cal_intercept,-2.444256660897447,-2.6370587111707535,-2.225115651799347,0.10267997055012776,200,percentile
Framingham-office,race,NH White,cal_slope,1.0603321433543584,0.9173342046901078,1.2671114980301248,0.09111891297527701,200,percentile
Framingham-office,race,NH White,AUC,0.8187255834203739,0.7867491560477858,0.8557104448764308,0.017847777458721605,200,percentile
Framingham-office,race,NH White,brier,0.04532759224921518,0.0419340713653572,0.04923796280018518,0.001825709873360993,200,percentile
Framingham-office,race,NH White,scaled_brier,-1.544384108976785,-1.9576725779202273,-1.1454624324162366,0.20005223299640731,200,percentile
Framingham-office,race,NH White,pct_flagged_7.5,0.6344539096128867,0.6183253051245672,0.6524284537953634,0.008802001858917972,200,percentile
Framingham-office,race,NH White,TPR_7.5,0.9494151294645752,0.9111777087974035,0.9874858153347368,0.020549059432876063,200,percentile
Framingham-office,race,NH White,FPR_7.5,0.6310057525069145,0.6150494602023288,0.6511959101815411,0.009355021914564193,200,percentile
Framingham-office,race,NH White,pct_flagged_20,0.23974470061182712,0.22758151879279206,0.25333724477405917,0.006981873187622092,200,percentile
Framingham-office,race,NH White,TPR_20,0.7053402394622299,0.6255843755913945,0.7985833208909825,0.04595690385226321,200,percentile
Framingham-office,race,NH White,FPR_20,0.23135821512176588,0.21893445328857392,0.24592221590593885,0.007145311713155332,200,percentile
Framingham-office,race,NH White,rel_OE,1.002396575772083,0.9367686659486004,1.0508803622166567,0.030760630926414543,200,percentile
Framingham-office,race,Other Hispanic,n,901.0,337.925,571.325,56.95261540974261,200,percentile
Framingham-office,race,Other Hispanic,events,16.0,4.0,13.0,2.5987965904612405,200,percentile
Framingham-office,race,Other Hispanic,observed,0.0160590726115451,0.005101153958524901,0.02856040567230794,0.006160549074224618,200,percentile
Framingham-office,race,Other Hispanic,expected,0.14214877802617681,0.12907430324044128,0.15317129408134172,0.006629502860535726,200,percentile
Framingham-office,race,Other Hispanic,OE,0.11297369442449803,0.03469108867145147,0.2116394987221949,0.044547921253550095,200,percentile
Framingham-office,race,Other Hispanic,cal_intercept,-2.524440683256252,-3.7230516381956447,-1.8516600396928444,0.47681230579456235,200,percentile
Framingham-office,race,Other Hispanic,cal_slope,0.5956470119530872,0.18819646808148427,1.3487926747270786,0.32407840304645374,200,percentile
Framingham-office,race,Other Hispanic,AUC,0.6542468467232412,0.5134250093039135,0.8255356684036745,0.08833526443870375,200,percentile
Framingham-office,race,Other Hispanic,brier,0.04580274258657244,0.035963144823999295,0.0568070010586463,0.005477226825223045,200,percentile
Framingham-office,race,Other Hispanic,scaled_brier,-1.8986914945360849,-7.324085266567609,-0.8832020659337448,2.858170412548049,200,percentile
Framingham-office,race,Other Hispanic,pct_flagged_7.5,0.6060358875361198,0.5535194568987254,0.648766697920576,0.023709186411629685,200,percentile
Framingham-office,race,Other Hispanic,TPR_7.5,0.8060052399821329,0.47786116640397613,1.0,0.1506842094427175,200,percentile
Framingham-office,race,Other Hispanic,FPR_7.5,0.601890145523405,0.5502023027253328,0.6479695264460079,0.02487100097629363,200,percentile
Framingham-office,race,Other Hispanic,pct_flagged_20,0.22649637209944348,0.18010812353987377,0.25997559736631937,0.022603538457733423,200,percentile
Framingham-office,race,Other Hispanic,TPR_20,0.2922110294883954,0.11247644934203324,0.7082708618306051,0.15776360295260825,200,percentile
Framingham-office,race,Other Hispanic,FPR_20,0.2234959816200609,0.17725095403475535,0.2605292440088148,0.023762323899813958,200,percentile
Framingham-office,race,Other Hispanic,rel_OE,0.9192623469533533,0.28425604933973087,1.7573854889359368,0.3753364428252338,200,percentile
Framingham-office,race,Other/Multiracial,n,453.0,187.0,263.1,18.956092482657272,200,percentile
Framingham-office,race,Other/Multiracial,events,5.0,1.0,4.0,0.8501256188582931,200,percentile
Framingham-office,race,Other/Multiracial,observed,0.008958833097011294,0.0017436925715847054,0.016630253922543997,0.004372740445559088,200,percentile
Framingham-office,race,Other/Multiracial,expected,0.13460415882477275,0.1222495057309843,0.14684203473728114,0.00659626666198014,200,percentile
Framingham-office,race,Other/Multiracial,OE,0.0665568818618292,0.012827844289914162,0.12624861657926228,0.03335608066552682,200,percentile
Framingham-office,race,Other/Multiracial,cal_intercept,-3.043492621356201,-4.706623648294637,-2.3745632838664124,0.6561561425889084,200,percentile
Framingham-office,race,Other/Multiracial,cal_slope,0.6476872705774506,0.474286814988299,1.6419891070883688,0.33670887686331447,200,percentile
Framingham-office,race,Other/Multiracial,AUC,0.7510075907478386,0.6937275419388499,0.9580400016820083,0.07502471472070452,200,percentile
Framingham-office,race,Other/Multiracial,brier,0.03884397049276688,0.031095939855462752,0.04861802364551086,0.004580865280119886,200,percentile
Framingham-office,race,Other/Multiracial,scaled_brier,-3.3750243523503016,-18.632369742869358,-1.5768740455159103,4.531352075787376,200,percentile
Framingham-office,race,Other/Multiracial,pct_flagged_7.5,0.6081813780801762,0.5537226552501666,0.6540365230983309,0.02554983115087317,200,percentile
Framingham-office,race,Other/Multiracial,TPR_7.5,1.0,1.0,1.0,0.0,200,percentile
Framingham-office,race,Other/Multiracial,FPR_7.5,0.6092701332471596,0.5539471260439471,0.6549902572446346,0.027528492520409602,200,percentile
Framingham-office,race,Other/Multiracial,pct_flagged_20,0.20201519536969909,0.15932244306044066,0.24657963515528455,0.02254125609446863,200,percentile
Framingham-office,race,Other/Multiracial,TPR_20,0.39855709456094224,0.13226919425929962,1.0,0.31696864079992315,200,percentile
Framingham-office,race,Other/Multiracial,FPR_20,0.2029745280381898,0.15167353528508826,0.25103841734153093,0.025689094068218832,200,percentile
Framingham-office,race,Other/Multiracial,rel_OE,0.5415706349861102,0.10711765518801086,1.0303889224728728,0.27673140858660406,200,percentile
Framingham-office,age_group,40-49,n,4228.0,2046.975,2206.05,40.909693105054565,200,percentile
Framingham-office,age_group,40-49,events,33.0,12.0,23.0,2.8525576991772983,200,percentile
Framingham-office,age_group,40-49,observed,0.006177362043944706,0.0037141321245675847,0.009592236060778851,0.0015385042144552333,200,percentile
Framingham-office,age_group,40-49,expected,0.07109695026497888,0.06854134003618763,0.07342266459789466,0.0011958833713046632,200,percentile
Framingham-office,age_group,40-49,OE,0.08688645604237073,0.052210333154147553,0.1321774921889487,0.020965201960895425,200,percentile
Framingham-office,age_group,40-49,cal_intercept,-2.5699512691486825,-3.083123838507916,-2.1554643191768394,0.246645420232121,200,percentile
Framingham-office,age_group,40-49,cal_slope,1.5146566598636726,1.1857918265097471,1.7944078058489643,0.16018447232049593,200,percentile
Framingham-office,age_group,40-49,AUC,0.82133705605408,0.7599963214823606,0.8817262237574355,0.03267266348313993,200,percentile
Framingham-office,age_group,40-49,brier,0.012347731576179622,0.010597684718214876,0.015134215544211562,0.0011220059649973005,200,percentile
Framingham-office,age_group,40-49,scaled_brier,-1.0112925245333138,-1.9158270596832634,-0.5774811426452728,0.37134966330512664,200,percentile
Framingham-office,age_group,40-49,pct_flagged_7.5,0.3431935656527716,0.32727771410245204,0.35959355139122023,0.008955176452571639,200,percentile
Framingham-office,age_group,40-49,TPR_7.5,0.8099637418065013,0.6661908700834608,0.9399447414134928,0.07143814369148624,200,percentile
Framingham-office,age_group,40-49,FPR_7.5,0.34253689728302555,0.32633429996506613,0.35934673810153617,0.009047728954538745,200,percentile
Framingham-office,age_group,40-49,pct_flagged_20,0.03017027990637334,0.0234870407363701,0.03632445383834046,0.003028324695270699,200,percentile
Framingham-office,age_group,40-49,TPR_20,0.190128122546437,0.04897717043991497,0.28784240056200894,0.06382893215324968,200,percentile
Framingham-office,age_group,40-49,FPR_20,0.029376310587005617,0.02330421347031474,0.03476672394756549,0.002976019194573092,200,percentile
Framingham-office,age_group,40-49,rel_OE,0.7069915515009411,0.4405819597390846,1.0252745412455704,0.1568061561319636,200,percentile
Framingham-office,age_group,50-59,n,3260.0,1556.95,1729.1,43.378607839469154,200,percentile
Framingham-office,age_group,50-59,events,40.0,14.0,27.025000000000006,3.513992131965807,200,percentile
Framingham-office,age_group,50-59,observed,0.00996025642592069,0.006530629237850776,0.014154823223523235,0.0019785545433338328,200,percentile
Framingham-office,age_group,50-59,expected,0.1365386245930837,0.1332917830905143,0.14002649278109613,0.0018236836132665924,200,percentile
Framingham-office,age_group,50-59,OE,0.07294826980720313,0.048118757471842896,0.10198376838045346,0.0140799918918141,200,percentile
Framingham-office,age_group,50-59,cal_intercept,-2.861030965994036,-3.278897352693109,-2.5316725587999658,0.19812899324298078,200,percentile
Framingham-office,age_group,50-59,cal_slope,0.9641780661879408,0.5360903052097538,1.3676768322807604,0.22230221010005194,200,percentile
Framingham-office,age_group,50-59,AUC,0.7138646964614378,0.6085583995778986,0.8062495689705397,0.0518774133004277,200,percentile
Framingham-office,age_group,50-59,brier,0.03329207717418787,0.030251528963194458,0.036964363963160336,0.0017240729708318696,200,percentile
Framingham-office,age_group,50-59,scaled_brier,-2.3761189859860594,-3.749129710533495,-1.6427040458393602,0.5650040264122658,200,percentile
Framingham-office,age_group,50-59,pct_flagged_7.5,0.7159110373140607,0.7009821038706406,0.7315693819362089,0.008291923799683526,200,percentile
Framingham-office,age_group,50-59,TPR_7.5,0.8442995152629461,0.6900889380794055,0.9771932339144126,0.06824055536170466,200,percentile
Framingham-office,age_group,50-59,FPR_7.5,0.7171363599770718,0.7000662715347356,0.7342298863888388,0.008815339356810432,200,percentile
Framingham-office,age_group,50-59,pct_flagged_20,0.18445672156607093,0.1679990743577906,0.19883160152635168,0.00816561504550861,200,percentile
Framingham-office,age_group,50-59,TPR_20,0.5073226169116012,0.283868983769191,0.6740220608728367,0.10462569323819096,200,percentile
Framingham-office,age_group,50-59,FPR_20,0.18156546328139722,0.16380994475747415,0.19663158454023122,0.008625270581048623,200,percentile
Framingham-office,age_group,50-59,rel_OE,0.5935770981976006,0.4238698126198502,0.7860867477821141,0.09739052054949601,200,percentile
Framingham-office,age_group,60-69,n,3272.0,1556.0,1732.025,45.61075316216669,200,percentile
Framingham-office,age_group,60-69,events,92.0,38.975,54.0,4.329979052254737,200,percentile
Framingham-office,age_group,60-69,observed,0.02516531422026301,0.018837228448022214,0.03212763357149883,0.0035250731495560087,200,percentile
Framingham-office,age_group,60-69,expected,0.23138535300657023,0.2261580471623299,0.23767177479382393,0.002917948217179066,200,percentile
Framingham-office,age_group,60-69,OE,0.10875932246043438,0.08194082697367656,0.14040185714532957,0.015140233098148324,200,percentile
Framingham-office,age_group,60-69,cal_intercept,-2.6234753706438663,-2.9218459265115313,-2.3615692418836183,0.14775192114979835,200,percentile
Framingham-office,age_group,60-69,cal_slope,0.6513223991681837,0.239562167516559,0.9778423690625796,0.1953982527894307,200,percentile
Framingham-office,age_group,60-69,AUC,0.6494930737699872,0.5576960704098641,0.7311701472006497,0.04626449038685932,200,percentile
Framingham-office,age_group,60-69,brier,0.08157206711713788,0.07675730725231697,0.08677600828973718,0.0027031332936768484,200,percentile
Framingham-office,age_group,60-69,scaled_brier,-2.3251262306147056,-3.32356576271257,-1.7009787536872785,0.42186179895224246,200,percentile
Framingham-office,age_group,60-69,pct_flagged_7.5,0.9234565902268094,0.9122331334566378,0.9338418405730012,0.005841490955870953,200,percentile
Framingham-office,age_group,60-69,TPR_7.5,0.9580990215353514,0.9042376952814637,1.0,0.028124360393611995,200,percentile
Framingham-office,age_group,60-69,FPR_7.5,0.922954620063442,0.9104887907353936,0.9347439003092909,0.006708640907423369,200,percentile
Framingham-office,age_group,60-69,pct_flagged_20,0.5009768647219492,0.4808906090725597,0.5229927716242445,0.010885974312097728,200,percentile
Framingham-office,age_group,60-69,TPR_20,0.6953384210721407,0.5631025907955881,0.8432313992888982,0.07421558661055191,200,percentile
Framingham-office,age_group,60-69,FPR_20,0.4954415954627799,0.4700148848858676,0.5204435710241732,0.013349170469866667,200,percentile
Framingham-office,age_group,60-69,rel_OE,0.8849701740510261,0.6979606377952959,1.0540925993330101,0.09703333327122277,200,percentile
Framingham-office,age_group,70-79,n,2091.0,987.9,1120.0,32.73460204209411,200,percentile
Framingham-office,age_group,70-79,events,168.0,71.0,96.025,6.601842288940279,200,percentile
Framingham-office,age_group,70-79,observed,0.07472044143926194,0.06027899228045474,0.08923346164971416,0.007513767174470167,200,percentile
Framingham-office,age_group,70-79,expected,0.33018043813146425,0.3215161097564854,0.33810608274505666,0.004298812194019734,200,percentile
Framingham-office,age_group,70-79,OE,0.22630184229603373,0.1809509136982948,0.2704747928913899,0.022263247133600467,200,percentile
Framingham-office,age_group,70-79,cal_intercept,-2.0219196855318473,-2.2941221193341224,-1.821946162343389,0.11761401895576094,200,percentile
Framingham-office,age_group,70-79,cal_slope,0.5685971443935456,0.3822865081410418,0.7833617198520546,0.10679168755640395,200,percentile
Framingham-office,age_group,70-79,AUC,0.6438207323580892,0.5959005558952287,0.6964831429502478,0.025753704182270114,200,percentile
Framingham-office,age_group,70-79,brier,0.15142141121369182,0.1416062600484644,0.16068436896752877,0.004940240384771376,200,percentile
Framingham-office,age_group,70-79,scaled_brier,-1.190155207536396,-1.6757780946857415,-0.9099320304007057,0.19207344200224685,200,percentile
Framingham-office,age_group,70-79,pct_flagged_7.5,0.9904026891682826,0.9859458722407587,0.995931341868755,0.0027048890524777967,200,percentile
Framingham-office,age_group,70-79,TPR_7.5,1.0,1.0,1.0,0.0,200,percentile
Framingham-office,age_group,70-79,FPR_7.5,0.9894637301265428,0.9841662183299105,0.9959888577710669,0.0030792599321007646,200,percentile
Framingham-office,age_group,70-79,pct_flagged_20,0.7518599149889943,0.7311891509943055,0.7721218800673969,0.010366914708036768,200,percentile
Framingham-office,age_group,70-79,TPR_20,0.8719960609130448,0.8052431849243474,0.9459193136541632,0.03620928526278076,200,percentile
Framingham-office,age_group,70-79,FPR_20,0.7389978519222659,0.7154799739714433,0.7656699057547081,0.011991526671001387,200,percentile
Framingham-office,age_group,70-79,rel_OE,1.8414088671584479,1.5735348483145035,2.130708939421906,0.15135285351392233,200,percentile
Framingham-office,income,PIR 1.3-3.5,n,4300.0,2061.0,2269.225,52.23236424260208,200,percentile
Framingham-office,income,PIR 1.3-3.5,events,134.0,55.975,78.025,6.202915103311867,200,percentile
Framingham-office,income,PIR 1.3-3.5,observed,0.024634807027959664,0.019230422884167927,0.02991313661643493,0.0028751717546942022,200,percentile
Framingham-office,income,PIR 1.3-3.5,expected,0.16876120025278948,0.16189684964158035,0.1756491181438758,0.003274650610474883,200,percentile
Framingham-office,income,PIR 1.3-3.5,OE,0.14597435305662013,0.1141781939163987,0.1769394846330308,0.0165069677463427,200,percentile
Framingham-office,income,PIR 1.3-3.5,cal_intercept,-2.30346134380901,-2.5967278932179165,-2.097638007556764,0.12195588172488095,200,percentile
Framingham-office,income,PIR 1.3-3.5,cal_slope,1.061371343915709,0.8812344143826043,1.2814657218160341,0.11364958780818193,200,percentile
Framingham-office,income,PIR 1.3-3.5,AUC,0.8121642816965557,0.7732265087172865,0.858071688302223,0.022890513045670496,200,percentile
Framingham-office,income,PIR 1.3-3.5,brier,0.05618927470991611,0.051326959805545205,0.06105456670257137,0.0024246739412622778,200,percentile
Framingham-office,income,PIR 1.3-3.5,scaled_brier,-1.3384980299158626,-1.9451687373827558,-1.010071388813481,0.23816824116848903,200,percentile
Framingham-office,income,PIR 1.3-3.5,pct_flagged_7.5,0.6916625356149873,0.6722668054340329,0.714050042902546,0.01086101950513958,200,percentile
Framingham-office,income,PIR 1.3-3.5,TPR_7.5,0.9533508369140924,0.9074890694835304,0.9904266224425117,0.023724740234546668,200,percentile
Framingham-office,income,PIR 1.3-3.5,FPR_7.5,0.6914476964158208,0.6691436831222665,0.7134266815043997,0.011698108767632784,200,percentile
Framingham-office,income,PIR 1.3-3.5,pct_flagged_20,0.299982906514212,0.28108961036145336,0.3184366811786255,0.010054198618477977,200,percentile
Framingham-office,income,PIR 1.3-3.5,TPR_20,0.7540258109393074,0.6454888314458122,0.854023119351569,0.055549618165754364,200,percentile
Framingham-office,income,PIR 1.3-3.5,FPR_20,0.28536432360512604,0.26542599546978163,0.3088963123517894,0.011673828967890367,200,percentile
Framingham-office,income,PIR 1.3-3.5,rel_OE,1.1877873612029772,0.9887865557622548,1.3733139619782007,0.1030061637466733,200,percentile
Framingham-office,income,PIR<1.3,n,2973.0,1391.8,1601.1,52.18286145997319,200,percentile
Framingham-office,income,PIR<1.3,events,113.0,48.0,66.0,4.42231663521627,200,percentile
Framingham-office,income,PIR<1.3,observed,0.032136508605885745,0.02596628583600367,0.03855131068213482,0.003362469636431314,200,percentile
Framingham-office,income,PIR<1.3,expected,0.16772394096307403,0.16239175031141842,0.17390059842925626,0.002977494729599215,200,percentile
Framingham-office,income,PIR<1.3,OE,0.19160358635360766,0.15759109984936737,0.23047054778005535,0.019645223971192245,200,percentile
Framingham-office,income,PIR<1.3,cal_intercept,-2.0256024049635313,-2.2348976743444213,-1.8115261948120818,0.10976146585742313,200,percentile
Framingham-office,income,PIR<1.3,cal_slope,0.9148979377999726,0.7209525175619297,1.088195846355129,0.09860154808611916,200,percentile
Framingham-office,income,PIR<1.3,AUC,0.7781411600578018,0.7265567646013169,0.8202698070832084,0.025257063877088804,200,percentile
Framingham-office,income,PIR<1.3,brier,0.06064487540582777,0.05603622584340892,0.06648191809747128,0.0026817019286916174,200,percentile
Framingham-office,income,PIR<1.3,scaled_brier,-0.949760679553195,-1.2870845925486392,-0.6640459233449486,0.1632112998745667,200,percentile
Framingham-office,income,PIR<1.3,pct_flagged_7.5,0.6846890030419768,0.6668913393827968,0.7034259210595002,0.009443898599695421,200,percentile
Framingham-office,income,PIR<1.3,TPR_7.5,0.9363284163982902,0.8792981058840954,0.9924590172682559,0.02820258078548015,200,percentile
Framingham-office,income,PIR<1.3,FPR_7.5,0.6780681098397149,0.6564067952451812,0.6991171041400276,0.011462579635327557,200,percentile
Framingham-office,income,PIR<1.3,pct_flagged_20,0.29529597335126095,0.27796592841801093,0.31802221703612576,0.011230560717066738,200,percentile
Framingham-office,income,PIR<1.3,TPR_20,0.7112563945667864,0.6120762912988651,0.808920192122336,0.049998344897155905,200,percentile
Framingham-office,income,PIR<1.3,FPR_20,0.28141761233395424,0.26103273044548797,0.3077493312084592,0.012514390213739457,200,percentile
Framingham-office,income,PIR<1.3,rel_OE,1.559070572785506,1.2928089496453954,1.847723592074804,0.14199658359832512,200,percentile
Framingham-office,income,PIR>3.5,n,4520.0,2133.775,2405.05,75.40521671968538,200,percentile
Framingham-office,income,PIR>3.5,events,55.0,18.975,37.0,4.311370382240932,200,percentile
Framingham-office,income,PIR>3.5,observed,0.009882996868099557,0.00662408747419736,0.01367297211594502,0.0017183769339146869,200,percentile
Framingham-office,income,PIR>3.5,expected,0.12856873038808123,0.12465939930198258,0.13314556532209598,0.00215025904047652,200,percentile
Framingham-office,income,PIR>3.5,OE,0.07686936658912318,0.05036873913329275,0.10687948265226714,0.013273170391698003,200,percentile
Framingham-office,income,PIR>3.5,cal_intercept,-2.896391013941452,-3.3248396032163474,-2.570726499781278,0.18197066666730377,200,percentile
Framingham-office,income,PIR>3.5,cal_slope,0.893587180846495,0.7152420012724041,1.1485026188940235,0.10984590824649446,200,percentile
Framingham-office,income,PIR>3.5,AUC,0.783489006659769,0.7322761225079789,0.8478410004090366,0.031963126155686826,200,percentile
Framingham-office,income,PIR>3.5,brier,0.035424640793519195,0.03252225842635045,0.03839739517409972,0.001530120048249692,200,percentile
Framingham-office,income,PIR>3.5,scaled_brier,-2.6201809506991847,-4.057823198608704,-1.765291738684695,0.5694238818297204,200,percentile
Framingham-office,income,PIR>3.5,pct_flagged_7.5,0.5809739785481406,0.564225759276063,0.5998979985859946,0.00988518990526179,200,percentile
Framingham-office,income,PIR>3.5,TPR_7.5,0.9119275389939979,0.81985966895294,1.0,0.04959176903171361,200,percentile
Framingham-office,income,PIR>3.5,FPR_7.5,0.5796229846883049,0.5600730426255833,0.6004337871467765,0.010147278992455759,200,percentile
Framingham-office,income,PIR>3.5,pct_flagged_20,0.1858092874869702,0.17246128560230675,0.2002874138337393,0.007510511253321461,200,percentile
Framingham-office,income,PIR>3.5,TPR_20,0.5389503707432923,0.4064517040985774,0.7028520174244685,0.08107015360061495,200,percentile
Framingham-office,income,PIR>3.5,FPR_20,0.18481531644454666,0.16919450745268103,0.20078060083319035,0.008039292760432666,200,percentile
Framingham-office,income,PIR>3.5,rel_OE,0.6254829028961272,0.43725953377851917,0.7750245652700626,0.08508057980641223,200,percentile
Framingham-office,education,<HS,n,3925.0,1840.925,2077.375,63.90603792613881,200,percentile
Framingham-office,education,<HS,events,132.0,57.975,77.0,5.268182202486258,200,percentile
Framingham-office,education,<HS,observed,0.029007725915108577,0.023451540059760526,0.03679807595623777,0.0036020534999067944,200,percentile
Framingham-office,education,<HS,expected,0.1917934890439249,0.18428149331854748,0.2001813387781163,0.003915381427990914,200,percentile
Framingham-office,education,<HS,OE,0.15124458113625106,0.12177512240655915,0.18944843533693762,0.018037934354019403,200,percentile
Framingham-office,education,<HS,cal_intercept,-2.3284083120227237,-2.5568298555407516,-2.0886589388534182,0.12404666990387525,200,percentile
Framingham-office,education,<HS,cal_slope,0.8664986599362132,0.6747049907265762,1.0521271288285794,0.0963375960794569,200,percentile
Framingham-office,education,<HS,AUC,0.7606217894577199,0.7110403680284816,0.8079784254904362,0.02437599337136457,200,percentile
Framingham-office,education,<HS,brier,0.07070666649039288,0.06548353143486606,0.07754841079404973,0.0030369394500131394,200,percentile
Framingham-office,education,<HS,scaled_brier,-1.5103305133924696,-2.033391298500999,-1.0701803541060673,0.251716533756886,200,percentile
Framingham-office,education,<HS,pct_flagged_7.5,0.7407211502428455,0.7221020297492906,0.761625062233845,0.01072481671545948,200,percentile
Framingham-office,education,<HS,TPR_7.5,0.9472351060426396,0.8992187250405619,0.9832369636847442,0.021476531243185083,200,percentile
Framingham-office,education,<HS,FPR_7.5,0.7377241660151864,0.7147976929660355,0.762172358277168,0.01244126391453671,200,percentile
Framingham-office,education,<HS,pct_flagged_20,0.3619326740826906,0.34327169702053606,0.3852008006973604,0.01137256191372045,200,percentile
Framingham-office,education,<HS,TPR_20,0.7488982350080342,0.6449914004046657,0.8537902323964252,0.05317294356150123,200,percentile
Framingham-office,education,<HS,FPR_20,0.3547683737517243,0.33658092632091235,0.380001563555136,0.01197929063712707,200,percentile
Framingham-office,education,<HS,rel_OE,1.2306709922831203,1.0238872797995051,1.5203816993233477,0.1348349590546424,200,percentile
Framingham-office,education,College+,n,2673.0,1246.9,1434.125,51.98476753123342,200,percentile
Framingham-office,education,College+,events,45.0,15.0,29.025000000000006,3.644173431657719,200,percentile
Framingham-office,education,College+,observed,0.011212050736599574,0.007060347272302816,0.01525686179600597,0.002068265585715939,200,percentile
Framingham-office,education,College+,expected,0.12172334705037982,0.11621142435065537,0.12756023043838477,0.0028743451286037383,200,percentile
Framingham-office,education,College+,OE,0.09211093030459508,0.05894824384286264,0.12404593232990795,0.01651548396633188,200,percentile
Framingham-office,education,College+,cal_intercept,-2.7072007199351114,-3.1689742714516447,-2.3915555113741434,0.19180514822685085,200,percentile
Framingham-office,education,College+,cal_slope,1.2519413097352579,0.9741932596625471,1.5975185990282532,0.16588988739854396,200,percentile
Framingham-office,education,College+,AUC,0.8568145873191544,0.7922030646159909,0.9090954356993153,0.03155688595532232,200,percentile
Framingham-office,education,College+,brier,0.03239316527065703,0.028842164557610007,0.03517327255203019,0.0018038466292007334,200,percentile
Framingham-office,education,College+,scaled_brier,-1.9218987832923622,-3.352619561956832,-1.2641683255470642,0.5219138323569693,200,percentile
Framingham-office,education,College+,pct_flagged_7.5,0.5381793621554838,0.5172257296364965,0.5619954178530556,0.011919557346245327,200,percentile
Framingham-office,education,College+,TPR_7.5,0.9115398352486768,0.7847824081483616,1.0,0.060967706410055104,200,percentile
Framingham-office,education,College+,FPR_7.5,0.5383002401515663,0.515280321696981,0.5607903423541889,0.01228864334456321,200,percentile
Framingham-office,education,College+,pct_flagged_20,0.17442734126083245,0.15660335543305617,0.1962208293554618,0.009741875802799657,200,percentile
Framingham-office,education,College+,TPR_20,0.7405767614611279,0.5167870600301216,0.8898735376275784,0.09759620214338811,200,percentile
Framingham-office,education,College+,FPR_20,0.17187833936465063,0.15302641878548812,0.19300230901435794,0.010514815040893905,200,percentile
Framingham-office,education,College+,rel_OE,0.7495028856336796,0.4804526909577465,0.9633905465874896,0.11994226410434358,200,percentile
Framingham-office,education,HS/GED,n,2987.0,1432.875,1602.075,45.80507504084552,200,percentile
Framingham-office,education,HS/GED,events,87.0,34.0,52.0,4.588490626682783,200,percentile
Framingham-office,education,HS/GED,observed,0.021233046724068116,0.015012183057993728,0.027494939776271734,0.003269945255758333,200,percentile
Framingham-office,education,HS/GED,expected,0.16095437607827517,0.15525331028304662,0.16711654905842013,0.003254304121809755,200,percentile
Framingham-office,education,HS/GED,OE,0.13191966097114427,0.09480308070611358,0.16693412246558065,0.019715040567303787,200,percentile
Framingham-office,education,HS/GED,cal_intercept,-2.4002563489064324,-2.7600468775434317,-2.145699181002767,0.16459589160253085,200,percentile
Framingham-office,education,HS/GED,cal_slope,0.959290712571458,0.7469188007513224,1.2549744304052453,0.12505121446534914,200,percentile
Framingham-office,education,HS/GED,AUC,0.7924733617911806,0.7211385407924886,0.862820643191087,0.03542414515207589,200,percentile
Framingham-office,education,HS/GED,brier,0.05192578767783551,0.04723471740454726,0.056782973803349256,0.002505587339850574,200,percentile
Framingham-office,education,HS/GED,scaled_brier,-1.4985697643655231,-2.3816538060853167,-1.0512403893765456,0.34379107634044337,200,percentile
Framingham-office,education,HS/GED,pct_flagged_7.5,0.680548582773283,0.6606779449616041,0.7017844945732971,0.010579566176194615,200,percentile
Framingham-office,education,HS/GED,TPR_7.5,0.9232255492264659,0.8385449956800805,1.0,0.04654049710350153,200,percentile
Framingham-office,education,HS/GED,FPR_7.5,0.6840216422682408,0.6642637954142551,0.7036995110735601,0.010420855399426,200,percentile
Framingham-office,education,HS/GED,pct_flagged_20,0.2691602269520371,0.24508626560405322,0.291517537610607,0.012000231242686626,200,percentile
Framingham-office,education,HS/GED,TPR_20,0.701550415831339,0.5817671895330129,0.8419907450679784,0.06548993357946087,200,percentile
Framingham-office,education,HS/GED,FPR_20,0.2550453947029933,0.23310704912587657,0.2783892906297203,0.01235688652475749,200,percentile
Framingham-office,education,HS/GED,rel_OE,1.0734249045442208,0.8239053347052263,1.3041759115107505,0.11618533964991148,200,percentile
Framingham-office,education,Some college,n,3252.0,1556.975,1714.025,41.8909181100212,200,percentile
Framingham-office,education,Some college,events,67.0,25.975,41.0,4.131737683034468,200,percentile
Framingham-office,education,Some college,observed,0.016017017148540397,0.01082300539616698,0.021233913776032794,0.002564644906706082,200,percentile
Framingham-office,education,Some college,expected,0.13776306929487747,0.13294744065319652,0.14216523501476794,0.0024423808010585095,200,percentile
Framingham-office,education,Some college,OE,0.11626495569909581,0.0783299964959552,0.15391363551833775,0.018239951665441175,200,percentile
Framingham-office,education,Some college,cal_intercept,-2.46277004359979,-2.876786544044944,-2.16545621675141,0.16716337026742809,200,percentile
Framingham-office,education,Some college,cal_slope,0.9096737686445044,0.735167076572873,1.1066682073451224,0.0973547631213818,200,percentile
Framingham-office,education,Some college,AUC,0.7682719764039868,0.7126672013911844,0.8196092198913929,0.02682521229410471,200,percentile
Framingham-office,education,Some college,brier,0.04164496802566774,0.03765208643678884,0.04532600267898935,0.002062626634006228,200,percentile
Framingham-office,education,Some college,scaled_brier,-1.642368020830547,-2.618125747549814,-1.1443992828622216,0.34939900073324875,200,percentile
Framingham-office,education,Some college,pct_flagged_7.5,0.6244587180430375,0.6038245469169017,0.6428104816277225,0.010959141403732777,200,percentile
Framingham-office,education,Some college,TPR_7.5,0.9603600680853702,0.9096452377548979,1.0,0.027990985827232417,200,percentile
Framingham-office,education,Some college,FPR_7.5,0.6185252757385687,0.5943156665231851,0.6385699058166912,0.011657185248393239,200,percentile
Framingham-office,education,Some college,pct_flagged_20,0.21034417618168438,0.19452568081672636,0.22432741508940238,0.007433928051385362,200,percentile
Framingham-office,education,Some college,TPR_20,0.5120191209338114,0.3770268763746908,0.672182851019449,0.07587792218321422,200,percentile
Framingham-office,education,Some college,FPR_20,0.20822540495789532,0.19240248451423972,0.22451647705094072,0.008240561319810831,200,percentile
Framingham-office,education,Some college,rel_OE,0.9460432057996172,0.6944936430023891,1.2140084342755435,0.13306725683310675,200,percentile
Framingham-office,sex,GAP(max-min),OE,0.013838879548120533,0.0,0.027114489239345715,0.011802490149767654,200,basic
Framingham-office,sex,GAP(max-min),AUC,0.030778689502447665,0.0,0.05883856738286475,0.018928211500597678,200,basic
Framingham-office,sex,GAP(max-min),cal_slope,0.04571581256789714,0.0,0.08882309899815105,0.06018419072878111,200,basic
Framingham-office,sex,GAP(max-min),TPR_7.5,0.07149888932125492,0.0,0.1324646711913417,0.03433729340081989,200,basic
Framingham-office,sex,GAP(max-min),FPR_7.5,0.33673534057384474,0.31703670946076634,0.362038133533088,0.012317145011000823,200,basic
Framingham-office,sex,GAP(max-min),pct_flagged_7.5,0.3354077425135482,0.31502718114704725,0.3572714911755054,0.010592342534420146,200,basic
Framingham-office,sex,GAP(max/min),OE,1.1177463325388741,1.0,1.2308255080928787,0.10950395005503893,200,basic
Framingham-office,race,GAP(max-min),OE,0.03362215412681524,0.0,0.056048210365315515,0.02326820273437236,200,basic
Framingham-office,race,GAP(max-min),AUC,0.16447873669713275,0.07789449044301561,0.2997390062214224,0.06261388019179744,200,basic
Framingham-office,race,GAP(max-min),cal_slope,0.4646851314012712,0.1502967419269905,0.821167583189619,0.182015437108115,200,basic
Framingham-office,race,GAP(max-min),TPR_7.5,0.14340988948244227,0.0,0.252845059706575,0.0914833190255916,200,basic
Framingham-office,race,GAP(max-min),FPR_7.5,0.14923805632870812,0.10753471746096929,0.1855195951348035,0.020413550292860377,200,basic
Framingham-office,race,GAP(max-min),pct_flagged_7.5,0.1296221615476204,0.09477592903148838,0.16002337497410396,0.018153928567877748,200,basic
Framingham-office,race,GAP(max/min),OE,1.2976104685085377,1.0,1.501563272326067,0.31302668612672224,200,basic
Framingham-office,age_group,GAP(max-min),OE,0.15335357248883058,0.10581205750590764,0.20396923773750583,0.025902910002029773,200,basic
Framingham-office,age_group,GAP(max-min),AUC,0.1775163236959908,0.06718072894513244,0.24045679087965677,0.04807727057262792,200,basic
Framingham-office,age_group,GAP(max-min),cal_slope,0.946059515470127,0.4900581150079275,1.3794403557808876,0.2270072613832381,200,basic
Framingham-office,age_group,GAP(max-min),TPR_7.5,0.19003625819349867,0.03777448229918412,0.29376474709252265,0.06308569942709837,200,basic
Framingham-office,age_group,GAP(max-min),FPR_7.5,0.6469268328435172,0.6299775882627554,0.6664227937750016,0.028335788630377234,200,basic
Framingham-office,age_group,GAP(max-min),pct_flagged_7.5,0.647209123515511,0.6295465884039074,0.6653927690101336,0.027686726381130802,200,basic
Framingham-office,age_group,GAP(max/min),OE,3.1022235742414823,1.2460354314964146,4.012591825730535,0.7385563523720593,200,basic
Framingham-office,income,GAP(max-min),OE,0.11473421976448449,0.07121983312759475,0.1534823323820132,0.02108222197052729,200,basic
Framingham-office,income,GAP(max-min),AUC,0.034023121638753984,0.0,0.06137159345202842,0.02741628137158659,200,basic
Framingham-office,income,GAP(max-min),cal_slope,0.16778416306921407,0.0,0.295961070891106,0.1207592693512361,200,basic
Framingham-office,income,GAP(max-min),TPR_7.5,0.04142329792009447,0.0,0.07186401262767277,0.03531883879687221,200,basic
Framingham-office,income,GAP(max-min),FPR_7.5,0.11182471172751596,0.08534773403292795,0.1369614860218099,0.013507484729948128,200,basic
Framingham-office,income,GAP(max-min),pct_flagged_7.5,0.11068855706684666,0.08326257768327977,0.1337842280031111,0.013138978223997127,200,basic
Framingham-office,income,GAP(max/min),OE,2.4925870324618895,1.3627636131054284,3.1323215738426757,0.4893495643768715,200,basic
Framingham-office,education,GAP(max-min),OE,0.059133650831655976,0.009079649748231416,0.08919976006536114,0.021794563841400303,200,basic
Framingham-office,education,GAP(max-min),AUC,0.09619279786143453,0.021360547565461074,0.13310578166000717,0.029110452898833065,200,basic
Framingham-office,education,GAP(max-min),cal_slope,0.38544264979904463,0.0,0.5481347557743431,0.1492122607583321,200,basic
Framingham-office,education,GAP(max-min),TPR_7.5,0.048820232836693456,0.0,0.07281883239973191,0.04861507280937071,200,basic
Framingham-office,education,GAP(max-min),FPR_7.5,0.19942392586362012,0.16636422216613983,0.2287420381291226,0.015395606936340487,200,basic
Framingham-office,education,GAP(max-min),pct_flagged_7.5,0.20254178808736167,0.17115138958361834,0.2321332200005008,0.015164218976927702,200,basic
Framingham-office,education,GAP(max/min),OE,1.6419829941583601,1.0,1.9928009140717144,0.39658403178299184,200,basic
PCE (recal),Overall,All,n,12851.0,6243.8,6681.15,113.20703129520443,200,percentile
PCE (recal),Overall,All,events,333.0,151.0,188.025,9.198578380440397,200,percentile
PCE (recal),Overall,All,observed,0.018259132654697845,0.0152370789918285,0.02194398216351286,0.0015577176931997592,200,percentile
PCE (recal),Overall,All,expected,0.01910982359715924,0.018404813351029788,0.019756334838629198,0.0003575152367301287,200,percentile
PCE (recal),Overall,All,OE,0.9554841028156924,0.826198434125812,1.1401170178176696,0.075376263652273,200,percentile
PCE (recal),Overall,All,cal_intercept,-0.05126766915234507,-0.20088533352758767,0.12619975634811942,0.07968601144834364,200,percentile
PCE (recal),Overall,All,cal_slope,1.0542311233387611,0.9109248001732221,1.2381295517593676,0.08384043276841913,200,percentile
PCE (recal),Overall,All,AUC,0.8135346926290818,0.7787177749670207,0.8508715335485234,0.017333216969627856,200,percentile
PCE (recal),Overall,All,brier,0.017299698436185805,0.014667083168105562,0.020603570947236402,0.001433326402497134,200,percentile
PCE (recal),Overall,All,scaled_brier,0.03492399239488786,0.02245353653468048,0.04752769500709552,0.006894350961262188,200,percentile
PCE (recal),Overall,All,pct_flagged_7.5,0.04099066736440321,0.03727563246809243,0.044713442661803174,0.0020411162474765544,200,percentile
PCE (recal),Overall,All,TPR_7.5,0.24527030682207182,0.19414619359854146,0.30345955773893335,0.028412008355511414,200,percentile
PCE (recal),Overall,All,FPR_7.5,0.0372958653414269,0.03292579245042967,0.04148369231672676,0.0022935748892889537,200,percentile
PCE (recal),Overall,All,pct_flagged_20,0.001823622697743325,0.0011731077348415399,0.0025614770463636915,0.0003747833083826254,200,percentile
PCE (recal),Overall,All,TPR_20,0.009081997292810493,0.002735870824523917,0.015858281660565302,0.0038284171773156368,200,percentile
PCE (recal),Overall,All,FPR_20,0.0016176379226586724,0.0009043560454256229,0.0024084918338100596,0.00041288110186368646,200,percentile
PCE (recal),Overall,All,rel_OE,1.0,1.0,1.0,0.0,200,percentile
PCE (recal),sex,Female,n,6536.0,3170.95,3407.1,61.6232431431306,200,percentile
PCE (recal),sex,Female,events,129.0,53.975,76.025,5.6826987714142625,200,percentile
PCE (recal),sex,Female,observed,0.014298811656041032,0.011440341297596274,0.017886875796136174,0.0015999201735201812,200,percentile
PCE (recal),sex,Female,expected,0.014993806013489026,0.01416595213711672,0.015882133173873925,0.0004253466195179963,200,percentile
PCE (recal),sex,Female,OE,0.9536479025523773,0.7922367038704508,1.1624792458302995,0.09608464051078419,200,percentile
PCE (recal),sex,Female,cal_intercept,-0.05511495181051042,-0.2479870516590014,0.15698076962330748,0.10395296567763544,200,percentile
PCE (recal),sex,Female,cal_slope,1.0719698437999854,0.8599405413935286,1.2394316838389876,0.09468853087530617,200,percentile
PCE (recal),sex,Female,AUC,0.8399281902443403,0.792666608554229,0.8769247837641369,0.020828307181418263,200,percentile
PCE (recal),sex,Female,brier,0.013486165551855096,0.010884491561282945,0.016813143404192682,0.0014726682123764444,200,percentile
PCE (recal),sex,Female,scaled_brier,0.04315132276287359,0.02219868406803564,0.057467180348885906,0.009814130198575868,200,percentile
PCE (recal),sex,Female,pct_flagged_7.5,0.03232980297607568,0.02817259878403059,0.03684443801732857,0.002322550376797025,200,percentile
PCE (recal),sex,Female,TPR_7.5,0.2416847397579116,0.1593473663880411,0.30958489054910227,0.040406811361421456,200,percentile
PCE (recal),sex,Female,FPR_7.5,0.029261861982966667,0.024840725437935415,0.03398943297858638,0.0023735297224003137,200,percentile
PCE (recal),sex,Female,pct_flagged_20,0.0015341287268185516,0.0005899491267082171,0.002489225617889751,0.0004762888056492139,200,percentile
PCE (recal),sex,Female,TPR_20,0.014493025508610386,0.0,0.030555230550087038,0.008373067643231405,200,percentile
PCE (recal),sex,Female,FPR_20,0.0012682205375095078,0.00040783218588668377,0.0022213690567326736,0.0004677922271911933,200,percentile
PCE (recal),sex,Female,rel_OE,0.998078251372363,0.8760403170285402,1.1225154032765703,0.06972942907485795,200,percentile
PCE (recal),sex,Male,n,6315.0,3057.975,3290.125,60.87899192900173,200,percentile
PCE (recal),sex,Male,events,204.0,87.975,117.0,7.245776798041406,200,percentile
PCE (recal),sex,Male,observed,0.022578668278006912,0.019075092164227442,0.02767814346895268,0.002252923241004078,200,percentile
PCE (recal),sex,Male,expected,0.023619905267772155,0.022811175536327524,0.02445119121467322,0.0004368303626029304,200,percentile
PCE (recal),sex,Male,OE,0.9559169701164745,0.829554123106736,1.182733312891926,0.09188484033549726,200,percentile
PCE (recal),sex,Male,cal_intercept,-0.04859854648140478,-0.20452236400698387,0.16388267966709177,0.0986928453458126,200,percentile
PCE (recal),sex,Male,cal_slope,1.0367161003174625,0.8603492489181224,1.2650215009153556,0.11171189105639767,200,percentile
PCE (recal),sex,Male,AUC,0.7795640427839279,0.7373380972752535,0.8245792439570884,0.023787050359093526,200,percentile
PCE (recal),sex,Male,brier,0.021459131762452534,0.01814874043061819,0.026064043750903397,0.002064620468736558,200,percentile
PCE (recal),sex,Male,scaled_brier,0.027628972331797064,0.01238643674473977,0.043920398406495004,0.0082561989274652,200,percentile
PCE (recal),sex,Male,pct_flagged_7.5,0.05048071567819826,0.04482140680661815,0.056809355361661935,0.003114436826531019,200,percentile
PCE (recal),sex,Male,TPR_7.5,0.24774696541927335,0.19015533536905416,0.3203350749246529,0.036270910049346274,200,percentile
PCE (recal),sex,Male,FPR_7.5,0.046132810249513725,0.03992981486730344,0.05284449999383947,0.003462378615866743,200,percentile
PCE (recal),sex,Male,pct_flagged_20,0.002140832579742065,0.0013556365473653225,0.0031996553552017487,0.00047272078612587516,200,percentile
PCE (recal),sex,Male,TPR_20,0.0053444379861349945,0.0,0.011052929780274279,0.003171587267001278,200,percentile
PCE (recal),sex,Male,FPR_20,0.002001977092649102,0.0009333814070110334,0.0032039555490172705,0.0005814088039493683,200,percentile
PCE (recal),sex,Male,rel_OE,1.0004530345397757,0.9106621919015785,1.0871146110892131,0.04854252553826711,200,percentile
PCE (recal),race,Mexican American,n,2701.0,1106.925,1560.0,117.19133251689493,200,percentile
PCE (recal),race,Mexican American,events,55.0,16.975,36.0,4.965964560898566,200,percentile
PCE (recal),race,Mexican American,observed,0.016277313254553467,0.009612973904533445,0.022429504136546784,0.0034390260242196245,200,percentile
PCE (recal),race,Mexican American,expected,0.017134416262741262,0.015522889279148926,0.018216388796842124,0.0007312432067761676,200,percentile
PCE (recal),race,Mexican American,OE,0.9499776943057253,0.5888440676798926,1.307764126756904,0.18885296438596408,200,percentile
PCE (recal),race,Mexican American,cal_intercept,-0.0711542036828201,-0.5313857538325036,0.24966327586084952,0.21473548081768887,200,percentile
PCE (recal),race,Mexican American,cal_slope,0.7910557753353253,0.5210588304200798,1.1463719630382012,0.1675923849571807,200,percentile
PCE (recal),race,Mexican American,AUC,0.7704072989488309,0.6856863603443236,0.8566335206325346,0.04442744259795101,200,percentile
PCE (recal),race,Mexican American,brier,0.015785171141774603,0.009546446473237278,0.02163827448312601,0.003244574141459326,200,percentile
PCE (recal),race,Mexican American,scaled_brier,0.014188486454496219,-0.029187426382501845,0.049993069550131615,0.02220137099497932,200,percentile
PCE (recal),race,Mexican American,pct_flagged_7.5,0.036566359801683664,0.028853942652797903,0.042765736208708674,0.003546624332075993,200,percentile
PCE (recal),race,Mexican American,TPR_7.5,0.18381667069833751,0.04535717933952403,0.33433570265328566,0.08187826578207068,200,percentile
PCE (recal),race,Mexican American,FPR_7.5,0.03734806999470557,0.02850808300266644,0.04541794032166895,0.004431366960909771,200,percentile
PCE (recal),race,Mexican American,pct_flagged_20,0.0022527231965215966,0.000683657973717652,0.0036802026630854065,0.0007855169419205387,200,percentile
PCE (recal),race,Mexican American,TPR_20,0.040884370634287834,0.0,0.09795852034294286,0.029170557097255263,200,percentile
PCE (recal),race,Mexican American,FPR_20,0.0019728175041578157,0.0004540813581521086,0.0034817267127272766,0.0008392946638074698,200,percentile
PCE (recal),race,Mexican American,rel_OE,0.9942370485351453,0.630041145218952,1.3786540985137843,0.20014901758328654,200,percentile
PCE (recal),race,NH Black,n,2419.0,1058.775,1360.05,75.45441550429952,200,percentile
PCE (recal),race,NH Black,events,80.0,30.0,51.025000000000006,5.232001932444744,200,percentile
PCE (recal),race,NH Black,observed,0.025565243548074105,0.02034727883567887,0.031121041799918914,0.002788823918965767,200,percentile
PCE (recal),race,NH Black,expected,0.02395201922206379,0.022580173806008144,0.02508482063688783,0.0006727919280979494,200,percentile
PCE (recal),race,NH Black,OE,1.0673523309685835,0.8608765539488261,1.277673388040641,0.11485017749280196,200,percentile
PCE (recal),race,NH Black,cal_intercept,0.05053881306845024,-0.1796515175241229,0.2398760276469913,0.11445331009895347,200,percentile
PCE (recal),race,NH Black,cal_slope,0.9357542322691208,0.6088688670047568,1.3178172095896314,0.17647390223582474,200,percentile
PCE (recal),race,NH Black,AUC,0.7592368096088671,0.6814149346973136,0.8393400807130301,0.039626309899427996,200,percentile
PCE (recal),race,NH Black,brier,0.02364932753708649,0.018916306174537323,0.02871466103415115,0.0025376852362132027,200,percentile
PCE (recal),race,NH Black,scaled_brier,0.050672425624686324,0.022180295840438707,0.07788175804897919,0.013942628014612402,200,percentile
PCE (recal),race,NH Black,pct_flagged_7.5,0.05625463028292705,0.04787772251897998,0.06505840098910526,0.004474078595005743,200,percentile
PCE (recal),race,NH Black,TPR_7.5,0.3090890892549753,0.22181974866726145,0.40136862302242055,0.0484756846256745,200,percentile
PCE (recal),race,NH Black,FPR_7.5,0.04859161867623528,0.0394737056843305,0.05847392230025258,0.004646739778618254,200,percentile
PCE (recal),race,NH Black,pct_flagged_20,0.002673799104222985,0.0007626439820114682,0.0048335300218120495,0.0010955327207875728,200,percentile
PCE (recal),race,NH Black,TPR_20,0.05681690547737842,0.0,0.10947113307683652,0.02828506115388914,200,percentile
PCE (recal),race,NH Black,FPR_20,0.0012298217682668291,0.0,0.002402442735507283,0.0007079597151063127,200,percentile
PCE (recal),race,NH Black,rel_OE,1.1170801563555368,0.8677377337665335,1.3755435033211034,0.12928163797441364,200,percentile
PCE (recal),race,NH White,n,6377.0,2923.675,3514.8250000000003,150.60396699413948,200,percentile
PCE (recal),race,NH White,events,177.0,75.0,108.025,8.603363546986026,200,percentile
PCE (recal),race,NH White,observed,0.018143963408148334,0.01460569744998004,0.023247886440067204,0.0019702226850302155,200,percentile
PCE (recal),race,NH White,expected,0.018910132497724316,0.01805535296789359,0.01972192250643805,0.0004374172306589316,200,percentile
PCE (recal),race,NH White,OE,0.9594836741800628,0.8009339187670309,1.2001069894900462,0.09526989140734347,200,percentile
PCE (recal),race,NH White,cal_intercept,-0.04197972130228279,-0.22444332876729953,0.18217428999423818,0.10155363906742877,200,percentile
PCE (recal),race,NH White,cal_slope,1.1172128294649237,0.9365840570780186,1.370203104919603,0.10861672472286729,200,percentile
PCE (recal),race,NH White,AUC,0.8291526762047438,0.7899943716345413,0.8714482213261128,0.02039515747464578,200,percentile
PCE (recal),race,NH White,brier,0.017173630495669504,0.014087077342269608,0.021976316380601626,0.0018152774250254906,200,percentile
PCE (recal),race,NH White,scaled_brier,0.03598866918908172,0.019580450071942812,0.05263459584867455,0.008011990647053071,200,percentile
PCE (recal),race,NH White,pct_flagged_7.5,0.040406671358018294,0.035956174133251716,0.0452226800008388,0.002509814466845265,200,percentile
PCE (recal),race,NH White,TPR_7.5,0.2461487558138551,0.1870664769514587,0.31512411715813704,0.03544647254288813,200,percentile
PCE (recal),race,NH White,FPR_7.5,0.03666006464934543,0.03207840592759406,0.04151940597358928,0.002573319407894445,200,percentile
PCE (recal),race,NH White,pct_flagged_20,0.0018253537434338555,0.0010004285768750699,0.002684912956033766,0.0004542420631919144,200,percentile
PCE (recal),race,NH White,TPR_20,0.0,0.0,0.0,0.0,200,percentile
PCE (recal),race,NH White,FPR_20,0.0017714812455393223,0.0009562801962914578,0.0026680821736216873,0.0004978176389361708,200,percentile
PCE (recal),race,NH White,rel_OE,1.0041859109456495,0.9387099176136386,1.0498235347834697,0.030565159016538956,200,percentile
PCE (recal),race,Other Hispanic,n,901.0,337.925,571.325,56.95261540974261,200,percentile
PCE (recal),race,Other Hispanic,events,16.0,4.0,13.0,2.5987965904612405,200,percentile
PCE (recal),race,Other Hispanic,observed,0.0160590726115451,0.005101153958524901,0.02856040567230794,0.006160549074224618,200,percentile
PCE (recal),race,Other Hispanic,expected,0.017502842128692787,0.015212192058719315,0.019417504111695124,0.0011737868926707637,200,percentile
PCE (recal),race,Other Hispanic,OE,0.9175122813465315,0.2789450032573542,1.7405476128222053,0.3690392135647359,200,percentile
PCE (recal),race,Other Hispanic,cal_intercept,-0.08115781446414932,-1.29063038078161,0.5944577014232504,0.4774329246705838,200,percentile
PCE (recal),race,Other Hispanic,cal_slope,0.7070015489303413,0.3321501355606777,1.5782473721812835,0.38280203513649996,200,percentile
PCE (recal),race,Other Hispanic,AUC,0.7180170738228729,0.6144243690868809,0.8602120168058169,0.0712114317168435,200,percentile
PCE (recal),race,Other Hispanic,brier,0.015545326695054476,0.0058182352947529934,0.02758068613486664,0.005858957838537789,200,percentile
PCE (recal),race,Other Hispanic,scaled_brier,0.016191963056175096,-0.06960091466134903,0.07321569449229424,0.05138174825402493,200,percentile
PCE (recal),race,Other Hispanic,pct_flagged_7.5,0.03168700046765177,0.017752841710271024,0.04512209862373227,0.007107639274325283,200,percentile
PCE (recal),race,Other Hispanic,TPR_7.5,0.21509775905908252,0.059199191945465794,0.5106514713258562,0.12419648303543579,200,percentile
PCE (recal),race,Other Hispanic,FPR_7.5,0.02847763463319664,0.015044288667424051,0.04249075031754316,0.007355341748477094,200,percentile
PCE (recal),race,Other Hispanic,pct_flagged_20,0.0013407721083185458,0.0,0.0028278724002331556,0.0007984719286136081,200,percentile
PCE (recal),race,Other Hispanic,TPR_20,0.0,0.0,0.0,0.0,200,percentile
PCE (recal),race,Other Hispanic,FPR_20,0.0008309075116745166,0.0,0.0021027108444839943,0.0006559232292398114,200,percentile
PCE (recal),race,Other Hispanic,rel_OE,0.9602590756274618,0.29305368159982204,1.9046568457143207,0.3993013698498371,200,percentile
PCE (recal),race,Other/Multiracial,n,453.0,187.0,263.1,18.956092482657272,200,percentile
PCE (recal),race,Other/Multiracial,events,5.0,1.0,4.0,0.8501256188582931,200,percentile
PCE (recal),race,Other/Multiracial,observed,0.008958833097011294,0.0017436925715847054,0.016630253922543997,0.004372740445559088,200,percentile
PCE (recal),race,Other/Multiracial,expected,0.016678549486480995,0.014547982639763023,0.018990655811723507,0.0011883473683875088,200,percentile
PCE (recal),race,Other/Multiracial,OE,0.537147016547991,0.09841974124771416,1.0649841959611155,0.27586223321705233,200,percentile
PCE (recal),race,Other/Multiracial,cal_intercept,-0.6649228278264055,-2.339688064284687,0.03582977089702081,0.6558625226816837,200,percentile
PCE (recal),race,Other/Multiracial,cal_slope,0.7771478752399842,0.42604406483210244,1.5623927350856581,0.33474201293865674,200,percentile
PCE (recal),race,Other/Multiracial,AUC,0.7956491638712155,0.6867204113905282,0.9400894491379883,0.0836584783809979,200,percentile
PCE (recal),race,Other/Multiracial,brier,0.009293738694553562,0.0024134937190492026,0.016593009206471904,0.004194980776820252,200,percentile
PCE (recal),race,Other/Multiracial,scaled_brier,-0.04676047781015269,-0.3874717393404198,-0.0025106714394885123,0.10643585511407455,200,percentile
PCE (recal),race,Other/Multiracial,pct_flagged_7.5,0.03427202919578112,0.014793585799988625,0.052271233510208424,0.009323195398631634,200,percentile
PCE (recal),race,Other/Multiracial,TPR_7.5,0.0,0.0,0.0,0.0,200,percentile
PCE (recal),race,Other/Multiracial,FPR_7.5,0.03343910856921717,0.014349171507379873,0.05253259138677033,0.009822580189921562,200,percentile
PCE (recal),race,Other/Multiracial,pct_flagged_20,0.0,0.0,0.0,0.0,200,percentile
PCE (recal),race,Other/Multiracial,TPR_20,0.0,0.0,0.0,0.0,200,percentile
PCE (recal),race,Other/Multiracial,FPR_20,0.0,0.0,0.0,0.0,200,percentile
PCE (recal),race,Other/Multiracial,rel_OE,0.5621726358032392,0.10825763163598798,1.1023137132358078,0.29320318990715494,200,percentile
PCE (recal),age_group,40-49,n,4228.0,2046.975,2206.05,40.909693105054565,200,percentile
PCE (recal),age_group,40-49,events,33.0,12.0,23.0,2.8525576991772983,200,percentile
PCE (recal),age_group,40-49,observed,0.006177362043944706,0.0037141321245675847,0.009592236060778851,0.0015385042144552333,200,percentile
PCE (recal),age_group,40-49,expected,0.006463704266421872,0.0061636161421207095,0.006768880860610769,0.0001581400850173663,200,percentile
PCE (recal),age_group,40-49,OE,0.9556999808972267,0.5644429248704503,1.439078084218475,0.2318329149864935,200,percentile
PCE (recal),age_group,40-49,cal_intercept,-0.05844174599032077,-0.5907081277028402,0.35884969566884034,0.2515309378661813,200,percentile
PCE (recal),age_group,40-49,cal_slope,1.1636378950980908,0.9020865959346301,1.4457028338376288,0.1456505410772097,200,percentile
PCE (recal),age_group,40-49,AUC,0.8155347802155432,0.7519816480719373,0.8768538681270762,0.03319310263413095,200,percentile
PCE (recal),age_group,40-49,brier,0.006084440672850582,0.003688949228928421,0.00943556093169173,0.0014916200832817573,200,percentile
PCE (recal),age_group,40-49,scaled_brier,0.008919981312298542,-0.005431949348021369,0.016455051496082902,0.005140841362951556,200,percentile
PCE (recal),age_group,40-49,pct_flagged_7.5,0.000545765181812305,0.0,0.0011029633837771973,0.00027403882375062717,200,percentile
PCE (recal),age_group,40-49,TPR_7.5,0.018643126626665705,0.0,0.05835566446333592,0.020484522109112176,200,percentile
PCE (recal),age_group,40-49,FPR_7.5,0.0006128542452958162,0.0,0.0012980652060871347,0.0003990428943763997,200,percentile
PCE (recal),age_group,40-49,pct_flagged_20,0.0,0.0,0.0,0.0,200,percentile
PCE (recal),age_group,40-49,TPR_20,0.0,0.0,0.0,0.0,200,percentile
PCE (recal),age_group,40-49,FPR_20,0.0,0.0,0.0,0.0,200,percentile
PCE (recal),age_group,40-49,rel_OE,1.0002259358171404,0.6159822910451335,1.4588556522985483,0.22392026196562248,200,percentile
PCE (recal),age_group,50-59,n,3260.0,1556.95,1729.1,43.378607839469154,200,percentile
PCE (recal),age_group,50-59,events,40.0,14.0,27.025000000000006,3.513992131965807,200,percentile
PCE (recal),age_group,50-59,observed,0.00996025642592069,0.006530629237850776,0.014154823223523235,0.0019785545433338328,200,percentile
PCE (recal),age_group,50-59,expected,0.013162148811442401,0.01268311815747213,0.013678695495326333,0.00025990348448607373,200,percentile
PCE (recal),age_group,50-59,OE,0.7567348286825193,0.5032053608976572,1.0438250911993754,0.14595978787930966,200,percentile
PCE (recal),age_group,50-59,cal_intercept,-0.2822772801224742,-0.6923904595540751,0.04577564277242249,0.19906467549117735,200,percentile
PCE (recal),age_group,50-59,cal_slope,0.853874333693326,0.3811277499798705,1.3096288251161545,0.25095263307521026,200,percentile
PCE (recal),age_group,50-59,AUC,0.7010700822573581,0.5742603449304061,0.8030560187487652,0.057944948606865505,200,percentile
PCE (recal),age_group,50-59,brier,0.009825310034259259,0.006535551538917865,0.013796516327410612,0.0019049852671083267,200,percentile
PCE (recal),age_group,50-59,scaled_brier,0.0036243285059844865,-0.012391493938907238,0.015760449048450156,0.007846334745197173,200,percentile
PCE (recal),age_group,50-59,pct_flagged_7.5,0.00623692000777412,0.0038220397115866366,0.009040569664580222,0.001418168729733948,200,percentile
PCE (recal),age_group,50-59,TPR_7.5,0.06706056939756153,0.0,0.14907350911893533,0.035799646335343306,200,percentile
PCE (recal),age_group,50-59,FPR_7.5,0.005225283937383766,0.00295976176184426,0.007767077396474638,0.0013504355135235343,200,percentile
PCE (recal),age_group,50-59,pct_flagged_20,0.0,0.0,0.0,0.0,200,percentile
PCE (recal),age_group,50-59,TPR_20,0.0,0.0,0.0,0.0,200,percentile
PCE (recal),age_group,50-59,FPR_20,0.0,0.0,0.0,0.0,200,percentile
PCE (recal),age_group,50-59,rel_OE,0.7919910194764269,0.5634489158716224,1.0606421936114048,0.13271432901318725,200,percentile
PCE (recal),age_group,60-69,n,3272.0,1556.0,1732.025,45.61075316216669,200,percentile
PCE (recal),age_group,60-69,events,92.0,38.975,54.0,4.329979052254737,200,percentile
PCE (recal),age_group,60-69,observed,0.02516531422026301,0.018837228448022214,0.03212763357149883,0.0035250731495560087,200,percentile
PCE (recal),age_group,60-69,expected,0.02882279268635399,0.028138914329190384,0.0295916164049658,0.00041530475853763783,200,percentile
PCE (recal),age_group,60-69,OE,0.8731046465243253,0.658067863950091,1.1354765788163639,0.12324360549237597,200,percentile
PCE (recal),age_group,60-69,cal_intercept,-0.13845351398130498,-0.431319149470128,0.13939654378303623,0.1472219146501026,200,percentile
PCE (recal),age_group,60-69,cal_slope,0.8493887590321602,0.44886954999096834,1.2402966110717577,0.20715935317194667,200,percentile
PCE (recal),age_group,60-69,AUC,0.672010266737941,0.5886359921051912,0.7450813289982573,0.04146902947355258,200,percentile
PCE (recal),age_group,60-69,brier,0.024440979335044133,0.01861890741961421,0.03101467159040894,0.003256942946621595,200,percentile
PCE (recal),age_group,60-69,scaled_brier,0.003711143274522599,-0.014007411396383018,0.01711052433158632,0.00800021499745174,200,percentile
PCE (recal),age_group,60-69,pct_flagged_7.5,0.03804476527577737,0.03103307285069789,0.04678305910315234,0.003980513758563256,200,percentile
PCE (recal),age_group,60-69,TPR_7.5,0.0876426298476324,0.007966031746004968,0.16164135581097985,0.04329644916433824,200,percentile
PCE (recal),age_group,60-69,FPR_7.5,0.03629185545025758,0.030115344719130625,0.043736975734611716,0.00369623438914934,200,percentile
PCE (recal),age_group,60-69,pct_flagged_20,0.0009475729960985242,0.00021086755412091818,0.0017076841249060839,0.0004082288586739488,200,percentile
PCE (recal),age_group,60-69,TPR_20,0.004233126402597437,0.0,0.011042115303295828,0.004441149968607862,200,percentile
PCE (recal),age_group,60-69,FPR_20,0.0008364277450556311,0.00017521905980336756,0.0016012755532241226,0.000395359907327272,200,percentile
PCE (recal),age_group,60-69,rel_OE,0.9137824940795926,0.7162755610044825,1.0896075376651533,0.09949985091995439,200,percentile
PCE (recal),age_group,70-79,n,2091.0,987.9,1120.0,32.73460204209411,200,percentile
PCE (recal),age_group,70-79,events,168.0,71.0,96.025,6.601842288940279,200,percentile
PCE (recal),age_group,70-79,observed,0.07472044143926194,0.06027899228045474,0.08923346164971416,0.007513767174470167,200,percentile
PCE (recal),age_group,70-79,expected,0.06661370405002781,0.06409287652531069,0.06910739374115893,0.0013445434037017245,200,percentile
PCE (recal),age_group,70-79,OE,1.121697742301582,0.8946817088074562,1.336942834882234,0.11212085185331448,200,percentile
PCE (recal),age_group,70-79,cal_intercept,0.12772970163382444,-0.11994350626333197,0.31769464362871747,0.11172826095866714,200,percentile
PCE (recal),age_group,70-79,cal_slope,0.9104521799923723,0.6168338403687994,1.230778530413809,0.15689469665881545,200,percentile
PCE (recal),age_group,70-79,AUC,0.6603819910405164,0.6050182036674212,0.7084235588765031,0.025508840072204178,200,percentile
PCE (recal),age_group,70-79,brier,0.06781493456352002,0.05552234709087811,0.08011017838602061,0.006282494125114464,200,percentile
PCE (recal),age_group,70-79,scaled_brier,0.01912661563146656,0.0012721433408310807,0.035702871442316104,0.008942631575690193,200,percentile
PCE (recal),age_group,70-79,pct_flagged_7.5,0.29537241005398207,0.268976044511796,0.31833470945253217,0.01276973183797158,200,percentile
PCE (recal),age_group,70-79,TPR_7.5,0.4720432372091927,0.38361296650293153,0.5715859272690887,0.04926799096649946,200,percentile
PCE (recal),age_group,70-79,FPR_7.5,0.28221706009980846,0.254963227513091,0.30754670450406835,0.014239840685887467,200,percentile
PCE (recal),age_group,70-79,pct_flagged_20,0.01528140576877531,0.009515568314693754,0.02143041160857647,0.0032167713484568252,200,percentile
PCE (recal),age_group,70-79,TPR_20,0.018083277962919555,0.0024655396282203894,0.03450916961815726,0.00825090713062749,200,percentile
PCE (recal),age_group,70-79,FPR_20,0.014358676592095426,0.007641670147258776,0.021319736127847398,0.0037014801699125064,200,percentile
PCE (recal),age_group,70-79,rel_OE,1.1739575143072278,0.9964335562335939,1.3595132306261495,0.1007780890881801,200,percentile
PCE (recal),income,PIR 1.3-3.5,n,4300.0,2061.0,2269.225,52.23236424260208,200,percentile
PCE (recal),income,PIR 1.3-3.5,events,134.0,55.975,78.025,6.202915103311867,200,percentile
PCE (recal),income,PIR 1.3-3.5,observed,0.024634807027959664,0.019230422884167927,0.02991313661643493,0.0028751717546942022,200,percentile
PCE (recal),income,PIR 1.3-3.5,expected,0.023788219548487116,0.02252201408083023,0.025207912835967346,0.0006314803085505471,200,percentile
PCE (recal),income,PIR 1.3-3.5,OE,1.0355885179950926,0.8070254201253295,1.2371588643273248,0.11443795743833449,200,percentile
PCE (recal),income,PIR 1.3-3.5,cal_intercept,0.03826695671038219,-0.24706165160182933,0.23177579432575443,0.11823224980177308,200,percentile
PCE (recal),income,PIR 1.3-3.5,cal_slope,1.1288792965734673,0.911879407488588,1.3969831799690389,0.1310978876241483,200,percentile
PCE (recal),income,PIR 1.3-3.5,AUC,0.8275363780164678,0.7848992588660857,0.8726445524935551,0.02340579378952116,200,percentile
PCE (recal),income,PIR 1.3-3.5,brier,0.022984680186647184,0.018197216733418075,0.02790474799017238,0.0025281554366658465,200,percentile
PCE (recal),income,PIR 1.3-3.5,scaled_brier,0.04341834607744033,0.020568000422896162,0.06186139479819442,0.01084022608158593,200,percentile
PCE (recal),income,PIR 1.3-3.5,pct_flagged_7.5,0.06014064274882643,0.05229794205616438,0.0675986331068153,0.0035204206723223243,200,percentile
PCE (recal),income,PIR 1.3-3.5,TPR_7.5,0.3265133396795271,0.23847929642181148,0.41331404983350933,0.04829465902079947,200,percentile
PCE (recal),income,PIR 1.3-3.5,FPR_7.5,0.051845025827502604,0.04497476549946338,0.0589170278238417,0.003538807930447712,200,percentile
PCE (recal),income,PIR 1.3-3.5,pct_flagged_20,0.003239157180464943,0.001631366505748099,0.00485018292038356,0.0008740227393043739,200,percentile
PCE (recal),income,PIR 1.3-3.5,TPR_20,0.006679421469543273,0.0,0.015984760250282646,0.004769667000492717,200,percentile
PCE (recal),income,PIR 1.3-3.5,FPR_20,0.0034882959232832265,0.0016226633516686743,0.005430174164856845,0.0010676399024506828,200,percentile
PCE (recal),income,PIR 1.3-3.5,rel_OE,1.0838364708981996,0.9058140893417679,1.2353090671428741,0.09366213136845108,200,percentile
PCE (recal),income,PIR<1.3,n,2973.0,1391.8,1601.1,52.18286145997319,200,percentile
PCE (recal),income,PIR<1.3,events,113.0,48.0,66.0,4.42231663521627,200,percentile
PCE (recal),income,PIR<1.3,observed,0.032136508605885745,0.02596628583600367,0.03855131068213482,0.003362469636431314,200,percentile
PCE (recal),income,PIR<1.3,expected,0.023817099705924032,0.022481308051256855,0.025285968601803824,0.0007779324019298468,200,percentile
PCE (recal),income,PIR<1.3,OE,1.3493040295705032,1.0996150972378866,1.6631884181138938,0.144365153625094,200,percentile
PCE (recal),income,PIR<1.3,cal_intercept,0.31913246525338684,0.1006502005072254,0.54056814917567,0.1133015140468383,200,percentile
PCE (recal),income,PIR<1.3,cal_slope,0.912755343964879,0.7005148962577069,1.1356196467421338,0.11615265023161844,200,percentile
PCE (recal),income,PIR<1.3,AUC,0.7802177604487281,0.7304101472970385,0.8210901643365137,0.024616639268184252,200,percentile
PCE (recal),income,PIR<1.3,brier,0.029825893776477524,0.024129427190855084,0.03562489681351292,0.0030598244526732336,200,percentile
PCE (recal),income,PIR<1.3,scaled_brier,0.04108377618469161,0.013781569142854373,0.06450915743623857,0.01259222527000002,200,percentile
PCE (recal),income,PIR<1.3,pct_flagged_7.5,0.06376648179344988,0.05272273455937392,0.07568816805239797,0.006312103719737609,200,percentile
PCE (recal),income,PIR<1.3,TPR_7.5,0.24077394294948953,0.14424325926833714,0.34399276580296617,0.048194186603620695,200,percentile
PCE (recal),income,PIR<1.3,FPR_7.5,0.05850595510245321,0.04611117957485982,0.07090583422569707,0.006596862561322951,200,percentile
PCE (recal),income,PIR<1.3,pct_flagged_20,0.002906632091041984,0.0011242015843445866,0.0047627687005973906,0.0010259403942471255,200,percentile
PCE (recal),income,PIR<1.3,TPR_20,0.0188428986323808,0.0,0.03925851620563574,0.01113418504325922,200,percentile
PCE (recal),income,PIR<1.3,FPR_20,0.0023427054074489743,0.0006547636046893682,0.004089385137947024,0.0010130119313710917,200,percentile
PCE (recal),income,PIR<1.3,rel_OE,1.412167952971978,1.1782891602401404,1.6597124067889815,0.13192816928311682,200,percentile
PCE (recal),income,PIR>3.5,n,4520.0,2133.775,2405.05,75.40521671968538,200,percentile
PCE (recal),income,PIR>3.5,events,55.0,18.975,37.0,4.311370382240932,200,percentile
PCE (recal),income,PIR>3.5,observed,0.009882996868099557,0.00662408747419736,0.01367297211594502,0.0017183769339146869,200,percentile
PCE (recal),income,PIR>3.5,expected,0.014482857739564665,0.013874744966324765,0.015135535100382366,0.0003263547819088056,200,percentile
PCE (recal),income,PIR>3.5,OE,0.6823927325544956,0.44087395466520707,0.9496213808642494,0.11727146829353023,200,percentile
PCE (recal),income,PIR>3.5,cal_intercept,-0.40231943605676723,-0.8379148910057838,-0.08080552562172039,0.17923774504494866,200,percentile
PCE (recal),income,PIR>3.5,cal_slope,0.9183578970614672,0.645274963423982,1.2726739698801226,0.15973478599830784,200,percentile
PCE (recal),income,PIR>3.5,AUC,0.7838450878117199,0.7163513578726833,0.8705281946875809,0.039004784261335496,200,percentile
PCE (recal),income,PIR>3.5,brier,0.009790515394333552,0.006624183817132712,0.013398435417626054,0.001630654406221929,200,percentile
PCE (recal),income,PIR>3.5,scaled_brier,-0.0005306062151428925,-0.027466112400170883,0.01990480613967354,0.011989343934426274,200,percentile
PCE (recal),income,PIR>3.5,pct_flagged_7.5,0.021403751610760156,0.01832434193499148,0.024806778056032052,0.0017726628550990605,200,percentile
PCE (recal),income,PIR>3.5,TPR_7.5,0.0977899466426648,0.025264965627238425,0.1787968189810315,0.040632488999718365,200,percentile
PCE (recal),income,PIR>3.5,FPR_7.5,0.021460002474627097,0.01721019055403997,0.026001737712165456,0.002244915855024064,200,percentile
PCE (recal),income,PIR>3.5,pct_flagged_20,0.0006321504603231746,9.150760685139882e-05,0.0011960119248417957,0.00028750908441437217,200,percentile
PCE (recal),income,PIR>3.5,TPR_20,0.0,0.0,0.0,0.0,200,percentile
PCE (recal),income,PIR>3.5,FPR_20,0.0003081606148488227,0.0,0.0006566530153849316,0.00019738705529571225,200,percentile
PCE (recal),income,PIR>3.5,rel_OE,0.714185333427913,0.5008128747066521,0.8742146611834402,0.09617715303490934,200,percentile
PCE (recal),education,<HS,n,3925.0,1840.925,2077.375,63.90603792613881,200,percentile
PCE (recal),education,<HS,events,132.0,57.975,77.0,5.268182202486258,200,percentile
PCE (recal),education,<HS,observed,0.029007725915108577,0.023451540059760526,0.03679807595623777,0.0036020534999067944,200,percentile
PCE (recal),education,<HS,expected,0.027844334469789754,0.02604069971341868,0.029369015043751875,0.0008828642477782508,200,percentile
PCE (recal),education,<HS,OE,1.0417819806963269,0.8310162899208513,1.311736126162022,0.12417126171001698,200,percentile
PCE (recal),education,<HS,cal_intercept,0.028278103778351976,-0.20481167664482605,0.2808733962188226,0.12497569667455546,200,percentile
PCE (recal),education,<HS,cal_slope,0.9313481089482237,0.6519966030551245,1.1608642424636697,0.11965645669311177,200,percentile
PCE (recal),education,<HS,AUC,0.775312649014501,0.7170631917009324,0.8162196045936106,0.024578724763015525,200,percentile
PCE (recal),education,<HS,brier,0.02711511732909755,0.02232907866214469,0.033992420540647196,0.0031514312863777966,200,percentile
PCE (recal),education,<HS,scaled_brier,0.03731982026476832,0.0057854314816469165,0.059219246080197026,0.01332604089047697,200,percentile
PCE (recal),education,<HS,pct_flagged_7.5,0.07712535999433831,0.06681515636570336,0.08914797626583501,0.006213388000562172,200,percentile
PCE (recal),education,<HS,TPR_7.5,0.31922994291687384,0.23525778303328465,0.3959534168492923,0.045527742947253126,200,percentile
PCE (recal),education,<HS,FPR_7.5,0.07162329508097444,0.06029965512505939,0.08287067643136584,0.006072606891767585,200,percentile
PCE (recal),education,<HS,pct_flagged_20,0.004593963966902581,0.0026413499796871724,0.00696847672881828,0.0010892161676282677,200,percentile
PCE (recal),education,<HS,TPR_20,0.014151565626694219,0.0,0.02873548033937277,0.008646517855919909,200,percentile
PCE (recal),education,<HS,FPR_20,0.004318429327243485,0.0023257227829622204,0.006418044139869195,0.001125895627822953,200,percentile
PCE (recal),education,<HS,rel_OE,1.0903184863320337,0.9081655876181173,1.3422968604490073,0.1169268200956447,200,percentile
PCE (recal),education,College+,n,2673.0,1246.9,1434.125,51.98476753123342,200,percentile
PCE (recal),education,College+,events,45.0,15.0,29.025000000000006,3.644173431657719,200,percentile
PCE (recal),education,College+,observed,0.011212050736599574,0.007060347272302816,0.01525686179600597,0.002068265585715939,200,percentile
PCE (recal),education,College+,expected,0.014127767356653026,0.013200048876505796,0.015087622046349242,0.0004840857431557518,200,percentile
PCE (recal),education,College+,OE,0.7936180185837794,0.4985968582742905,1.086154003808627,0.14453566583930305,200,percentile
PCE (recal),education,College+,cal_intercept,-0.24337329615714776,-0.7128777455053474,0.08178181027245983,0.19522407330656036,200,percentile
PCE (recal),education,College+,cal_slope,1.3214677816530591,1.0491877532806326,1.657444611617428,0.17987153098287395,200,percentile
PCE (recal),education,College+,AUC,0.8705272890957678,0.8079637041655755,0.91417291335041,0.030615561880846073,200,percentile
PCE (recal),education,College+,brier,0.010691103115857593,0.006838066887718016,0.014340847173035876,0.0018870110064488589,200,percentile
PCE (recal),education,College+,scaled_brier,0.035650856430064715,0.004620802399790067,0.05402617289798458,0.01359327335660387,200,percentile
PCE (recal),education,College+,pct_flagged_7.5,0.02339378965079968,0.018444930254783182,0.027957641775018995,0.002507372858126004,200,percentile
PCE (recal),education,College+,TPR_7.5,0.24137761224983328,0.11410618048704703,0.35344254078313253,0.06757639929638469,200,percentile
PCE (recal),education,College+,FPR_7.5,0.021798320099004013,0.016249822057884403,0.02763841788167746,0.003113608903621015,200,percentile
PCE (recal),education,College+,pct_flagged_20,0.000785919472236071,0.0,0.0014908377587251182,0.00041862609056137493,200,percentile
PCE (recal),education,College+,TPR_20,0.0,0.0,0.0,0.0,200,percentile
PCE (recal),education,College+,FPR_20,0.0004941182384809444,0.0,0.00110498738057298,0.0005008117767808915,200,percentile
PCE (recal),education,College+,rel_OE,0.8305925930584153,0.5332670814225783,1.0816509765068925,0.13329419436886383,200,percentile
PCE (recal),education,HS/GED,n,2987.0,1432.875,1602.075,45.80507504084552,200,percentile
PCE (recal),education,HS/GED,events,87.0,34.0,52.0,4.588490626682783,200,percentile
PCE (recal),education,HS/GED,observed,0.021233046724068116,0.015012183057993728,0.027494939776271734,0.003269945255758333,200,percentile
PCE (recal),education,HS/GED,expected,0.021532047151152325,0.020567941280490658,0.0227774137141647,0.0005785475137932365,200,percentile
PCE (recal),education,HS/GED,OE,0.9861137018238321,0.7166641894926916,1.2542813685184249,0.14533681020168301,200,percentile
PCE (recal),education,HS/GED,cal_intercept,-0.015077192428576707,-0.3574785112818764,0.23219576360377547,0.15997383555009823,200,percentile
PCE (recal),education,HS/GED,cal_slope,1.0832460392710535,0.7828317039805927,1.5083726733907885,0.17735662595362114,200,percentile
PCE (recal),education,HS/GED,AUC,0.8075577991117008,0.7337378153546116,0.8825737660617495,0.037078747151992275,200,percentile
PCE (recal),education,HS/GED,brier,0.01995909146226943,0.014649424466775076,0.025534371896850094,0.0029504284940686074,200,percentile
PCE (recal),education,HS/GED,scaled_brier,0.03960662549334648,0.01373338745894391,0.05770041327943349,0.010995502843010943,200,percentile
PCE (recal),education,HS/GED,pct_flagged_7.5,0.049353461298702224,0.04315322191060676,0.056697791035863546,0.003560283835075195,200,percentile
PCE (recal),education,HS/GED,TPR_7.5,0.2824109511176555,0.17779172608286717,0.3883847825403743,0.053905007689809915,200,percentile
PCE (recal),education,HS/GED,FPR_7.5,0.0435628151416114,0.037745686527718925,0.050021168689675766,0.0033614342735821096,200,percentile
PCE (recal),education,HS/GED,pct_flagged_20,0.0020339334533187796,0.0007077134185619398,0.003457962333639668,0.0007416299385181706,200,percentile
PCE (recal),education,HS/GED,TPR_20,0.009399517026969825,0.0,0.023825352525194035,0.006720827588590448,200,percentile
PCE (recal),education,HS/GED,FPR_20,0.0019996994837564873,0.00026035095452058287,0.0035361833653314045,0.0008651471299248149,200,percentile
PCE (recal),education,HS/GED,rel_OE,1.0320566285905521,0.7978447498661976,1.2462574919840559,0.11286315526127229,200,percentile
PCE (recal),education,Some college,n,3252.0,1556.975,1714.025,41.8909181100212,200,percentile
PCE (recal),education,Some college,events,67.0,25.975,41.0,4.131737683034468,200,percentile
PCE (recal),education,Some college,observed,0.016017017148540397,0.01082300539616698,0.021233913776032794,0.002564644906706082,200,percentile
PCE (recal),education,Some college,expected,0.016528794505749542,0.015746893569373525,0.01719100915017411,0.0003980526629140342,200,percentile
PCE (recal),education,Some college,OE,0.9690372242796579,0.6556266670811115,1.2796127359285272,0.15201717895188102,200,percentile
PCE (recal),education,Some college,cal_intercept,-0.036132867457936604,-0.4434639251135969,0.26927916467565255,0.1658045829896814,200,percentile
PCE (recal),education,Some college,cal_slope,0.9055857305454026,0.7031645482299305,1.172647239099688,0.12268016981328451,200,percentile
PCE (recal),education,Some college,AUC,0.7753271603225881,0.7100775033034022,0.8447595928707815,0.03316342414581229,200,percentile
PCE (recal),education,Some college,brier,0.015493796297831968,0.01057510115448833,0.020447722511089277,0.002426911110459165,200,percentile
PCE (recal),education,Some college,scaled_brier,0.016920559683934022,0.00041308857909488927,0.031524984565845994,0.007878013046181414,200,percentile
PCE (recal),education,Some college,pct_flagged_7.5,0.028510088997413537,0.02453658423300481,0.03303311849670769,0.002259911189352056,200,percentile
PCE (recal),education,Some college,TPR_7.5,0.11681934347219963,0.05602358700107909,0.1995612037200196,0.036281483248183734,200,percentile
PCE (recal),education,Some college,FPR_7.5,0.027025167906748294,0.02276002008473897,0.03195365462777606,0.0024777364621595974,200,percentile
PCE (recal),education,Some college,pct_flagged_20,0.0009747018378581533,0.00015530027042092882,0.0018003737734260405,0.0004659714086269727,200,percentile
PCE (recal),education,Some college,TPR_20,0.009577229793074729,0.0,0.023461842838767333,0.007465297781032622,200,percentile
PCE (recal),education,Some college,FPR_20,0.0008097453712641765,0.0,0.0016359391632242183,0.0004512690383707236,200,percentile
PCE (recal),education,Some college,rel_OE,1.014184559872871,0.7346345086210939,1.2934866176457815,0.14438137450519656,200,percentile
PCE (recal),sex,GAP(max-min),OE,0.0022690675640971714,0.0,0.0012299166893896042,0.06571889414776307,200,basic
PCE (recal),sex,GAP(max-min),AUC,0.06036414746041241,0.015838877161202233,0.10967387682323275,0.026041067096706033,200,basic
PCE (recal),sex,GAP(max-min),cal_slope,0.03525374348252286,0.0,0.06554546587783952,0.0705057095311118,200,basic
PCE (recal),sex,GAP(max-min),TPR_7.5,0.0060622256613617476,0.0,0.010976899682157816,0.03250169208083449,200,basic
PCE (recal),sex,GAP(max-min),FPR_7.5,0.01687094826654706,0.01049268585371586,0.02445657968904249,0.0036585710386700275,200,basic
PCE (recal),sex,GAP(max-min),pct_flagged_7.5,0.018150912702122574,0.01173842973054309,0.025370851493147124,0.0035966171560066155,200,basic
PCE (recal),sex,GAP(max/min),OE,1.0023793556909464,1.0,1.001153930977869,0.07886759341014647,200,basic
PCE (recal),race,GAP(max-min),OE,0.149840049622052,0.0,0.2550108010383874,0.18235746773179248,200,basic
PCE (recal),race,GAP(max-min),AUC,0.11113560238187081,0.039113647489447484,0.18957184338004773,0.04040789820177051,200,basic
PCE (recal),race,GAP(max-min),cal_slope,0.41021128053458245,0.04240417861927581,0.6779489835021282,0.17098490426898058,200,basic
PCE (recal),race,GAP(max-min),TPR_7.5,0.1252724185566378,0.0,0.2259040664200562,0.07828309136381492,200,basic
PCE (recal),race,GAP(max-min),FPR_7.5,0.02011398404303864,0.009744818327934494,0.035099610943260404,0.0067824872718086696,200,basic
PCE (recal),race,GAP(max-min),pct_flagged_7.5,0.02456762981527528,0.01608296881587859,0.03893749104674793,0.005910982471923397,200,basic
PCE (recal),race,GAP(max/min),OE,1.163311219553539,1.0,1.277350900329218,0.2754295978571207,200,basic
PCE (recal),age_group,GAP(max-min),OE,0.36496291361906263,0.0,0.5700540994018134,0.16876403629511416,200,basic
PCE (recal),age_group,GAP(max-min),AUC,0.15515278917502673,0.03823625589377666,0.2154356112162127,0.04689256798266588,200,basic
PCE (recal),age_group,GAP(max-min),cal_slope,0.31424913606593063,0.0,0.4712360998084722,0.21310790081577635,200,basic
PCE (recal),age_group,GAP(max-min),TPR_7.5,0.453400110582527,0.354814537544337,0.548978697668258,0.053130879356956456,200,basic
PCE (recal),age_group,GAP(max-min),FPR_7.5,0.2816042058545126,0.2563395437836764,0.3084425988083069,0.01422079417246511,200,basic
PCE (recal),age_group,GAP(max-min),pct_flagged_7.5,0.29482664487216975,0.27176910685401223,0.32068780102166844,0.01277559509064314,200,basic
PCE (recal),age_group,GAP(max/min),OE,1.4822863964837798,1.0,1.7899402096106503,0.3417875419878614,200,basic
PCE (recal),income,GAP(max-min),OE,0.6669112970160076,0.336841932786034,0.9550887816280085,0.16410688435250942,200,basic
PCE (recal),income,GAP(max-min),AUC,0.047318617567739696,0.0,0.07807846288406758,0.03096271580657673,200,basic
PCE (recal),income,GAP(max-min),cal_slope,0.2161239526085883,0.0,0.36053620841506173,0.15049331353831447,200,basic
PCE (recal),income,GAP(max-min),TPR_7.5,0.22872339303686232,0.10138970623535681,0.3435435361703608,0.0608804692046171,200,basic
PCE (recal),income,GAP(max-min),FPR_7.5,0.03704595262782612,0.02463978214264969,0.04765220772450503,0.005891638969757141,200,basic
PCE (recal),income,GAP(max-min),pct_flagged_7.5,0.04236273018268972,0.030720071791220938,0.04942539581366827,0.005032039495331853,200,basic
PCE (recal),income,GAP(max/min),OE,1.9773130122876101,1.0,2.4640452054218667,0.3910143520830756,200,basic
PCE (recal),education,GAP(max-min),OE,0.24816396211254743,0.0,0.3772705211588857,0.16023314856784965,200,basic
PCE (recal),education,GAP(max-min),AUC,0.09521464008126679,0.017165927504176642,0.13343150213795985,0.029641409929582186,200,basic
PCE (recal),education,GAP(max-min),cal_slope,0.4158820511076565,0.0,0.5981738566629011,0.16328562654552317,200,basic
PCE (recal),education,GAP(max-min),TPR_7.5,0.2024105994446742,0.08792324846734817,0.2928779108473217,0.05699844628552739,200,basic
PCE (recal),education,GAP(max-min),FPR_7.5,0.04982497498197043,0.036306892541624225,0.06146496267459667,0.006866284097782558,200,basic
PCE (recal),education,GAP(max-min),pct_flagged_7.5,0.053731570343538634,0.03976745818915334,0.0656805986187374,0.007018747097034359,200,basic
PCE (recal),education,GAP(max/min),OE,1.31269950568335,1.0,1.5010077068879148,0.3290306269068787,200,basic
PCE-revised (recal),Overall,All,n,12851.0,6243.8,6681.15,113.20703129520443,200,percentile
PCE-revised (recal),Overall,All,events,333.0,151.0,188.025,9.198578380440397,200,percentile
PCE-revised (recal),Overall,All,observed,0.018259132654697845,0.0152370789918285,0.02194398216351286,0.0015577176931997592,200,percentile
PCE-revised (recal),Overall,All,expected,0.019434688839612264,0.018747973333716007,0.020063210017892647,0.0003533726833176982,200,percentile
PCE-revised (recal),Overall,All,OE,0.9395124771682287,0.8126296815186693,1.1187788401286707,0.07334528419563453,200,percentile
PCE-revised (recal),Overall,All,cal_intercept,-0.06657691579123667,-0.21666688242148574,0.1086572236063167,0.0788756090546717,200,percentile
PCE-revised (recal),Overall,All,cal_slope,1.0776186013263331,0.9367071549378663,1.2576052956921497,0.07743586435987654,200,percentile
PCE-revised (recal),Overall,All,AUC,0.8103124844064831,0.7790884706481241,0.8418926691453881,0.01594362770969659,200,percentile
PCE-revised (recal),Overall,All,brier,0.017326659246978585,0.014647004510648872,0.0207435810360645,0.0014367869916586458,200,percentile
PCE-revised (recal),Overall,All,scaled_brier,0.033419964348522124,0.020851350426084655,0.047514148587400516,0.006939926150429484,200,percentile
PCE-revised (recal),Overall,All,pct_flagged_7.5,0.03989049247568157,0.03620892405690019,0.044337818187669166,0.0021727269025751082,200,percentile
PCE-revised (recal),Overall,All,TPR_7.5,0.22779866556377953,0.17610365993476035,0.27887540724804744,0.026854180106802603,200,percentile
PCE-revised (recal),Overall,All,FPR_7.5,0.036313314301335824,0.032348399487264826,0.04088585668722159,0.0023068160521992824,200,percentile
PCE-revised (recal),Overall,All,pct_flagged_20,0.0016435273231336519,0.0009554290807667125,0.0023225315478602893,0.00037597994619461325,200,percentile
PCE-revised (recal),Overall,All,TPR_20,0.017781806626486117,0.0033351762753858418,0.031839743753448564,0.007427908826475,200,percentile
PCE-revised (recal),Overall,All,FPR_20,0.0012724037873228478,0.0005968349337507099,0.0018379459379336395,0.00033445980965562613,200,percentile
PCE-revised (recal),Overall,All,rel_OE,1.0,1.0,1.0,0.0,200,percentile
PCE-revised (recal),sex,Female,n,6536.0,3170.95,3407.1,61.6232431431306,200,percentile
PCE-revised (recal),sex,Female,events,129.0,53.975,76.025,5.6826987714142625,200,percentile
PCE-revised (recal),sex,Female,observed,0.014298811656041032,0.011440341297596274,0.017886875796136174,0.0015999201735201812,200,percentile
PCE-revised (recal),sex,Female,expected,0.013833835022041751,0.013120855590662648,0.014621528795294839,0.0003923574113505093,200,percentile
PCE-revised (recal),sex,Female,OE,1.0336115497444074,0.8562635656941529,1.255917953488428,0.10457347386630442,200,percentile
PCE-revised (recal),sex,Female,cal_intercept,0.032019998361893065,-0.16457471972955226,0.24498966356877125,0.10453022370951925,200,percentile
PCE-revised (recal),sex,Female,cal_slope,1.1052480328832357,0.9082607061282683,1.2715338467242274,0.09404496698618788,200,percentile
PCE-revised (recal),sex,Female,AUC,0.8378380626928267,0.7889198484395141,0.8731483616277244,0.019523287319373327,200,percentile
PCE-revised (recal),sex,Female,brier,0.013489412822721663,0.01079988654065983,0.016800586334100306,0.0014818544103237389,200,percentile
PCE-revised (recal),sex,Female,scaled_brier,0.04292092763526234,0.022052062670849644,0.058932814137579725,0.010226940660287195,200,percentile
PCE-revised (recal),sex,Female,pct_flagged_7.5,0.025385977783407655,0.021308765029978548,0.029540000676773318,0.0022457509310470033,200,percentile
PCE-revised (recal),sex,Female,TPR_7.5,0.22692088956405612,0.13673168695565027,0.2973303868867382,0.04457872611159659,200,percentile
PCE-revised (recal),sex,Female,FPR_7.5,0.022244477962338142,0.018141931355404185,0.026984014197629275,0.002176664015454693,200,percentile
PCE-revised (recal),sex,Female,pct_flagged_20,0.0010152727310473767,0.00021094359361125306,0.001837089718541723,0.0004493723479070966,200,percentile
PCE-revised (recal),sex,Female,TPR_20,0.018221183465491852,0.0,0.03905264189853025,0.014140008517711704,200,percentile
PCE-revised (recal),sex,Female,FPR_20,0.0007468379062971237,7.640888074278256e-05,0.0014091344850197002,0.0003749965996721646,200,percentile
PCE-revised (recal),sex,Female,rel_OE,1.1001573420927855,0.9597743849905058,1.2430940435121955,0.07700996201651146,200,percentile
PCE-revised (recal),sex,Male,n,6315.0,3057.975,3290.125,60.87899192900173,200,percentile
PCE-revised (recal),sex,Male,events,204.0,87.975,117.0,7.245776798041406,200,percentile
PCE-revised (recal),sex,Male,observed,0.022578668278006912,0.019075092164227442,0.02767814346895268,0.002252923241004078,200,percentile
PCE-revised (recal),sex,Male,expected,0.025571763725449555,0.024611768242894922,0.026490026858739576,0.00048440976580819224,200,percentile
PCE-revised (recal),sex,Male,OE,0.8829531087656715,0.7634704302802616,1.0884118185100815,0.08368443278389559,200,percentile
PCE-revised (recal),sex,Male,cal_intercept,-0.12987211829204917,-0.28231279423867756,0.08152573223083777,0.09740545296459219,200,percentile
PCE-revised (recal),sex,Male,cal_slope,1.075345767684795,0.9314396521887842,1.268989971963884,0.09645328037656757,200,percentile
PCE-revised (recal),sex,Male,AUC,0.7792506280498022,0.7439877582696345,0.8195618088788048,0.020997315054971398,200,percentile
PCE-revised (recal),sex,Male,brier,0.021511957012138205,0.018293370077439305,0.02614797662933438,0.002046208231138733,200,percentile
PCE-revised (recal),sex,Male,scaled_brier,0.025235318064127155,0.009351856602072653,0.042077187150272054,0.008536382149273347,200,percentile
PCE-revised (recal),sex,Male,pct_flagged_7.5,0.05578365729458138,0.049309140955617475,0.06283613590997257,0.0035588970304485695,200,percentile
PCE-revised (recal),sex,Male,TPR_7.5,0.22840497174554414,0.16687732255742535,0.301853021870007,0.035232105998223434,200,percentile
PCE-revised (recal),sex,Male,FPR_7.5,0.051788230865528105,0.04527328260280245,0.059904811611511975,0.0037982677495020955,200,percentile
PCE-revised (recal),sex,Male,pct_flagged_20,0.0023319304853281447,0.0012787326545676597,0.003370894657910868,0.0005780194780247891,200,percentile
PCE-revised (recal),sex,Male,TPR_20,0.017478315879761036,0.0011047509435141338,0.034908352431995984,0.008604632023795515,200,percentile
PCE-revised (recal),sex,Male,FPR_20,0.0018504962437199007,0.0007289958377288404,0.0029035658290226833,0.0005878777323562095,200,percentile
PCE-revised (recal),sex,Male,rel_OE,0.9397992365433697,0.8537877645347454,1.022461780506256,0.04580650707856451,200,percentile
PCE-revised (recal),race,Mexican American,n,2701.0,1106.925,1560.0,117.19133251689493,200,percentile
PCE-revised (recal),race,Mexican American,events,55.0,16.975,36.0,4.965964560898566,200,percentile
PCE-revised (recal),race,Mexican American,observed,0.016277313254553467,0.009612973904533445,0.022429504136546784,0.0034390260242196245,200,percentile
PCE-revised (recal),race,Mexican American,expected,0.018700367798506992,0.01717853042071744,0.019906083830045357,0.000739365127056385,200,percentile
PCE-revised (recal),race,Mexican American,OE,0.8704274391786573,0.5337646563881822,1.1963857511903913,0.17409200689839577,200,percentile
PCE-revised (recal),race,Mexican American,cal_intercept,-0.16046759878093633,-0.6416283749782528,0.16679008779480728,0.2179997672474062,200,percentile
PCE-revised (recal),race,Mexican American,cal_slope,0.7869835408860583,0.4788127455842104,1.1617467181763284,0.16903880612021657,200,percentile
PCE-revised (recal),race,Mexican American,AUC,0.7602706551911854,0.6572383880923629,0.8592939828958597,0.05006015083574688,200,percentile
PCE-revised (recal),race,Mexican American,brier,0.01580754099877779,0.009563100553349265,0.021488503419013052,0.0031823200661382327,200,percentile
PCE-revised (recal),race,Mexican American,scaled_brier,0.012791449805856447,-0.03488650442547683,0.04175476422641609,0.022113718971419914,200,percentile
PCE-revised (recal),race,Mexican American,pct_flagged_7.5,0.04759471316453841,0.03752601255734143,0.05793900093914222,0.005290023248016384,200,percentile
PCE-revised (recal),race,Mexican American,TPR_7.5,0.15421707178361801,0.06411315232599775,0.22745049074187004,0.0405971128431979,200,percentile
PCE-revised (recal),race,Mexican American,FPR_7.5,0.04790079233596944,0.03711537488998713,0.05821904167925908,0.005394643459291517,200,percentile
PCE-revised (recal),race,Mexican American,pct_flagged_20,0.0015273999784159561,0.0005248094365800028,0.0024799334899969507,0.0005350549903166084,200,percentile
PCE-revised (recal),race,Mexican American,TPR_20,0.04387689040468217,0.0,0.09561017835894889,0.03007919761661832,200,percentile
PCE-revised (recal),race,Mexican American,FPR_20,0.0010702844180676065,0.00020966927333537655,0.0019457717588766516,0.00048143057994575687,200,percentile
PCE-revised (recal),race,Mexican American,rel_OE,0.9264671415564382,0.5824906771001683,1.283179466891375,0.1874156744484386,200,percentile
PCE-revised (recal),race,NH Black,n,2419.0,1058.775,1360.05,75.45441550429952,200,percentile
PCE-revised (recal),race,NH Black,events,80.0,30.0,51.025000000000006,5.232001932444744,200,percentile
PCE-revised (recal),race,NH Black,observed,0.025565243548074105,0.02034727883567887,0.031121041799918914,0.002788823918965767,200,percentile
PCE-revised (recal),race,NH Black,expected,0.024693336001738998,0.02351110442903795,0.02575682435727025,0.0006349904132277621,200,percentile
PCE-revised (recal),race,NH Black,OE,1.0353094270565024,0.830439966671079,1.2443241556229516,0.11154647768782466,200,percentile
PCE-revised (recal),race,NH Black,cal_intercept,0.02018674179111644,-0.21447612502651922,0.21381721669315953,0.11428787407484456,200,percentile
PCE-revised (recal),race,NH Black,cal_slope,1.0248708309652805,0.708980877142296,1.3806704152018587,0.17041444267553854,200,percentile
PCE-revised (recal),race,NH Black,AUC,0.7612885219070482,0.6871104115745422,0.8365137398958162,0.037779553771540575,200,percentile
PCE-revised (recal),race,NH Black,brier,0.023810726026682154,0.019050077797442524,0.02879226371675149,0.0025254049936957756,200,percentile
PCE-revised (recal),race,NH Black,scaled_brier,0.044193592922343705,0.022323018953328187,0.06582465844345879,0.011573341160353707,200,percentile
PCE-revised (recal),race,NH Black,pct_flagged_7.5,0.058266156940513715,0.048355205729415505,0.06603031841249749,0.004769974965369104,200,percentile
PCE-revised (recal),race,NH Black,TPR_7.5,0.29844503923267857,0.21336332265346789,0.383615997638731,0.04757500178755697,200,percentile
PCE-revised (recal),race,NH Black,FPR_7.5,0.05086213445628753,0.04194827602271901,0.059232206111875366,0.004722620049609036,200,percentile
PCE-revised (recal),race,NH Black,pct_flagged_20,0.001655279447698662,0.00035364764156164947,0.003014506832191253,0.0007176193058417807,200,percentile
PCE-revised (recal),race,NH Black,TPR_20,0.02576688883258069,0.0,0.060052325699238386,0.01930444428324853,200,percentile
PCE-revised (recal),race,NH Black,FPR_20,0.0010081518935574332,0.0,0.00191560350275227,0.0005378997883868916,200,percentile
PCE-revised (recal),race,NH Black,rel_OE,1.1019645318357176,0.8537051145600432,1.3573710951181697,0.12814174141306478,200,percentile
PCE-revised (recal),race,NH White,n,6377.0,2923.675,3514.8250000000003,150.60396699413948,200,percentile
PCE-revised (recal),race,NH White,events,177.0,75.0,108.025,8.603363546986026,200,percentile
PCE-revised (recal),race,NH White,observed,0.018143963408148334,0.01460569744998004,0.023247886440067204,0.0019702226850302155,200,percentile
PCE-revised (recal),race,NH White,expected,0.018952371060832262,0.01817770465135122,0.01978580243622943,0.0004279758041928582,200,percentile
PCE-revised (recal),race,NH White,OE,0.9573453025962215,0.7938707106634657,1.1856455016093945,0.09457594606010876,200,percentile
PCE-revised (recal),race,NH White,cal_intercept,-0.043181622672647024,-0.23557584168301288,0.1700836617734692,0.10123337090611123,200,percentile
PCE-revised (recal),race,NH White,cal_slope,1.1379264742921766,0.9793167871581054,1.3696477403857052,0.10016247406102842,200,percentile
PCE-revised (recal),race,NH White,AUC,0.8230959758470586,0.7899167457758808,0.8614325702910884,0.018810341827810075,200,percentile
PCE-revised (recal),race,NH White,brier,0.017165294578931376,0.013994230350151658,0.021914622494996313,0.0018208113214946175,200,percentile
PCE-revised (recal),race,NH White,scaled_brier,0.036456591111023506,0.022151937882963386,0.0541347945822652,0.008291617592387215,200,percentile
PCE-revised (recal),race,NH White,pct_flagged_7.5,0.03679373755246437,0.032093398883452265,0.042157684222121385,0.0026967013700546533,200,percentile
PCE-revised (recal),race,NH White,TPR_7.5,0.226925537907178,0.1671705623208904,0.29659478342066625,0.034922329776022894,200,percentile
PCE-revised (recal),race,NH White,FPR_7.5,0.03331310312766688,0.028563966344648112,0.03889184470914112,0.002674855834967604,200,percentile
PCE-revised (recal),race,NH White,pct_flagged_20,0.0013583306303258482,0.0006377888084140847,0.002106085609964675,0.00038468417430250325,200,percentile
PCE-revised (recal),race,NH White,TPR_20,0.016293115591935033,0.0,0.03552374915052672,0.008907565150819386,200,percentile
PCE-revised (recal),race,NH White,FPR_20,0.0010133008686490099,0.00039728581086279194,0.0016523364002890256,0.00032182623836873593,200,percentile
PCE-revised (recal),race,NH White,rel_OE,1.0189809351779366,0.9482858224832421,1.063973938999268,0.031257888117195015,200,percentile
PCE-revised (recal),race,Other Hispanic,n,901.0,337.925,571.325,56.95261540974261,200,percentile
PCE-revised (recal),race,Other Hispanic,events,16.0,4.0,13.0,2.5987965904612405,200,percentile
PCE-revised (recal),race,Other Hispanic,observed,0.0160590726115451,0.005101153958524901,0.02856040567230794,0.006160549074224618,200,percentile
PCE-revised (recal),race,Other Hispanic,expected,0.019188247230786694,0.016213759349734812,0.021182457284252745,0.001301408563237281,200,percentile
PCE-revised (recal),race,Other Hispanic,OE,0.8369223315915498,0.25057979591604584,1.6292559215007372,0.3395427337264404,200,percentile
PCE-revised (recal),race,Other Hispanic,cal_intercept,-0.17582152436828166,-1.3981991592339909,0.5171420084958344,0.4810758050297103,200,percentile
PCE-revised (recal),race,Other Hispanic,cal_slope,0.6752330756605737,0.4014979039949765,1.3679384873679556,0.25003026373262804,200,percentile
PCE-revised (recal),race,Other Hispanic,AUC,0.7259544916541965,0.6474103548895296,0.858559830739314,0.05950419921140019,200,percentile
PCE-revised (recal),race,Other Hispanic,brier,0.01586433199604241,0.006130806867337047,0.027862457573809597,0.005848632614913165,200,percentile
PCE-revised (recal),race,Other Hispanic,scaled_brier,-0.003996739638600477,-0.11725725727162521,0.03708578334273127,0.06795588136591688,200,percentile
PCE-revised (recal),race,Other Hispanic,pct_flagged_7.5,0.04551939141450711,0.028114634240896438,0.06116367388532796,0.008427737126888274,200,percentile
PCE-revised (recal),race,Other Hispanic,TPR_7.5,0.21509775905908252,0.059199191945465794,0.5106514713258562,0.12419648303543579,200,percentile
PCE-revised (recal),race,Other Hispanic,FPR_7.5,0.04245130735621913,0.025559801421076417,0.0579095473277845,0.008517193341950113,200,percentile
PCE-revised (recal),race,Other Hispanic,pct_flagged_20,0.0032541269322146136,0.000703001578181032,0.005627121996704476,0.001354484440712134,200,percentile
PCE-revised (recal),race,Other Hispanic,TPR_20,0.0,0.0,0.0,0.0,200,percentile
PCE-revised (recal),race,Other Hispanic,FPR_20,0.0027013083995034793,0.0,0.004637142473367912,0.0012178869766853169,200,percentile
PCE-revised (recal),race,Other Hispanic,rel_OE,0.890804914176452,0.2665903717789902,1.7545601435935456,0.3736309005879305,200,percentile
PCE-revised (recal),race,Other/Multiracial,n,453.0,187.0,263.1,18.956092482657272,200,percentile
PCE-revised (recal),race,Other/Multiracial,events,5.0,1.0,4.0,0.8501256188582931,200,percentile
PCE-revised (recal),race,Other/Multiracial,observed,0.008958833097011294,0.0017436925715847054,0.016630253922543997,0.004372740445559088,200,percentile
PCE-revised (recal),race,Other/Multiracial,expected,0.017975015659286102,0.015380866206343845,0.02083856249237521,0.0013989604851456705,200,percentile
PCE-revised (recal),race,Other/Multiracial,OE,0.4984047450541751,0.0917390273698698,0.9742137266381824,0.2552519720112731,200,percentile
PCE-revised (recal),race,Other/Multiracial,cal_intercept,-0.7462612655920933,-2.445755029799602,-0.045020797266939284,0.6592602178344359,200,percentile
PCE-revised (recal),race,Other/Multiracial,cal_slope,0.8919944957433127,0.6711460745004567,1.4091107796369016,0.2020998329343887,200,percentile
PCE-revised (recal),race,Other/Multiracial,AUC,0.8423719977645595,0.7876394738645589,0.936435720601454,0.03914829407019808,200,percentile
PCE-revised (recal),race,Other/Multiracial,brier,0.009390953659864362,0.002743463660909369,0.016423920029270806,0.004099930332456233,200,percentile
PCE-revised (recal),race,Other/Multiracial,scaled_brier,-0.05770986931807909,-0.6170941573492917,0.002063704040091045,0.14979258566923678,200,percentile
PCE-revised (recal),race,Other/Multiracial,pct_flagged_7.5,0.03895723647454844,0.019027556659514444,0.05564135887824307,0.009745957511431905,200,percentile
PCE-revised (recal),race,Other/Multiracial,TPR_7.5,0.0,0.0,0.0,0.0,200,percentile
PCE-revised (recal),race,Other/Multiracial,FPR_7.5,0.04035173726490898,0.01916518134160834,0.060319405773560875,0.01074841618872461,200,percentile
PCE-revised (recal),race,Other/Multiracial,pct_flagged_20,0.004948593178600046,0.0,0.011523743134357571,0.005033455228328991,200,percentile
PCE-revised (recal),race,Other/Multiracial,TPR_20,0.0,0.0,0.0,0.0,200,percentile
PCE-revised (recal),race,Other/Multiracial,FPR_20,0.005403626713539653,0.0,0.012421701259041898,0.005490126813728952,200,percentile
PCE-revised (recal),race,Other/Multiracial,rel_OE,0.5304929494458762,0.10124036877135315,1.0633841339863814,0.27674387505930986,200,percentile
PCE-revised (recal),age_group,40-49,n,4228.0,2046.975,2206.05,40.909693105054565,200,percentile
PCE-revised (recal),age_group,40-49,events,33.0,12.0,23.0,2.8525576991772983,200,percentile
PCE-revised (recal),age_group,40-49,observed,0.006177362043944706,0.0037141321245675847,0.009592236060778851,0.0015385042144552333,200,percentile
PCE-revised (recal),age_group,40-49,expected,0.007651614226604961,0.007334888955205709,0.008004006739715252,0.0001710981124364726,200,percentile
PCE-revised (recal),age_group,40-49,OE,0.807327952115748,0.4798933282621724,1.2226655748947493,0.1950946431155169,200,percentile
PCE-revised (recal),age_group,40-49,cal_intercept,-0.22043712843627936,-0.7437025563788656,0.19217568965350473,0.2500180421568906,200,percentile
PCE-revised (recal),age_group,40-49,cal_slope,1.3184775638629271,1.0754351861282918,1.7130084695871828,0.15952328776137786,200,percentile
PCE-revised (recal),age_group,40-49,AUC,0.8337243793108321,0.7845891851867369,0.8966392260416007,0.029201947235038928,200,percentile
PCE-revised (recal),age_group,40-49,brier,0.006075969892664213,0.0036721136745498863,0.009400482275062511,0.0014821968191531195,200,percentile
PCE-revised (recal),age_group,40-49,scaled_brier,0.010299766478561345,-0.00641596648147873,0.017305621729288238,0.005735240950602368,200,percentile
PCE-revised (recal),age_group,40-49,pct_flagged_7.5,0.0008456981771601834,0.0,0.0017076641481346938,0.0006101435452085146,200,percentile
PCE-revised (recal),age_group,40-49,TPR_7.5,0.0,0.0,0.0,0.0,200,percentile
PCE-revised (recal),age_group,40-49,FPR_7.5,0.0008412894157211457,0.0,0.001775277076700788,0.0006117068798049735,200,percentile
PCE-revised (recal),age_group,40-49,pct_flagged_20,0.0,0.0,0.0,0.0,200,percentile
PCE-revised (recal),age_group,40-49,TPR_20,0.0,0.0,0.0,0.0,200,percentile
PCE-revised (recal),age_group,40-49,FPR_20,0.0,0.0,0.0,0.0,200,percentile
PCE-revised (recal),age_group,40-49,rel_OE,0.8593051946995998,0.5322742081816894,1.2416912084352614,0.19149070254265557,200,percentile
PCE-revised (recal),age_group,50-59,n,3260.0,1556.95,1729.1,43.378607839469154,200,percentile
PCE-revised (recal),age_group,50-59,events,40.0,14.0,27.025000000000006,3.513992131965807,200,percentile
PCE-revised (recal),age_group,50-59,observed,0.00996025642592069,0.006530629237850776,0.014154823223523235,0.0019785545433338328,200,percentile
PCE-revised (recal),age_group,50-59,expected,0.015359716266937495,0.014745120014143968,0.016094873739201796,0.00035334036038785926,200,percentile
PCE-revised (recal),age_group,50-59,OE,0.6484661729956956,0.4348188484622806,0.9017913976650002,0.12439224361498825,200,percentile
PCE-revised (recal),age_group,50-59,cal_intercept,-0.439885976292762,-0.8484759673966379,-0.1105437636005146,0.19863649819178994,200,percentile
PCE-revised (recal),age_group,50-59,cal_slope,0.8151516570732608,0.37675742919162,1.2071874736545005,0.21248919450077788,200,percentile
PCE-revised (recal),age_group,50-59,AUC,0.7085492859011736,0.5990019966515676,0.8079773494597864,0.05450379466778019,200,percentile
PCE-revised (recal),age_group,50-59,brier,0.009900931024783679,0.006606021703348883,0.013809335314117394,0.0018969185496889446,200,percentile
PCE-revised (recal),age_group,50-59,scaled_brier,-0.004044326727294489,-0.025347549767325082,0.013304335155249453,0.010580721135833875,200,percentile
PCE-revised (recal),age_group,50-59,pct_flagged_7.5,0.013848383755048106,0.009901699039042327,0.01818793805125064,0.0021483181467865475,200,percentile
PCE-revised (recal),age_group,50-59,TPR_7.5,0.06706056939756153,0.0,0.14907350911893533,0.035799646335343306,200,percentile
PCE-revised (recal),age_group,50-59,FPR_7.5,0.012892222900570202,0.008721117365040278,0.017199458409617605,0.0021234810058631303,200,percentile
PCE-revised (recal),age_group,50-59,pct_flagged_20,0.0008218302415397451,0.0,0.001694953906911234,0.000733200787242462,200,percentile
PCE-revised (recal),age_group,50-59,TPR_20,0.0,0.0,0.0,0.0,200,percentile
PCE-revised (recal),age_group,50-59,FPR_20,0.0008074260552732775,0.0,0.001708729975567905,0.0007260805752324535,200,percentile
PCE-revised (recal),age_group,50-59,rel_OE,0.6902156051724064,0.4893289873639933,0.919805218268611,0.11464943116292906,200,percentile
PCE-revised (recal),age_group,60-69,n,3272.0,1556.0,1732.025,45.61075316216669,200,percentile
PCE-revised (recal),age_group,60-69,events,92.0,38.975,54.0,4.329979052254737,200,percentile
PCE-revised (recal),age_group,60-69,observed,0.02516531422026301,0.018837228448022214,0.03212763357149883,0.0035250731495560087,200,percentile
PCE-revised (recal),age_group,60-69,expected,0.030463171997363894,0.02949285607509882,0.031649102857360625,0.000531454031556701,200,percentile
PCE-revised (recal),age_group,60-69,OE,0.8260897526508622,0.619718858658801,1.0739176179595757,0.11606554855037564,200,percentile
PCE-revised (recal),age_group,60-69,cal_intercept,-0.1983524721325895,-0.49732188936489796,0.06397188530427256,0.14727298578640954,200,percentile
PCE-revised (recal),age_group,60-69,cal_slope,0.7051106049337554,0.34709089109842095,1.0229748377987826,0.18052655454393116,200,percentile
PCE-revised (recal),age_group,60-69,AUC,0.6592978722957992,0.5834909831966585,0.7328730243627242,0.04076896817863429,200,percentile
PCE-revised (recal),age_group,60-69,brier,0.02455297152862801,0.018947339157842844,0.031111571306912226,0.0032365317474718457,200,percentile
PCE-revised (recal),age_group,60-69,scaled_brier,-0.0008540000848467066,-0.02773701494560891,0.017553566315634827,0.011297598020700303,200,percentile
PCE-revised (recal),age_group,60-69,pct_flagged_7.5,0.06332506575427357,0.05441822388647754,0.07249553012591557,0.0050942460874464955,200,percentile
PCE-revised (recal),age_group,60-69,TPR_7.5,0.14576929797693286,0.052739262305215855,0.2216987073813396,0.04469568529593694,200,percentile
PCE-revised (recal),age_group,60-69,FPR_7.5,0.06233475320541939,0.053087701461189324,0.07452939889582907,0.005560783528886959,200,percentile
PCE-revised (recal),age_group,60-69,pct_flagged_20,0.001572484372077721,0.00032644152241511807,0.0026812873221051616,0.0006587614393427091,200,percentile
PCE-revised (recal),age_group,60-69,TPR_20,0.0,0.0,0.0,0.0,200,percentile
PCE-revised (recal),age_group,60-69,FPR_20,0.0015699252866801339,0.00029677431901277114,0.0027105244522462294,0.0006668843471581479,200,percentile
PCE-revised (recal),age_group,60-69,rel_OE,0.8792749140924319,0.6844911014499608,1.0491230053505283,0.09671384282725726,200,percentile
PCE-revised (recal),age_group,70-79,n,2091.0,987.9,1120.0,32.73460204209411,200,percentile
PCE-revised (recal),age_group,70-79,events,168.0,71.0,96.025,6.601842288940279,200,percentile
PCE-revised (recal),age_group,70-79,observed,0.07472044143926194,0.06027899228045474,0.08923346164971416,0.007513767174470167,200,percentile
PCE-revised (recal),age_group,70-79,expected,0.056148516439141004,0.05400829829862079,0.05825375966974676,0.0011336294662774315,200,percentile
PCE-revised (recal),age_group,70-79,OE,1.3307643047034186,1.0553106817869733,1.5729767169712514,0.13165788944663467,200,percentile
PCE-revised (recal),age_group,70-79,cal_intercept,0.3186418045997222,0.06182462489786426,0.5067090158482509,0.11202485331198968,200,percentile
PCE-revised (recal),age_group,70-79,cal_slope,0.8442122641020999,0.5306311284122771,1.1540854909546294,0.1567691381286229,200,percentile
PCE-revised (recal),age_group,70-79,AUC,0.6612038142333583,0.6019754828966533,0.7159321836401684,0.02882996835665904,200,percentile
PCE-revised (recal),age_group,70-79,brier,0.06768691694620424,0.05526341960724014,0.08003003631608467,0.006390793117767505,200,percentile
PCE-revised (recal),age_group,70-79,scaled_brier,0.020978258995329235,-0.0002687845689153366,0.040822393965092435,0.010580688187901388,200,percentile
PCE-revised (recal),age_group,70-79,pct_flagged_7.5,0.21968142665359705,0.1957854212409557,0.24168805658822032,0.012493386000315593,200,percentile
PCE-revised (recal),age_group,70-79,TPR_7.5,0.40519673061400374,0.317881916755249,0.49224119174433095,0.04645106632843071,200,percentile
PCE-revised (recal),age_group,70-79,FPR_7.5,0.20163474815938073,0.17351211482877363,0.2265914117047195,0.013885383144097988,200,percentile
PCE-revised (recal),age_group,70-79,pct_flagged_20,0.010198587625572046,0.005578300549979078,0.014106781668240432,0.002289534255851626,200,percentile
PCE-revised (recal),age_group,70-79,TPR_20,0.04011881155376676,0.008208984562766542,0.0712713517788854,0.016671706440751544,200,percentile
PCE-revised (recal),age_group,70-79,FPR_20,0.0071725083899864895,0.003052932004133595,0.011368625965226947,0.0022363579078890873,200,percentile
PCE-revised (recal),age_group,70-79,rel_OE,1.4164413321198845,1.2071970803058245,1.637790703697342,0.12074799568746615,200,percentile
PCE-revised (recal),income,PIR 1.3-3.5,n,4300.0,2061.0,2269.225,52.23236424260208,200,percentile
PCE-revised (recal),income,PIR 1.3-3.5,events,134.0,55.975,78.025,6.202915103311867,200,percentile
PCE-revised (recal),income,PIR 1.3-3.5,observed,0.024634807027959664,0.019230422884167927,0.02991313661643493,0.0028751717546942022,200,percentile
PCE-revised (recal),income,PIR 1.3-3.5,expected,0.023393693363668592,0.02201993840176406,0.02463596460024669,0.0006274808540702876,200,percentile
PCE-revised (recal),income,PIR 1.3-3.5,OE,1.0530533441213081,0.8252431274689833,1.2697046107835575,0.11670088139117005,200,percentile
PCE-revised (recal),income,PIR 1.3-3.5,cal_intercept,0.06039978098381796,-0.21493728732602424,0.26123162630652313,0.11782223975262117,200,percentile
PCE-revised (recal),income,PIR 1.3-3.5,cal_slope,1.1494623144036809,0.9248683758152857,1.3873180585445053,0.12538782617162705,200,percentile
PCE-revised (recal),income,PIR 1.3-3.5,AUC,0.8165214588486303,0.7766757447429432,0.8537133889482107,0.021398878551251707,200,percentile
PCE-revised (recal),income,PIR 1.3-3.5,brier,0.02301213433803925,0.018346943190082947,0.027841123895056025,0.002547319017788924,200,percentile
PCE-revised (recal),income,PIR 1.3-3.5,scaled_brier,0.04227575295313324,0.02197066059427911,0.06257522727128548,0.010524022167467739,200,percentile
PCE-revised (recal),income,PIR 1.3-3.5,pct_flagged_7.5,0.054636461870988126,0.046062310807130975,0.06340679791941181,0.0046995242767811285,200,percentile
PCE-revised (recal),income,PIR 1.3-3.5,TPR_7.5,0.2713738464454006,0.18747009456598768,0.3733853756809871,0.04881784937494986,200,percentile
PCE-revised (recal),income,PIR 1.3-3.5,FPR_7.5,0.047761884059023964,0.03948326010339265,0.05738532021670596,0.004713407910097713,200,percentile
PCE-revised (recal),income,PIR 1.3-3.5,pct_flagged_20,0.0018050993433470729,0.0005833599576755765,0.0031254483211882182,0.0006632255566730095,200,percentile
PCE-revised (recal),income,PIR 1.3-3.5,TPR_20,0.014166799262371372,0.0,0.032309594847839816,0.0135762428506283,200,percentile
PCE-revised (recal),income,PIR 1.3-3.5,FPR_20,0.0011806146915293342,0.00030650442736915957,0.002171329562364225,0.0004845826240536219,200,percentile
PCE-revised (recal),income,PIR 1.3-3.5,rel_OE,1.120850834568266,0.9380131227775852,1.2915513140999497,0.09720191100344085,200,percentile
PCE-revised (recal),income,PIR<1.3,n,2973.0,1391.8,1601.1,52.18286145997319,200,percentile
PCE-revised (recal),income,PIR<1.3,events,113.0,48.0,66.0,4.42231663521627,200,percentile
PCE-revised (recal),income,PIR<1.3,observed,0.032136508605885745,0.02596628583600367,0.03855131068213482,0.003362469636431314,200,percentile
PCE-revised (recal),income,PIR<1.3,expected,0.02447227775186581,0.023261799920702174,0.025838741309467003,0.0006867600671864272,200,percentile
PCE-revised (recal),income,PIR<1.3,OE,1.3131801188156913,1.0767400643783325,1.6145561174034906,0.13779087251682712,200,percentile
PCE-revised (recal),income,PIR<1.3,cal_intercept,0.29004060103417184,0.08627413396978345,0.513412181923455,0.1118330446188627,200,percentile
PCE-revised (recal),income,PIR<1.3,cal_slope,0.9324350178905009,0.7183594697364051,1.1454707291965542,0.1025505293003742,200,percentile
PCE-revised (recal),income,PIR<1.3,AUC,0.7789745492348317,0.7330420909744775,0.8183941019389739,0.021724911650594318,200,percentile
PCE-revised (recal),income,PIR<1.3,brier,0.0298451970748448,0.024240882327916262,0.0356073168557643,0.0030192255937939675,200,percentile
PCE-revised (recal),income,PIR<1.3,scaled_brier,0.040463166250375826,0.015398036426532997,0.06538671196903702,0.012871674771349843,200,percentile
PCE-revised (recal),income,PIR<1.3,pct_flagged_7.5,0.0613533129489065,0.05287378835366426,0.07027784184017244,0.004599197262715378,200,percentile
PCE-revised (recal),income,PIR<1.3,TPR_7.5,0.24736758537951384,0.16132118326895067,0.31889891582703167,0.043656412063235714,200,percentile
PCE-revised (recal),income,PIR<1.3,FPR_7.5,0.05601149928706686,0.046769338807535164,0.06561996686919729,0.00499682285374974,200,percentile
PCE-revised (recal),income,PIR<1.3,pct_flagged_20,0.003868295428660767,0.0017618265009030113,0.006017648302725727,0.0012087791468943585,200,percentile
PCE-revised (recal),income,PIR<1.3,TPR_20,0.03651121972389282,0.002853550101306266,0.08224902620440193,0.02040418664319919,200,percentile
PCE-revised (recal),income,PIR<1.3,FPR_20,0.002738139325213023,0.0010840937017802064,0.004587115254578264,0.0010429078140573498,200,percentile
PCE-revised (recal),income,PIR<1.3,rel_OE,1.3977250443482443,1.1685332639108565,1.6531443188683854,0.13153779419519127,200,percentile
PCE-revised (recal),income,PIR>3.5,n,4520.0,2133.775,2405.05,75.40521671968538,200,percentile
PCE-revised (recal),income,PIR>3.5,events,55.0,18.975,37.0,4.311370382240932,200,percentile
PCE-revised (recal),income,PIR>3.5,observed,0.009882996868099557,0.00662408747419736,0.01367297211594502,0.0017183769339146869,200,percentile
PCE-revised (recal),income,PIR>3.5,expected,0.0151163103284451,0.014507642808874283,0.01577914241505172,0.00034796697237085577,200,percentile
PCE-revised (recal),income,PIR>3.5,OE,0.653796902376517,0.42581784523250704,0.910224967347908,0.11265356728270717,200,percentile
PCE-revised (recal),income,PIR>3.5,cal_intercept,-0.4448757529985064,-0.8753929631634633,-0.11984764693967495,0.17963671225671396,200,percentile
PCE-revised (recal),income,PIR>3.5,cal_slope,0.9469777298326653,0.72964401491708,1.2579252526206237,0.13908125813015348,200,percentile
PCE-revised (recal),income,PIR>3.5,AUC,0.7850635174683028,0.725419043836161,0.8550175257823441,0.034453056891088095,200,percentile
PCE-revised (recal),income,PIR>3.5,brier,0.009801682415643612,0.006683883910913087,0.013398312778379643,0.0016175786655961638,200,percentile
PCE-revised (recal),income,PIR>3.5,scaled_brier,-0.0016718072807619944,-0.028996012004339242,0.019386712848343993,0.012803599336774933,200,percentile
PCE-revised (recal),income,PIR>3.5,pct_flagged_7.5,0.022678317879920397,0.01830298734888578,0.027993449977849964,0.0023876402941951902,200,percentile
PCE-revised (recal),income,PIR>3.5,TPR_7.5,0.12185620666646145,0.04071513570777769,0.2085505270582558,0.04358615217369014,200,percentile
PCE-revised (recal),income,PIR>3.5,FPR_7.5,0.021880925994440317,0.017166459407374563,0.027138975722223856,0.002629740731561891,200,percentile
PCE-revised (recal),income,PIR>3.5,pct_flagged_20,0.0008220016201788058,0.0,0.00159290681597099,0.00048095445825859423,200,percentile
PCE-revised (recal),income,PIR>3.5,TPR_20,0.01186331370249206,0.0,0.02928412769559313,0.011973802992647834,200,percentile
PCE-revised (recal),income,PIR>3.5,FPR_20,0.0008343998954279311,0.0,0.0016569618178540041,0.0005125811229841345,200,percentile
PCE-revised (recal),income,PIR>3.5,rel_OE,0.695889536610644,0.48481673735831254,0.8581909269831425,0.09414597277938785,200,percentile
PCE-revised (recal),education,<HS,n,3925.0,1840.925,2077.375,63.90603792613881,200,percentile
PCE-revised (recal),education,<HS,events,132.0,57.975,77.0,5.268182202486258,200,percentile
PCE-revised (recal),education,<HS,observed,0.029007725915108577,0.023451540059760526,0.03679807595623777,0.0036020534999067944,200,percentile
PCE-revised (recal),education,<HS,expected,0.028373291706885566,0.02662760939994243,0.030065228908195952,0.00084655967349635,200,percentile
PCE-revised (recal),education,<HS,OE,1.0223602610080327,0.8162197647730147,1.2800186569591474,0.12125222249024657,200,percentile
PCE-revised (recal),education,<HS,cal_intercept,0.012362912571265532,-0.21792465313189693,0.259576017681959,0.12490539508545798,200,percentile
PCE-revised (recal),education,<HS,cal_slope,0.8892106941046365,0.6722309579518362,1.1149744051036843,0.11356019334504897,200,percentile
PCE-revised (recal),education,<HS,AUC,0.7623459911513359,0.7137954730148661,0.8036500405999751,0.024237348124172314,200,percentile
PCE-revised (recal),education,<HS,brier,0.027409727338176922,0.022596228411051973,0.03421453395534986,0.003152128998416364,200,percentile
PCE-revised (recal),education,<HS,scaled_brier,0.026860148892150715,-0.002004337301635084,0.047260824617072275,0.013265548219413042,200,percentile
PCE-revised (recal),education,<HS,pct_flagged_7.5,0.07958762385813262,0.06793991669120769,0.09173452932246035,0.006075152304116933,200,percentile
PCE-revised (recal),education,<HS,TPR_7.5,0.28128243968716166,0.16272045782711317,0.38491179414245386,0.05685246789398728,200,percentile
PCE-revised (recal),education,<HS,FPR_7.5,0.07440667969025701,0.06403535083627182,0.08546999221090489,0.005950025298283632,200,percentile
PCE-revised (recal),education,<HS,pct_flagged_20,0.005975803034827434,0.002715654315617563,0.009082655200343551,0.0017482534377949387,200,percentile
PCE-revised (recal),education,<HS,TPR_20,0.02885633899413872,0.0,0.060468756349918405,0.016106774642611753,200,percentile
PCE-revised (recal),education,<HS,FPR_20,0.005151104328832203,0.0020254082564919156,0.008092131008506025,0.0017222677930374074,200,percentile
PCE-revised (recal),education,<HS,rel_OE,1.088181674914541,0.9058117206112796,1.3431081247830585,0.11820927061596016,200,percentile
PCE-revised (recal),education,College+,n,2673.0,1246.9,1434.125,51.98476753123342,200,percentile
PCE-revised (recal),education,College+,events,45.0,15.0,29.025000000000006,3.644173431657719,200,percentile
PCE-revised (recal),education,College+,observed,0.011212050736599574,0.007060347272302816,0.01525686179600597,0.002068265585715939,200,percentile
PCE-revised (recal),education,College+,expected,0.014196486432525303,0.01332520091707037,0.01499755107437702,0.0004470838175021352,200,percentile
PCE-revised (recal),education,College+,OE,0.789776455596214,0.5026166108030737,1.0710572705873698,0.14300512276558286,200,percentile
PCE-revised (recal),education,College+,cal_intercept,-0.2515571941684219,-0.7123535180281352,0.06416738040554776,0.19315820552828236,200,percentile
PCE-revised (recal),education,College+,cal_slope,1.3208341627040179,1.028791174857657,1.6463296034271677,0.16616606239433546,200,percentile
PCE-revised (recal),education,College+,AUC,0.8598759564945028,0.7962094765884665,0.9079231578136994,0.03111709775644574,200,percentile
PCE-revised (recal),education,College+,brier,0.010709580240298274,0.00684971386550534,0.014376975266146315,0.0018684235802368103,200,percentile
PCE-revised (recal),education,College+,scaled_brier,0.03398419968408528,-0.0003747191304645513,0.059197440633210134,0.015720650488366926,200,percentile
PCE-revised (recal),education,College+,pct_flagged_7.5,0.020322064059019356,0.01420493611588126,0.024947223307724573,0.003010978671071731,200,percentile
PCE-revised (recal),education,College+,TPR_7.5,0.18398765007782575,0.05922179263227049,0.3140066937038992,0.06440264754704185,200,percentile
PCE-revised (recal),education,College+,FPR_7.5,0.019561902825586234,0.013137215596512186,0.026293467719015928,0.003457963750687567,200,percentile
PCE-revised (recal),education,College+,pct_flagged_20,0.000471067495872451,0.0,0.0009541891037398968,0.00027555700343530527,200,percentile
PCE-revised (recal),education,College+,TPR_20,0.01824202177401184,0.0,0.043077130238238205,0.018019779860323146,200,percentile
PCE-revised (recal),education,College+,FPR_20,0.00026020405160588183,0.0,0.0005196218966885329,0.00016642664051905623,200,percentile
PCE-revised (recal),education,College+,rel_OE,0.840623700897159,0.5398948613296267,1.0893575629179797,0.1342168109495011,200,percentile
PCE-revised (recal),education,HS/GED,n,2987.0,1432.875,1602.075,45.80507504084552,200,percentile
PCE-revised (recal),education,HS/GED,events,87.0,34.0,52.0,4.588490626682783,200,percentile
PCE-revised (recal),education,HS/GED,observed,0.021233046724068116,0.015012183057993728,0.027494939776271734,0.003269945255758333,200,percentile
PCE-revised (recal),education,HS/GED,expected,0.021768613407398767,0.020700895970421466,0.023018771997103178,0.0006019648455288319,200,percentile
PCE-revised (recal),education,HS/GED,OE,0.9753972991615248,0.7097276186737543,1.2336584915617628,0.14424259529390246,200,percentile
PCE-revised (recal),education,HS/GED,cal_intercept,-0.02178750140781871,-0.36629027756696214,0.2303328870022738,0.161307114482261,200,percentile
PCE-revised (recal),education,HS/GED,cal_slope,1.1473232634187918,0.8666923972756069,1.5251905992011838,0.16430339547696268,200,percentile
PCE-revised (recal),education,HS/GED,AUC,0.8112438727244442,0.7461296683661973,0.8792108955864595,0.034464921826023766,200,percentile
PCE-revised (recal),education,HS/GED,brier,0.01988427903478548,0.014723395158689794,0.0253876866415699,0.0029329571502255698,200,percentile
PCE-revised (recal),education,HS/GED,scaled_brier,0.04320645666913758,0.01754318349015216,0.062151653423152174,0.011999148384519655,200,percentile
PCE-revised (recal),education,HS/GED,pct_flagged_7.5,0.04722669278096057,0.04147822897175875,0.056305755853895766,0.003988882972323325,200,percentile
PCE-revised (recal),education,HS/GED,TPR_7.5,0.2802107994422354,0.1928477462460058,0.38500202090378344,0.049425551381950955,200,percentile
PCE-revised (recal),education,HS/GED,FPR_7.5,0.040703722315743644,0.0345850299854882,0.04961448351106482,0.003993830702339702,200,percentile
PCE-revised (recal),education,HS/GED,pct_flagged_20,0.0018254781342931382,0.0006643671040614356,0.003065945734125048,0.00069560235734864,200,percentile
PCE-revised (recal),education,HS/GED,TPR_20,0.022737665604802854,0.0,0.052746456088514235,0.01975551557572145,200,percentile
PCE-revised (recal),education,HS/GED,FPR_20,0.0012731381503448488,0.0,0.0023921959527965705,0.000705068155256987,200,percentile
PCE-revised (recal),education,HS/GED,rel_OE,1.038195152129811,0.79566288059754,1.26208573457404,0.11384465930338471,200,percentile
PCE-revised (recal),education,Some college,n,3252.0,1556.975,1714.025,41.8909181100212,200,percentile
PCE-revised (recal),education,Some college,events,67.0,25.975,41.0,4.131737683034468,200,percentile
PCE-revised (recal),education,Some college,observed,0.016017017148540397,0.01082300539616698,0.021233913776032794,0.002564644906706082,200,percentile
PCE-revised (recal),education,Some college,expected,0.017054079091091072,0.016220275741121472,0.017767322135311958,0.00040586951549940857,200,percentile
PCE-revised (recal),education,Some college,OE,0.9391898010434097,0.6380722174037229,1.2356570899736268,0.14649821658964485,200,percentile
PCE-revised (recal),education,Some college,cal_intercept,-0.06611601219892865,-0.4708914056748213,0.2146351635385921,0.16482504074593718,200,percentile
PCE-revised (recal),education,Some college,cal_slope,0.9555977162690825,0.745606788955142,1.2548103866778009,0.12193564323900463,200,percentile
PCE-revised (recal),education,Some college,AUC,0.7742119582332991,0.7191591428423737,0.8374400154128712,0.029794720836753604,200,percentile
PCE-revised (recal),education,Some college,brier,0.01545836951517769,0.010479749229243362,0.02038619233628468,0.0024202775632022034,200,percentile
PCE-revised (recal),education,Some college,scaled_brier,0.019168384619443146,0.003032651563406103,0.03564716914695343,0.008321541430687836,200,percentile
PCE-revised (recal),education,Some college,pct_flagged_7.5,0.02799509802159197,0.022670215762544615,0.03269159974956884,0.0024871424055480595,200,percentile
PCE-revised (recal),education,Some college,TPR_7.5,0.1305584914886935,0.05693980000357303,0.20295588541147375,0.03641047649846582,200,percentile
PCE-revised (recal),education,Some college,FPR_7.5,0.02663770601447866,0.02132996338384272,0.031535706704265115,0.0026015526973210412,200,percentile
PCE-revised (recal),education,Some college,pct_flagged_20,0.0,0.0,0.0,0.0,200,percentile
PCE-revised (recal),education,Some college,TPR_20,0.0,0.0,0.0,0.0,200,percentile
PCE-revised (recal),education,Some college,FPR_20,0.0,0.0,0.0,0.0,200,percentile
PCE-revised (recal),education,Some college,rel_OE,0.9996565493991185,0.734090846551594,1.2734026263307914,0.14172004050583395,200,percentile
PCE-revised (recal),sex,GAP(max-min),OE,0.15065844097873593,0.0,0.2940571612269155,0.1019456004967183,200,basic
PCE-revised (recal),sex,GAP(max-min),AUC,0.058587434643024516,0.015491030228663938,0.10608219690867361,0.023411385142695605,200,basic
PCE-revised (recal),sex,GAP(max-min),cal_slope,0.029902265198440636,0.0,0.05189026655066131,0.06495480124208874,200,basic
PCE-revised (recal),sex,GAP(max-min),TPR_7.5,0.0014840821814880167,0.0,0.001604880345050899,0.03763035813815378,200,basic
PCE-revised (recal),sex,GAP(max-min),FPR_7.5,0.029543752903189963,0.022202819354562746,0.037320022926541005,0.003976441470116482,200,basic
PCE-revised (recal),sex,GAP(max-min),pct_flagged_7.5,0.030397679511173725,0.022783406365894224,0.03817979225327078,0.003914224738893957,200,basic
PCE-revised (recal),sex,GAP(max/min),OE,1.1706301721836052,1.0,1.3331772910045545,0.12614648840246168,200,basic
PCE-revised (recal),race,GAP(max-min),OE,0.1983870954649526,0.0,0.336794036716943,0.17129157665877268,200,basic
PCE-revised (recal),race,GAP(max-min),AUC,0.09714148419286217,0.012519364451237469,0.16515140000892306,0.03918530134507078,200,basic
PCE-revised (recal),race,GAP(max-min),cal_slope,0.46269339863160297,0.15595683860571075,0.7887667096224356,0.17607998377824763,200,basic
PCE-revised (recal),race,GAP(max-min),TPR_7.5,0.14422796744906055,0.0,0.24672461411884009,0.06255374522352905,200,basic
PCE-revised (recal),race,GAP(max-min),FPR_7.5,0.01754903132862065,0.008392737860698319,0.025740240617929695,0.004794559380306161,200,basic
PCE-revised (recal),race,GAP(max-min),pct_flagged_7.5,0.021472419388049342,0.011771011917949055,0.03169033106168474,0.005365238399058065,200,basic
PCE-revised (recal),race,GAP(max/min),OE,1.2370436156096898,1.0,1.4118838100727287,0.29787444685483616,200,basic
PCE-revised (recal),age_group,GAP(max-min),OE,0.6822981317077229,0.3284347703714361,0.9765074670286766,0.17138004620530128,200,basic
PCE-revised (recal),age_group,GAP(max-min),AUC,0.17442650701503293,0.05898860069758949,0.23618597019405768,0.04560537517008523,200,basic
PCE-revised (recal),age_group,GAP(max-min),cal_slope,0.6133669589291717,0.07145327150893621,0.9229441579461638,0.23225914293573263,200,basic
PCE-revised (recal),age_group,GAP(max-min),TPR_7.5,0.40519673061400374,0.31815226948367653,0.49251154447275847,0.04905778468575356,200,basic
PCE-revised (recal),age_group,GAP(max-min),FPR_7.5,0.2007934587436596,0.17652393568410307,0.22924707231509758,0.013972010373351888,200,basic
PCE-revised (recal),age_group,GAP(max-min),pct_flagged_7.5,0.21883572847643687,0.1962434355859569,0.24287234495866977,0.012664756834752815,200,basic
PCE-revised (recal),age_group,GAP(max/min),OE,2.052172279944434,1.0,2.5950904680668803,0.4704721474279314,200,basic
PCE-revised (recal),income,GAP(max-min),OE,0.6593832164391743,0.33443869305633456,0.9404309340230338,0.15882160485088245,200,basic
PCE-revised (recal),income,GAP(max-min),AUC,0.037546909613798585,0.0,0.06025353343635584,0.02580841267306407,200,basic
PCE-revised (recal),income,GAP(max-min),cal_slope,0.21702729651317998,0.0,0.3510730605754664,0.1355556014412495,200,basic
PCE-revised (recal),income,GAP(max-min),TPR_7.5,0.14951763977893912,0.006825079710214843,0.2357542422631547,0.058393419802692116,200,basic
PCE-revised (recal),income,GAP(max-min),FPR_7.5,0.034130573292626545,0.022990309881697854,0.042750968031054416,0.005095265875763726,200,basic
PCE-revised (recal),income,GAP(max-min),pct_flagged_7.5,0.038674995068986105,0.02858607217536229,0.046840401350081606,0.004712443796874751,200,basic
PCE-revised (recal),income,GAP(max/min),OE,2.0085444180637007,1.0242631244905174,2.5138475575191404,0.4029149125463748,200,basic
PCE-revised (recal),education,GAP(max-min),OE,0.23258380541181867,0.0,0.35478803312950463,0.15535538757636702,200,basic
PCE-revised (recal),education,GAP(max-min),AUC,0.09752996534316682,0.03146988823518235,0.13139943224255282,0.02638600696121132,200,basic
PCE-revised (recal),education,GAP(max-min),cal_slope,0.4316234685993814,0.04809317221209852,0.6083199271053162,0.14276151759207995,200,basic
PCE-revised (recal),education,GAP(max-min),TPR_7.5,0.15072394819846816,0.0,0.21634616811146037,0.05614464364757204,200,basic
PCE-revised (recal),education,GAP(max-min),FPR_7.5,0.05484477686467078,0.040637398182015366,0.06934149464793443,0.0067112871742138714,200,basic
PCE-revised (recal),education,GAP(max-min),pct_flagged_7.5,0.05926555979911326,0.04507564939146601,0.07225022061392292,0.006988024543005945,200,basic
PCE-revised (recal),education,GAP(max/min),OE,1.2944932123055475,1.0,1.472711578368863,0.3196375204621475,200,basic
PREVENT-CVD (recal),Overall,All,n,12851.0,6243.8,6681.15,113.20703129520443,200,percentile
PREVENT-CVD (recal),Overall,All,events,333.0,151.0,188.025,9.198578380440397,200,percentile
PREVENT-CVD (recal),Overall,All,observed,0.018259132654697845,0.0152370789918285,0.02194398216351286,0.0015577176931997592,200,percentile
PREVENT-CVD (recal),Overall,All,expected,0.018860721463656326,0.01813973799867696,0.019562668621481684,0.0003677653240763219,200,percentile
PREVENT-CVD (recal),Overall,All,OE,0.9681036162843658,0.833747540665498,1.152384868531984,0.07650519500467406,200,percentile
PREVENT-CVD (recal),Overall,All,cal_intercept,-0.0363697735150324,-0.18795358698544604,0.14577619760504051,0.08024496587214643,200,percentile
PREVENT-CVD (recal),Overall,All,cal_slope,1.0876738783498927,0.9461261663630262,1.280416656673132,0.09161587765426374,200,percentile
PREVENT-CVD (recal),Overall,All,AUC,0.8213944090919034,0.7905735919856175,0.8562098587260333,0.017177725225980933,200,percentile
PREVENT-CVD (recal),Overall,All,brier,0.01714626517782063,0.014576211570904798,0.02048374831992889,0.001429253076661086,200,percentile
PREVENT-CVD (recal),Overall,All,scaled_brier,0.04348337607218811,0.030343328072644855,0.05961514159407088,0.007269460396318391,200,percentile
PREVENT-CVD (recal),Overall,All,pct_flagged_7.5,0.04569732382448974,0.0417845026596804,0.049741998922131415,0.0021932414915247357,200,percentile
PREVENT-CVD (recal),Overall,All,TPR_7.5,0.2966302122574639,0.23775837547213302,0.36923286887162515,0.03236344401580903,200,percentile
PREVENT-CVD (recal),Overall,All,FPR_7.5,0.04124995596068482,0.036670693819213736,0.04639469042864358,0.002565963420043401,200,percentile
PREVENT-CVD (recal),Overall,All,pct_flagged_20,0.0008567213605005946,0.00048401410226523865,0.0012522102806628483,0.00020698783080826225,200,percentile
PREVENT-CVD (recal),Overall,All,TPR_20,0.016218404287898103,0.0029854121502051224,0.030703745826678924,0.007949208972011243,200,percentile
PREVENT-CVD (recal),Overall,All,FPR_20,0.0005142317626603772,0.00020250149048505186,0.0008423817520401034,0.00015138176174438412,200,percentile
PREVENT-CVD (recal),Overall,All,rel_OE,1.0,1.0,1.0,0.0,200,percentile
PREVENT-CVD (recal),sex,Female,n,6536.0,3170.95,3407.1,61.6232431431306,200,percentile
PREVENT-CVD (recal),sex,Female,events,129.0,53.975,76.025,5.6826987714142625,200,percentile
PREVENT-CVD (recal),sex,Female,observed,0.014298811656041032,0.011440341297596274,0.017886875796136174,0.0015999201735201812,200,percentile
PREVENT-CVD (recal),sex,Female,expected,0.016936696079918066,0.016128449668887962,0.01781764099733856,0.0004507630970950968,200,percentile
PREVENT-CVD (recal),sex,Female,OE,0.8442503537035899,0.7026953221525217,1.0301495472077546,0.08523768641887766,200,percentile
PREVENT-CVD (recal),sex,Female,cal_intercept,-0.18516608339652887,-0.3814299206161095,0.03293822990851218,0.10480363324529161,200,percentile
PREVENT-CVD (recal),sex,Female,cal_slope,1.1984788227388843,0.9514630908080808,1.4764708270056697,0.12850873928400525,200,percentile
PREVENT-CVD (recal),sex,Female,AUC,0.8473948966021227,0.8026955967034003,0.8852675931313239,0.020960293599528116,200,percentile
PREVENT-CVD (recal),sex,Female,brier,0.013380802180043238,0.010901335947026499,0.016655243532607684,0.0014521984482999655,200,percentile
PREVENT-CVD (recal),sex,Female,scaled_brier,0.050626894863762706,0.02929068499503737,0.06790200740108873,0.0098764279783488,200,percentile
PREVENT-CVD (recal),sex,Female,pct_flagged_7.5,0.03782001497028888,0.03335900381325999,0.0433557253919418,0.0025520370335376233,200,percentile
PREVENT-CVD (recal),sex,Female,TPR_7.5,0.3128446135183004,0.23223666160754555,0.40421140598265737,0.04599730855198247,200,percentile
PREVENT-CVD (recal),sex,Female,FPR_7.5,0.03408065456814106,0.02947838207452087,0.040303995522432676,0.0026156429931513403,200,percentile
PREVENT-CVD (recal),sex,Female,pct_flagged_20,0.0005825450091486243,0.0001903057146930255,0.0009705621900461351,0.0002041519908377121,200,percentile
PREVENT-CVD (recal),sex,Female,TPR_20,0.01949275011909766,0.0,0.04042767184730047,0.010645622155550786,200,percentile
PREVENT-CVD (recal),sex,Female,FPR_20,0.0002974180380605177,4.656853647070812e-05,0.0005535461806247573,0.00012902537532190737,200,percentile
PREVENT-CVD (recal),sex,Female,rel_OE,0.8720661089397317,0.7664140442976836,0.9801062540552855,0.060853972507490375,200,percentile
PREVENT-CVD (recal),sex,Male,n,6315.0,3057.975,3290.125,60.87899192900173,200,percentile
PREVENT-CVD (recal),sex,Male,events,204.0,87.975,117.0,7.245776798041406,200,percentile
PREVENT-CVD (recal),sex,Male,observed,0.022578668278006912,0.019075092164227442,0.02767814346895268,0.002252923241004078,200,percentile
PREVENT-CVD (recal),sex,Male,expected,0.02096895143123927,0.02015306372139408,0.021728202385087624,0.00043817570875438766,200,percentile
PREVENT-CVD (recal),sex,Male,OE,1.0767666829715437,0.9297000503283213,1.3299130705442088,0.10337063605752188,200,percentile
PREVENT-CVD (recal),sex,Male,cal_intercept,0.08139992099992667,-0.07790672780072139,0.28872409584187325,0.09911655782666656,200,percentile
PREVENT-CVD (recal),sex,Male,cal_slope,1.005533647341406,0.8180865542764338,1.2213463228326351,0.10349871405922847,200,percentile
PREVENT-CVD (recal),sex,Male,AUC,0.7952462755460201,0.7526196050150791,0.8365239107541615,0.022316381866579124,200,percentile
PREVENT-CVD (recal),sex,Male,brier,0.021253268514840044,0.018024288347407172,0.025928235516305496,0.002057309408587753,200,percentile
PREVENT-CVD (recal),sex,Male,scaled_brier,0.03695719026046096,0.019955606173147407,0.05506953735343677,0.008813567263259397,200,percentile
PREVENT-CVD (recal),sex,Male,pct_flagged_7.5,0.054328799651521736,0.048033617930411214,0.060535157430899086,0.0032092595348048756,200,percentile
PREVENT-CVD (recal),sex,Male,TPR_7.5,0.2854304395123033,0.217071819938807,0.3724948251390249,0.037656328161366624,200,percentile
PREVENT-CVD (recal),sex,Male,FPR_7.5,0.04913577808554907,0.04228381579479848,0.05675528342543477,0.003909002372497632,200,percentile
PREVENT-CVD (recal),sex,Male,pct_flagged_20,0.0011571471268175169,0.0004399235910445664,0.001893091848997831,0.00040718829122750013,200,percentile
PREVENT-CVD (recal),sex,Male,TPR_20,0.013956715520698633,0.0,0.03152228238834088,0.013582085309590423,200,percentile
PREVENT-CVD (recal),sex,Male,FPR_20,0.0007527144784521813,0.00022330319478669814,0.0013106328074986837,0.00028116356308174705,200,percentile
PREVENT-CVD (recal),sex,Male,rel_OE,1.112243219485361,1.0181854707904787,1.2099379852600223,0.05343962797027949,200,percentile
PREVENT-CVD (recal),race,Mexican American,n,2701.0,1106.925,1560.0,117.19133251689493,200,percentile
PREVENT-CVD (recal),race,Mexican American,events,55.0,16.975,36.0,4.965964560898566,200,percentile
PREVENT-CVD (recal),race,Mexican American,observed,0.016277313254553467,0.009612973904533445,0.022429504136546784,0.0034390260242196245,200,percentile
PREVENT-CVD (recal),race,Mexican American,expected,0.01720221624360221,0.015382503337511143,0.01848694800344467,0.0008787795456920611,200,percentile
PREVENT-CVD (recal),race,Mexican American,OE,0.9462334982916675,0.5968885922249235,1.278842900609381,0.1815586795925685,200,percentile
PREVENT-CVD (recal),race,Mexican American,cal_intercept,-0.06938931565538567,-0.5356199593724402,0.24674661279795798,0.21128551423694936,200,percentile
PREVENT-CVD (recal),race,Mexican American,cal_slope,0.7530476170609587,0.5211176914075548,1.0444103244990188,0.14302980944720858,200,percentile
PREVENT-CVD (recal),race,Mexican American,AUC,0.7762525645928333,0.7074132179075957,0.8555171335895,0.039320088803242385,200,percentile
PREVENT-CVD (recal),race,Mexican American,brier,0.0159614253806242,0.00958985252352274,0.021725789154734207,0.0032731106546409748,200,percentile
PREVENT-CVD (recal),race,Mexican American,scaled_brier,0.0031811013328167936,-0.031072475106605775,0.02710741223599576,0.015741699560759433,200,percentile
PREVENT-CVD (recal),race,Mexican American,pct_flagged_7.5,0.04439323420020347,0.0334834494596285,0.0527195886782983,0.0050203184340093954,200,percentile
PREVENT-CVD (recal),race,Mexican American,TPR_7.5,0.15345714098567445,0.02429205484271717,0.3294725986239803,0.08506682430549045,200,percentile
PREVENT-CVD (recal),race,Mexican American,FPR_7.5,0.043769122874310194,0.03350930502690653,0.05321044202537215,0.004882526765354338,200,percentile
PREVENT-CVD (recal),race,Mexican American,pct_flagged_20,0.0013570559619183508,0.00034584785477693346,0.0023701662711853077,0.0005597714246816553,200,percentile
PREVENT-CVD (recal),race,Mexican American,TPR_20,0.005745883898602327,0.0,0.01820950042989183,0.006755696906920279,200,percentile
PREVENT-CVD (recal),race,Mexican American,FPR_20,0.0015008915611847014,0.0003623332630832284,0.002839026921720327,0.0007000697336666242,200,percentile
PREVENT-CVD (recal),race,Mexican American,rel_OE,0.9774093210428889,0.6296020392538867,1.349323964729177,0.1909006927157767,200,percentile
PREVENT-CVD (recal),race,NH Black,n,2419.0,1058.775,1360.05,75.45441550429952,200,percentile
PREVENT-CVD (recal),race,NH Black,events,80.0,30.0,51.025000000000006,5.232001932444744,200,percentile
PREVENT-CVD (recal),race,NH Black,observed,0.025565243548074105,0.02034727883567887,0.031121041799918914,0.002788823918965767,200,percentile
PREVENT-CVD (recal),race,NH Black,expected,0.02235836340839547,0.02081623544173705,0.023633776931244622,0.0007194490013458344,200,percentile
PREVENT-CVD (recal),race,NH Black,OE,1.1434308979195886,0.9091423818986037,1.3750740460565898,0.1276438435334392,200,percentile
PREVENT-CVD (recal),race,NH Black,cal_intercept,0.10973758100062063,-0.13549362444580268,0.3218245661085524,0.1256197000562845,200,percentile
PREVENT-CVD (recal),race,NH Black,cal_slope,0.8997282356916171,0.6305373188206288,1.2222963672176335,0.13809377507376883,200,percentile
PREVENT-CVD (recal),race,NH Black,AUC,0.7893425974697993,0.719724095928659,0.8566417008981685,0.03371664519953062,200,percentile
PREVENT-CVD (recal),race,NH Black,brier,0.023685726356269445,0.019018609343356717,0.028563933240914725,0.002465635445047457,200,percentile
PREVENT-CVD (recal),race,NH Black,scaled_brier,0.04921130996840006,0.020654994461130793,0.0701832748658304,0.013076090259826886,200,percentile
PREVENT-CVD (recal),race,NH Black,pct_flagged_7.5,0.07064583884489926,0.059570372640619575,0.0807578992425879,0.005351566954919503,200,percentile
PREVENT-CVD (recal),race,NH Black,TPR_7.5,0.37158344427311907,0.25785074155081344,0.4643128098465074,0.05540535710074087,200,percentile
PREVENT-CVD (recal),race,NH Black,FPR_7.5,0.06869858978323666,0.05341667317596861,0.08280902044417152,0.007623400115690918,200,percentile
PREVENT-CVD (recal),race,NH Black,pct_flagged_20,0.0031220611593302636,0.001226212131778984,0.004876019351721201,0.0009456765497979272,200,percentile
PREVENT-CVD (recal),race,NH Black,TPR_20,0.049847301476046706,0.018726619719953045,0.08878262444679648,0.020905925510039926,200,percentile
PREVENT-CVD (recal),race,NH Black,FPR_20,0.0018687622877455571,0.0004496572129438806,0.003313394040243876,0.0008088415440537,200,percentile
PREVENT-CVD (recal),race,NH Black,rel_OE,1.1811038391821511,0.9172272959175679,1.437336075482863,0.13855621265501883,200,percentile
PREVENT-CVD (recal),race,NH White,n,6377.0,2923.675,3514.8250000000003,150.60396699413948,200,percentile
PREVENT-CVD (recal),race,NH White,events,177.0,75.0,108.025,8.603363546986026,200,percentile
PREVENT-CVD (recal),race,NH White,observed,0.018143963408148334,0.01460569744998004,0.023247886440067204,0.0019702226850302155,200,percentile
PREVENT-CVD (recal),race,NH White,expected,0.018733697506999412,0.017937724021619667,0.019593643174045283,0.00043188371804100224,200,percentile
PREVENT-CVD (recal),race,NH White,OE,0.9685201440542777,0.8069188708927055,1.2084766174068953,0.09651285977274149,200,percentile
PREVENT-CVD (recal),race,NH White,cal_intercept,-0.03000687929002649,-0.2182224691842406,0.1931438232437769,0.10128589733156912,200,percentile
PREVENT-CVD (recal),race,NH White,cal_slope,1.1861048607353941,0.976925130715325,1.5094497208628121,0.12854566121297797,200,percentile
PREVENT-CVD (recal),race,NH White,AUC,0.8352846172681005,0.7952367394700354,0.8756886739532806,0.02074213107965963,200,percentile
PREVENT-CVD (recal),race,NH White,brier,0.01695468562563908,0.013806044978245035,0.02163330826581887,0.0018094018934331458,200,percentile
PREVENT-CVD (recal),race,NH White,scaled_brier,0.04827875168418816,0.03145225215883872,0.06677053390816712,0.00868737469778043,200,percentile
PREVENT-CVD (recal),race,NH White,pct_flagged_7.5,0.044184783030581855,0.03893891528007441,0.04941305040292723,0.002595945573359589,200,percentile
PREVENT-CVD (recal),race,NH White,TPR_7.5,0.30258911315600784,0.23816953755194517,0.3916258696488479,0.04005482354395888,200,percentile
PREVENT-CVD (recal),race,NH White,FPR_7.5,0.03887229212374411,0.03400341546118812,0.04413499792485885,0.002850625051252916,200,percentile
PREVENT-CVD (recal),race,NH White,pct_flagged_20,0.000591486241092147,0.00015073811047208217,0.0010792532112810784,0.00023413055565022793,200,percentile
PREVENT-CVD (recal),race,NH White,TPR_20,0.012434357296433192,0.0,0.02879933424836955,0.009765687434732705,200,percentile
PREVENT-CVD (recal),race,NH White,FPR_20,0.0003485631093329314,0.0,0.000674818137412896,0.00016892295320082332,200,percentile
PREVENT-CVD (recal),race,NH White,rel_OE,1.00043025122818,0.9332896726942836,1.0483455222559528,0.0307278072240333,200,percentile
PREVENT-CVD (recal),race,Other Hispanic,n,901.0,337.925,571.325,56.95261540974261,200,percentile
PREVENT-CVD (recal),race,Other Hispanic,events,16.0,4.0,13.0,2.5987965904612405,200,percentile
PREVENT-CVD (recal),race,Other Hispanic,observed,0.0160590726115451,0.005101153958524901,0.02856040567230794,0.006160549074224618,200,percentile
PREVENT-CVD (recal),race,Other Hispanic,expected,0.01830371632705774,0.01564721581267868,0.02071668014836406,0.0014456118145171873,200,percentile
PREVENT-CVD (recal),race,Other Hispanic,OE,0.8773667775765044,0.2630348188089875,1.6648183417300733,0.357686224639034,200,percentile
PREVENT-CVD (recal),race,Other Hispanic,cal_intercept,-0.11926029601052025,-1.3319164971597934,0.5617560631150651,0.47930396725255725,200,percentile
PREVENT-CVD (recal),race,Other Hispanic,cal_slope,0.5912892532806499,0.19074890097362793,1.5367595161014302,0.46468995465056095,200,percentile
PREVENT-CVD (recal),race,Other Hispanic,AUC,0.6942455299400404,0.5653203512189703,0.8625433873420548,0.08793779966695002,200,percentile
PREVENT-CVD (recal),race,Other Hispanic,brier,0.01566961216016938,0.0058667152689551895,0.027485081218002836,0.0058852958677511015,200,percentile
PREVENT-CVD (recal),race,Other Hispanic,scaled_brier,0.008326381209365574,-0.0580140565774521,0.05820617490923481,0.06075869149621893,200,percentile
PREVENT-CVD (recal),race,Other Hispanic,pct_flagged_7.5,0.03373177776829841,0.01795322710810067,0.0482407757065525,0.007978447832683686,200,percentile
PREVENT-CVD (recal),race,Other Hispanic,TPR_7.5,0.24789237607953649,0.08596255143897262,0.599658583668538,0.1378344989437275,200,percentile
PREVENT-CVD (recal),race,Other Hispanic,FPR_7.5,0.027352350710494786,0.011946388658963551,0.043827331318681,0.008602788855760476,200,percentile
PREVENT-CVD (recal),race,Other Hispanic,pct_flagged_20,0.000902075317345876,0.0,0.0022185607834521075,0.0009263535404789193,200,percentile
PREVENT-CVD (recal),race,Other Hispanic,TPR_20,0.0,0.0,0.0,0.0,200,percentile
PREVENT-CVD (recal),race,Other Hispanic,FPR_20,0.0,0.0,0.0,0.0,200,percentile
PREVENT-CVD (recal),race,Other Hispanic,rel_OE,0.9062736289983976,0.2727800091344325,1.8120384715823763,0.38126476046894014,200,percentile
PREVENT-CVD (recal),race,Other/Multiracial,n,453.0,187.0,263.1,18.956092482657272,200,percentile
PREVENT-CVD (recal),race,Other/Multiracial,events,5.0,1.0,4.0,0.8501256188582931,200,percentile
PREVENT-CVD (recal),race,Other/Multiracial,observed,0.008958833097011294,0.0017436925715847054,0.016630253922543997,0.004372740445559088,200,percentile
PREVENT-CVD (recal),race,Other/Multiracial,expected,0.016548281958653516,0.014406603904509067,0.018805831872092234,0.0011973884728968646,200,percentile
PREVENT-CVD (recal),race,Other/Multiracial,OE,0.5413754200825962,0.09893780478923864,1.0322616643745783,0.275603635585121,200,percentile
PREVENT-CVD (recal),race,Other/Multiracial,cal_intercept,-0.6481825662927109,-2.3424723482548004,0.0325284439651562,0.6565219182015679,200,percentile
PREVENT-CVD (recal),race,Other/Multiracial,cal_slope,0.8396440675782588,0.6046733175276692,1.339531209196889,0.22087445366589495,200,percentile
PREVENT-CVD (recal),race,Other/Multiracial,AUC,0.8262070461117463,0.7602458644209611,0.9279403085278832,0.05001407174236936,200,percentile
PREVENT-CVD (recal),race,Other/Multiracial,brier,0.00926912851343627,0.002427520198185253,0.01652948280613299,0.004165327755261343,200,percentile
PREVENT-CVD (recal),race,Other/Multiracial,scaled_brier,-0.04398861539912691,-0.4006401786365856,-0.004417838671379935,0.10801227182432588,200,percentile
PREVENT-CVD (recal),race,Other/Multiracial,pct_flagged_7.5,0.03337458048706137,0.0193928903635368,0.05262789043266711,0.008378970514792935,200,percentile
PREVENT-CVD (recal),race,Other/Multiracial,TPR_7.5,0.0,0.0,0.0,0.0,200,percentile
PREVENT-CVD (recal),race,Other/Multiracial,FPR_7.5,0.036811690112897075,0.019685523365573616,0.0562815477605447,0.010011482513121445,200,percentile
PREVENT-CVD (recal),race,Other/Multiracial,pct_flagged_20,0.0,0.0,0.0,0.0,200,percentile
PREVENT-CVD (recal),race,Other/Multiracial,TPR_20,0.0,0.0,0.0,0.0,200,percentile
PREVENT-CVD (recal),race,Other/Multiracial,FPR_20,0.0,0.0,0.0,0.0,200,percentile
PREVENT-CVD (recal),race,Other/Multiracial,rel_OE,0.5592122691994731,0.10660355273833504,1.1010011962482282,0.29022366527579113,200,percentile
PREVENT-CVD (recal),age_group,40-49,n,4228.0,2046.975,2206.05,40.909693105054565,200,percentile
PREVENT-CVD (recal),age_group,40-49,events,33.0,12.0,23.0,2.8525576991772983,200,percentile
PREVENT-CVD (recal),age_group,40-49,observed,0.006177362043944706,0.0037141321245675847,0.009592236060778851,0.0015385042144552333,200,percentile
PREVENT-CVD (recal),age_group,40-49,expected,0.005166997523111627,0.0047866977225701195,0.005576639152888782,0.0001861523401034004,200,percentile
PREVENT-CVD (recal),age_group,40-49,OE,1.1955419015228452,0.7099626475734915,1.7902540566636282,0.28235653091475427,200,percentile
PREVENT-CVD (recal),age_group,40-49,cal_intercept,0.1870149989609431,-0.36129283459348616,0.6028547401019129,0.24643136678480004,200,percentile
PREVENT-CVD (recal),age_group,40-49,cal_slope,1.1663706493194907,0.9436059193095114,1.4101213629694318,0.11621362707908307,200,percentile
PREVENT-CVD (recal),age_group,40-49,AUC,0.822072948758871,0.7545131625420034,0.8936919101439496,0.037900483201364014,200,percentile
PREVENT-CVD (recal),age_group,40-49,brier,0.006007197112783248,0.003591034804248432,0.009293328883149292,0.0014704851046115003,200,percentile
PREVENT-CVD (recal),age_group,40-49,scaled_brier,0.02150200044458006,-6.757712009291491e-05,0.040191179621734685,0.01183027926618007,200,percentile
PREVENT-CVD (recal),age_group,40-49,pct_flagged_7.5,0.0027436365309630186,0.0009667196865419622,0.004779967020001862,0.0010158004964221734,200,percentile
PREVENT-CVD (recal),age_group,40-49,TPR_7.5,0.021943729739455575,0.0,0.06868562432262287,0.02352521620643025,200,percentile
PREVENT-CVD (recal),age_group,40-49,FPR_7.5,0.002963305983773677,0.0009426459339790429,0.005085822274542825,0.0010700943326421423,200,percentile
PREVENT-CVD (recal),age_group,40-49,pct_flagged_20,0.00023487749827262656,0.0,0.00048695865874703317,0.00016735621880310046,200,percentile
PREVENT-CVD (recal),age_group,40-49,TPR_20,0.021943729739455575,0.0,0.06868562432262287,0.02352521620643025,200,percentile
PREVENT-CVD (recal),age_group,40-49,FPR_20,0.0,0.0,0.0,0.0,200,percentile
PREVENT-CVD (recal),age_group,40-49,rel_OE,1.234931758762972,0.7442783199096811,1.785225479577623,0.26715801140527845,200,percentile
PREVENT-CVD (recal),age_group,50-59,n,3260.0,1556.95,1729.1,43.378607839469154,200,percentile
PREVENT-CVD (recal),age_group,50-59,events,40.0,14.0,27.025000000000006,3.513992131965807,200,percentile
PREVENT-CVD (recal),age_group,50-59,observed,0.00996025642592069,0.006530629237850776,0.014154823223523235,0.0019785545433338328,200,percentile
PREVENT-CVD (recal),age_group,50-59,expected,0.012593145824904466,0.012051299938457858,0.013152629306278505,0.00028467734125583446,200,percentile
PREVENT-CVD (recal),age_group,50-59,OE,0.7909267917967789,0.5249231999972115,1.1034990760084509,0.15152505436757313,200,percentile
PREVENT-CVD (recal),age_group,50-59,cal_intercept,-0.23895642454354718,-0.6566144125008138,0.09059150636112497,0.1970462660534021,200,percentile
PREVENT-CVD (recal),age_group,50-59,cal_slope,1.1059256970591707,0.5862361771748951,1.5824660100115424,0.2586499946314751,200,percentile
PREVENT-CVD (recal),age_group,50-59,AUC,0.7284064519249335,0.6152729230597833,0.8200271193318962,0.05487199103705652,200,percentile
PREVENT-CVD (recal),age_group,50-59,brier,0.0097193024382066,0.0064855079755137485,0.013596250682897291,0.0018778669694211102,200,percentile
PREVENT-CVD (recal),age_group,50-59,scaled_brier,0.014374461512692949,-0.008793716769965898,0.032282728533548674,0.011310622202677994,200,percentile
PREVENT-CVD (recal),age_group,50-59,pct_flagged_7.5,0.005978055266078941,0.0034643037589891265,0.008201385146252729,0.0013035824578971642,200,percentile
PREVENT-CVD (recal),age_group,50-59,TPR_7.5,0.1282965238469548,0.02171217963589749,0.2680022267347542,0.06748610584108398,200,percentile
PREVENT-CVD (recal),age_group,50-59,FPR_7.5,0.005012285490719511,0.002794153942396602,0.007251856896374389,0.0012154488733551714,200,percentile
PREVENT-CVD (recal),age_group,50-59,pct_flagged_20,0.0,0.0,0.0,0.0,200,percentile
PREVENT-CVD (recal),age_group,50-59,TPR_20,0.0,0.0,0.0,0.0,200,percentile
PREVENT-CVD (recal),age_group,50-59,FPR_20,0.0,0.0,0.0,0.0,200,percentile
PREVENT-CVD (recal),age_group,50-59,rel_OE,0.8169856805539049,0.5858752433897542,1.0860462941535465,0.1343552449350608,200,percentile
PREVENT-CVD (recal),age_group,60-69,n,3272.0,1556.0,1732.025,45.61075316216669,200,percentile
PREVENT-CVD (recal),age_group,60-69,events,92.0,38.975,54.0,4.329979052254737,200,percentile
PREVENT-CVD (recal),age_group,60-69,observed,0.02516531422026301,0.018837228448022214,0.03212763357149883,0.0035250731495560087,200,percentile
PREVENT-CVD (recal),age_group,60-69,expected,0.03063680050752266,0.02982870889419607,0.031591714760074455,0.00045452961055494033,200,percentile
PREVENT-CVD (recal),age_group,60-69,OE,0.8214080388088775,0.6229306928978101,1.0609651921945618,0.11500653952108014,200,percentile
PREVENT-CVD (recal),age_group,60-69,cal_intercept,-0.20427596257808547,-0.4986294426139746,0.05367808926376858,0.14620316182783447,200,percentile
PREVENT-CVD (recal),age_group,60-69,cal_slope,0.8651596778815437,0.3471372532086815,1.3686326699981761,0.263371228738786,200,percentile
PREVENT-CVD (recal),age_group,60-69,AUC,0.6402775472605228,0.5465739616403115,0.731146253336277,0.0451439520699874,200,percentile
PREVENT-CVD (recal),age_group,60-69,brier,0.024295428747719505,0.018729727174573704,0.031160440897021028,0.003239589710170772,200,percentile
PREVENT-CVD (recal),age_group,60-69,scaled_brier,0.009644229107685365,-0.020427748699360735,0.031746259721722285,0.013810767716653478,200,percentile
PREVENT-CVD (recal),age_group,60-69,pct_flagged_7.5,0.043631748083544176,0.03642819578938969,0.05291989606670616,0.004375941356552441,200,percentile
PREVENT-CVD (recal),age_group,60-69,TPR_7.5,0.10359526481933692,0.022551615577482132,0.18265491657109448,0.04399605440447084,200,percentile
PREVENT-CVD (recal),age_group,60-69,FPR_7.5,0.04278422914786768,0.035685271707987354,0.05206659171186122,0.004464486983313766,200,percentile
PREVENT-CVD (recal),age_group,60-69,pct_flagged_20,0.0012687190700077843,0.00014483931376103914,0.002421724298824411,0.000741296373283939,200,percentile
PREVENT-CVD (recal),age_group,60-69,TPR_20,0.02634487468779739,0.0,0.06321721688790116,0.026661529328524513,200,percentile
PREVENT-CVD (recal),age_group,60-69,FPR_20,0.000586127168573124,8.365855644717788e-05,0.0010908401242724305,0.00029504176886969665,200,percentile
PREVENT-CVD (recal),age_group,60-69,rel_OE,0.848471201834248,0.6667453648126237,1.0055401115492677,0.09247984665725217,200,percentile
PREVENT-CVD (recal),age_group,70-79,n,2091.0,987.9,1120.0,32.73460204209411,200,percentile
PREVENT-CVD (recal),age_group,70-79,events,168.0,71.0,96.025,6.601842288940279,200,percentile
PREVENT-CVD (recal),age_group,70-79,observed,0.07472044143926194,0.06027899228045474,0.08923346164971416,0.007513767174470167,200,percentile
PREVENT-CVD (recal),age_group,70-79,expected,0.06768712131176918,0.06576624246420446,0.06934075720574631,0.0009184570030360958,200,percentile
PREVENT-CVD (recal),age_group,70-79,OE,1.1039092812811029,0.8812342830981539,1.3172168968742473,0.1095698593966841,200,percentile
PREVENT-CVD (recal),age_group,70-79,cal_intercept,0.1091368108469813,-0.13288091301659957,0.29545199682525375,0.11011678052071784,200,percentile
PREVENT-CVD (recal),age_group,70-79,cal_slope,1.3033672174072561,1.0142367222829736,1.6946187402351012,0.1797952537455901,200,percentile
PREVENT-CVD (recal),age_group,70-79,AUC,0.6812525987522883,0.6417472912401442,0.7281904578428107,0.023509066658586666,200,percentile
PREVENT-CVD (recal),age_group,70-79,brier,0.0672328002760796,0.055047618362297275,0.07931193768040574,0.00627822964770792,200,percentile
PREVENT-CVD (recal),age_group,70-79,scaled_brier,0.02754659026321693,0.015028947065254424,0.040229051585617626,0.006722254306134495,200,percentile
PREVENT-CVD (recal),age_group,70-79,pct_flagged_7.5,0.3221609419759438,0.2977463531116189,0.3429473743336294,0.012150857545857843,200,percentile
PREVENT-CVD (recal),age_group,70-79,TPR_7.5,0.5542370168937333,0.47819596354756083,0.6433626486946313,0.040423214705621054,200,percentile
PREVENT-CVD (recal),age_group,70-79,FPR_7.5,0.300843900662966,0.2721073714722928,0.3286067122743451,0.01513836795562499,200,percentile
PREVENT-CVD (recal),age_group,70-79,pct_flagged_20,0.004927415332445181,0.0025378687645265323,0.007803768465226793,0.0013557536134459615,200,percentile
PREVENT-CVD (recal),age_group,70-79,TPR_20,0.01498589889860154,0.005499066761356303,0.027165548704886328,0.006375615413492873,200,percentile
PREVENT-CVD (recal),age_group,70-79,FPR_20,0.003994812640653144,0.00163824168029793,0.006705958410918903,0.0013730156266618173,200,percentile
PREVENT-CVD (recal),age_group,70-79,rel_OE,1.1402800926598813,0.9822185079864613,1.3264688369424267,0.0965067821790068,200,percentile
PREVENT-CVD (recal),income,PIR 1.3-3.5,n,4300.0,2061.0,2269.225,52.23236424260208,200,percentile
PREVENT-CVD (recal),income,PIR 1.3-3.5,events,134.0,55.975,78.025,6.202915103311867,200,percentile
PREVENT-CVD (recal),income,PIR 1.3-3.5,observed,0.024634807027959664,0.019230422884167927,0.02991313661643493,0.0028751717546942022,200,percentile
PREVENT-CVD (recal),income,PIR 1.3-3.5,expected,0.02379195539532741,0.022568977649876913,0.025256871439743336,0.0006349528433082615,200,percentile
PREVENT-CVD (recal),income,PIR 1.3-3.5,OE,1.0354259084059054,0.8059258435358645,1.2442255316135886,0.115267547912252,200,percentile
PREVENT-CVD (recal),income,PIR 1.3-3.5,cal_intercept,0.038545403173508894,-0.23782496160584304,0.23682951602756505,0.11948243838865506,200,percentile
PREVENT-CVD (recal),income,PIR 1.3-3.5,cal_slope,1.2148910371833426,0.963806980649006,1.557871541778423,0.1561071289236075,200,percentile
PREVENT-CVD (recal),income,PIR 1.3-3.5,AUC,0.8321998951296936,0.7926146726644778,0.8731413371560621,0.022071269784447373,200,percentile
PREVENT-CVD (recal),income,PIR 1.3-3.5,brier,0.02265875731861362,0.017965291842958253,0.02761491394695547,0.0025180577706974167,200,percentile
PREVENT-CVD (recal),income,PIR 1.3-3.5,scaled_brier,0.05698267821619485,0.03406677658435125,0.08013690634086296,0.011888813225376375,200,percentile
PREVENT-CVD (recal),income,PIR 1.3-3.5,pct_flagged_7.5,0.07028901057021182,0.06218974572563614,0.0787766030592583,0.004434812661844141,200,percentile
PREVENT-CVD (recal),income,PIR 1.3-3.5,TPR_7.5,0.36980836057487904,0.2960627004094417,0.4640445245891976,0.04652321805917874,200,percentile
PREVENT-CVD (recal),income,PIR 1.3-3.5,FPR_7.5,0.06246705711062987,0.05304753078977403,0.07203469125784205,0.0048251690421922296,200,percentile
PREVENT-CVD (recal),income,PIR 1.3-3.5,pct_flagged_20,0.0009793756286692774,3.813888229246178e-05,0.0018243013449056533,0.0004862178918381957,200,percentile
PREVENT-CVD (recal),income,PIR 1.3-3.5,TPR_20,0.016201787912707433,0.0,0.03931939526071119,0.016653231505138866,200,percentile
PREVENT-CVD (recal),income,PIR 1.3-3.5,FPR_20,0.0005731044963610703,0.0,0.0011088374382469525,0.0003087584496815114,200,percentile
PREVENT-CVD (recal),income,PIR 1.3-3.5,rel_OE,1.0695403787250854,0.8967339181801521,1.2267803988067638,0.09261368838129325,200,percentile
PREVENT-CVD (recal),income,PIR<1.3,n,2973.0,1391.8,1601.1,52.18286145997319,200,percentile
PREVENT-CVD (recal),income,PIR<1.3,events,113.0,48.0,66.0,4.42231663521627,200,percentile
PREVENT-CVD (recal),income,PIR<1.3,observed,0.032136508605885745,0.02596628583600367,0.03855131068213482,0.003362469636431314,200,percentile
PREVENT-CVD (recal),income,PIR<1.3,expected,0.023459708976363777,0.022120897947453266,0.02481744718833494,0.0007246965890703857,200,percentile
PREVENT-CVD (recal),income,PIR<1.3,OE,1.3698596448175915,1.1255103164759932,1.6696640930250937,0.14573459229157443,200,percentile
PREVENT-CVD (recal),income,PIR<1.3,cal_intercept,0.34408092966762255,0.1336968274575956,0.5596616480607693,0.11400873656870619,200,percentile
PREVENT-CVD (recal),income,PIR<1.3,cal_slope,0.9854327255286606,0.7664623867419481,1.1867414998687784,0.1068727776681625,200,percentile
PREVENT-CVD (recal),income,PIR<1.3,AUC,0.8057070050916189,0.7536903412982447,0.8389715031176534,0.02266048170541045,200,percentile
PREVENT-CVD (recal),income,PIR<1.3,brier,0.029626150084276763,0.023979206792390732,0.035488709303974734,0.003032649672102342,200,percentile
PREVENT-CVD (recal),income,PIR<1.3,scaled_brier,0.0475056278982231,0.025539987912590136,0.06667985732592802,0.010724616284135435,200,percentile
PREVENT-CVD (recal),income,PIR<1.3,pct_flagged_7.5,0.07029989160761202,0.06155217262479372,0.08068158697090162,0.005017125300624394,200,percentile
PREVENT-CVD (recal),income,PIR<1.3,TPR_7.5,0.26342840204219903,0.17289974828837287,0.37192501443372283,0.050028130534378316,200,percentile
PREVENT-CVD (recal),income,PIR<1.3,FPR_7.5,0.06426065704697474,0.05478823648606432,0.07456326103944136,0.005398901816877034,200,percentile
PREVENT-CVD (recal),income,PIR<1.3,pct_flagged_20,0.0026319058987948635,0.0013040507425824159,0.004039960258815947,0.0007108692030985019,200,percentile
PREVENT-CVD (recal),income,PIR<1.3,TPR_20,0.03865284776573424,0.009967745951933608,0.06765427609555044,0.01623850319709879,200,percentile
PREVENT-CVD (recal),income,PIR<1.3,FPR_20,0.0011162702845758034,0.0004086311370203229,0.0018634699976030982,0.0003984934783700011,200,percentile
PREVENT-CVD (recal),income,PIR<1.3,rel_OE,1.4149927980593515,1.1924374793231665,1.6679179069834427,0.1297173792445096,200,percentile
PREVENT-CVD (recal),income,PIR>3.5,n,4520.0,2133.775,2405.05,75.40521671968538,200,percentile
PREVENT-CVD (recal),income,PIR>3.5,events,55.0,18.975,37.0,4.311370382240932,200,percentile
PREVENT-CVD (recal),income,PIR>3.5,observed,0.009882996868099557,0.00662408747419736,0.01367297211594502,0.0017183769339146869,200,percentile
PREVENT-CVD (recal),income,PIR>3.5,expected,0.014070744274916289,0.013461929763221067,0.01481466775597945,0.00035137429572293404,200,percentile
PREVENT-CVD (recal),income,PIR>3.5,OE,0.7023791119363765,0.45632204712004537,0.9668310291566932,0.12068549020134128,200,percentile
PREVENT-CVD (recal),income,PIR>3.5,cal_intercept,-0.372439344646948,-0.7910290646065354,-0.04958970334337752,0.17900541815937507,200,percentile
PREVENT-CVD (recal),income,PIR>3.5,cal_slope,0.9211498166295681,0.6272191150012228,1.3472276417530868,0.18386528659407095,200,percentile
PREVENT-CVD (recal),income,PIR>3.5,AUC,0.7800719703610394,0.7041529834171436,0.8677399385769242,0.04280290718961903,200,percentile
PREVENT-CVD (recal),income,PIR>3.5,brier,0.00968966436974186,0.006568562594345752,0.013239143835971629,0.0016130295415708697,200,percentile
PREVENT-CVD (recal),income,PIR>3.5,scaled_brier,0.009775749753670016,-0.02207190816309693,0.03186458216658878,0.014096353104890212,200,percentile
PREVENT-CVD (recal),income,PIR>3.5,pct_flagged_7.5,0.02172684545709377,0.01745993655646905,0.026106552071493764,0.0022544922108257456,200,percentile
PREVENT-CVD (recal),income,PIR>3.5,TPR_7.5,0.20350062705073232,0.08120756250286432,0.33367835838763993,0.05807699377228599,200,percentile
PREVENT-CVD (recal),income,PIR>3.5,FPR_7.5,0.02013975143734707,0.015081535915253816,0.025288408035300153,0.002582906667957997,200,percentile
PREVENT-CVD (recal),income,PIR>3.5,pct_flagged_20,0.0002740001545291992,0.0,0.0005834476390978397,0.00019772956895889264,200,percentile
PREVENT-CVD (recal),income,PIR>3.5,TPR_20,0.0,0.0,0.0,0.0,200,percentile
PREVENT-CVD (recal),income,PIR>3.5,FPR_20,0.00026965592845779935,0.0,0.0005808961476698915,0.0001957463463902114,200,percentile
PREVENT-CVD (recal),income,PIR>3.5,rel_OE,0.7255205952356067,0.5061111669388697,0.8910727197198538,0.09811939895902529,200,percentile
PREVENT-CVD (recal),education,<HS,n,3925.0,1840.925,2077.375,63.90603792613881,200,percentile
PREVENT-CVD (recal),education,<HS,events,132.0,57.975,77.0,5.268182202486258,200,percentile
PREVENT-CVD (recal),education,<HS,observed,0.029007725915108577,0.023451540059760526,0.03679807595623777,0.0036020534999067944,200,percentile
PREVENT-CVD (recal),education,<HS,expected,0.027723830734400753,0.026002721632992578,0.02937107847770031,0.0008457366216354674,200,percentile
PREVENT-CVD (recal),education,<HS,OE,1.0463101651791114,0.8316463587083245,1.3150256847312953,0.12282075901373515,200,percentile
PREVENT-CVD (recal),education,<HS,cal_intercept,0.028730667739740548,-0.214468206789727,0.28271950786462047,0.12447953955499498,200,percentile
PREVENT-CVD (recal),education,<HS,cal_slope,0.9729341479815564,0.6875366200815217,1.1720785576457902,0.12851626683582862,200,percentile
PREVENT-CVD (recal),education,<HS,AUC,0.790982377627799,0.7277359197508864,0.8253463646909124,0.0247604700058929,200,percentile
PREVENT-CVD (recal),education,<HS,brier,0.027053753985749197,0.0224093977276358,0.03371075672828638,0.0030653883568093373,200,percentile
PREVENT-CVD (recal),education,<HS,scaled_brier,0.039498430583387645,0.007654742167784665,0.0612488745048211,0.01373155758582261,200,percentile
PREVENT-CVD (recal),education,<HS,pct_flagged_7.5,0.0927241822528729,0.08068344475955802,0.10602821903462997,0.006455776891098328,200,percentile
PREVENT-CVD (recal),education,<HS,TPR_7.5,0.41300391928498165,0.27998777698771676,0.519395656193002,0.06342949059575594,200,percentile
PREVENT-CVD (recal),education,<HS,FPR_7.5,0.08599075607959379,0.07392829755163494,0.09731039658201841,0.006196382436057359,200,percentile
PREVENT-CVD (recal),education,<HS,pct_flagged_20,0.0024103014994056983,0.00117838831380093,0.0037235522932532058,0.0006687453934852065,200,percentile
PREVENT-CVD (recal),education,<HS,TPR_20,0.017655528799610354,0.008155879832346634,0.029362985853508716,0.007282882873053276,200,percentile
PREVENT-CVD (recal),education,<HS,FPR_20,0.001960103368532104,0.0007907241621949792,0.003270909522598801,0.0006602175621359277,200,percentile
PREVENT-CVD (recal),education,<HS,rel_OE,1.0807832421852803,0.8985313269926373,1.333252766853694,0.11580243034848314,200,percentile
PREVENT-CVD (recal),education,College+,n,2673.0,1246.9,1434.125,51.98476753123342,200,percentile
PREVENT-CVD (recal),education,College+,events,45.0,15.0,29.025000000000006,3.644173431657719,200,percentile
PREVENT-CVD (recal),education,College+,observed,0.011212050736599574,0.007060347272302816,0.01525686179600597,0.002068265585715939,200,percentile
PREVENT-CVD (recal),education,College+,expected,0.01402865626070771,0.013222884675110522,0.014894730170077664,0.00045345140199954607,200,percentile
PREVENT-CVD (recal),education,College+,OE,0.799224852917877,0.5010138043169047,1.0845120008761833,0.14469462862757076,200,percentile
PREVENT-CVD (recal),education,College+,cal_intercept,-0.2361448085953133,-0.7210311282261048,0.08408626454719356,0.19492329553601448,200,percentile
PREVENT-CVD (recal),education,College+,cal_slope,1.403697325665439,1.018501053552598,1.797360215858823,0.20309668298042385,200,percentile
PREVENT-CVD (recal),education,College+,AUC,0.8768968948649205,0.8223070510097925,0.9189795760703526,0.02848953516426573,200,percentile
PREVENT-CVD (recal),education,College+,brier,0.010479716642289843,0.006687674677154367,0.014104290231669486,0.001832258600462328,200,percentile
PREVENT-CVD (recal),education,College+,scaled_brier,0.054718146543932145,0.009391734319759235,0.0834853915199113,0.019200088284131975,200,percentile
PREVENT-CVD (recal),education,College+,pct_flagged_7.5,0.02348344413701411,0.01944002359923441,0.028317254160893587,0.0022855990172014826,200,percentile
PREVENT-CVD (recal),education,College+,TPR_7.5,0.28086983518573794,0.12544105928663848,0.4386032436067155,0.07951310260971203,200,percentile
PREVENT-CVD (recal),education,College+,FPR_7.5,0.02009157991701502,0.014750661211439422,0.026674057601486324,0.0033397781970532802,200,percentile
PREVENT-CVD (recal),education,College+,pct_flagged_20,0.0004377540157496678,0.0,0.0009367196924703899,0.0004392181663117231,200,percentile
PREVENT-CVD (recal),education,College+,TPR_20,0.03824827407847692,0.0,0.10796969111889866,0.04071518328824156,200,percentile
PREVENT-CVD (recal),education,College+,FPR_20,0.0,0.0,0.0,0.0,200,percentile
PREVENT-CVD (recal),education,College+,rel_OE,0.8255571402422247,0.5271283502721446,1.075563581594395,0.13190368140461708,200,percentile
PREVENT-CVD (recal),education,HS/GED,n,2987.0,1432.875,1602.075,45.80507504084552,200,percentile
PREVENT-CVD (recal),education,HS/GED,events,87.0,34.0,52.0,4.588490626682783,200,percentile
PREVENT-CVD (recal),education,HS/GED,observed,0.021233046724068116,0.015012183057993728,0.027494939776271734,0.003269945255758333,200,percentile
PREVENT-CVD (recal),education,HS/GED,expected,0.02111789292652293,0.020021847768543582,0.02234589350706744,0.0006126183784657259,200,percentile
PREVENT-CVD (recal),education,HS/GED,OE,1.005452901856537,0.7379496044038962,1.275173396007776,0.14839781707141286,200,percentile
PREVENT-CVD (recal),education,HS/GED,cal_intercept,0.01314105926716254,-0.31775141594275136,0.26260397791558265,0.1592041253172226,200,percentile
PREVENT-CVD (recal),education,HS/GED,cal_slope,1.1130233912304959,0.790072032869537,1.5612134247117455,0.20384419429897216,200,percentile
PREVENT-CVD (recal),education,HS/GED,AUC,0.8116362936457573,0.7459564155628917,0.8828507593265154,0.03554729169333847,200,percentile
PREVENT-CVD (recal),education,HS/GED,brier,0.019763502514344968,0.014454880022444954,0.02538538371809901,0.002973538511734079,200,percentile
PREVENT-CVD (recal),education,HS/GED,scaled_brier,0.049017992241601305,0.026798324488217888,0.06621615614342061,0.010198795958911976,200,percentile
PREVENT-CVD (recal),education,HS/GED,pct_flagged_7.5,0.053962661956813485,0.046725452563273324,0.061212653706618415,0.003927423773899571,200,percentile
PREVENT-CVD (recal),education,HS/GED,TPR_7.5,0.3352803104560282,0.2445907137553728,0.4435552940985808,0.05203889993065291,200,percentile
PREVENT-CVD (recal),education,HS/GED,FPR_7.5,0.04737615713075633,0.040777405539568386,0.05473319479543552,0.003923010744515937,200,percentile
PREVENT-CVD (recal),education,HS/GED,pct_flagged_20,0.00047577821395418873,0.0,0.0009809331819720913,0.0002507493120036812,200,percentile
PREVENT-CVD (recal),education,HS/GED,TPR_20,0.0061606537032793795,0.0,0.016051844463219098,0.00653985171777687,200,percentile
PREVENT-CVD (recal),education,HS/GED,FPR_20,0.00018459475723437926,0.0,0.0003951359452921582,0.00012959136587821374,200,percentile
PREVENT-CVD (recal),education,HS/GED,rel_OE,1.038579843049776,0.8045576837456667,1.2421555135721425,0.11199708238427283,200,percentile
PREVENT-CVD (recal),education,Some college,n,3252.0,1556.975,1714.025,41.8909181100212,200,percentile
PREVENT-CVD (recal),education,Some college,events,67.0,25.975,41.0,4.131737683034468,200,percentile
PREVENT-CVD (recal),education,Some college,observed,0.016017017148540397,0.01082300539616698,0.021233913776032794,0.002564644906706082,200,percentile
PREVENT-CVD (recal),education,Some college,expected,0.016220713118597938,0.015467581744022468,0.016856103974639394,0.0003965720596284364,200,percentile
PREVENT-CVD (recal),education,Some college,OE,0.9874422308952624,0.6763410851979522,1.305977531535334,0.15551538575711757,200,percentile
PREVENT-CVD (recal),education,Some college,cal_intercept,-0.01642038261562405,-0.409292193824234,0.268276504559631,0.1653704586580443,200,percentile
PREVENT-CVD (recal),education,Some college,cal_slope,0.9174186651160794,0.681012285563606,1.2104105903273676,0.13573473538652048,200,percentile
PREVENT-CVD (recal),education,Some college,AUC,0.7825526132928687,0.7233937354901556,0.8573646809267853,0.03309685622147088,200,percentile
PREVENT-CVD (recal),education,Some college,brier,0.01537344512211706,0.010518766595987498,0.020423175943244137,0.0024253247411786536,200,percentile
PREVENT-CVD (recal),education,Some college,scaled_brier,0.024556826754241756,0.00510918719871579,0.04318714767647457,0.009566410889105328,200,percentile
PREVENT-CVD (recal),education,Some college,pct_flagged_7.5,0.03167383506824216,0.026924995504889613,0.03639733511630211,0.0026331702696741734,200,percentile
PREVENT-CVD (recal),education,Some college,TPR_7.5,0.1378055380720587,0.07540457036910954,0.21973324733744978,0.03835974631058909,200,percentile
PREVENT-CVD (recal),education,Some college,FPR_7.5,0.030575393690636558,0.025423811311860237,0.03690267955938551,0.0031281806661021504,200,percentile
PREVENT-CVD (recal),education,Some college,pct_flagged_20,0.0006573427202502289,0.0,0.0013082966958516552,0.0003648272564574205,200,percentile
PREVENT-CVD (recal),education,Some college,TPR_20,0.011550724582808727,0.0,0.029141940634581216,0.011934923375023188,200,percentile
PREVENT-CVD (recal),education,Some college,FPR_20,0.00046321239341963173,0.0,0.0009836342670548914,0.00031078908848457265,200,percentile
PREVENT-CVD (recal),education,Some college,rel_OE,1.019975769417244,0.7485706170208734,1.2825413387181253,0.14497715707282746,200,percentile
PREVENT-CVD (recal),sex,GAP(max-min),OE,0.23251632926795374,0.01707628184266341,0.4268709183344309,0.11310512766211388,200,basic
PREVENT-CVD (recal),sex,GAP(max-min),AUC,0.05214862105610263,0.009701571173373155,0.09880244564081771,0.02455801393704397,200,basic
PREVENT-CVD (recal),sex,GAP(max-min),cal_slope,0.19294517539747824,0.0,0.3752932339318764,0.11325909358073696,200,basic
PREVENT-CVD (recal),sex,GAP(max-min),TPR_7.5,0.027414174005997105,0.0,0.052815842164004645,0.03471147802788954,200,basic
PREVENT-CVD (recal),sex,GAP(max-min),FPR_7.5,0.015055123517408016,0.007217924303865517,0.02315502910371718,0.004100067479185164,200,basic
PREVENT-CVD (recal),sex,GAP(max-min),pct_flagged_7.5,0.016508784681232853,0.009916752057752578,0.023993377716605244,0.003712131186419668,200,basic
PREVENT-CVD (recal),sex,GAP(max/min),OE,1.2754115864422706,1.0,1.5116763250171006,0.15304962960681964,200,basic
PREVENT-CVD (recal),race,GAP(max-min),OE,0.26606412034308424,0.0,0.4399709586396843,0.1789475392471554,200,basic
PREVENT-CVD (recal),race,GAP(max-min),AUC,0.14103908732806014,0.06188938966306329,0.25792400421854894,0.054930475529999655,200,basic
PREVENT-CVD (recal),race,GAP(max-min),cal_slope,0.5948156074547443,0.2609337794289971,1.042325521476413,0.20312129719358937,200,basic
PREVENT-CVD (recal),race,GAP(max-min),TPR_7.5,0.21812630328744462,0.01844857926355087,0.36396972304029557,0.08603316013142195,200,basic
PREVENT-CVD (recal),race,GAP(max-min),FPR_7.5,0.041346239072741875,0.03038584426224545,0.06799283937025873,0.009746313441566984,200,basic
PREVENT-CVD (recal),race,GAP(max-min),pct_flagged_7.5,0.036914061076600856,0.027198143170975873,0.057471256353399475,0.007905987401784458,200,basic
PREVENT-CVD (recal),race,GAP(max/min),OE,1.3032530147517285,1.0,1.518171637632897,0.2937837420058374,200,basic
PREVENT-CVD (recal),age_group,GAP(max-min),OE,0.4046151097260663,0.0,0.5935062385685155,0.21976922730890755,200,basic
PREVENT-CVD (recal),age_group,GAP(max-min),AUC,0.18179540149834827,0.06352795442283055,0.26420371956141486,0.05404846896287147,200,basic
PREVENT-CVD (recal),age_group,GAP(max-min),cal_slope,0.43820753952571245,0.0,0.7101920924795411,0.25910243485118284,200,basic
PREVENT-CVD (recal),age_group,GAP(max-min),TPR_7.5,0.5322932871542777,0.43568383927244037,0.6264953194543375,0.04607644255246936,200,basic
PREVENT-CVD (recal),age_group,GAP(max-min),FPR_7.5,0.2978805946791923,0.2709625545316327,0.32568567211900284,0.015111471078722447,200,basic
PREVENT-CVD (recal),age_group,GAP(max-min),pct_flagged_7.5,0.31941730544498076,0.2988718966300846,0.3443164187097868,0.012210946420070867,200,basic
PREVENT-CVD (recal),age_group,GAP(max/min),OE,1.5115708734646434,1.0,1.758328558792641,0.381427424057922,200,basic
PREVENT-CVD (recal),income,GAP(max-min),OE,0.667480532881215,0.3114555597840174,0.9566376282860989,0.16458624923392978,200,basic
PREVENT-CVD (recal),income,GAP(max-min),AUC,0.052127924768654244,0.0,0.08948462159633563,0.03193667266446656,200,basic
PREVENT-CVD (recal),income,GAP(max-min),cal_slope,0.2937412205537745,0.0,0.48801700392827185,0.1731729729601822,200,basic
PREVENT-CVD (recal),income,GAP(max-min),TPR_7.5,0.1663077335241467,0.0,0.2546763862734943,0.06170777133102331,200,basic
PREVENT-CVD (recal),income,GAP(max-min),FPR_7.5,0.04412090560962767,0.03213804220298367,0.05027737441375823,0.004513012465913043,200,basic
PREVENT-CVD (recal),income,GAP(max-min),pct_flagged_7.5,0.048573046150518245,0.0366341050434971,0.053334567866364965,0.00442407728801119,200,basic
PREVENT-CVD (recal),income,GAP(max/min),OE,1.9503137572543263,1.0,2.4244191917527287,0.38062523671610127,200,basic
PREVENT-CVD (recal),education,GAP(max-min),OE,0.2470853122612343,0.0,0.36555626207104874,0.1622372159649569,200,basic
PREVENT-CVD (recal),education,GAP(max-min),AUC,0.09434428157205177,0.013600459769322504,0.14045845481569777,0.031022121109122894,200,basic
PREVENT-CVD (recal),education,GAP(max-min),cal_slope,0.48627866054935964,0.017709521644248105,0.7331447923372042,0.1941312828013977,200,basic
PREVENT-CVD (recal),education,GAP(max-min),TPR_7.5,0.27519838121292295,0.1343181471203294,0.4106481564048337,0.06990006844946414,200,basic
PREVENT-CVD (recal),education,GAP(max-min),FPR_7.5,0.06589917616257877,0.05400959980827619,0.07893464352984711,0.006482288840218005,200,basic
PREVENT-CVD (recal),education,GAP(max-min),pct_flagged_7.5,0.06924073811585879,0.05625463384552587,0.08159877798526541,0.0067871409982092155,200,basic
PREVENT-CVD (recal),education,GAP(max/min),OE,1.309156192226949,1.0,1.471450741299833,0.3320777875127174,200,basic
PREVENT-ASCVD (recal),Overall,All,n,12851.0,6243.8,6681.15,113.20703129520443,200,percentile
PREVENT-ASCVD (recal),Overall,All,events,333.0,151.0,188.025,9.198578380440397,200,percentile
PREVENT-ASCVD (recal),Overall,All,observed,0.018259132654697845,0.0152370789918285,0.02194398216351286,0.0015577176931997592,200,percentile
PREVENT-ASCVD (recal),Overall,All,expected,0.01896791042790868,0.018267655620415324,0.019631621996036002,0.00036696484169653946,200,percentile
PREVENT-ASCVD (recal),Overall,All,OE,0.9626327962742819,0.8306553893296669,1.1495409821666553,0.07624358939892117,200,percentile
PREVENT-ASCVD (recal),Overall,All,cal_intercept,-0.04332897704633894,-0.19308877817967532,0.13627670679480233,0.07972076898577839,200,percentile
PREVENT-ASCVD (recal),Overall,All,cal_slope,1.0707298358258903,0.9230601807165957,1.2656393864973075,0.09279632596232172,200,percentile
PREVENT-ASCVD (recal),Overall,All,AUC,0.8170523798703989,0.7848954617177749,0.8529383095705223,0.01748286562323361,200,percentile
PREVENT-ASCVD (recal),Overall,All,brier,0.017200017328137463,0.01459879854460359,0.02054656068254665,0.0014338032367067484,200,percentile
PREVENT-ASCVD (recal),Overall,All,scaled_brier,0.04048477405497308,0.02791672510986691,0.05582995029913766,0.007028917376765024,200,percentile
PREVENT-ASCVD (recal),Overall,All,pct_flagged_7.5,0.045150164687607464,0.04080769455870849,0.04862099798463274,0.0021108488117269723,200,percentile
PREVENT-ASCVD (recal),Overall,All,TPR_7.5,0.2736321435028997,0.22321322944502037,0.34413776316946726,0.03282979041035039,200,percentile
PREVENT-ASCVD (recal),Overall,All,FPR_7.5,0.04084555086146193,0.035924723451237886,0.04514051409098317,0.002391514915917345,200,percentile
PREVENT-ASCVD (recal),Overall,All,pct_flagged_20,0.0005756531872727176,0.0003266289652227702,0.0008831201935324886,0.00015090584260959734,200,percentile
PREVENT-ASCVD (recal),Overall,All,TPR_20,0.010369549130395917,0.0004814944014546547,0.022447350412744874,0.005584388977364445,200,percentile
PREVENT-ASCVD (recal),Overall,All,FPR_20,0.0003844288781324952,0.00018085724600350596,0.0006232502832794749,0.00012645325306996803,200,percentile
PREVENT-ASCVD (recal),Overall,All,rel_OE,1.0,1.0,1.0,0.0,200,percentile
PREVENT-ASCVD (recal),sex,Female,n,6536.0,3170.95,3407.1,61.6232431431306,200,percentile
PREVENT-ASCVD (recal),sex,Female,events,129.0,53.975,76.025,5.6826987714142625,200,percentile
PREVENT-ASCVD (recal),sex,Female,observed,0.014298811656041032,0.011440341297596274,0.017886875796136174,0.0015999201735201812,200,percentile
PREVENT-ASCVD (recal),sex,Female,expected,0.016136326545635273,0.015337664673289663,0.016985311963509463,0.0004252057515747859,200,percentile
PREVENT-ASCVD (recal),sex,Female,OE,0.8861255760784494,0.735780836769025,1.079789942582511,0.08969405597678533,200,percentile
PREVENT-ASCVD (recal),sex,Female,cal_intercept,-0.1348339284298444,-0.32776031378228565,0.08069161535191703,0.10426115032275149,200,percentile
PREVENT-ASCVD (recal),sex,Female,cal_slope,1.20151490046752,0.9414402005258308,1.4924621300068714,0.13752764212458815,200,percentile
PREVENT-ASCVD (recal),sex,Female,AUC,0.8440655980991179,0.7967250206611862,0.8832648419844553,0.0215392534994307,200,percentile
PREVENT-ASCVD (recal),sex,Female,brier,0.013401459997304783,0.010861309592075994,0.016735586799172794,0.0014637582255490637,200,percentile
PREVENT-ASCVD (recal),sex,Female,scaled_brier,0.04916121471581303,0.029268971396734633,0.06402877879553964,0.00893202848715552,200,percentile
PREVENT-ASCVD (recal),sex,Female,pct_flagged_7.5,0.03141249469291185,0.02767141350838166,0.0362267903997413,0.0023178586412693097,200,percentile
PREVENT-ASCVD (recal),sex,Female,TPR_7.5,0.2884383688210561,0.18581828003336298,0.38686328224138744,0.051190092207857106,200,percentile
PREVENT-ASCVD (recal),sex,Female,FPR_7.5,0.027531194899724585,0.02370499086750305,0.03295458574687863,0.0024146918595025074,200,percentile
PREVENT-ASCVD (recal),sex,Female,pct_flagged_20,0.00037217936831843943,4.918620068480297e-05,0.0007005668826825199,0.00017036423730563792,200,percentile
PREVENT-ASCVD (recal),sex,Female,TPR_20,0.011937628887858513,0.0,0.027385729446035463,0.009026678219847949,200,percentile
PREVENT-ASCVD (recal),sex,Female,FPR_20,0.00019750119267827814,2.8005561537618915e-05,0.00038829103075891573,0.00010412945825660088,200,percentile
PREVENT-ASCVD (recal),sex,Female,rel_OE,0.9205229444789939,0.8083650326766129,1.0367957458574357,0.06434856713686612,200,percentile
PREVENT-ASCVD (recal),sex,Male,n,6315.0,3057.975,3290.125,60.87899192900173,200,percentile
PREVENT-ASCVD (recal),sex,Male,events,204.0,87.975,117.0,7.245776798041406,200,percentile
PREVENT-ASCVD (recal),sex,Male,observed,0.022578668278006912,0.019075092164227442,0.02767814346895268,0.002252923241004078,200,percentile
PREVENT-ASCVD (recal),sex,Male,expected,0.02207058778694387,0.021151736429937958,0.02281530939059284,0.0004640069743902009,200,percentile
PREVENT-ASCVD (recal),sex,Male,OE,1.0230207050200812,0.8854437517982746,1.2645356705913993,0.09846963749241515,200,percentile
PREVENT-ASCVD (recal),sex,Male,cal_intercept,0.025756112452621622,-0.12764775309308957,0.23620106735036595,0.09881259180056262,200,percentile
PREVENT-ASCVD (recal),sex,Male,cal_slope,0.9749777183072258,0.794385260440519,1.1856472280734924,0.10397624340130257,200,percentile
PREVENT-ASCVD (recal),sex,Male,AUC,0.7873467943007658,0.7430718865623406,0.8296927017375887,0.02269417564131247,200,percentile
PREVENT-ASCVD (recal),sex,Male,brier,0.021343116767116904,0.018125822472717244,0.02604179605783969,0.0020563759578365983,200,percentile
PREVENT-ASCVD (recal),sex,Male,scaled_brier,0.032885924080274354,0.015189902402703376,0.050755086688613456,0.008849906751519712,200,percentile
PREVENT-ASCVD (recal),sex,Male,pct_flagged_7.5,0.06020306773783167,0.0532061229469845,0.06640243607460938,0.003298275021640078,200,percentile
PREVENT-ASCVD (recal),sex,Male,TPR_7.5,0.2634050400712409,0.1904752276810339,0.3527827424438557,0.04157140693362839,200,percentile
PREVENT-ASCVD (recal),sex,Male,FPR_7.5,0.0554905820956884,0.048363808463681345,0.062132620889225956,0.003802061438197369,200,percentile
PREVENT-ASCVD (recal),sex,Male,pct_flagged_20,0.0007986074197706779,0.00032254855730258573,0.0013214169940972804,0.0002514858031778407,200,percentile
PREVENT-ASCVD (recal),sex,Male,TPR_20,0.009286429461198736,0.0,0.024634902908748067,0.006835912830445066,200,percentile
PREVENT-ASCVD (recal),sex,Male,FPR_20,0.0005900386575229402,0.0001773975052452199,0.0010546284449306368,0.00023507695255860393,200,percentile
PREVENT-ASCVD (recal),sex,Male,rel_OE,1.062732029263413,0.970530944021439,1.1498571903278347,0.05132141892333324,200,percentile
PREVENT-ASCVD (recal),race,Mexican American,n,2701.0,1106.925,1560.0,117.19133251689493,200,percentile
PREVENT-ASCVD (recal),race,Mexican American,events,55.0,16.975,36.0,4.965964560898566,200,percentile
PREVENT-ASCVD (recal),race,Mexican American,observed,0.016277313254553467,0.009612973904533445,0.022429504136546784,0.0034390260242196245,200,percentile
PREVENT-ASCVD (recal),race,Mexican American,expected,0.017855559857763978,0.016024865304357327,0.019179835277942557,0.0008705831237882601,200,percentile
PREVENT-ASCVD (recal),race,Mexican American,OE,0.9116103546580056,0.5734992383093038,1.2338970729509824,0.17564997623363937,200,percentile
PREVENT-ASCVD (recal),race,Mexican American,cal_intercept,-0.11337595590493164,-0.574888222787174,0.20287368869744718,0.2096272200979351,200,percentile
PREVENT-ASCVD (recal),race,Mexican American,cal_slope,0.7699074198559829,0.5217729497006395,1.0962955220301775,0.15530793973205395,200,percentile
PREVENT-ASCVD (recal),race,Mexican American,AUC,0.7768276784259381,0.6985064514508205,0.8596798795342769,0.042116818717513195,200,percentile
PREVENT-ASCVD (recal),race,Mexican American,brier,0.015872534890197975,0.00952835067052912,0.021598346913729194,0.00324343376366435,200,percentile
PREVENT-ASCVD (recal),race,Mexican American,scaled_brier,0.008732467746258687,-0.028876755508417486,0.03491113838974887,0.018168779114168428,200,percentile
PREVENT-ASCVD (recal),race,Mexican American,pct_flagged_7.5,0.04693397908073972,0.035776881701451664,0.055859697269659885,0.005346420475595468,200,percentile
PREVENT-ASCVD (recal),race,Mexican American,TPR_7.5,0.18896973302908113,0.07270528922278151,0.30559203454634,0.062034715935261296,200,percentile
PREVENT-ASCVD (recal),race,Mexican American,FPR_7.5,0.04651991169666516,0.035708902146370056,0.05526740763390303,0.005192390501506103,200,percentile
PREVENT-ASCVD (recal),race,Mexican American,pct_flagged_20,0.0016125287162142995,0.0003395032681125569,0.002777476864310927,0.0006856243244184975,200,percentile
PREVENT-ASCVD (recal),race,Mexican American,TPR_20,0.005745883898602327,0.0,0.01820950042989183,0.006755696906920279,200,percentile
PREVENT-ASCVD (recal),race,Mexican American,FPR_20,0.002647457767218209,0.00021682069039882367,0.005059553743894755,0.001637461914452393,200,percentile
PREVENT-ASCVD (recal),race,Mexican American,rel_OE,0.946996983882379,0.6108536116050002,1.3111833958172876,0.185626770448118,200,percentile
PREVENT-ASCVD (recal),race,NH Black,n,2419.0,1058.775,1360.05,75.45441550429952,200,percentile
PREVENT-ASCVD (recal),race,NH Black,events,80.0,30.0,51.025000000000006,5.232001932444744,200,percentile
PREVENT-ASCVD (recal),race,NH Black,observed,0.025565243548074105,0.02034727883567887,0.031121041799918914,0.002788823918965767,200,percentile
PREVENT-ASCVD (recal),race,NH Black,expected,0.021353686095220797,0.019912785597024207,0.022394977862229815,0.0006663642078577577,200,percentile
PREVENT-ASCVD (recal),race,NH Black,OE,1.1972285924815531,0.9559735314244919,1.4372349272163452,0.13128351645531058,200,percentile
PREVENT-ASCVD (recal),race,NH Black,cal_intercept,0.1619268973686343,-0.07682512065776986,0.3645912145524943,0.12096095681247955,200,percentile
PREVENT-ASCVD (recal),race,NH Black,cal_slope,0.8686819759361251,0.5956520877006137,1.1888156972846329,0.142743011034753,200,percentile
PREVENT-ASCVD (recal),race,NH Black,AUC,0.781508824899735,0.7072995112988356,0.8505387213951716,0.03440340886017243,200,percentile
PREVENT-ASCVD (recal),race,NH Black,brier,0.023884892030087604,0.019110153489992246,0.028831042025250657,0.0025071488395892053,200,percentile
PREVENT-ASCVD (recal),race,NH Black,scaled_brier,0.04121643291626764,0.017160723982413223,0.05943532899822637,0.011206895954240934,200,percentile
PREVENT-ASCVD (recal),race,NH Black,pct_flagged_7.5,0.05866400433357673,0.04754592671882615,0.06677498864801606,0.004808477410748746,200,percentile
PREVENT-ASCVD (recal),race,NH Black,TPR_7.5,0.30547266968763276,0.21674218238802304,0.3756350537914234,0.04284378760170408,200,percentile
PREVENT-ASCVD (recal),race,NH Black,FPR_7.5,0.05522442071842134,0.04257707360089758,0.0665366474400563,0.006016289045112968,200,percentile
PREVENT-ASCVD (recal),race,NH Black,pct_flagged_20,0.002114579084823549,0.0004646074474922409,0.0033977531397897448,0.0008130084543316342,200,percentile
PREVENT-ASCVD (recal),race,NH Black,TPR_20,0.02576688883258069,0.0,0.060052325699238386,0.01930444428324853,200,percentile
PREVENT-ASCVD (recal),race,NH Black,FPR_20,0.001475468309476142,0.0,0.002777217288750767,0.0006843268405996423,200,percentile
PREVENT-ASCVD (recal),race,NH Black,rel_OE,1.2437022685236128,0.9713358164271272,1.510945713127546,0.14429166872783084,200,percentile
PREVENT-ASCVD (recal),race,NH White,n,6377.0,2923.675,3514.8250000000003,150.60396699413948,200,percentile
PREVENT-ASCVD (recal),race,NH White,events,177.0,75.0,108.025,8.603363546986026,200,percentile
PREVENT-ASCVD (recal),race,NH White,observed,0.018143963408148334,0.01460569744998004,0.023247886440067204,0.0019702226850302155,200,percentile
PREVENT-ASCVD (recal),race,NH White,expected,0.018886166184298437,0.018091893315211063,0.0196755119103106,0.0004346053794249229,200,percentile
PREVENT-ASCVD (recal),race,NH White,OE,0.9607012472035137,0.7992581108110213,1.1996152649246428,0.09623299808771471,200,percentile
PREVENT-ASCVD (recal),race,NH White,cal_intercept,-0.04022839946895795,-0.2301410111244315,0.18207506267016277,0.10141452061565046,200,percentile
PREVENT-ASCVD (recal),race,NH White,cal_slope,1.166577623731127,0.955738618117587,1.4980231983217467,0.12997238568247618,200,percentile
PREVENT-ASCVD (recal),race,NH White,AUC,0.8304527779900421,0.790273485274481,0.8742490741879873,0.021365949309082085,200,percentile
PREVENT-ASCVD (recal),race,NH White,brier,0.01700371852708465,0.013853988533190463,0.021715675417517042,0.0018129757506145175,200,percentile
PREVENT-ASCVD (recal),race,NH White,scaled_brier,0.04552637660612968,0.029972029321021547,0.06361816872801243,0.00837133447240687,200,percentile
PREVENT-ASCVD (recal),race,NH White,pct_flagged_7.5,0.04394146142906407,0.03959174103740901,0.0486233865761397,0.002430606823379713,200,percentile
PREVENT-ASCVD (recal),race,NH White,TPR_7.5,0.2832829188146045,0.21503983964097195,0.37541083671875614,0.04227892810647823,200,percentile
PREVENT-ASCVD (recal),race,NH White,FPR_7.5,0.038971147426483964,0.03380599154420428,0.04394365066230081,0.0026492008071874293,200,percentile
PREVENT-ASCVD (recal),race,NH White,pct_flagged_20,0.0003247466721248109,0.00010480680301376758,0.000640224064402547,0.00013908639959754737,200,percentile
PREVENT-ASCVD (recal),race,NH White,TPR_20,0.008847630858351751,0.0,0.02268185077598575,0.006183769677199629,200,percentile
PREVENT-ASCVD (recal),race,NH White,FPR_20,0.000154031729917736,0.0,0.00032580638679811306,8.705398443025602e-05,200,percentile
PREVENT-ASCVD (recal),race,NH White,rel_OE,0.9979934726115255,0.9307009998343218,1.0445569320690657,0.030691396835484434,200,percentile
PREVENT-ASCVD (recal),race,Other Hispanic,n,901.0,337.925,571.325,56.95261540974261,200,percentile
PREVENT-ASCVD (recal),race,Other Hispanic,events,16.0,4.0,13.0,2.5987965904612405,200,percentile
PREVENT-ASCVD (recal),race,Other Hispanic,observed,0.0160590726115451,0.005101153958524901,0.02856040567230794,0.006160549074224618,200,percentile
PREVENT-ASCVD (recal),race,Other Hispanic,expected,0.018949642536506203,0.015935312582402918,0.02141065371984501,0.0014356501039419457,200,percentile
PREVENT-ASCVD (recal),race,Other Hispanic,OE,0.8474604510669548,0.254665362828446,1.6192524510502473,0.3472662767717276,200,percentile
PREVENT-ASCVD (recal),race,Other Hispanic,cal_intercept,-0.15593307594109515,-1.3671280998725275,0.5267667586046018,0.4810212929731173,200,percentile
PREVENT-ASCVD (recal),race,Other Hispanic,cal_slope,0.5877886172330152,0.23642020102840686,1.5330740408618455,0.674872826543345,200,percentile
PREVENT-ASCVD (recal),race,Other Hispanic,AUC,0.7015773901173916,0.5966573312807848,0.8660117024628805,0.07798637375941321,200,percentile
PREVENT-ASCVD (recal),race,Other Hispanic,brier,0.015719976309956876,0.005941322140506877,0.027582431717830095,0.005878078864162724,200,percentile
PREVENT-ASCVD (recal),race,Other Hispanic,scaled_brier,0.00513901459387045,-0.07114434840025154,0.058005510407460915,0.05740954238186193,200,percentile
PREVENT-ASCVD (recal),race,Other Hispanic,pct_flagged_7.5,0.04219926154031109,0.02651401582391255,0.054800564678595086,0.007610831074519408,200,percentile
PREVENT-ASCVD (recal),race,Other Hispanic,TPR_7.5,0.21509775905908252,0.059199191945465794,0.5106514713258562,0.12419648303543579,200,percentile
PREVENT-ASCVD (recal),race,Other Hispanic,FPR_7.5,0.037389626054344746,0.021181851693516125,0.05220760596592779,0.008146489234971148,200,percentile
PREVENT-ASCVD (recal),race,Other Hispanic,pct_flagged_20,0.000902075317345876,0.0,0.0022185607834521075,0.0009263535404789193,200,percentile
PREVENT-ASCVD (recal),race,Other Hispanic,TPR_20,0.0,0.0,0.0,0.0,200,percentile
PREVENT-ASCVD (recal),race,Other Hispanic,FPR_20,0.0,0.0,0.0,0.0,200,percentile
PREVENT-ASCVD (recal),race,Other Hispanic,rel_OE,0.8803569277370525,0.2642063291655659,1.7892930164238836,0.37253027576920283,200,percentile
PREVENT-ASCVD (recal),race,Other/Multiracial,n,453.0,187.0,263.1,18.956092482657272,200,percentile
PREVENT-ASCVD (recal),race,Other/Multiracial,events,5.0,1.0,4.0,0.8501256188582931,200,percentile
PREVENT-ASCVD (recal),race,Other/Multiracial,observed,0.008958833097011294,0.0017436925715847054,0.016630253922543997,0.004372740445559088,200,percentile
PREVENT-ASCVD (recal),race,Other/Multiracial,expected,0.016947326644070018,0.01466214068173036,0.019573449040940973,0.001255772720451404,200,percentile
PREVENT-ASCVD (recal),race,Other/Multiracial,OE,0.528628100771637,0.09801950666785514,1.0173956859291822,0.2693165194847233,200,percentile
PREVENT-ASCVD (recal),race,Other/Multiracial,cal_intercept,-0.6816936855246704,-2.3708583929944336,0.0038559521826221793,0.6578859407956932,200,percentile
PREVENT-ASCVD (recal),race,Other/Multiracial,cal_slope,0.8901181545077335,0.6479211909496352,1.4194370751852974,0.21752091074568766,200,percentile
PREVENT-ASCVD (recal),race,Other/Multiracial,AUC,0.8311820483178667,0.7678972695274892,0.9232343487429588,0.04753925048550506,200,percentile
PREVENT-ASCVD (recal),race,Other/Multiracial,brier,0.009263814981755984,0.0024410097141866214,0.01652364440650596,0.004136065431056594,200,percentile
PREVENT-ASCVD (recal),race,Other/Multiracial,scaled_brier,-0.0433901485018624,-0.43118067786518244,-0.00024238207683019563,0.11772216273929419,200,percentile
PREVENT-ASCVD (recal),race,Other/Multiracial,pct_flagged_7.5,0.038429177559862596,0.021211476197617003,0.05557893189685862,0.009227514754550482,200,percentile
PREVENT-ASCVD (recal),race,Other/Multiracial,TPR_7.5,0.0,0.0,0.0,0.0,200,percentile
PREVENT-ASCVD (recal),race,Other/Multiracial,FPR_7.5,0.04112947850400295,0.02080092874423746,0.05903228137703646,0.010238907082841546,200,percentile
PREVENT-ASCVD (recal),race,Other/Multiracial,pct_flagged_20,0.0,0.0,0.0,0.0,200,percentile
PREVENT-ASCVD (recal),race,Other/Multiracial,TPR_20,0.0,0.0,0.0,0.0,200,percentile
PREVENT-ASCVD (recal),race,Other/Multiracial,FPR_20,0.0,0.0,0.0,0.0,200,percentile
PREVENT-ASCVD (recal),race,Other/Multiracial,rel_OE,0.5491482347345826,0.10484699738403734,1.0874263345250363,0.28519643144662443,200,percentile
PREVENT-ASCVD (recal),age_group,40-49,n,4228.0,2046.975,2206.05,40.909693105054565,200,percentile
PREVENT-ASCVD (recal),age_group,40-49,events,33.0,12.0,23.0,2.8525576991772983,200,percentile
PREVENT-ASCVD (recal),age_group,40-49,observed,0.006177362043944706,0.0037141321245675847,0.009592236060778851,0.0015385042144552333,200,percentile
PREVENT-ASCVD (recal),age_group,40-49,expected,0.005410776916876328,0.005017999497070489,0.005813384270377216,0.00018615984434219157,200,percentile
PREVENT-ASCVD (recal),age_group,40-49,OE,1.1416774594194379,0.672573297418027,1.710017178936101,0.27168457701547927,200,percentile
PREVENT-ASCVD (recal),age_group,40-49,cal_intercept,0.13673155622008426,-0.40997114416906044,0.548626767124696,0.24823725796175178,200,percentile
PREVENT-ASCVD (recal),age_group,40-49,cal_slope,1.1206998217074922,0.9007410737280949,1.3566115276205717,0.11714943518441272,200,percentile
PREVENT-ASCVD (recal),age_group,40-49,AUC,0.818673970478597,0.7568078842145697,0.8820514540786126,0.03434078787425465,200,percentile
PREVENT-ASCVD (recal),age_group,40-49,brier,0.006015952419127918,0.0036004853907541344,0.009300294902418772,0.0014692157222994317,200,percentile
PREVENT-ASCVD (recal),age_group,40-49,scaled_brier,0.020075869491506415,-0.0015357917564840944,0.037710353939214104,0.011172028027216875,200,percentile
PREVENT-ASCVD (recal),age_group,40-49,pct_flagged_7.5,0.002715432547921482,0.0007563994495810176,0.0047647564555806194,0.0010362087662536582,200,percentile
PREVENT-ASCVD (recal),age_group,40-49,TPR_7.5,0.021943729739455575,0.0,0.06868562432262287,0.02352521620643025,200,percentile
PREVENT-ASCVD (recal),age_group,40-49,FPR_7.5,0.003040090274463606,0.0009426459339790429,0.005237627517409995,0.0010897499127512408,200,percentile
PREVENT-ASCVD (recal),age_group,40-49,pct_flagged_20,0.00023487749827262656,0.0,0.00048695865874703317,0.00016735621880310046,200,percentile
PREVENT-ASCVD (recal),age_group,40-49,TPR_20,0.021943729739455575,0.0,0.06868562432262287,0.02352521620643025,200,percentile
PREVENT-ASCVD (recal),age_group,40-49,FPR_20,0.0,0.0,0.0,0.0,200,percentile
PREVENT-ASCVD (recal),age_group,40-49,rel_OE,1.185994767514799,0.7149780949465033,1.719607276383249,0.2581388100901188,200,percentile
PREVENT-ASCVD (recal),age_group,50-59,n,3260.0,1556.95,1729.1,43.378607839469154,200,percentile
PREVENT-ASCVD (recal),age_group,50-59,events,40.0,14.0,27.025000000000006,3.513992131965807,200,percentile
PREVENT-ASCVD (recal),age_group,50-59,observed,0.00996025642592069,0.006530629237850776,0.014154823223523235,0.0019785545433338328,200,percentile
PREVENT-ASCVD (recal),age_group,50-59,expected,0.013165257112528103,0.012582919948270767,0.013754433201300717,0.0003223690509179246,200,percentile
PREVENT-ASCVD (recal),age_group,50-59,OE,0.7565561645159574,0.5046814707087875,1.0500348967049948,0.14505890571747898,200,percentile
PREVENT-ASCVD (recal),age_group,50-59,cal_intercept,-0.2862846626452496,-0.6993353519143712,0.045999845236260176,0.19724805624065814,200,percentile
PREVENT-ASCVD (recal),age_group,50-59,cal_slope,0.91372944596721,0.4429340583377312,1.399375409753177,0.2548054770505275,200,percentile
PREVENT-ASCVD (recal),age_group,50-59,AUC,0.7032854883142323,0.585613927569224,0.797190884655418,0.05739029562632243,200,percentile
PREVENT-ASCVD (recal),age_group,50-59,brier,0.009791201585635447,0.0065507613581521126,0.01368911111241481,0.0018844999584305927,200,percentile
PREVENT-ASCVD (recal),age_group,50-59,scaled_brier,0.007083234971293928,-0.016611362342548303,0.02541067691226797,0.011715437444925052,200,percentile
PREVENT-ASCVD (recal),age_group,50-59,pct_flagged_7.5,0.008582143072835724,0.004985823348328988,0.012201404359435132,0.001991426576363026,200,percentile
PREVENT-ASCVD (recal),age_group,50-59,TPR_7.5,0.04399912832013292,0.0,0.10128719488278112,0.025501879599294713,200,percentile
PREVENT-ASCVD (recal),age_group,50-59,FPR_7.5,0.008148158430272934,0.004718402568354844,0.011862291748506898,0.0019665865482935358,200,percentile
PREVENT-ASCVD (recal),age_group,50-59,pct_flagged_20,0.00025761152256000117,0.0,0.0005433814496211084,0.000186498268288027,200,percentile
PREVENT-ASCVD (recal),age_group,50-59,TPR_20,0.0,0.0,0.0,0.0,200,percentile
PREVENT-ASCVD (recal),age_group,50-59,FPR_20,0.000385558386622477,0.0,0.0008604886572005987,0.0002980537817655079,200,percentile
PREVENT-ASCVD (recal),age_group,50-59,rel_OE,0.7859239446693366,0.5621038520784083,1.04690459466358,0.12927575888035522,200,percentile
PREVENT-ASCVD (recal),age_group,60-69,n,3272.0,1556.0,1732.025,45.61075316216669,200,percentile
PREVENT-ASCVD (recal),age_group,60-69,events,92.0,38.975,54.0,4.329979052254737,200,percentile
PREVENT-ASCVD (recal),age_group,60-69,observed,0.02516531422026301,0.018837228448022214,0.03212763357149883,0.0035250731495560087,200,percentile
PREVENT-ASCVD (recal),age_group,60-69,expected,0.031083700316072348,0.030218734585900218,0.03209821608460661,0.00047172525047297693,200,percentile
PREVENT-ASCVD (recal),age_group,60-69,OE,0.8095984057358468,0.6106072619411536,1.0493676814421333,0.11395660348976551,200,percentile
PREVENT-ASCVD (recal),age_group,60-69,cal_intercept,-0.22056819552046936,-0.5210017894912266,0.042856322331570926,0.14681124261540685,200,percentile
PREVENT-ASCVD (recal),age_group,60-69,cal_slope,0.8494610108295984,0.42902479371583985,1.2849963468182972,0.23382873375224997,200,percentile
PREVENT-ASCVD (recal),age_group,60-69,AUC,0.6493645274671848,0.567910669516032,0.7314290003333318,0.042613074957859265,200,percentile
PREVENT-ASCVD (recal),age_group,60-69,brier,0.02434223547874214,0.01877050384807059,0.031090472871429468,0.003232855128170309,200,percentile
PREVENT-ASCVD (recal),age_group,60-69,scaled_brier,0.00773624400208317,-0.019020347368887906,0.029541423502961666,0.013158627205581204,200,percentile
PREVENT-ASCVD (recal),age_group,60-69,pct_flagged_7.5,0.04809720114521389,0.040193975384595765,0.05661658672737277,0.004598717827364452,200,percentile
PREVENT-ASCVD (recal),age_group,60-69,TPR_7.5,0.13400586926918995,0.03089514790492279,0.2251062347686943,0.045436485137287506,200,percentile
PREVENT-ASCVD (recal),age_group,60-69,FPR_7.5,0.0471506228826689,0.03895974573534301,0.0574576860508995,0.004710290961604829,200,percentile
PREVENT-ASCVD (recal),age_group,60-69,pct_flagged_20,0.0006983519657622025,9.016556604454767e-05,0.0013096457996827882,0.00032009529278287857,200,percentile
PREVENT-ASCVD (recal),age_group,60-69,TPR_20,0.0,0.0,0.0,0.0,200,percentile
PREVENT-ASCVD (recal),age_group,60-69,FPR_20,0.0006969757984078304,9.597015412675693e-05,0.0013221696655365783,0.00032445852426087616,200,percentile
PREVENT-ASCVD (recal),age_group,60-69,rel_OE,0.8410251643921437,0.655767040663211,0.9988238471452543,0.09247381434427275,200,percentile
PREVENT-ASCVD (recal),age_group,70-79,n,2091.0,987.9,1120.0,32.73460204209411,200,percentile
PREVENT-ASCVD (recal),age_group,70-79,events,168.0,71.0,96.025,6.601842288940279,200,percentile
PREVENT-ASCVD (recal),age_group,70-79,observed,0.07472044143926194,0.06027899228045474,0.08923346164971416,0.007513767174470167,200,percentile
PREVENT-ASCVD (recal),age_group,70-79,expected,0.06538035450867442,0.06382395941759891,0.06679676321967773,0.0007947548280193713,200,percentile
PREVENT-ASCVD (recal),age_group,70-79,OE,1.1428576978631757,0.9192021784819981,1.3641855225601562,0.1125081492656528,200,percentile
PREVENT-ASCVD (recal),age_group,70-79,cal_intercept,0.14644583225481483,-0.08905065951744492,0.33178716203574543,0.10864483310118987,200,percentile
PREVENT-ASCVD (recal),age_group,70-79,cal_slope,1.2891991740076225,0.9458474090572789,1.6834119823129374,0.2058173747268141,200,percentile
PREVENT-ASCVD (recal),age_group,70-79,AUC,0.6793136213276489,0.634615287182901,0.7280320956442524,0.02607421806224375,200,percentile
PREVENT-ASCVD (recal),age_group,70-79,brier,0.06741007627074248,0.055205211670137,0.07973194395671508,0.006324601507502985,200,percentile
PREVENT-ASCVD (recal),age_group,70-79,scaled_brier,0.024982475058041742,0.01181872682993106,0.0378290229715876,0.006816997732977764,200,percentile
PREVENT-ASCVD (recal),age_group,70-79,pct_flagged_7.5,0.3021997011170867,0.27704004590254794,0.32619594987387485,0.012347816384829121,200,percentile
PREVENT-ASCVD (recal),age_group,70-79,TPR_7.5,0.5175638581070511,0.4344025579490098,0.6160426636268086,0.0480543478105669,200,percentile
PREVENT-ASCVD (recal),age_group,70-79,FPR_7.5,0.27910665519921257,0.25352413264388496,0.3049090395058399,0.014511368548929256,200,percentile
PREVENT-ASCVD (recal),age_group,70-79,pct_flagged_20,0.002543651521488949,0.0009806138333393949,0.004590657707381848,0.0010113587304942258,200,percentile
PREVENT-ASCVD (recal),age_group,70-79,TPR_20,0.016771520234029436,0.0,0.03717829931741028,0.01022738333670858,200,percentile
PREVENT-ASCVD (recal),age_group,70-79,FPR_20,0.0013325677640022764,0.00018663017425056696,0.002521076512423342,0.0006715068652163811,200,percentile
PREVENT-ASCVD (recal),age_group,70-79,rel_OE,1.1872208201158592,1.023888539867213,1.3737071050397147,0.09936779051311088,200,percentile
PREVENT-ASCVD (recal),income,PIR 1.3-3.5,n,4300.0,2061.0,2269.225,52.23236424260208,200,percentile
PREVENT-ASCVD (recal),income,PIR 1.3-3.5,events,134.0,55.975,78.025,6.202915103311867,200,percentile
PREVENT-ASCVD (recal),income,PIR 1.3-3.5,observed,0.024634807027959664,0.019230422884167927,0.02991313661643493,0.0028751717546942022,200,percentile
PREVENT-ASCVD (recal),income,PIR 1.3-3.5,expected,0.023828081611104453,0.02256806108556625,0.02521044743993815,0.000612257983852239,200,percentile
PREVENT-ASCVD (recal),income,PIR 1.3-3.5,OE,1.0338560791431592,0.8119216967858189,1.2435029554719352,0.11438102020556733,200,percentile
PREVENT-ASCVD (recal),income,PIR 1.3-3.5,cal_intercept,0.037368864534988465,-0.23504905700703685,0.23434281164381895,0.11791681333627697,200,percentile
PREVENT-ASCVD (recal),income,PIR 1.3-3.5,cal_slope,1.1840160022579935,0.9309061822688921,1.5250207970738048,0.16566017645672368,200,percentile
PREVENT-ASCVD (recal),income,PIR 1.3-3.5,AUC,0.8248180732207828,0.7813357436794509,0.8709407211146353,0.02371724036968861,200,percentile
PREVENT-ASCVD (recal),income,PIR 1.3-3.5,brier,0.022763046711553863,0.018076915573996467,0.02776172564577193,0.0025394195328002052,200,percentile
PREVENT-ASCVD (recal),income,PIR 1.3-3.5,scaled_brier,0.05264233851273814,0.03063848032879437,0.07348325680967076,0.011220724647880823,200,percentile
PREVENT-ASCVD (recal),income,PIR 1.3-3.5,pct_flagged_7.5,0.06636989253965797,0.05850423665575111,0.07375847679140893,0.004205408014040385,200,percentile
PREVENT-ASCVD (recal),income,PIR 1.3-3.5,TPR_7.5,0.34761187119233244,0.2608499887744515,0.45740779125939757,0.053318471182546984,200,percentile
PREVENT-ASCVD (recal),income,PIR 1.3-3.5,FPR_7.5,0.05842729634973764,0.04925869789267843,0.06819392885413293,0.004761338154658141,200,percentile
PREVENT-ASCVD (recal),income,PIR 1.3-3.5,pct_flagged_20,0.0,0.0,0.0,0.0,200,percentile
PREVENT-ASCVD (recal),income,PIR 1.3-3.5,TPR_20,0.0,0.0,0.0,0.0,200,percentile
PREVENT-ASCVD (recal),income,PIR 1.3-3.5,FPR_20,0.0,0.0,0.0,0.0,200,percentile
PREVENT-ASCVD (recal),income,PIR 1.3-3.5,rel_OE,1.0739880078307489,0.898968613977522,1.2309932118247795,0.09254499121822876,200,percentile
PREVENT-ASCVD (recal),income,PIR<1.3,n,2973.0,1391.8,1601.1,52.18286145997319,200,percentile
PREVENT-ASCVD (recal),income,PIR<1.3,events,113.0,48.0,66.0,4.42231663521627,200,percentile
PREVENT-ASCVD (recal),income,PIR<1.3,observed,0.032136508605885745,0.02596628583600367,0.03855131068213482,0.003362469636431314,200,percentile
PREVENT-ASCVD (recal),income,PIR<1.3,expected,0.02362347364460465,0.022278308757694546,0.02490711726604435,0.0007358741346731718,200,percentile
PREVENT-ASCVD (recal),income,PIR<1.3,OE,1.3603633864076285,1.1118407320138355,1.6605436117211203,0.14539973488497368,200,percentile
PREVENT-ASCVD (recal),income,PIR<1.3,cal_intercept,0.33583371322236394,0.11672730064823093,0.5508977582180732,0.11383177407995808,200,percentile
PREVENT-ASCVD (recal),income,PIR<1.3,cal_slope,0.9781728521817781,0.7659970795367013,1.1870629610105237,0.1104014590444076,200,percentile
PREVENT-ASCVD (recal),income,PIR<1.3,AUC,0.8022977756834497,0.7508334688480369,0.84152151844408,0.02256724522124452,200,percentile
PREVENT-ASCVD (recal),income,PIR<1.3,brier,0.02963836768752042,0.023970961013597664,0.03540230099059417,0.003024032272412926,200,percentile
PREVENT-ASCVD (recal),income,PIR<1.3,scaled_brier,0.04711282632606295,0.027876266247527225,0.06483084984190411,0.01001160638369067,200,percentile
PREVENT-ASCVD (recal),income,PIR<1.3,pct_flagged_7.5,0.07008428522754558,0.06270774994742354,0.07917608301738324,0.004406248008806899,200,percentile
PREVENT-ASCVD (recal),income,PIR<1.3,TPR_7.5,0.2969264101917343,0.2070317780940237,0.39307408071462135,0.045937548491385094,200,percentile
PREVENT-ASCVD (recal),income,PIR<1.3,FPR_7.5,0.0626364551547648,0.054021360761328546,0.07397203071504946,0.0048838700258259605,200,percentile
PREVENT-ASCVD (recal),income,PIR<1.3,pct_flagged_20,0.0032360991254919685,0.0015396787987452948,0.005284906328162769,0.0009825189055660195,200,percentile
PREVENT-ASCVD (recal),income,PIR<1.3,TPR_20,0.041933340958101153,0.0,0.08986926149761229,0.022537383491742616,200,percentile
PREVENT-ASCVD (recal),income,PIR<1.3,FPR_20,0.0016243699766185365,0.0005932080216408649,0.0027564175253497066,0.000582531460064485,200,percentile
PREVENT-ASCVD (recal),income,PIR<1.3,rel_OE,1.4131695820802075,1.1889940019615606,1.6748452948258203,0.1323012521049041,200,percentile
PREVENT-ASCVD (recal),income,PIR>3.5,n,4520.0,2133.775,2405.05,75.40521671968538,200,percentile
PREVENT-ASCVD (recal),income,PIR>3.5,events,55.0,18.975,37.0,4.311370382240932,200,percentile
PREVENT-ASCVD (recal),income,PIR>3.5,observed,0.009882996868099557,0.00662408747419736,0.01367297211594502,0.0017183769339146869,200,percentile
PREVENT-ASCVD (recal),income,PIR>3.5,expected,0.014197352093861665,0.013546102095614047,0.014943933761555764,0.00036709931322446624,200,percentile
PREVENT-ASCVD (recal),income,PIR>3.5,OE,0.6961155011695841,0.45126885736084404,0.9663714119056586,0.12023656506768328,200,percentile
PREVENT-ASCVD (recal),income,PIR>3.5,cal_intercept,-0.3855227565911771,-0.8078645090208213,-0.06087658861554304,0.17963574000049223,200,percentile
PREVENT-ASCVD (recal),income,PIR>3.5,cal_slope,0.8975287795422405,0.6128611914926434,1.3427797417331766,0.18043526881497057,200,percentile
PREVENT-ASCVD (recal),income,PIR>3.5,AUC,0.7773492938998465,0.7023243741021122,0.86689395336825,0.042487421162348216,200,percentile
PREVENT-ASCVD (recal),income,PIR>3.5,brier,0.009724402845392952,0.006580802474182531,0.01329382990526002,0.0016141286313675585,200,percentile
PREVENT-ASCVD (recal),income,PIR>3.5,scaled_brier,0.006225690670744299,-0.02186469209145454,0.028039315594516206,0.01347343907062583,200,percentile
PREVENT-ASCVD (recal),income,PIR>3.5,pct_flagged_7.5,0.023121789721659226,0.018741553104869888,0.027753816911864296,0.0024143051710060048,200,percentile
PREVENT-ASCVD (recal),income,PIR>3.5,TPR_7.5,0.13979596212847523,0.04814024585278524,0.21991438027581167,0.04660739681825095,200,percentile
PREVENT-ASCVD (recal),income,PIR>3.5,FPR_7.5,0.022183093271563675,0.01754826899628339,0.02740665101562936,0.002504796342901243,200,percentile
PREVENT-ASCVD (recal),income,PIR>3.5,pct_flagged_20,0.00019265780186572938,0.0,0.0004040608364610819,0.00013001716360783966,200,percentile
PREVENT-ASCVD (recal),income,PIR>3.5,TPR_20,0.0,0.0,0.0,0.0,200,percentile
PREVENT-ASCVD (recal),income,PIR>3.5,FPR_20,0.000273750349981181,0.0,0.0005978619454737102,0.00018674730188440096,200,percentile
PREVENT-ASCVD (recal),income,PIR>3.5,rel_OE,0.7231371129923987,0.5038468028654959,0.8876866702331475,0.09757354287445205,200,percentile
PREVENT-ASCVD (recal),education,<HS,n,3925.0,1840.925,2077.375,63.90603792613881,200,percentile
PREVENT-ASCVD (recal),education,<HS,events,132.0,57.975,77.0,5.268182202486258,200,percentile
PREVENT-ASCVD (recal),education,<HS,observed,0.029007725915108577,0.023451540059760526,0.03679807595623777,0.0036020534999067944,200,percentile
PREVENT-ASCVD (recal),education,<HS,expected,0.027801369427407005,0.026002110341174556,0.029433888811943473,0.0008623604710896615,200,percentile
PREVENT-ASCVD (recal),education,<HS,OE,1.043391980774599,0.827775731119128,1.3149675226474635,0.12256430371907459,200,percentile
PREVENT-ASCVD (recal),education,<HS,cal_intercept,0.02629463632574567,-0.21161856301445203,0.27330699222437255,0.12362104801687399,200,percentile
PREVENT-ASCVD (recal),education,<HS,cal_slope,0.9480699453489094,0.6516554388268557,1.1703268699476654,0.1344560023865338,200,percentile
PREVENT-ASCVD (recal),education,<HS,AUC,0.7838621461825837,0.7165046636929386,0.8214646717017721,0.02575797365742973,200,percentile
PREVENT-ASCVD (recal),education,<HS,brier,0.027136866266423674,0.02257708645218243,0.033749411687567954,0.003081016537606866,200,percentile
PREVENT-ASCVD (recal),education,<HS,scaled_brier,0.03654765798200754,0.0055261446864954215,0.057985302334926395,0.01303688077717776,200,percentile
PREVENT-ASCVD (recal),education,<HS,pct_flagged_7.5,0.09452960818635704,0.08238141013636135,0.10898689190027203,0.0068097023426099135,200,percentile
PREVENT-ASCVD (recal),education,<HS,TPR_7.5,0.31975481191940713,0.21734786806304915,0.4033146586581536,0.05341297390843331,200,percentile
PREVENT-ASCVD (recal),education,<HS,FPR_7.5,0.08991418694320118,0.07805490662798832,0.10216012166928748,0.006679984342132144,200,percentile
PREVENT-ASCVD (recal),education,<HS,pct_flagged_20,0.002131404064394041,0.0010058789928086946,0.0034607501258322767,0.0006718133175166947,200,percentile
PREVENT-ASCVD (recal),education,<HS,TPR_20,0.02726126157820337,0.0,0.05942947775405924,0.01619625725355159,200,percentile
PREVENT-ASCVD (recal),education,<HS,FPR_20,0.0016318630314577527,0.0004911602209765926,0.002934439089456484,0.0006575089460947664,200,percentile
PREVENT-ASCVD (recal),education,<HS,rel_OE,1.083894071356059,0.8980694284444828,1.3365552763347361,0.11611504523423029,200,percentile
PREVENT-ASCVD (recal),education,College+,n,2673.0,1246.9,1434.125,51.98476753123342,200,percentile
PREVENT-ASCVD (recal),education,College+,events,45.0,15.0,29.025000000000006,3.644173431657719,200,percentile
PREVENT-ASCVD (recal),education,College+,observed,0.011212050736599574,0.007060347272302816,0.01525686179600597,0.002068265585715939,200,percentile
PREVENT-ASCVD (recal),education,College+,expected,0.014012465658649439,0.0131566089795255,0.014891273263833476,0.00045700845456171646,200,percentile
PREVENT-ASCVD (recal),education,College+,OE,0.8001483114913999,0.5030012383385636,1.0935035318050166,0.14592320167022327,200,percentile
PREVENT-ASCVD (recal),education,College+,cal_intercept,-0.23557577619859876,-0.7207244061718195,0.08490084124220396,0.19522374367962753,200,percentile
PREVENT-ASCVD (recal),education,College+,cal_slope,1.349915048857892,0.9895307276799712,1.7599691792696162,0.20020056364982652,200,percentile
PREVENT-ASCVD (recal),education,College+,AUC,0.8709891302045214,0.8109801051225877,0.9140452470715574,0.029854828324364428,200,percentile
PREVENT-ASCVD (recal),education,College+,brier,0.010565340651809682,0.006780039070980792,0.014228298104457594,0.0018466582927895816,200,percentile
PREVENT-ASCVD (recal),education,College+,scaled_brier,0.046994767641430735,0.007006323759814213,0.07363018515677652,0.01793817060037605,200,percentile
PREVENT-ASCVD (recal),education,College+,pct_flagged_7.5,0.025616051457470448,0.021079100520992895,0.030365626343295704,0.0025084947595639608,200,percentile
PREVENT-ASCVD (recal),education,College+,TPR_7.5,0.2759501290257413,0.12092447034066149,0.42654939397550445,0.07992865015213994,200,percentile
PREVENT-ASCVD (recal),education,College+,FPR_7.5,0.022760971989389565,0.017342282536583292,0.028206665180347656,0.0031220717196660413,200,percentile
PREVENT-ASCVD (recal),education,College+,pct_flagged_20,6.018952816465506e-05,0.0,0.0001302808724735238,6.0849784447191564e-05,200,percentile
PREVENT-ASCVD (recal),education,College+,TPR_20,0.0,0.0,0.0,0.0,200,percentile
PREVENT-ASCVD (recal),education,College+,FPR_20,5.9632708084257855e-05,0.0,0.00013338032505118839,6.043101077864799e-05,200,percentile
PREVENT-ASCVD (recal),education,College+,rel_OE,0.8312082391003583,0.5336697371613583,1.0874634040356552,0.13368741828914,200,percentile
PREVENT-ASCVD (recal),education,HS/GED,n,2987.0,1432.875,1602.075,45.80507504084552,200,percentile
PREVENT-ASCVD (recal),education,HS/GED,events,87.0,34.0,52.0,4.588490626682783,200,percentile
PREVENT-ASCVD (recal),education,HS/GED,observed,0.021233046724068116,0.015012183057993728,0.027494939776271734,0.003269945255758333,200,percentile
PREVENT-ASCVD (recal),education,HS/GED,expected,0.021216958689108056,0.02010241138254383,0.02244849920877629,0.0006190253106023967,200,percentile
PREVENT-ASCVD (recal),education,HS/GED,OE,1.0007582630100664,0.7318542880866912,1.2670503188409756,0.1484374280201632,200,percentile
PREVENT-ASCVD (recal),education,HS/GED,cal_intercept,0.006383997654423617,-0.3248222376956556,0.2595224234859617,0.1597425402889113,200,percentile
PREVENT-ASCVD (recal),education,HS/GED,cal_slope,1.1141895971976543,0.747296893673497,1.610310328929702,0.21526308782483114,200,percentile
PREVENT-ASCVD (recal),education,HS/GED,AUC,0.8070758554306706,0.7347253467278237,0.8829515877329128,0.03685936915214842,200,percentile
PREVENT-ASCVD (recal),education,HS/GED,brier,0.01977259810842223,0.014493835360353964,0.025417207358248716,0.0029821955814357546,200,percentile
PREVENT-ASCVD (recal),education,HS/GED,scaled_brier,0.04858032962025827,0.024520267104523305,0.06694693708328381,0.010358420940731299,200,percentile
PREVENT-ASCVD (recal),education,HS/GED,pct_flagged_7.5,0.05093301881024129,0.043181485071442156,0.05896242350002338,0.003914461974773822,200,percentile
PREVENT-ASCVD (recal),education,HS/GED,TPR_7.5,0.2948161909115018,0.2059225463724991,0.42968449354072696,0.06058898382221649,200,percentile
PREVENT-ASCVD (recal),education,HS/GED,FPR_7.5,0.04487456237752174,0.03780728994700992,0.05257715644457255,0.004007237662894832,200,percentile
PREVENT-ASCVD (recal),education,HS/GED,pct_flagged_20,0.00034086305888634036,0.0,0.0007077156038938474,0.00019181034607544076,200,percentile
PREVENT-ASCVD (recal),education,HS/GED,TPR_20,0.0,0.0,0.0,0.0,200,percentile
PREVENT-ASCVD (recal),education,HS/GED,FPR_20,0.00018459475723437926,0.0,0.0003951359452921582,0.00012959136587821374,200,percentile
PREVENT-ASCVD (recal),education,HS/GED,rel_OE,1.0396054101661019,0.8009851600043207,1.251113595958584,0.1130493473530447,200,percentile
PREVENT-ASCVD (recal),education,Some college,n,3252.0,1556.975,1714.025,41.8909181100212,200,percentile
PREVENT-ASCVD (recal),education,Some college,events,67.0,25.975,41.0,4.131737683034468,200,percentile
PREVENT-ASCVD (recal),education,Some college,observed,0.016017017148540397,0.01082300539616698,0.021233913776032794,0.002564644906706082,200,percentile
PREVENT-ASCVD (recal),education,Some college,expected,0.016467675582500663,0.015678251819129244,0.017167683745402777,0.00041522801038751357,200,percentile
PREVENT-ASCVD (recal),education,Some college,OE,0.9726337556443511,0.666927912889676,1.2830734750574018,0.15308336731496142,200,percentile
PREVENT-ASCVD (recal),education,Some college,cal_intercept,-0.034540802549515075,-0.42911132459748236,0.2549418243015794,0.16524351630161765,200,percentile
PREVENT-ASCVD (recal),education,Some college,cal_slope,0.9047334365409119,0.67253929498228,1.206069578868245,0.1380945259510759,200,percentile
PREVENT-ASCVD (recal),education,Some college,AUC,0.7804420901331678,0.7233106012804724,0.8536424039239947,0.033206788984444506,200,percentile
PREVENT-ASCVD (recal),education,Some college,brier,0.015412142565210599,0.0105258573688481,0.02044537479950541,0.002423601924225165,200,percentile
PREVENT-ASCVD (recal),education,Some college,scaled_brier,0.02210147882228397,0.0035217684322402638,0.038462674072561584,0.008847244659350405,200,percentile
PREVENT-ASCVD (recal),education,Some college,pct_flagged_7.5,0.02883409381341278,0.024812389906008533,0.032831354729281524,0.002070618438465175,200,percentile
PREVENT-ASCVD (recal),education,Some college,TPR_7.5,0.1979561978465201,0.11165955918693937,0.2982872287716853,0.048412930525792805,200,percentile
PREVENT-ASCVD (recal),education,Some college,FPR_7.5,0.026388950394596978,0.02221083152882291,0.030340628076187367,0.0020617060133084914,200,percentile
PREVENT-ASCVD (recal),education,Some college,pct_flagged_20,0.00034085014132569796,0.0,0.0007105068220705254,0.0002461316449428435,200,percentile
PREVENT-ASCVD (recal),education,Some college,TPR_20,0.011550724582808727,0.0,0.029141940634581216,0.011934923375023188,200,percentile
PREVENT-ASCVD (recal),education,Some college,FPR_20,0.000149661929959512,0.0,0.0003272632959333917,0.0001502924134804187,200,percentile
PREVENT-ASCVD (recal),education,Some college,rel_OE,1.0103891737418218,0.7431960449479973,1.2735986702918187,0.14330542673364965,200,percentile
PREVENT-ASCVD (recal),sex,GAP(max-min),OE,0.1368951289416318,0.0,0.2699604930573999,0.0998530687154143,200,basic
PREVENT-ASCVD (recal),sex,GAP(max-min),AUC,0.056718803798352035,0.0103776003348066,0.10848394553098582,0.02548559092389783,200,basic
PREVENT-ASCVD (recal),sex,GAP(max-min),cal_slope,0.22653718216029428,0.0,0.44013625575464693,0.12641921839424533,200,basic
PREVENT-ASCVD (recal),sex,GAP(max-min),TPR_7.5,0.02503332874981523,0.0,0.04876290810668539,0.038628122490440994,200,basic
PREVENT-ASCVD (recal),sex,GAP(max-min),FPR_7.5,0.027959387195963813,0.020417076080355936,0.03608505536580551,0.0040292878127080765,200,basic
PREVENT-ASCVD (recal),sex,GAP(max-min),pct_flagged_7.5,0.028790573044919818,0.022394044355841407,0.03661615953226403,0.0037110741333165813,200,basic
PREVENT-ASCVD (recal),sex,GAP(max/min),OE,1.1544872788205274,1.0,1.304639836493897,0.12692205610124868,200,basic
PREVENT-ASCVD (recal),race,GAP(max-min),OE,0.34976814141459833,0.0,0.6052226251848672,0.1809274617621543,200,basic
PREVENT-ASCVD (recal),race,GAP(max-min),AUC,0.12887538787265052,0.049355555818501984,0.23407757010186278,0.04930399654960296,200,basic
PREVENT-ASCVD (recal),race,GAP(max-min),cal_slope,0.5787890064981117,0.2709020978682042,1.0199195086995543,0.19589322731918793,200,basic
PREVENT-ASCVD (recal),race,GAP(max-min),TPR_7.5,0.11650293665855163,0.0,0.19034978782863554,0.06407644353494907,200,basic
PREVENT-ASCVD (recal),race,GAP(max-min),FPR_7.5,0.017834794664076593,0.004446164961248503,0.02965627221452466,0.006622806211827417,200,basic
PREVENT-ASCVD (recal),race,GAP(max-min),pct_flagged_7.5,0.016464742793265638,0.0034618900037946473,0.02735455832450463,0.005979911744746601,200,basic
PREVENT-ASCVD (recal),race,GAP(max/min),OE,1.4127250315625224,1.0,1.7317615635696604,0.3225902796570949,200,basic
PREVENT-ASCVD (recal),age_group,GAP(max-min),OE,0.3863015333472183,0.0,0.5441459655799059,0.19743652434199682,200,basic
PREVENT-ASCVD (recal),age_group,GAP(max-min),AUC,0.16930944301141226,0.02946171569728595,0.24648786221526708,0.05258894352001345,200,basic
PREVENT-ASCVD (recal),age_group,GAP(max-min),cal_slope,0.43973816317802417,0.0,0.7114405823229459,0.25543773958421784,200,basic
PREVENT-ASCVD (recal),age_group,GAP(max-min),TPR_7.5,0.4956201283675955,0.3799154530548843,0.5911426220923017,0.051512906122255696,200,basic
PREVENT-ASCVD (recal),age_group,GAP(max-min),FPR_7.5,0.27606656492474896,0.2498470898830697,0.30084475728835747,0.014486160882917721,200,basic
PREVENT-ASCVD (recal),age_group,GAP(max-min),pct_flagged_7.5,0.2994842685691652,0.2749854221991188,0.32365199081288837,0.012408064908965335,200,basic
PREVENT-ASCVD (recal),age_group,GAP(max/min),OE,1.5106052286208955,1.0,1.719781047570831,0.3718269733738406,200,basic
PREVENT-ASCVD (recal),income,GAP(max-min),OE,0.6642478852380445,0.30893280694104597,0.9533402718956772,0.16516743020982186,200,basic
PREVENT-ASCVD (recal),income,GAP(max-min),AUC,0.047468779320936294,0.0,0.0829257027662544,0.03246679828450025,200,basic
PREVENT-ASCVD (recal),income,GAP(max-min),cal_slope,0.286487222715753,0.0,0.5019668335685037,0.1794830611882648,200,basic
PREVENT-ASCVD (recal),income,GAP(max-min),TPR_7.5,0.20781590906385722,0.06817204081597589,0.31489704761936155,0.0663488341382818,200,basic
PREVENT-ASCVD (recal),income,GAP(max-min),FPR_7.5,0.04045336188320113,0.030023520010925432,0.04747812529816263,0.004585744265085983,200,basic
PREVENT-ASCVD (recal),income,GAP(max-min),pct_flagged_7.5,0.046962495505886354,0.037243758273717974,0.05340218150905587,0.004383862893544523,200,basic
PREVENT-ASCVD (recal),income,GAP(max/min),OE,1.9542207925581359,1.0,2.4347380145687048,0.3855645786252741,200,basic
PREVENT-ASCVD (recal),education,GAP(max-min),OE,0.24324366928319918,0.0,0.3672274608539503,0.16084756121981517,200,basic
PREVENT-ASCVD (recal),education,GAP(max-min),AUC,0.09054704007135361,0.005572221415171663,0.1265495800949899,0.030829363195103238,200,basic
PREVENT-ASCVD (recal),education,GAP(max-min),cal_slope,0.44518161231698006,0.0,0.6577469826972726,0.18943417822481706,200,basic
PREVENT-ASCVD (recal),education,GAP(max-min),TPR_7.5,0.12179861407288703,0.0,0.18015903945834272,0.059638039714545905,200,basic
PREVENT-ASCVD (recal),education,GAP(max-min),FPR_7.5,0.06715321495381162,0.053617357703631754,0.07970893450288777,0.006722691848597734,200,basic
PREVENT-ASCVD (recal),education,GAP(max-min),pct_flagged_7.5,0.06891355672888659,0.05360038860851886,0.08110989570812019,0.0072827364620041074,200,basic
PREVENT-ASCVD (recal),education,GAP(max/min),OE,1.3039982285656722,1.0,1.473277664661558,0.3277920300990994,200,basic
Framingham-office (recal),Overall,All,n,12851.0,6243.8,6681.15,113.20703129520443,200,percentile
Framingham-office (recal),Overall,All,events,333.0,151.0,188.025,9.198578380440397,200,percentile
Framingham-office (recal),Overall,All,observed,0.018259132654697845,0.0152370789918285,0.02194398216351286,0.0015577176931997592,200,percentile
Framingham-office (recal),Overall,All,expected,0.01989293901397095,0.01925684118797108,0.02052825080731372,0.00033420745305346865,200,percentile
Framingham-office (recal),Overall,All,OE,0.9178700362914866,0.7894466549786585,1.0916294687695407,0.07213033776364426,200,percentile
Framingham-office (recal),Overall,All,cal_intercept,-0.09196329755155903,-0.24557827645475447,0.08504894173504601,0.08019807352359622,200,percentile
Framingham-office (recal),Overall,All,cal_slope,1.1001563667014997,0.9696933638016426,1.270958364902532,0.07704935115126411,200,percentile
Framingham-office (recal),Overall,All,AUC,0.8002643012454609,0.7688240469114367,0.8339667350092237,0.015809872264066764,200,percentile
Framingham-office (recal),Overall,All,brier,0.01741370843697656,0.014727773005508142,0.020833492002591724,0.0014405870036333871,200,percentile
Framingham-office (recal),Overall,All,scaled_brier,0.028563863240263387,0.01451724712169239,0.04436535797047609,0.00792891744347353,200,percentile
Framingham-office (recal),Overall,All,pct_flagged_7.5,0.03365198500600492,0.030338346965253508,0.03720225567686089,0.0017770137013646613,200,percentile
Framingham-office (recal),Overall,All,TPR_7.5,0.21703126166916076,0.16446714262638948,0.2714527928303415,0.027175857147104465,200,percentile
Framingham-office (recal),Overall,All,FPR_7.5,0.03042526124861509,0.02664621828546474,0.03423282084426705,0.0020420064068245817,200,percentile
Framingham-office (recal),Overall,All,pct_flagged_20,0.0022155795209677686,0.001558195390675215,0.0029503030027873186,0.000355339138651649,200,percentile
Framingham-office (recal),Overall,All,TPR_20,0.020015105041512767,0.0026158795202437806,0.038510319366584105,0.009362533035732345,200,percentile
Framingham-office (recal),Overall,All,FPR_20,0.0018998634074105108,0.001103187733574975,0.0026820802541278515,0.0003805831894942052,200,percentile
Framingham-office (recal),Overall,All,rel_OE,1.0,1.0,1.0,0.0,200,percentile
Framingham-office (recal),sex,Female,n,6536.0,3170.95,3407.1,61.6232431431306,200,percentile
Framingham-office (recal),sex,Female,events,129.0,53.975,76.025,5.6826987714142625,200,percentile
Framingham-office (recal),sex,Female,observed,0.014298811656041032,0.011440341297596274,0.017886875796136174,0.0015999201735201812,200,percentile
Framingham-office (recal),sex,Female,expected,0.013944420424216161,0.01331572783315963,0.014692872086702091,0.00035307973089447554,200,percentile
Framingham-office (recal),sex,Female,OE,1.0254145544270472,0.8494591297745584,1.2542057860647942,0.10537324438323543,200,percentile
Framingham-office (recal),sex,Female,cal_intercept,0.026255395019815952,-0.17436947598394026,0.24426482339114386,0.10562703256088005,200,percentile
Framingham-office (recal),sex,Female,cal_slope,1.162568288490618,0.9719079075503881,1.3728329199779608,0.09852424677522464,200,percentile
Framingham-office (recal),sex,Female,AUC,0.8171644546533098,0.7765523879983564,0.8510522178670302,0.018297791907596558,200,percentile
Framingham-office (recal),sex,Female,brier,0.013708435316367088,0.011000301573114154,0.017086615745184858,0.0015209832704763317,200,percentile
Framingham-office (recal),sex,Female,scaled_brier,0.027381196751491976,0.0101311128094817,0.041979077089571,0.008630251406619537,200,percentile
Framingham-office (recal),sex,Female,pct_flagged_7.5,0.015697982113410072,0.012358483224657374,0.01868523027981659,0.0018458780576328187,200,percentile
Framingham-office (recal),sex,Female,TPR_7.5,0.13634729052500874,0.06820594504075844,0.20276239810655053,0.03678312245660145,200,percentile
Framingham-office (recal),sex,Female,FPR_7.5,0.014325953358828422,0.011092982842034275,0.017601938068329822,0.0017839050150565401,200,percentile
Framingham-office (recal),sex,Female,pct_flagged_20,0.0007988336233720228,0.0001870566339514998,0.001371677653678265,0.00033139535706783494,200,percentile
Framingham-office (recal),sex,Female,TPR_20,0.008098127797062251,0.0,0.018245205502630084,0.006134453896016359,200,percentile
Framingham-office (recal),sex,Female,FPR_20,0.0006781232616397283,9.376140310922649e-05,0.0013012497863104909,0.00032654880122254,200,percentile
Framingham-office (recal),sex,Female,rel_OE,1.1171674789277115,0.9715385248417335,1.262432752255299,0.07898738310552465,200,percentile
Framingham-office (recal),sex,Male,n,6315.0,3057.975,3290.125,60.87899192900173,200,percentile
Framingham-office (recal),sex,Male,events,204.0,87.975,117.0,7.245776798041406,200,percentile
Framingham-office (recal),sex,Male,observed,0.022578668278006912,0.019075092164227442,0.02767814346895268,0.002252923241004078,200,percentile
Framingham-office (recal),sex,Male,expected,0.026410963807011502,0.02550680812751283,0.027360558853448586,0.000481582932974723,200,percentile
Framingham-office (recal),sex,Male,OE,0.854897550994061,0.7370382299952174,1.055341364987927,0.08128456018999103,200,percentile
Framingham-office (recal),sex,Male,cal_intercept,-0.16768932617002674,-0.3274354835487042,0.03956387581703422,0.098919391039209,200,percentile
Framingham-office (recal),sex,Male,cal_slope,1.1098894177583236,0.9428297565467348,1.3151516963432763,0.09740493808159287,200,percentile
Framingham-office (recal),sex,Male,AUC,0.7853998321264469,0.748091042999109,0.8270338891885664,0.02151585244300894,200,percentile
Framingham-office (recal),sex,Male,brier,0.021455062469639682,0.018308855908589678,0.02596404927307198,0.0020203405221567543,200,percentile
Framingham-office (recal),sex,Male,scaled_brier,0.027813362943594377,0.00823588113403937,0.04931931534901559,0.010768857056357663,200,percentile
Framingham-office (recal),sex,Male,pct_flagged_7.5,0.05332488914550076,0.04690582707723841,0.05993508582534677,0.0032238457106487373,200,percentile
Framingham-office (recal),sex,Male,TPR_7.5,0.2727620978841377,0.20175967034727096,0.3520742294684389,0.039785467342996324,200,percentile
Framingham-office (recal),sex,Male,FPR_7.5,0.04813358056747075,0.04102990997619466,0.055184740501316124,0.0037381128973249947,200,percentile
Framingham-office (recal),sex,Male,pct_flagged_20,0.0037679634879393205,0.0026108159819744044,0.0049770465887435476,0.0006371313940887618,200,percentile
Framingham-office (recal),sex,Male,TPR_20,0.028246518264859247,0.004086835904660422,0.05759103597774256,0.014626831199841591,200,percentile
Framingham-office (recal),sex,Male,FPR_20,0.003243707799609471,0.0019271307762349099,0.004555363122287485,0.0007008553497872161,200,percentile
Framingham-office (recal),sex,Male,rel_OE,0.9313928085594162,0.8475717624273053,1.0151084271547686,0.04586845186813629,200,percentile
Framingham-office (recal),race,Mexican American,n,2701.0,1106.925,1560.0,117.19133251689493,200,percentile
Framingham-office (recal),race,Mexican American,events,55.0,16.975,36.0,4.965964560898566,200,percentile
Framingham-office (recal),race,Mexican American,observed,0.016277313254553467,0.009612973904533445,0.022429504136546784,0.0034390260242196245,200,percentile
Framingham-office (recal),race,Mexican American,expected,0.018888906779236655,0.017257656975417434,0.02012320703981879,0.0008416976996783176,200,percentile
Framingham-office (recal),race,Mexican American,OE,0.8617392972919987,0.5340933520162604,1.1768703329562702,0.16563674185907867,200,percentile
Framingham-office (recal),race,Mexican American,cal_intercept,-0.15875922686456417,-0.6305384664082793,0.15724208208289445,0.21092575762367005,200,percentile
Framingham-office (recal),race,Mexican American,cal_slope,0.7839747330271684,0.4351006610724896,1.164201987639427,0.18718645959116678,200,percentile
Framingham-office (recal),race,Mexican American,AUC,0.7295066784992659,0.6156685492136924,0.8324509949426953,0.055240208687306856,200,percentile
Framingham-office (recal),race,Mexican American,brier,0.015982278839435444,0.009498738395696735,0.021830172792572884,0.0032892874709100858,200,percentile
Framingham-office (recal),race,Mexican American,scaled_brier,0.001878766400320142,-0.03438478199555486,0.03020222040366239,0.018308706042128725,200,percentile
Framingham-office (recal),race,Mexican American,pct_flagged_7.5,0.03783108832185064,0.029292528642507098,0.0453798115029382,0.004233892250832989,200,percentile
Framingham-office (recal),race,Mexican American,TPR_7.5,0.18166629558529476,0.04122732833873762,0.34844227914495274,0.08366744916140854,200,percentile
Framingham-office (recal),race,Mexican American,FPR_7.5,0.037443309011627714,0.02799851142519723,0.04715275566537203,0.004901175501770972,200,percentile
Framingham-office (recal),race,Mexican American,pct_flagged_20,0.002527770322791785,0.0005244550853489841,0.0041992293910905676,0.0011670966026069768,200,percentile
Framingham-office (recal),race,Mexican American,TPR_20,0.005745883898602327,0.0,0.01820950042989183,0.006755696906920279,200,percentile
Framingham-office (recal),race,Mexican American,FPR_20,0.0033683088553728108,0.0002972307258591961,0.006364063880651526,0.0022211296453228716,200,percentile
Framingham-office (recal),race,Mexican American,rel_OE,0.9388467465107855,0.5957157249474323,1.3009924790246765,0.1844562765335441,200,percentile
Framingham-office (recal),race,NH Black,n,2419.0,1058.775,1360.05,75.45441550429952,200,percentile
Framingham-office (recal),race,NH Black,events,80.0,30.0,51.025000000000006,5.232001932444744,200,percentile
Framingham-office (recal),race,NH Black,observed,0.025565243548074105,0.02034727883567887,0.031121041799918914,0.002788823918965767,200,percentile
Framingham-office (recal),race,NH Black,expected,0.024599367113491345,0.023362261450505496,0.025710895444053906,0.0006773363897153714,200,percentile
Framingham-office (recal),race,NH Black,OE,1.0392642798542988,0.8405315179785902,1.240631604625456,0.11044394346270775,200,percentile
Framingham-office (recal),race,NH Black,cal_intercept,0.034204856147829615,-0.1916995336470553,0.2241127935102979,0.11390748027922716,200,percentile
Framingham-office (recal),race,NH Black,cal_slope,0.9972033694066583,0.7240705267058152,1.2817414115435692,0.13195404773473,200,percentile
Framingham-office (recal),race,NH Black,AUC,0.765633092336616,0.6902643323466137,0.8382869381675387,0.03648166466847386,200,percentile
Framingham-office (recal),race,NH Black,brier,0.023729785899102036,0.01908538792895454,0.028687328702547567,0.0025194169237362746,200,percentile
Framingham-office (recal),race,NH Black,scaled_brier,0.0474426787521528,0.018352085865983823,0.07177167551460663,0.014097466140596494,200,percentile
Framingham-office (recal),race,NH Black,pct_flagged_7.5,0.05800193267952404,0.04918776372673604,0.065539552481672,0.0044882690334461205,200,percentile
Framingham-office (recal),race,NH Black,TPR_7.5,0.28205702183508985,0.20042842564786417,0.3564715952160075,0.04289124712832992,200,percentile
Framingham-office (recal),race,NH Black,FPR_7.5,0.05153267532048515,0.043311584911014875,0.05983272379731398,0.004673043156982294,200,percentile
Framingham-office (recal),race,NH Black,pct_flagged_20,0.005691563669092287,0.003936007625193706,0.007563523943282093,0.0010179035032583808,200,percentile
Framingham-office (recal),race,NH Black,TPR_20,0.06490866792994768,0.008606517672000396,0.11102208100492598,0.026821532005505796,200,percentile
Framingham-office (recal),race,NH Black,FPR_20,0.0033359497840510554,0.0020380967355725765,0.004750814614915572,0.0007122256071846577,200,percentile
Framingham-office (recal),race,NH Black,rel_OE,1.1322564619859334,0.8966808893656676,1.39291258724852,0.1295898402923925,200,percentile
Framingham-office (recal),race,NH White,n,6377.0,2923.675,3514.8250000000003,150.60396699413948,200,percentile
Framingham-office (recal),race,NH White,events,177.0,75.0,108.025,8.603363546986026,200,percentile
Framingham-office (recal),race,NH White,observed,0.018143963408148334,0.01460569744998004,0.023247886440067204,0.0019702226850302155,200,percentile
Framingham-office (recal),race,NH White,expected,0.019601716930741885,0.01883159633446135,0.020405643241052557,0.0004018450295870066,200,percentile
Framingham-office (recal),race,NH White,OE,0.9256313348598909,0.7597618479372265,1.1426044811292966,0.09209644675803685,200,percentile
Framingham-office (recal),race,NH White,cal_intercept,-0.08181027178333954,-0.2792005099853227,0.1310097279763655,0.10241400515756796,200,percentile
Framingham-office (recal),race,NH White,cal_slope,1.1673928959085944,1.0110202157252506,1.396836182034439,0.10079044739683293,200,percentile
Framingham-office (recal),race,NH White,AUC,0.8179216108712233,0.7857829328194408,0.8548589882748736,0.017978472325813243,200,percentile
Framingham-office (recal),race,NH White,brier,0.017296594523306112,0.014178559652269775,0.022015289967574275,0.0018260196065928236,200,percentile
Framingham-office (recal),race,NH White,scaled_brier,0.029086301285351168,0.01108506040806741,0.05087419917005364,0.0092677493732849,200,percentile
Framingham-office (recal),race,NH White,pct_flagged_7.5,0.03076543822217858,0.02671064173045199,0.03489733821736758,0.002133905216078868,200,percentile
Framingham-office (recal),race,NH White,TPR_7.5,0.21553476115526074,0.15236964841384462,0.28949401519266144,0.0356086336273703,200,percentile
Framingham-office (recal),race,NH White,FPR_7.5,0.027650140658725283,0.023771684018305782,0.03218519694873575,0.00227809652072631,200,percentile
Framingham-office (recal),race,NH White,pct_flagged_20,0.0018915512774032516,0.0010432173445699823,0.002721500167857288,0.00043811972986270006,200,percentile
Framingham-office (recal),race,NH White,TPR_20,0.013527413970629612,0.0,0.036273824624420144,0.01069415742245044,200,percentile
Framingham-office (recal),race,NH White,FPR_20,0.001798737231375523,0.0008678185425792568,0.0026848374951712562,0.0004611764710512933,200,percentile
Framingham-office (recal),race,NH White,rel_OE,1.008455770709939,0.94258217398862,1.0588008680091086,0.030459377404167143,200,percentile
Framingham-office (recal),race,Other Hispanic,n,901.0,337.925,571.325,56.95261540974261,200,percentile
Framingham-office (recal),race,Other Hispanic,events,16.0,4.0,13.0,2.5987965904612405,200,percentile
Framingham-office (recal),race,Other Hispanic,observed,0.0160590726115451,0.005101153958524901,0.02856040567230794,0.006160549074224618,200,percentile
Framingham-office (recal),race,Other Hispanic,expected,0.01893864902104499,0.016827537951695757,0.020674311105359104,0.0010399037313740447,200,percentile
Framingham-office (recal),race,Other Hispanic,OE,0.8479523852889375,0.26251787667301113,1.5947175281606176,0.3333346798532951,200,percentile
Framingham-office (recal),race,Other Hispanic,cal_intercept,-0.16214556863885557,-1.3562384538494716,0.5070790220260604,0.47309201602492323,200,percentile
Framingham-office (recal),race,Other Hispanic,cal_slope,0.6397711763357007,0.17150536383778303,1.4611625842959408,0.3622929590946632,200,percentile
Framingham-office (recal),race,Other Hispanic,AUC,0.6479570811480466,0.5028582905169682,0.8204525257590005,0.09090635680462111,200,percentile
Framingham-office (recal),race,Other Hispanic,brier,0.01562907256972605,0.00587329871166826,0.027589174718303647,0.005905362265327272,200,percentile
Framingham-office (recal),race,Other Hispanic,scaled_brier,0.010891986659474773,-0.037362217909651184,0.059864651829898,0.056201791319942594,200,percentile
Framingham-office (recal),race,Other Hispanic,pct_flagged_7.5,0.028300410868195208,0.01764949262579111,0.040756335882694,0.006107028957508347,200,percentile
Framingham-office (recal),race,Other Hispanic,TPR_7.5,0.1854305181591533,0.0,0.4553243848191785,0.12182400512154933,200,percentile
Framingham-office (recal),race,Other Hispanic,FPR_7.5,0.02397848408555491,0.013224091637365609,0.0381235667309799,0.00620695528526284,200,percentile
Framingham-office (recal),race,Other Hispanic,pct_flagged_20,0.002404522494906361,0.0006992226876577867,0.004577372537151873,0.0010753723042653208,200,percentile
Framingham-office (recal),race,Other Hispanic,TPR_20,0.027567878575963455,0.0,0.10221010389164484,0.03872748411426104,200,percentile
Framingham-office (recal),race,Other Hispanic,FPR_20,0.0008472406321574491,0.0,0.0019418073986367543,0.0006262053937276989,200,percentile
Framingham-office (recal),race,Other Hispanic,rel_OE,0.9238261973502908,0.2880001724917086,1.822512458139937,0.37673015823358813,200,percentile
Framingham-office (recal),race,Other/Multiracial,n,453.0,187.0,263.1,18.956092482657272,200,percentile
Framingham-office (recal),race,Other/Multiracial,events,5.0,1.0,4.0,0.8501256188582931,200,percentile
Framingham-office (recal),race,Other/Multiracial,observed,0.008958833097011294,0.0017436925715847054,0.016630253922543997,0.004372740445559088,200,percentile
Framingham-office (recal),race,Other/Multiracial,expected,0.01740174680891758,0.015307871843764262,0.019372258668298264,0.0010677866977804903,200,percentile
Framingham-office (recal),race,Other/Multiracial,OE,0.5148237815079755,0.09741235422513406,0.9918700092546907,0.2614500193792508,200,percentile
Framingham-office (recal),race,Other/Multiracial,cal_intercept,-0.6912744467185691,-2.3587165224967337,-0.027198743010027948,0.6522569731666762,200,percentile
Framingham-office (recal),race,Other/Multiracial,cal_slope,0.7144877686071297,0.5282241735476041,1.8272192306744206,0.37007660281343846,200,percentile
Framingham-office (recal),race,Other/Multiracial,AUC,0.7540976256819821,0.698229047207573,0.9580400016820083,0.07317918049711876,200,percentile
Framingham-office (recal),race,Other/Multiracial,brier,0.00924767298050066,0.002342712067371311,0.016562313049665798,0.004217684567139154,200,percentile
Framingham-office (recal),race,Other/Multiracial,scaled_brier,-0.0415720632831833,-0.33521063808925045,-0.00979488069318624,0.08141925402202997,200,percentile
Framingham-office (recal),race,Other/Multiracial,pct_flagged_7.5,0.03201073415133631,0.01257927800006408,0.051888390669107165,0.00932544380467023,200,percentile
Framingham-office (recal),race,Other/Multiracial,TPR_7.5,0.0,0.0,0.0,0.0,200,percentile
Framingham-office (recal),race,Other/Multiracial,FPR_7.5,0.03419123877410357,0.014094598649118977,0.05353268764197633,0.010110789135204197,200,percentile
Framingham-office (recal),race,Other/Multiracial,pct_flagged_20,0.0,0.0,0.0,0.0,200,percentile
Framingham-office (recal),race,Other/Multiracial,TPR_20,0.0,0.0,0.0,0.0,200,percentile
Framingham-office (recal),race,Other/Multiracial,FPR_20,0.0,0.0,0.0,0.0,200,percentile
Framingham-office (recal),race,Other/Multiracial,rel_OE,0.5608896261479918,0.10985579786666612,1.1007952273833024,0.28982122163219304,200,percentile
Framingham-office (recal),age_group,40-49,n,4228.0,2046.975,2206.05,40.909693105054565,200,percentile
Framingham-office (recal),age_group,40-49,events,33.0,12.0,23.0,2.8525576991772983,200,percentile
Framingham-office (recal),age_group,40-49,observed,0.006177362043944706,0.0037141321245675847,0.009592236060778851,0.0015385042144552333,200,percentile
Framingham-office (recal),age_group,40-49,expected,0.008427652739462761,0.008087594734003837,0.008733021034562782,0.00015561282833666693,200,percentile
Framingham-office (recal),age_group,40-49,OE,0.7329872545672184,0.44183239748829917,1.1106494505908857,0.17624094250157202,200,percentile
Framingham-office (recal),age_group,40-49,cal_intercept,-0.31648865346297655,-0.8277006171753487,0.10294592391374191,0.2472661470193362,200,percentile
Framingham-office (recal),age_group,40-49,cal_slope,1.6581856023991628,1.2864303969312354,1.9912669877167917,0.17903598804042659,200,percentile
Framingham-office (recal),age_group,40-49,AUC,0.814957399463066,0.7484701040025807,0.8802067544521935,0.03593164351898742,200,percentile
Framingham-office (recal),age_group,40-49,brier,0.006025999423349306,0.0036872137010702,0.00930151285643263,0.0014498631490181097,200,percentile
Framingham-office (recal),age_group,40-49,scaled_brier,0.018439336954354846,-0.0028323355629692013,0.03181959561086953,0.011260620311679289,200,percentile
Framingham-office (recal),age_group,40-49,pct_flagged_7.5,0.001333566547649022,0.0,0.0027205975631564507,0.0007920047283636745,200,percentile
Framingham-office (recal),age_group,40-49,TPR_7.5,0.07285274952037464,0.0,0.16972059688995103,0.06517552934505508,200,percentile
Framingham-office (recal),age_group,40-49,FPR_7.5,0.0008737793131860618,0.0,0.0018650586000532284,0.0006204653545128899,200,percentile
Framingham-office (recal),age_group,40-49,pct_flagged_20,0.0,0.0,0.0,0.0,200,percentile
Framingham-office (recal),age_group,40-49,TPR_20,0.0,0.0,0.0,0.0,200,percentile
Framingham-office (recal),age_group,40-49,FPR_20,0.0,0.0,0.0,0.0,200,percentile
Framingham-office (recal),age_group,40-49,rel_OE,0.7985741178879106,0.49976692772938536,1.1606238264653794,0.17722092331029599,200,percentile
Framingham-office (recal),age_group,50-59,n,3260.0,1556.95,1729.1,43.378607839469154,200,percentile
Framingham-office (recal),age_group,50-59,events,40.0,14.0,27.025000000000006,3.513992131965807,200,percentile
Framingham-office (recal),age_group,50-59,observed,0.00996025642592069,0.006530629237850776,0.014154823223523235,0.0019785545433338328,200,percentile
Framingham-office (recal),age_group,50-59,expected,0.016796486101108014,0.016292685157735635,0.01732457632545225,0.00026566655266799775,200,percentile
Framingham-office (recal),age_group,50-59,OE,0.5929964378241972,0.39288590127813006,0.8228840750748116,0.1137800140555137,200,percentile
Framingham-office (recal),age_group,50-59,cal_intercept,-0.5347235199658584,-0.9540142085231352,-0.20127081911734426,0.19853336061294738,200,percentile
Framingham-office (recal),age_group,50-59,cal_slope,1.058745618790143,0.5712267132572927,1.483227573717871,0.24730225311471385,200,percentile
Framingham-office (recal),age_group,50-59,AUC,0.7119531483169664,0.6024963090010738,0.8029341930326873,0.052492152929227764,200,percentile
Framingham-office (recal),age_group,50-59,brier,0.009853917780569576,0.0065792009616020795,0.013779467375246988,0.001879477790319099,200,percentile
Framingham-office (recal),age_group,50-59,scaled_brier,0.0007232432129521404,-0.02522832954374778,0.01676245277817659,0.010697191933944543,200,percentile
Framingham-office (recal),age_group,50-59,pct_flagged_7.5,0.009344944191819806,0.006344764632610179,0.013390099647220629,0.0017601398980668214,200,percentile
Framingham-office (recal),age_group,50-59,TPR_7.5,0.0863461153921631,0.0,0.17404386161176705,0.04565072379743884,200,percentile
Framingham-office (recal),age_group,50-59,FPR_7.5,0.00855144109815169,0.0053852230090645605,0.01254325121153781,0.001822292671304227,200,percentile
Framingham-office (recal),age_group,50-59,pct_flagged_20,0.00011760600543548172,0.0,0.000252709145011258,0.00011844679567247024,200,percentile
Framingham-office (recal),age_group,50-59,TPR_20,0.0,0.0,0.0,0.0,200,percentile
Framingham-office (recal),age_group,50-59,FPR_20,0.00024800674068091173,0.0,0.0005586490118146713,0.0002560634068480243,200,percentile
Framingham-office (recal),age_group,50-59,rel_OE,0.6460570825692367,0.4596772054854055,0.8566250713274672,0.10685446945695824,200,percentile
Framingham-office (recal),age_group,60-69,n,3272.0,1556.0,1732.025,45.61075316216669,200,percentile
Framingham-office (recal),age_group,60-69,events,92.0,38.975,54.0,4.329979052254737,200,percentile
Framingham-office (recal),age_group,60-69,observed,0.02516531422026301,0.018837228448022214,0.03212763357149883,0.0035250731495560087,200,percentile
Framingham-office (recal),age_group,60-69,expected,0.031623712368516396,0.03066612858356399,0.03281572576662353,0.0005811884887128047,200,percentile
Framingham-office (recal),age_group,60-69,OE,0.7957735615290009,0.600238762114627,1.0238638509077556,0.11052149899866352,200,percentile
Framingham-office (recal),age_group,60-69,cal_intercept,-0.23221080850131715,-0.5242314583016005,0.030805299195831005,0.14698016099714833,200,percentile
Framingham-office (recal),age_group,60-69,cal_slope,0.7141994526423605,0.2692959702230281,1.0692458825012867,0.21295575319252258,200,percentile
Framingham-office (recal),age_group,60-69,AUC,0.649232321214901,0.5582925137275135,0.7307334741493398,0.04603897666447885,200,percentile
Framingham-office (recal),age_group,60-69,brier,0.024572248369726598,0.01894193088964978,0.03129952666053096,0.0032270752593945495,200,percentile
Framingham-office (recal),age_group,60-69,scaled_brier,-0.0016397829176915124,-0.03273522606661312,0.023048250111243358,0.015138503320255113,200,percentile
Framingham-office (recal),age_group,60-69,pct_flagged_7.5,0.05881524610450841,0.051409571183821404,0.06723692097571876,0.004344016327384087,200,percentile
Framingham-office (recal),age_group,60-69,TPR_7.5,0.1640172009261188,0.043315986916223764,0.2734071246622909,0.05826065916659281,200,percentile
Framingham-office (recal),age_group,60-69,FPR_7.5,0.05547957660619887,0.046701456055564576,0.06464080909582494,0.00468178723028267,200,percentile
Framingham-office (recal),age_group,60-69,pct_flagged_20,0.002818242457070979,0.001111581305364433,0.004610681136494272,0.0008499272904853426,200,percentile
Framingham-office (recal),age_group,60-69,TPR_20,0.002305144423365638,0.0,0.005933622288220038,0.0024313226132992648,200,percentile
Framingham-office (recal),age_group,60-69,FPR_20,0.0023768932790513195,0.0007194050091142861,0.004159534612812208,0.0008949562483361446,200,percentile
Framingham-office (recal),age_group,60-69,rel_OE,0.8669784719677769,0.6827228046405895,1.03337470303272,0.09447861410431761,200,percentile
Framingham-office (recal),age_group,70-79,n,2091.0,987.9,1120.0,32.73460204209411,200,percentile
Framingham-office (recal),age_group,70-79,events,168.0,71.0,96.025,6.601842288940279,200,percentile
Framingham-office (recal),age_group,70-79,observed,0.07472044143926194,0.06027899228045474,0.08923346164971416,0.007513767174470167,200,percentile
Framingham-office (recal),age_group,70-79,expected,0.05143553535157959,0.04895704412119352,0.05375399985089477,0.0012765223297228373,200,percentile
Framingham-office (recal),age_group,70-79,OE,1.4527007627804787,1.158117689616095,1.7331361622350407,0.14504877341175018,200,percentile
Framingham-office (recal),age_group,70-79,cal_intercept,0.4160259835182574,0.15047100055698368,0.6179555274873543,0.11537050129984343,200,percentile
Framingham-office (recal),age_group,70-79,cal_slope,0.6275601224760121,0.4231458529184305,0.8747434530145735,0.11843030909657917,200,percentile
Framingham-office (recal),age_group,70-79,AUC,0.6432618708188019,0.5950603178034544,0.6959786078489777,0.025818575199432807,200,percentile
Framingham-office (recal),age_group,70-79,brier,0.06877653672928484,0.05626740823041735,0.08177486340138797,0.006435251981779097,200,percentile
Framingham-office (recal),age_group,70-79,scaled_brier,0.005218027842940787,-0.013368362845213805,0.02501064339963705,0.010340998479478804,200,percentile
Framingham-office (recal),age_group,70-79,pct_flagged_7.5,0.18069991459411816,0.15740619964296362,0.2031236322621027,0.011791015061779275,200,percentile
Framingham-office (recal),age_group,70-79,TPR_7.5,0.3410978674663735,0.2765727209016058,0.41653790987503264,0.03749452654248916,200,percentile
Framingham-office (recal),age_group,70-79,FPR_7.5,0.16945871888037814,0.14261466959338387,0.19368805681117485,0.014192490698326156,200,percentile
Framingham-office (recal),age_group,70-79,pct_flagged_20,0.015425489492851165,0.010107451033373575,0.020976360605447646,0.0028840847965984056,200,percentile
Framingham-office (recal),age_group,70-79,TPR_20,0.04384664100819956,0.005676302520079992,0.080261227526325,0.019522403822058453,200,percentile
Framingham-office (recal),age_group,70-79,FPR_20,0.01361532422988775,0.008124374731012575,0.019714410595762476,0.003038920930485795,200,percentile
Framingham-office (recal),age_group,70-79,rel_OE,1.5826867697412739,1.3446732715784853,1.8268412657420547,0.13482696076032627,200,percentile
Framingham-office (recal),income,PIR 1.3-3.5,n,4300.0,2061.0,2269.225,52.23236424260208,200,percentile
Framingham-office (recal),income,PIR 1.3-3.5,events,134.0,55.975,78.025,6.202915103311867,200,percentile
Framingham-office (recal),income,PIR 1.3-3.5,observed,0.024634807027959664,0.019230422884167927,0.02991313661643493,0.0028751717546942022,200,percentile
Framingham-office (recal),income,PIR 1.3-3.5,expected,0.023092537943160088,0.021875243638951807,0.024338043666227042,0.0006029328570528341,200,percentile
Framingham-office (recal),income,PIR 1.3-3.5,OE,1.066786469663738,0.8262933773266437,1.30041748989304,0.12073655258827906,200,percentile
Framingham-office (recal),income,PIR 1.3-3.5,cal_intercept,0.07289639119464153,-0.2165736358851442,0.2760044182228898,0.12085654647520595,200,percentile
Framingham-office (recal),income,PIR 1.3-3.5,cal_slope,1.1664819630843641,0.9688281161034529,1.4058983650400683,0.12511023770812404,200,percentile
Framingham-office (recal),income,PIR 1.3-3.5,AUC,0.812411282457821,0.7743923581804402,0.8577434068841456,0.022592227446956693,200,percentile
Framingham-office (recal),income,PIR 1.3-3.5,brier,0.023097762555910444,0.018335724151511693,0.0279394544813984,0.0025529675369000645,200,percentile
Framingham-office (recal),income,PIR 1.3-3.5,scaled_brier,0.038712058283095874,0.016248023992813977,0.06198412123269476,0.011546879487327527,200,percentile
Framingham-office (recal),income,PIR 1.3-3.5,pct_flagged_7.5,0.046370065613451694,0.03920711179077556,0.054540708790855534,0.003643149618404789,200,percentile
Framingham-office (recal),income,PIR 1.3-3.5,TPR_7.5,0.2809662993165509,0.21606706268298642,0.3775896838191601,0.04489359306355411,200,percentile
Framingham-office (recal),income,PIR 1.3-3.5,FPR_7.5,0.03869353910794469,0.03116942643155085,0.046667363883271855,0.0040311449747384995,200,percentile
Framingham-office (recal),income,PIR 1.3-3.5,pct_flagged_20,0.0023595341595185003,0.0010365737444327878,0.0036475884253242027,0.0006541848096892046,200,percentile
Framingham-office (recal),income,PIR 1.3-3.5,TPR_20,0.01351130216364646,0.0,0.03133032780172042,0.00917699884325178,200,percentile
Framingham-office (recal),income,PIR 1.3-3.5,FPR_20,0.002234124285800707,0.0007366706447900612,0.0035265651308654593,0.0007525586135592626,200,percentile
Framingham-office (recal),income,PIR 1.3-3.5,rel_OE,1.162241305941226,0.9682058762747383,1.3522173637357793,0.10277171066881603,200,percentile
Framingham-office (recal),income,PIR<1.3,n,2973.0,1391.8,1601.1,52.18286145997319,200,percentile
Framingham-office (recal),income,PIR<1.3,events,113.0,48.0,66.0,4.42231663521627,200,percentile
Framingham-office (recal),income,PIR<1.3,observed,0.032136508605885745,0.02596628583600367,0.03855131068213482,0.003362469636431314,200,percentile
Framingham-office (recal),income,PIR<1.3,expected,0.023219824571553603,0.022133833605663816,0.02427438470902513,0.0005328866778527804,200,percentile
Framingham-office (recal),income,PIR<1.3,OE,1.3840116882388462,1.1374880979323772,1.6714353123352625,0.1403318596046453,200,percentile
Framingham-office (recal),income,PIR<1.3,cal_intercept,0.3521718275374952,0.1409426166493344,0.561317649477409,0.10858227079298878,200,percentile
Framingham-office (recal),income,PIR<1.3,cal_slope,1.0062218950370936,0.7910350121909916,1.1997746138023044,0.10892674484476432,200,percentile
Framingham-office (recal),income,PIR<1.3,AUC,0.7773370132775744,0.7258657465725813,0.8182377943217236,0.025428148742086553,200,percentile
Framingham-office (recal),income,PIR<1.3,brier,0.029841056731556383,0.0240287682625916,0.035685819473409555,0.0030216449647607426,200,percentile
Framingham-office (recal),income,PIR<1.3,scaled_brier,0.04059628019429262,0.018331938134780314,0.062362376326798426,0.012010759545681586,200,percentile
Framingham-office (recal),income,PIR<1.3,pct_flagged_7.5,0.049422425088419444,0.04276223144897597,0.05710585449373687,0.004146946387323685,200,percentile
Framingham-office (recal),income,PIR<1.3,TPR_7.5,0.22286345583558173,0.11982381081474419,0.32765803346538325,0.052007459356212954,200,percentile
Framingham-office (recal),income,PIR<1.3,FPR_7.5,0.04465075464790219,0.03759707489603305,0.05185650751558988,0.0040342316445152685,200,percentile
Framingham-office (recal),income,PIR<1.3,pct_flagged_20,0.0038672656162501147,0.002302642994959106,0.005902440233372288,0.0009636348699968514,200,percentile
Framingham-office (recal),income,PIR<1.3,TPR_20,0.03939230557727259,0.0,0.08501947046178257,0.021445718376926663,200,percentile
Framingham-office (recal),income,PIR<1.3,FPR_20,0.002506982938902167,0.0013289808186484377,0.0038656079712170504,0.000637898329786891,200,percentile
Framingham-office (recal),income,PIR<1.3,rel_OE,1.5078514751726004,1.2582573253732487,1.7742771643832234,0.13634645752897911,200,percentile
Framingham-office (recal),income,PIR>3.5,n,4520.0,2133.775,2405.05,75.40521671968538,200,percentile
Framingham-office (recal),income,PIR>3.5,events,55.0,18.975,37.0,4.311370382240932,200,percentile
Framingham-office (recal),income,PIR>3.5,observed,0.009882996868099557,0.00662408747419736,0.01367297211594502,0.0017183769339146869,200,percentile
Framingham-office (recal),income,PIR>3.5,expected,0.016643558532108617,0.01599236179095811,0.017317574326992418,0.0003336844344053492,200,percentile
Framingham-office (recal),income,PIR>3.5,OE,0.593803113020173,0.3879388405642908,0.82574681370221,0.10221872650010269,200,percentile
Framingham-office (recal),income,PIR>3.5,cal_intercept,-0.5475431904093757,-0.9756691012664416,-0.21992285200966374,0.1804584426553385,200,percentile
Framingham-office (recal),income,PIR>3.5,cal_slope,0.9805534453332219,0.7765749386815161,1.260442734266755,0.12342378478076425,200,percentile
Framingham-office (recal),income,PIR>3.5,AUC,0.7810088990578391,0.7284447644527526,0.8482357612647563,0.03317460932841811,200,percentile
Framingham-office (recal),income,PIR>3.5,brier,0.009910575847497152,0.006829714670123047,0.013527286134293052,0.0016219154628503425,200,percentile
Framingham-office (recal),income,PIR>3.5,scaled_brier,-0.012800047929699243,-0.045640603619036914,0.009727813415429741,0.014212044144991687,200,percentile
Framingham-office (recal),income,PIR>3.5,pct_flagged_7.5,0.020132434167252588,0.016472521516447576,0.022838373320475523,0.0016859942625749725,200,percentile
Framingham-office (recal),income,PIR>3.5,TPR_7.5,0.11912596459008286,0.03346873761693832,0.21296312643992865,0.043886596523742515,200,percentile
Framingham-office (recal),income,PIR>3.5,FPR_7.5,0.01996531725561382,0.015342650024402875,0.023466572508255578,0.0022018690927616633,200,percentile
Framingham-office (recal),income,PIR>3.5,pct_flagged_20,0.0014611911497651852,0.0006861170491853675,0.002212803425844694,0.0003928873952306742,200,percentile
Framingham-office (recal),income,PIR>3.5,TPR_20,0.0,0.0,0.0,0.0,200,percentile
Framingham-office (recal),income,PIR>3.5,FPR_20,0.001590232638181837,0.0006400435778288305,0.002509816872078093,0.0004655664476088873,200,percentile
Framingham-office (recal),income,PIR>3.5,rel_OE,0.6469359381414646,0.44995341441919545,0.8019985112804482,0.08786269487158332,200,percentile
Framingham-office (recal),education,<HS,n,3925.0,1840.925,2077.375,63.90603792613881,200,percentile
Framingham-office (recal),education,<HS,events,132.0,57.975,77.0,5.268182202486258,200,percentile
Framingham-office (recal),education,<HS,observed,0.029007725915108577,0.023451540059760526,0.03679807595623777,0.0036020534999067944,200,percentile
Framingham-office (recal),education,<HS,expected,0.027082384263188628,0.02561921122820017,0.028604858635244704,0.0007515129927536219,200,percentile
Framingham-office (recal),education,<HS,OE,1.0710920291658717,0.8646474858628925,1.3292914631634647,0.12404883095727184,200,percentile
Framingham-office (recal),education,<HS,cal_intercept,0.06719449413077754,-0.1587414568841043,0.30265730947166064,0.12293221003915238,200,percentile
Framingham-office (recal),education,<HS,cal_slope,0.9551441419275365,0.7444225415700485,1.158024307931656,0.1067357114357276,200,percentile
Framingham-office (recal),education,<HS,AUC,0.7609486467566884,0.7118815132750757,0.8075175252979506,0.024307670748647925,200,percentile
Framingham-office (recal),education,<HS,brier,0.027205711627210975,0.022396874615454938,0.0342389031574811,0.003191555487971461,200,percentile
Framingham-office (recal),education,<HS,scaled_brier,0.03410341024034147,0.007617632508642908,0.05320828225255151,0.01136650896288934,200,percentile
Framingham-office (recal),education,<HS,pct_flagged_7.5,0.06392080837794191,0.05385186374308387,0.07420727845546442,0.00532268309708582,200,percentile
Framingham-office (recal),education,<HS,TPR_7.5,0.2634242908298002,0.17015956173770752,0.34616051981354456,0.049968501979759265,200,percentile
Framingham-office (recal),education,<HS,FPR_7.5,0.058824777818818806,0.04950837829877797,0.06903934933789052,0.005373393158678935,200,percentile
Framingham-office (recal),education,<HS,pct_flagged_20,0.0051264904287706735,0.003337004295664291,0.007079107107548138,0.0009948563618363668,200,percentile
Framingham-office (recal),education,<HS,TPR_20,0.041667392108800466,0.00793501037164475,0.07773979296918683,0.017809029883532074,200,percentile
Framingham-office (recal),education,<HS,FPR_20,0.004034811557272495,0.0025232921849878123,0.00591030564558859,0.0009326243364423283,200,percentile
Framingham-office (recal),education,<HS,rel_OE,1.166932121995675,0.9747606331188898,1.437891633785955,0.12368997792449542,200,percentile
Framingham-office (recal),education,College+,n,2673.0,1246.9,1434.125,51.98476753123342,200,percentile
Framingham-office (recal),education,College+,events,45.0,15.0,29.025000000000006,3.644173431657719,200,percentile
Framingham-office (recal),education,College+,observed,0.011212050736599574,0.007060347272302816,0.01525686179600597,0.002068265585715939,200,percentile
Framingham-office (recal),education,College+,expected,0.015729502867022637,0.014803749334405546,0.016597156283142858,0.00046892977239400144,200,percentile
Framingham-office (recal),education,College+,OE,0.7128038839743605,0.45328033504930404,0.9596568233113751,0.12698186301807393,200,percentile
Framingham-office (recal),education,College+,cal_intercept,-0.3619425742392254,-0.8204278897255763,-0.04983103032281167,0.1904886601267153,200,percentile
Framingham-office (recal),education,College+,cal_slope,1.3829527733156874,1.079424925650747,1.7631424777199194,0.1810886074636981,200,percentile
Framingham-office (recal),education,College+,AUC,0.8574775033065136,0.7937311061249207,0.9082769161598163,0.03128116831738903,200,percentile
Framingham-office (recal),education,College+,brier,0.01068189200548752,0.0067672967604792975,0.014242676117472531,0.0018502386782852352,200,percentile
Framingham-office (recal),education,College+,scaled_brier,0.03648170861626543,-0.0038430963387014287,0.06522147823599397,0.019307222624437865,200,percentile
Framingham-office (recal),education,College+,pct_flagged_7.5,0.019070825828788173,0.013183986425092345,0.024162229552616984,0.002712575427895441,200,percentile
Framingham-office (recal),education,College+,TPR_7.5,0.2841269454842553,0.12579623826070666,0.4375798351050563,0.08186356340969154,200,percentile
Framingham-office (recal),education,College+,FPR_7.5,0.017329234207690527,0.010937714643208668,0.022975501055956297,0.0032087010596059885,200,percentile
Framingham-office (recal),education,College+,pct_flagged_20,0.0011698455770422593,0.00015398925453103055,0.0022192718247899387,0.0005633925921388544,200,percentile
Framingham-office (recal),education,College+,TPR_20,0.016996636502320236,0.0,0.049848471059870406,0.01850919054569361,200,percentile
Framingham-office (recal),education,College+,FPR_20,0.001145512883094736,0.0,0.002388226118340084,0.0006863011397503394,200,percentile
Framingham-office (recal),education,College+,rel_OE,0.7765847623203123,0.5040283225543614,0.9935174589409442,0.12292016329626032,200,percentile
Framingham-office (recal),education,HS/GED,n,2987.0,1432.875,1602.075,45.80507504084552,200,percentile
Framingham-office (recal),education,HS/GED,events,87.0,34.0,52.0,4.588490626682783,200,percentile
Framingham-office (recal),education,HS/GED,observed,0.021233046724068116,0.015012183057993728,0.027494939776271734,0.003269945255758333,200,percentile
Framingham-office (recal),education,HS/GED,expected,0.021932281773434984,0.020936383442614843,0.023183296172034153,0.0005763561296671958,200,percentile
Framingham-office (recal),education,HS/GED,OE,0.9681184540400259,0.7018331876557264,1.234212986224469,0.1438382081961892,200,percentile
Framingham-office (recal),education,HS/GED,cal_intercept,-0.029388198337229752,-0.37754430510901105,0.22056463253683156,0.16271591337415983,200,percentile
Framingham-office (recal),education,HS/GED,cal_slope,1.0467991908524181,0.8127723417294197,1.371030439906262,0.1382895215379861,200,percentile
Framingham-office (recal),education,HS/GED,AUC,0.7897232461053021,0.7197876807975044,0.8621136985634287,0.03609500408296554,200,percentile
Framingham-office (recal),education,HS/GED,brier,0.02030474968963749,0.014961467253060018,0.026001014731605574,0.002975918752051805,200,percentile
Framingham-office (recal),education,HS/GED,scaled_brier,0.022974211536250788,-0.010223974416534281,0.04749553006368542,0.013524151899110482,200,percentile
Framingham-office (recal),education,HS/GED,pct_flagged_7.5,0.03924851292294544,0.032707642571908564,0.04665324221324428,0.0035414778876279897,200,percentile
Framingham-office (recal),education,HS/GED,TPR_7.5,0.2406279594937724,0.15771324750261864,0.3382726947350456,0.04882898805862068,200,percentile
Framingham-office (recal),education,HS/GED,FPR_7.5,0.03404079031662768,0.027844627876390776,0.0408262683688671,0.0036290489195313115,200,percentile
Framingham-office (recal),education,HS/GED,pct_flagged_20,0.003139550270618259,0.0014274439883889124,0.004737221663484513,0.0008947965325531744,200,percentile
Framingham-office (recal),education,HS/GED,TPR_20,0.012097246200154028,0.0,0.03869045545807321,0.012290693948549722,200,percentile
Framingham-office (recal),education,HS/GED,FPR_20,0.0029637066965621504,0.000988250694015083,0.0047467269442113815,0.0009923684382191628,200,percentile
Framingham-office (recal),education,HS/GED,rel_OE,1.054744588843493,0.8067638953758633,1.2924172316147706,0.1152450619666673,200,percentile
Framingham-office (recal),education,Some college,n,3252.0,1556.975,1714.025,41.8909181100212,200,percentile
Framingham-office (recal),education,Some college,events,67.0,25.975,41.0,4.131737683034468,200,percentile
Framingham-office (recal),education,Some college,observed,0.016017017148540397,0.01082300539616698,0.021233913776032794,0.002564644906706082,200,percentile
Framingham-office (recal),education,Some college,expected,0.017809480899251707,0.017081391387226984,0.01851217843687305,0.0003670659501219319,200,percentile
Framingham-office (recal),education,Some college,OE,0.8993533971679869,0.602893962259285,1.1909866108651164,0.14084882249981495,200,percentile
Framingham-office (recal),education,Some college,cal_intercept,-0.11346598183539418,-0.5289059450572565,0.18071029802707375,0.16595333645030244,200,percentile
Framingham-office (recal),education,Some college,cal_slope,1.0061803676645997,0.8107519478245876,1.230290184931218,0.10907960731651904,200,percentile
Framingham-office (recal),education,Some college,AUC,0.7676269706808401,0.7110624096205012,0.8213612061791145,0.027299952647585543,200,percentile
Framingham-office (recal),education,Some college,brier,0.015534685829017125,0.01060192105936366,0.020388952211612157,0.0024240911772355268,200,percentile
Framingham-office (recal),education,Some college,scaled_brier,0.01432612403629896,-0.0019399307371670723,0.027258302797030926,0.0072626510929107374,200,percentile
Framingham-office (recal),education,Some college,pct_flagged_7.5,0.024655013606173733,0.02048894147474128,0.02871813092685411,0.002069898895042628,200,percentile
Framingham-office (recal),education,Some college,TPR_7.5,0.09337312476179642,0.043949419335906716,0.1595581548134235,0.027601766518865367,200,percentile
Framingham-office (recal),education,Some college,FPR_7.5,0.023570933919544398,0.01898991779340468,0.0280485424385106,0.002254673720116508,200,percentile
Framingham-office (recal),education,Some college,pct_flagged_20,0.0006167231888442224,0.00012134563636445654,0.001099632872467371,0.0002904464861664816,200,percentile
Framingham-office (recal),education,Some college,TPR_20,0.005379487345787423,0.0,0.014578006086658567,0.005619397444264527,200,percentile
Framingham-office (recal),education,Some college,FPR_20,0.00046427293521727694,0.0,0.0009582484712747377,0.0002908535352834106,200,percentile
Framingham-office (recal),education,Some college,rel_OE,0.9798265131321714,0.722258955196912,1.2608364835951023,0.1388490453172912,200,percentile
Framingham-office (recal),sex,GAP(max-min),OE,0.17051700343298626,0.0,0.33724566122107463,0.10524938583628397,200,basic
Framingham-office (recal),sex,GAP(max-min),AUC,0.03176462252686285,0.0,0.061735302056672756,0.019345470622945435,200,basic
Framingham-office (recal),sex,GAP(max-min),cal_slope,0.05267887073229449,0.0,0.10227407859867842,0.06723984091454174,200,basic
Framingham-office (recal),sex,GAP(max-min),TPR_7.5,0.13641480735912895,0.007651437147772999,0.2398511774224035,0.0550188132257631,200,basic
Framingham-office (recal),sex,GAP(max-min),FPR_7.5,0.03380762720864233,0.02570401960963977,0.04140967653307352,0.004044782239142225,200,basic
Framingham-office (recal),sex,GAP(max-min),pct_flagged_7.5,0.037626907032090685,0.030294229319943487,0.044850317119325744,0.0037258307891677566,200,basic
Framingham-office (recal),sex,GAP(max/min),OE,1.1994589915887721,1.0,1.394462105890347,0.13417552437820077,200,basic
Framingham-office (recal),race,GAP(max-min),OE,0.19131189456536135,0.0,0.31270342882635316,0.17236465209344495,200,basic
Framingham-office (recal),race,GAP(max-min),AUC,0.16996452972317666,0.08449212386768207,0.31049148773694124,0.06516303316622692,200,basic
Framingham-office (recal),race,GAP(max-min),cal_slope,0.5276217195728937,0.18317622110846166,0.9427559150900432,0.20628098176927048,200,basic
Framingham-office (recal),race,GAP(max-min),TPR_7.5,0.10039072624979509,0.0,0.17146045356794365,0.0673795922376043,200,basic
Framingham-office (recal),race,GAP(max-min),FPR_7.5,0.02755419123493024,0.01959860362158198,0.040131559867747926,0.00543534810281838,200,basic
Framingham-office (recal),race,GAP(max-min),pct_flagged_7.5,0.029701521811328832,0.02220926773452838,0.041532792201772584,0.005069979726433836,200,basic
Framingham-office (recal),race,GAP(max/min),OE,1.2256163174777466,1.0,1.3748124649417262,0.2978870712373806,200,basic
Framingham-office (recal),age_group,GAP(max-min),OE,0.8597043249562815,0.5162463114597626,1.1662949496820614,0.18123360890304446,200,basic
Framingham-office (recal),age_group,GAP(max-min),AUC,0.17169552864426407,0.0570895976788382,0.22863923287842208,0.04965813816857082,200,basic
Framingham-office (recal),age_group,GAP(max-min),cal_slope,1.0306254799231507,0.5255372935757974,1.5089422065064242,0.2513223015290226,200,basic
Framingham-office (recal),age_group,GAP(max-min),TPR_7.5,0.26824511794599887,0.12526254827957228,0.3464458200626477,0.06290967025719256,200,basic
Framingham-office (recal),age_group,GAP(max-min),FPR_7.5,0.1685849395671921,0.14511384594516247,0.19496646444897403,0.014055158332932608,200,basic
Framingham-office (recal),age_group,GAP(max-min),pct_flagged_7.5,0.17936634804646914,0.1573559635866471,0.20201338398242893,0.01167611051442879,200,basic
Framingham-office (recal),age_group,GAP(max/min),OE,2.449763051040711,1.0,3.1664446254664544,0.5736428686811363,200,basic
Framingham-office (recal),income,GAP(max-min),OE,0.7902085752186733,0.4743760909094332,1.069045932794804,0.15288201980312896,200,basic
Framingham-office (recal),income,GAP(max-min),AUC,0.03507426918024659,0.0,0.061891928539976805,0.0278313984551754,200,basic
Framingham-office (recal),income,GAP(max-min),cal_slope,0.18592851775114227,0.0,0.32504281532352247,0.13318501119728968,200,basic
Framingham-office (recal),income,GAP(max-min),TPR_7.5,0.16184033472646808,0.043961437585985974,0.2523181691377492,0.05449626224373597,200,basic
Framingham-office (recal),income,GAP(max-min),FPR_7.5,0.02468543739228837,0.015727561246273482,0.03002727384283721,0.0037106646628809093,200,basic
Framingham-office (recal),income,GAP(max-min),pct_flagged_7.5,0.029289990921166856,0.0199823039220567,0.03400146366088299,0.0035510899617109733,200,basic
Framingham-office (recal),income,GAP(max/min),OE,2.33075855934731,1.238409295526563,2.92286655718837,0.45277064132069744,200,basic
Framingham-office (recal),education,GAP(max-min),OE,0.3582881451915112,0.0,0.5488496932991085,0.15610425887777357,200,basic
Framingham-office (recal),education,GAP(max-min),AUC,0.09652885654982524,0.0192822018821458,0.13289941045013295,0.029484115790654342,200,basic
Framingham-office (recal),education,GAP(max-min),cal_slope,0.42780863138815095,0.0,0.6092624147560637,0.1635368279990393,200,basic
Framingham-office (recal),education,GAP(max-min),TPR_7.5,0.1907538207224589,0.026112680032076063,0.2744504568324464,0.0626369030643751,200,basic
Framingham-office (recal),education,GAP(max-min),FPR_7.5,0.04149554361112828,0.02832848432469011,0.053633744076424864,0.006414900561600436,200,basic
Framingham-office (recal),education,GAP(max-min),pct_flagged_7.5,0.04484998254915373,0.03185778664305548,0.0558459203527236,0.006284327316762286,200,basic
Framingham-office (recal),education,GAP(max/min),OE,1.502646174139532,1.0,1.7930158797708013,0.36209816099389963,200,basic
ML-GAM,Overall,All,n,12851.0,6243.8,6681.15,113.20703129520443,200,percentile
ML-GAM,Overall,All,events,333.0,151.0,188.025,9.198578380440397,200,percentile
ML-GAM,Overall,All,observed,0.018259132654697845,0.0152370789918285,0.02194398216351286,0.0015577176931997592,200,percentile
ML-GAM,Overall,All,expected,0.019438846350692818,0.018860654680879035,0.020108065935265866,0.0003491652054424806,200,percentile
ML-GAM,Overall,All,OE,0.9393115375927169,0.8080888313362916,1.1177596568929329,0.07478957451165809,200,percentile
ML-GAM,Overall,All,cal_intercept,-0.06781128665506743,-0.2284847248122823,0.11687272254797336,0.08119989666354938,200,percentile
ML-GAM,Overall,All,cal_slope,1.1248273129905777,0.9909381329499737,1.2679927695565079,0.07232780775706354,200,percentile
ML-GAM,Overall,All,AUC,0.8239538960285645,0.7933071706582884,0.8595708350566814,0.01649863125496495,200,percentile
ML-GAM,Overall,All,brier,0.01719163341236244,0.014600749945256019,0.02053832578252517,0.0014259906669339415,200,percentile
ML-GAM,Overall,All,scaled_brier,0.040952476772110225,0.025001264071364736,0.0570271330383114,0.008281563111654917,200,percentile
ML-GAM,Overall,All,pct_flagged_7.5,0.04273481025990025,0.03911915817580302,0.04677703121378689,0.0020302716241066433,200,percentile
ML-GAM,Overall,All,TPR_7.5,0.29084189991982085,0.2245073317405624,0.3727638493089973,0.03792803552660312,200,percentile
ML-GAM,Overall,All,FPR_7.5,0.03781922807968767,0.0340787588687838,0.0418596360521629,0.002097325943912749,200,percentile
ML-GAM,Overall,All,pct_flagged_20,0.0033527992845670714,0.002374497272714647,0.004405768941668557,0.0005317101283185197,200,percentile
ML-GAM,Overall,All,TPR_20,0.0311061039304151,0.012422220584374281,0.04980866181324155,0.009878770598552506,200,percentile
ML-GAM,Overall,All,FPR_20,0.002834930833640316,0.002006184126211429,0.00381173601363569,0.0004847599607596151,200,percentile
ML-GAM,Overall,All,rel_OE,1.0,1.0,1.0,0.0,200,percentile
ML-GAM,sex,Female,n,6536.0,3170.95,3407.1,61.6232431431306,200,percentile
ML-GAM,sex,Female,events,129.0,53.975,76.025,5.6826987714142625,200,percentile
ML-GAM,sex,Female,observed,0.014298811656041032,0.011440341297596274,0.017886875796136174,0.0015999201735201812,200,percentile
ML-GAM,sex,Female,expected,0.016088732157011915,0.015431310918577334,0.016849139992077704,0.0003813089922442611,200,percentile
ML-GAM,sex,Female,OE,0.8887469513754827,0.7338611240278409,1.0871620785369105,0.0911395881802179,200,percentile
ML-GAM,sex,Female,cal_intercept,-0.12862810087725887,-0.33004530228178103,0.0921634432103737,0.10633754516692959,200,percentile
ML-GAM,sex,Female,cal_slope,1.2277119036957802,1.0194712961814856,1.407782459564542,0.0992949509806453,200,percentile
ML-GAM,sex,Female,AUC,0.8470021594495711,0.8031268952079136,0.8826892819824863,0.019681825488920786,200,percentile
ML-GAM,sex,Female,brier,0.013412160074630676,0.010840066485378004,0.016657605275930933,0.0014605203873072528,200,percentile
ML-GAM,sex,Female,scaled_brier,0.04840204007894178,0.028303755689320573,0.06594488144054823,0.009978123522266317,200,percentile
ML-GAM,sex,Female,pct_flagged_7.5,0.03352828306540592,0.028988819332982786,0.03806203368554918,0.0023836901544383145,200,percentile
ML-GAM,sex,Female,TPR_7.5,0.3107487696279633,0.21779463197982502,0.4099234865328784,0.05256713438170281,200,percentile
ML-GAM,sex,Female,FPR_7.5,0.029342168839322648,0.02552927224833042,0.03405607701227908,0.0022685149145189156,200,percentile
ML-GAM,sex,Female,pct_flagged_20,0.001672190492621869,0.0007385149211595642,0.002630538416231181,0.0005142414938846066,200,percentile
ML-GAM,sex,Female,TPR_20,0.03399185858672482,0.006338455195998961,0.06674664845991664,0.017989191484297257,200,percentile
ML-GAM,sex,Female,FPR_20,0.001369004259560744,0.00038842973222510876,0.002230736873571901,0.0004853805461258436,200,percentile
ML-GAM,sex,Female,rel_OE,0.9461684604164216,0.8319619970624136,1.0676534213127158,0.06617384017494934,200,percentile
ML-GAM,sex,Male,n,6315.0,3057.975,3290.125,60.87899192900173,200,percentile
ML-GAM,sex,Male,events,204.0,87.975,117.0,7.245776798041406,200,percentile
ML-GAM,sex,Male,observed,0.022578668278006912,0.019075092164227442,0.02767814346895268,0.002252923241004078,200,percentile
ML-GAM,sex,Male,expected,0.02310969768022179,0.022239849710171813,0.023972896366824863,0.0004577990153864869,200,percentile
ML-GAM,sex,Male,OE,0.9770213609211619,0.8460271932656873,1.208285385963061,0.09374948483642441,200,percentile
ML-GAM,sex,Male,cal_intercept,-0.02284953498086498,-0.18309594721925526,0.19053194400960125,0.09926790895572567,200,percentile
ML-GAM,sex,Male,cal_slope,1.0444731466101058,0.9123448105967149,1.1997420669208592,0.08273433695882282,200,percentile
ML-GAM,sex,Male,AUC,0.7970388689973747,0.7592458095232032,0.8384048165371488,0.021548153489398137,200,percentile
ML-GAM,sex,Male,brier,0.02131391787496437,0.018051968870788537,0.025992444492882585,0.002044480780574247,200,percentile
ML-GAM,sex,Male,scaled_brier,0.03420900448648212,0.012068037681487032,0.054938156174110006,0.010769779101544709,200,percentile
ML-GAM,sex,Male,pct_flagged_7.5,0.052822762681343345,0.04770912741979824,0.05812702803040227,0.0028474810651631694,200,percentile
ML-GAM,sex,Male,TPR_7.5,0.27709162858928305,0.20756768728978453,0.3652631481711401,0.04165065788983001,200,percentile
ML-GAM,sex,Male,FPR_7.5,0.047143509156917805,0.041497803255700724,0.053154752314019546,0.002998950863416127,200,percentile
ML-GAM,sex,Male,pct_flagged_20,0.0051943081590904525,0.003692339268886603,0.006830643045839265,0.0008396818738773571,200,percentile
ML-GAM,sex,Male,TPR_20,0.029112826730163393,0.009392028420719692,0.0476445573773838,0.01060941361162174,200,percentile
ML-GAM,sex,Male,FPR_20,0.004447366352577469,0.0030933491063667145,0.0060592475818606216,0.0007713347400082296,200,percentile
ML-GAM,sex,Male,rel_OE,1.0401462367055432,0.9477529110680455,1.1254833034371972,0.050324226171955685,200,percentile
ML-GAM,race,Mexican American,n,2701.0,1106.925,1560.0,117.19133251689493,200,percentile
ML-GAM,race,Mexican American,events,55.0,16.975,36.0,4.965964560898566,200,percentile
ML-GAM,race,Mexican American,observed,0.016277313254553467,0.009612973904533445,0.022429504136546784,0.0034390260242196245,200,percentile
ML-GAM,race,Mexican American,expected,0.016865057498337218,0.015283092498747361,0.017995481276433307,0.0007284492318095297,200,percentile
ML-GAM,race,Mexican American,OE,0.9651501784775001,0.604641352452863,1.3238718224630848,0.190963755021729,200,percentile
ML-GAM,race,Mexican American,cal_intercept,-0.0570893994711556,-0.5180695901441953,0.2688408592199418,0.21643068435842094,200,percentile
ML-GAM,race,Mexican American,cal_slope,0.8734266856836321,0.606516058932113,1.1667942487779681,0.15058112617026323,200,percentile
ML-GAM,race,Mexican American,AUC,0.7555135273612362,0.67791680765347,0.8411256526692094,0.04245978798282528,200,percentile
ML-GAM,race,Mexican American,brier,0.01570473109891168,0.009424269376454098,0.02150889387801197,0.003194318207987219,200,percentile
ML-GAM,race,Mexican American,scaled_brier,0.01921210765518766,-0.019039418689344292,0.05129305041113848,0.019177145570920588,200,percentile
ML-GAM,race,Mexican American,pct_flagged_7.5,0.03226319654206527,0.023088501360401643,0.03955005366594111,0.00416211512028292,200,percentile
ML-GAM,race,Mexican American,TPR_7.5,0.22694372845923227,0.08932569669827278,0.40196625832703,0.08504910326288768,200,percentile
ML-GAM,race,Mexican American,FPR_7.5,0.03278049484275876,0.0220120944725611,0.041604602892743224,0.0051103831429560286,200,percentile
ML-GAM,race,Mexican American,pct_flagged_20,0.002415416010953008,0.0010895497734849427,0.0036638793263229145,0.0007203836806173848,200,percentile
ML-GAM,race,Mexican American,TPR_20,0.012636099389526357,0.0,0.034070468269207156,0.010152279160040748,200,percentile
ML-GAM,race,Mexican American,FPR_20,0.0022760472288621773,0.0006872672410559441,0.003764999404927301,0.0008243204094483484,200,percentile
ML-GAM,race,Mexican American,rel_OE,1.027508062927666,0.6537207684247648,1.4268201763483848,0.2068236165297745,200,percentile
ML-GAM,race,NH Black,n,2419.0,1058.775,1360.05,75.45441550429952,200,percentile
ML-GAM,race,NH Black,events,80.0,30.0,51.025000000000006,5.232001932444744,200,percentile
ML-GAM,race,NH Black,observed,0.025565243548074105,0.02034727883567887,0.031121041799918914,0.002788823918965767,200,percentile
ML-GAM,race,NH Black,expected,0.023042398764691694,0.021553595080986688,0.024293782237584244,0.0007559792347279229,200,percentile
ML-GAM,race,NH Black,OE,1.109487072467829,0.8815837632957975,1.343309797661573,0.1222176935160253,200,percentile
ML-GAM,race,NH Black,cal_intercept,0.09347914485254871,-0.15153616806748005,0.3039924679401753,0.12137578878008921,200,percentile
ML-GAM,race,NH Black,cal_slope,0.911142990955977,0.6667105062897116,1.1379091805745338,0.11226638033619603,200,percentile
ML-GAM,race,NH Black,AUC,0.7707718471791807,0.6951308611970842,0.8382825333091214,0.03528954456465564,200,percentile
ML-GAM,race,NH Black,brier,0.023762054556823193,0.01923892788633864,0.028630612786319433,0.0025008726024910734,200,percentile
ML-GAM,race,NH Black,scaled_brier,0.046147355385569355,0.010024668758525248,0.07551726998499746,0.016325942782468555,200,percentile
ML-GAM,race,NH Black,pct_flagged_7.5,0.05861713904411936,0.04914084180697271,0.06677908078912376,0.004693788760977612,200,percentile
ML-GAM,race,NH Black,TPR_7.5,0.3021600230852381,0.20115769244072423,0.38978071481851,0.049496565167742146,200,percentile
ML-GAM,race,NH Black,FPR_7.5,0.05371084224470766,0.0447543325958346,0.06293787388735726,0.004974923439692029,200,percentile
ML-GAM,race,NH Black,pct_flagged_20,0.007868685734622871,0.004282885739583328,0.010468588276764166,0.001567597661216568,200,percentile
ML-GAM,race,NH Black,TPR_20,0.08973674788486186,0.03380843189019349,0.1424562705332422,0.028520805412308784,200,percentile
ML-GAM,race,NH Black,FPR_20,0.005707722721998426,0.002980297030830879,0.00773353557558001,0.0012333829453262828,200,percentile
ML-GAM,race,NH Black,rel_OE,1.1811704935630203,0.9339363857919879,1.4442028570023568,0.13873878707902723,200,percentile
ML-GAM,race,NH White,n,6377.0,2923.675,3514.8250000000003,150.60396699413948,200,percentile
ML-GAM,race,NH White,events,177.0,75.0,108.025,8.603363546986026,200,percentile
ML-GAM,race,NH White,observed,0.018143963408148334,0.01460569744998004,0.023247886440067204,0.0019702226850302155,200,percentile
ML-GAM,race,NH White,expected,0.019500103659538283,0.01877414403833471,0.020416725917295105,0.00042210719315626726,200,percentile
ML-GAM,race,NH White,OE,0.9304547157765181,0.7706025177613074,1.1660219271982741,0.09341316405381012,200,percentile
ML-GAM,race,NH White,cal_intercept,-0.0713063266036374,-0.26176987730015305,0.15960412847392721,0.10260698448883485,200,percentile
ML-GAM,race,NH White,cal_slope,1.2105504517078327,1.0471589539126218,1.4319392596700284,0.09519196222396677,200,percentile
ML-GAM,race,NH White,AUC,0.8452007839735411,0.8131959909324838,0.8798500880666074,0.01877339008991459,200,percentile
ML-GAM,race,NH White,brier,0.01702268291623831,0.01393451636851797,0.021678136456077128,0.0018101699119141377,200,percentile
ML-GAM,race,NH White,scaled_brier,0.0444618442097533,0.024828850438703205,0.06525341285899887,0.009848635316439865,200,percentile
ML-GAM,race,NH White,pct_flagged_7.5,0.04315973097462375,0.03878685619901416,0.0483598527616143,0.002385330040369596,200,percentile
ML-GAM,race,NH White,TPR_7.5,0.3054417724761943,0.22098621136935906,0.4110974734978374,0.04875729797686068,200,percentile
ML-GAM,race,NH White,FPR_7.5,0.037265680557113434,0.033195500609376774,0.041956107590801574,0.00229820532482605,200,percentile
ML-GAM,race,NH White,pct_flagged_20,0.002957287772120149,0.0018081370700306159,0.004172529571195333,0.0006341962322057109,200,percentile
ML-GAM,race,NH White,TPR_20,0.023402674340947546,0.0,0.04495497239529974,0.012458372900947418,200,percentile
ML-GAM,race,NH White,FPR_20,0.0025924132988479984,0.0016003235190666875,0.0038887408877592337,0.00059353698757359,200,percentile
ML-GAM,race,NH White,rel_OE,0.9905709432262514,0.9276814507690587,1.0383797022289585,0.03079235452665794,200,percentile
ML-GAM,race,Other Hispanic,n,901.0,337.925,571.325,56.95261540974261,200,percentile
ML-GAM,race,Other Hispanic,events,16.0,4.0,13.0,2.5987965904612405,200,percentile
ML-GAM,race,Other Hispanic,observed,0.0160590726115451,0.005101153958524901,0.02856040567230794,0.006160549074224618,200,percentile
ML-GAM,race,Other Hispanic,expected,0.01742279473433244,0.015127515653804905,0.01940391072123409,0.0012832368430827684,200,percentile
ML-GAM,race,Other Hispanic,OE,0.9217277053663462,0.2738119109174833,1.760210890810038,0.37609043196906833,200,percentile
ML-GAM,race,Other Hispanic,cal_intercept,-0.07744285404959238,-1.3180034471516717,0.6036376975426889,0.481857333546364,200,percentile
ML-GAM,race,Other Hispanic,cal_slope,0.6161199516931192,0.14042797836678736,1.6024715872281523,0.3711706922394434,200,percentile
ML-GAM,race,Other Hispanic,AUC,0.6515243401141099,0.5194176919937384,0.8724190110448383,0.09115684868834091,200,percentile
ML-GAM,race,Other Hispanic,brier,0.015621910697257619,0.005962347721871109,0.027541526497187083,0.005912352686396929,200,percentile
ML-GAM,race,Other Hispanic,scaled_brier,0.011345235911306206,-0.05877411501563407,0.0749274413527192,0.058844870709647584,200,percentile
ML-GAM,race,Other Hispanic,pct_flagged_7.5,0.03112952773124423,0.017402880048292015,0.04292627238415678,0.00731556254727021,200,percentile
ML-GAM,race,Other Hispanic,TPR_7.5,0.1854305181591533,0.0,0.4553243848191785,0.12182400512154933,200,percentile
ML-GAM,race,Other Hispanic,FPR_7.5,0.028198493814085845,0.013934333810946399,0.04055675923861223,0.007560917105617295,200,percentile
ML-GAM,race,Other Hispanic,pct_flagged_20,0.003258100354250176,0.0007095711161595375,0.006137615934098485,0.0015553336110109815,200,percentile
ML-GAM,race,Other Hispanic,TPR_20,0.027567878575963455,0.0,0.10221010389164484,0.03872748411426104,200,percentile
ML-GAM,race,Other Hispanic,FPR_20,0.00233536123833819,0.0,0.004651098059410926,0.0015319959593333144,200,percentile
ML-GAM,race,Other Hispanic,rel_OE,0.9812800849104496,0.2954295947753038,1.9991656647023164,0.415056451516537,200,percentile
ML-GAM,race,Other/Multiracial,n,453.0,187.0,263.1,18.956092482657272,200,percentile
ML-GAM,race,Other/Multiracial,events,5.0,1.0,4.0,0.8501256188582931,200,percentile
ML-GAM,race,Other/Multiracial,observed,0.008958833097011294,0.0017436925715847054,0.016630253922543997,0.004372740445559088,200,percentile
ML-GAM,race,Other/Multiracial,expected,0.01633943753880834,0.014400591714501506,0.018201165243415165,0.0010381248045188021,200,percentile
ML-GAM,race,Other/Multiracial,OE,0.5482950729321541,0.10390462969795786,1.07336687067784,0.27716945048816966,200,percentile
ML-GAM,race,Other/Multiracial,cal_intercept,-0.6425284517136713,-2.333998168652954,0.059778774802216675,0.6535036695011414,200,percentile
ML-GAM,race,Other/Multiracial,cal_slope,0.7691228064593045,0.5040621394075009,1.4600029691577088,0.25302381146104724,200,percentile
ML-GAM,race,Other/Multiracial,AUC,0.791403856311923,0.7089436801340002,0.9363018530446847,0.06790759761532117,200,percentile
ML-GAM,race,Other/Multiracial,brier,0.00927794973346624,0.0023600194368384357,0.016589998001960347,0.004212624142793673,200,percentile
ML-GAM,race,Other/Multiracial,scaled_brier,-0.044982155759676345,-0.3682406388608297,-0.007979009479177056,0.09074845535520958,200,percentile
ML-GAM,race,Other/Multiracial,pct_flagged_7.5,0.027972596312412796,0.0141919720873983,0.040460319812906535,0.006953022978433753,200,percentile
ML-GAM,race,Other/Multiracial,TPR_7.5,0.0,0.0,0.0,0.0,200,percentile
ML-GAM,race,Other/Multiracial,FPR_7.5,0.029329018585717834,0.013777867523654064,0.043268617581583096,0.007665639965483452,200,percentile
ML-GAM,race,Other/Multiracial,pct_flagged_20,0.002069842499388987,0.0,0.004912272983786492,0.0017812820447702055,200,percentile
ML-GAM,race,Other/Multiracial,TPR_20,0.0,0.0,0.0,0.0,200,percentile
ML-GAM,race,Other/Multiracial,FPR_20,0.0022601688639279386,0.0,0.005136526351480145,0.0019290988007915424,200,percentile
ML-GAM,race,Other/Multiracial,rel_OE,0.5837201513965576,0.11150333887809774,1.1192085703430592,0.3003506634151795,200,percentile
ML-GAM,age_group,40-49,n,4228.0,2046.975,2206.05,40.909693105054565,200,percentile
ML-GAM,age_group,40-49,events,33.0,12.0,23.0,2.8525576991772983,200,percentile
ML-GAM,age_group,40-49,observed,0.006177362043944706,0.0037141321245675847,0.009592236060778851,0.0015385042144552333,200,percentile
ML-GAM,age_group,40-49,expected,0.00788867769088252,0.007643474660203764,0.008135067680419404,0.00013061262571957948,200,percentile
ML-GAM,age_group,40-49,OE,0.7830668568300493,0.4643456848698713,1.1953881594425269,0.19058498524367454,200,percentile
ML-GAM,age_group,40-49,cal_intercept,-0.2519613238083532,-0.776567012020836,0.17684205241893905,0.24967279951947213,200,percentile
ML-GAM,age_group,40-49,cal_slope,1.7645385748449063,1.1721636895000616,2.2286534486861713,0.25435621183971174,200,percentile
ML-GAM,age_group,40-49,AUC,0.8097173964598452,0.7331765512079729,0.8871359724253322,0.040717993243889,200,percentile
ML-GAM,age_group,40-49,brier,0.006045874245907133,0.0036776854066238973,0.009342402620097166,0.0014702450531825044,200,percentile
ML-GAM,age_group,40-49,scaled_brier,0.015201974545691943,-0.0012644817604914426,0.024029163901604925,0.006867795321763481,200,percentile
ML-GAM,age_group,40-49,pct_flagged_7.5,0.0005965860297861674,0.0,0.0012341465179853887,0.000493334258364219,200,percentile
ML-GAM,age_group,40-49,TPR_7.5,0.021943729739455575,0.0,0.06868562432262287,0.02352521620643025,200,percentile
ML-GAM,age_group,40-49,FPR_7.5,0.0004570789938267058,0.0,0.000992774044995483,0.000459727927928918,200,percentile
ML-GAM,age_group,40-49,pct_flagged_20,0.0,0.0,0.0,0.0,200,percentile
ML-GAM,age_group,40-49,TPR_20,0.0,0.0,0.0,0.0,200,percentile
ML-GAM,age_group,40-49,FPR_20,0.0,0.0,0.0,0.0,200,percentile
ML-GAM,age_group,40-49,rel_OE,0.8336604262701871,0.5162967611091114,1.214496041603087,0.18578397522762202,200,percentile
ML-GAM,age_group,50-59,n,3260.0,1556.95,1729.1,43.378607839469154,200,percentile
ML-GAM,age_group,50-59,events,40.0,14.0,27.025000000000006,3.513992131965807,200,percentile
ML-GAM,age_group,50-59,observed,0.00996025642592069,0.006530629237850776,0.014154823223523235,0.0019785545433338328,200,percentile
ML-GAM,age_group,50-59,expected,0.01234419881664738,0.011998312566724902,0.012720584235633364,0.00019390306635439172,200,percentile
ML-GAM,age_group,50-59,OE,0.8068775117659555,0.5388596777080787,1.1235980533994918,0.15454754390981165,200,percentile
ML-GAM,age_group,50-59,cal_intercept,-0.21590430327362284,-0.6255366683319386,0.11250228246242354,0.19763094430092393,200,percentile
ML-GAM,age_group,50-59,cal_slope,1.444332486705225,0.9230485035139512,1.967903839071259,0.2901458272944779,200,percentile
ML-GAM,age_group,50-59,AUC,0.7694017898547459,0.6629503309626025,0.8592917811673171,0.051493540657125525,200,percentile
ML-GAM,age_group,50-59,brier,0.009743185060666355,0.006457351667831301,0.013726004929610978,0.0018940866190286488,200,percentile
ML-GAM,age_group,50-59,scaled_brier,0.011952546691949006,-0.0020619982755655623,0.020596294068679417,0.0060442118055615435,200,percentile
ML-GAM,age_group,50-59,pct_flagged_7.5,0.0005520830106302707,0.00013563250872918557,0.0009824328524307298,0.0002531924361313558,200,percentile
ML-GAM,age_group,50-59,TPR_7.5,0.0,0.0,0.0,0.0,200,percentile
ML-GAM,age_group,50-59,FPR_7.5,0.0006748686845224005,0.0001297539990659095,0.0012892469264603344,0.0003418459523187385,200,percentile
ML-GAM,age_group,50-59,pct_flagged_20,0.0,0.0,0.0,0.0,200,percentile
ML-GAM,age_group,50-59,TPR_20,0.0,0.0,0.0,0.0,200,percentile
ML-GAM,age_group,50-59,FPR_20,0.0,0.0,0.0,0.0,200,percentile
ML-GAM,age_group,50-59,rel_OE,0.8590094760614082,0.6120880259474546,1.1423870717250186,0.14155962302966452,200,percentile
ML-GAM,age_group,60-69,n,3272.0,1556.0,1732.025,45.61075316216669,200,percentile
ML-GAM,age_group,60-69,events,92.0,38.975,54.0,4.329979052254737,200,percentile
ML-GAM,age_group,60-69,observed,0.02516531422026301,0.018837228448022214,0.03212763357149883,0.0035250731495560087,200,percentile
ML-GAM,age_group,60-69,expected,0.026186664243488197,0.025414651718349744,0.02711762699334716,0.00043833839291138326,200,percentile
ML-GAM,age_group,60-69,OE,0.9609973223878958,0.7162538161756521,1.2419984586601767,0.1362157992034604,200,percentile
ML-GAM,age_group,60-69,cal_intercept,-0.038384193040876965,-0.3352456464813391,0.2269961410878121,0.1487874683765457,200,percentile
ML-GAM,age_group,60-69,cal_slope,0.7710833686999524,0.3316177684897283,1.1491278603562096,0.2290074169998056,200,percentile
ML-GAM,age_group,60-69,AUC,0.634069215949801,0.5612351858600869,0.7052866067143879,0.041346207689889856,200,percentile
ML-GAM,age_group,60-69,brier,0.02430238285639333,0.01865850102792313,0.031216073269491773,0.0033005250047548093,200,percentile
ML-GAM,age_group,60-69,scaled_brier,0.009360758429804106,-0.012106293913435472,0.026881784555189095,0.011703398090169001,200,percentile
ML-GAM,age_group,60-69,pct_flagged_7.5,0.029692677358204828,0.02396967234244054,0.03700402149118874,0.003166330808403714,200,percentile
ML-GAM,age_group,60-69,TPR_7.5,0.0783901233726853,0.01629462551047895,0.15398117154983137,0.03789624902260571,200,percentile
ML-GAM,age_group,60-69,FPR_7.5,0.026911379941024088,0.021081932604538414,0.03388730385522266,0.003181518661978202,200,percentile
ML-GAM,age_group,60-69,pct_flagged_20,0.0011232310565999148,0.00016257518250811095,0.0021939057752271693,0.0006210118829053628,200,percentile
ML-GAM,age_group,60-69,TPR_20,0.0,0.0,0.0,0.0,200,percentile
ML-GAM,age_group,60-69,FPR_20,0.0011210176255690126,0.00015658095982321575,0.0021724350279301433,0.0006284937767265124,200,percentile
ML-GAM,age_group,60-69,rel_OE,1.0230868928223278,0.800218360751635,1.223922213037858,0.11263614271621097,200,percentile
ML-GAM,age_group,70-79,n,2091.0,987.9,1120.0,32.73460204209411,200,percentile
ML-GAM,age_group,70-79,events,168.0,71.0,96.025,6.601842288940279,200,percentile
ML-GAM,age_group,70-79,observed,0.07472044143926194,0.06027899228045474,0.08923346164971416,0.007513767174470167,200,percentile
ML-GAM,age_group,70-79,expected,0.07118092843041358,0.06884062960896793,0.0737858073427948,0.001301656420302919,200,percentile
ML-GAM,age_group,70-79,OE,1.0497255808107164,0.8446806196338966,1.2425066516155576,0.10272764533000642,200,percentile
ML-GAM,age_group,70-79,cal_intercept,0.05615901711185793,-0.18241656095642073,0.24775398965534928,0.11077724762376308,200,percentile
ML-GAM,age_group,70-79,cal_slope,0.9110125833116397,0.6883422407569667,1.1879505187306538,0.13307532442504807,200,percentile
ML-GAM,age_group,70-79,AUC,0.682031216727539,0.6325588668753088,0.7336773415498402,0.025860957821942466,200,percentile
ML-GAM,age_group,70-79,brier,0.06742961936038151,0.0557408744876708,0.0792889026411626,0.006091220939117541,200,percentile
ML-GAM,age_group,70-79,scaled_brier,0.024699804336634545,0.004857004552227957,0.04575506713881921,0.01117821271740635,200,percentile
ML-GAM,age_group,70-79,pct_flagged_7.5,0.3417278514062584,0.3177837796212044,0.3679915148463957,0.012277830264295565,200,percentile
ML-GAM,age_group,70-79,TPR_7.5,0.6049869224602428,0.5013896771255252,0.6986819604411997,0.04877662085797138,200,percentile
ML-GAM,age_group,70-79,FPR_7.5,0.31872778082392594,0.2944749010274233,0.3442682142592107,0.013232050114614086,200,percentile
ML-GAM,age_group,70-79,pct_flagged_20,0.029135683117578443,0.021048970230400556,0.03736632502676067,0.00444840200267404,200,percentile
ML-GAM,age_group,70-79,TPR_20,0.07018071605263058,0.028066311149252024,0.11614256606911985,0.023220568829507394,200,percentile
ML-GAM,age_group,70-79,FPR_20,0.025777193869956257,0.01875395066030539,0.033541774656566783,0.004094641324210694,200,percentile
ML-GAM,age_group,70-79,rel_OE,1.1175478409441988,0.9590148263823629,1.2934834670435686,0.09338542490048525,200,percentile
ML-GAM,income,PIR 1.3-3.5,n,4300.0,2061.0,2269.225,52.23236424260208,200,percentile
ML-GAM,income,PIR 1.3-3.5,events,134.0,55.975,78.025,6.202915103311867,200,percentile
ML-GAM,income,PIR 1.3-3.5,observed,0.024634807027959664,0.019230422884167927,0.02991313661643493,0.0028751717546942022,200,percentile
ML-GAM,income,PIR 1.3-3.5,expected,0.02443559694544598,0.02310623452225629,0.025944674021913035,0.0006584636813602067,200,percentile
ML-GAM,income,PIR 1.3-3.5,OE,1.0081524541004026,0.783064111233272,1.2016132931758565,0.11161297510101968,200,percentile
ML-GAM,income,PIR 1.3-3.5,cal_intercept,0.012268031949555055,-0.27024212850729157,0.20119531236079105,0.11950217697747598,200,percentile
ML-GAM,income,PIR 1.3-3.5,cal_slope,1.2159182948357166,1.0391967157790634,1.4706388803696788,0.1115752608197257,200,percentile
ML-GAM,income,PIR 1.3-3.5,AUC,0.8337862643646813,0.7934223205624082,0.8790546468477335,0.022405924248250175,200,percentile
ML-GAM,income,PIR 1.3-3.5,brier,0.02261194758357318,0.01795191027163167,0.02758733097178006,0.002493360495060687,200,percentile
ML-GAM,income,PIR 1.3-3.5,scaled_brier,0.05893081642830156,0.03162945636770551,0.0834986177231864,0.012882267635113872,200,percentile
ML-GAM,income,PIR 1.3-3.5,pct_flagged_7.5,0.06550767869341412,0.05880298396725754,0.07422321268792746,0.004242247159919329,200,percentile
ML-GAM,income,PIR 1.3-3.5,TPR_7.5,0.41062273403242855,0.2844119609220663,0.5536900176828485,0.06520745264899941,200,percentile
ML-GAM,income,PIR 1.3-3.5,FPR_7.5,0.05530746208992582,0.04774028067808797,0.06364822458160668,0.004187949456853029,200,percentile
ML-GAM,income,PIR 1.3-3.5,pct_flagged_20,0.0045253318685117856,0.0024739513532882596,0.006688163978351503,0.0010492188230631515,200,percentile
ML-GAM,income,PIR 1.3-3.5,TPR_20,0.03077738187104627,0.0013820864171429196,0.05997745504988182,0.015596255708981887,200,percentile
ML-GAM,income,PIR 1.3-3.5,FPR_20,0.003941131310508682,0.0019463912188153734,0.006142290788741938,0.001046884314464642,200,percentile
ML-GAM,income,PIR 1.3-3.5,rel_OE,1.0732886947009213,0.901523720129536,1.236797079311168,0.092089072082669,200,percentile
ML-GAM,income,PIR<1.3,n,2973.0,1391.8,1601.1,52.18286145997319,200,percentile
ML-GAM,income,PIR<1.3,events,113.0,48.0,66.0,4.42231663521627,200,percentile
ML-GAM,income,PIR<1.3,observed,0.032136508605885745,0.02596628583600367,0.03855131068213482,0.003362469636431314,200,percentile
ML-GAM,income,PIR<1.3,expected,0.024355490259197258,0.022987570370006583,0.02593144869762701,0.0007452840438489737,200,percentile
ML-GAM,income,PIR<1.3,OE,1.3194769747552166,1.0678647082933963,1.6244724141310813,0.1414266650834295,200,percentile
ML-GAM,income,PIR<1.3,cal_intercept,0.304558564979168,0.0879116776597287,0.5324216156082033,0.11450914342383622,200,percentile
ML-GAM,income,PIR<1.3,cal_slope,0.9456284708311615,0.7455728926713543,1.0973215437442134,0.09533387868596654,200,percentile
ML-GAM,income,PIR<1.3,AUC,0.7940062413361557,0.7419082870195047,0.8305392253522915,0.023807316809339882,200,percentile
ML-GAM,income,PIR<1.3,brier,0.029928744862209825,0.024239850930584454,0.03585438629348931,0.0030372849049727967,200,percentile
ML-GAM,income,PIR<1.3,scaled_brier,0.03777706640141254,0.010501110848130083,0.06399719704471189,0.013604468773591758,200,percentile
ML-GAM,income,PIR<1.3,pct_flagged_7.5,0.06379694701917775,0.0537689421873139,0.07449717584052112,0.0053099272824356225,200,percentile
ML-GAM,income,PIR<1.3,TPR_7.5,0.2783414530157899,0.20256756699838155,0.3695153911288024,0.043933625334230536,200,percentile
ML-GAM,income,PIR<1.3,FPR_7.5,0.05612961411326546,0.04565023289766159,0.06777476019577403,0.005543963829888426,200,percentile
ML-GAM,income,PIR<1.3,pct_flagged_20,0.009126405334670571,0.004726680482430428,0.013053249654510733,0.002129029851004453,200,percentile
ML-GAM,income,PIR<1.3,TPR_20,0.06826328852002002,0.011854428911851667,0.12470553830339165,0.03130134072956322,200,percentile
ML-GAM,income,PIR<1.3,FPR_20,0.007053627621239745,0.0038711732194730087,0.010242257467833527,0.0018115703370109029,200,percentile
ML-GAM,income,PIR<1.3,rel_OE,1.4047277414869128,1.1669898424646785,1.6522464789316855,0.13056054406114234,200,percentile
ML-GAM,income,PIR>3.5,n,4520.0,2133.775,2405.05,75.40521671968538,200,percentile
ML-GAM,income,PIR>3.5,events,55.0,18.975,37.0,4.311370382240932,200,percentile
ML-GAM,income,PIR>3.5,observed,0.009882996868099557,0.00662408747419736,0.01367297211594502,0.0017183769339146869,200,percentile
ML-GAM,income,PIR>3.5,expected,0.014655084555338344,0.014163412615682325,0.01527993435479895,0.00029410968121063334,200,percentile
ML-GAM,income,PIR>3.5,OE,0.6743732409581712,0.43722434232756224,0.9391300999498,0.11489126048079912,200,percentile
ML-GAM,income,PIR>3.5,cal_intercept,-0.41531294056750795,-0.8387799151180833,-0.09030686477678139,0.17770544589017212,200,percentile
ML-GAM,income,PIR>3.5,cal_slope,1.051645004202116,0.7834150731606581,1.3699997343653372,0.14560545716161502,200,percentile
ML-GAM,income,PIR>3.5,AUC,0.8060597811296729,0.7430936254287435,0.8853476595864593,0.03708931484209898,200,percentile
ML-GAM,income,PIR>3.5,brier,0.009761327994470811,0.006654249116580814,0.013332873391837929,0.0016266759584397277,200,percentile
ML-GAM,income,PIR>3.5,scaled_brier,0.002452166979352355,-0.028329809904087764,0.024606344049496295,0.014047542969060921,200,percentile
ML-GAM,income,PIR>3.5,pct_flagged_7.5,0.021115987300285372,0.017860326315769014,0.02482468879700636,0.0017124137598632128,200,percentile
ML-GAM,income,PIR>3.5,TPR_7.5,0.08942550826008518,0.018907167003027244,0.16155246783579064,0.03740197105595633,200,percentile
ML-GAM,income,PIR>3.5,FPR_7.5,0.020641312146642363,0.017007252369264945,0.02498610757046776,0.0019503700367375393,200,percentile
ML-GAM,income,PIR>3.5,pct_flagged_20,0.0009589855564019579,0.0002095493858495025,0.0015958415222282326,0.0003694254091350695,200,percentile
ML-GAM,income,PIR>3.5,TPR_20,0.0,0.0,0.0,0.0,200,percentile
ML-GAM,income,PIR>3.5,FPR_20,0.0008542439626881278,0.00019906243911663407,0.0014905373200331932,0.00035776789845409415,200,percentile
ML-GAM,income,PIR>3.5,rel_OE,0.7179441686476736,0.5040870212254669,0.8765853525463322,0.09552462492538823,200,percentile
ML-GAM,education,<HS,n,3925.0,1840.925,2077.375,63.90603792613881,200,percentile
ML-GAM,education,<HS,events,132.0,57.975,77.0,5.268182202486258,200,percentile
ML-GAM,education,<HS,observed,0.029007725915108577,0.023451540059760526,0.03679807595623777,0.0036020534999067944,200,percentile
ML-GAM,education,<HS,expected,0.02788982460343852,0.026295687390433357,0.029743215222875787,0.0009009187336544248,200,percentile
ML-GAM,education,<HS,OE,1.0400827659393825,0.8302946519506621,1.2927548358394725,0.12089050036948487,200,percentile
ML-GAM,education,<HS,cal_intercept,0.026576661213030997,-0.20201634130660404,0.2721516488030398,0.12425573786049135,200,percentile
ML-GAM,education,<HS,cal_slope,0.9053334368644868,0.6597959558488377,1.058748951086565,0.1022772262871314,200,percentile
ML-GAM,education,<HS,AUC,0.7711708167803751,0.7073845755900297,0.8113111399175196,0.0258776689269376,200,percentile
ML-GAM,education,<HS,brier,0.027260925979778375,0.022580939194916137,0.033754975655930226,0.003050720614146766,200,percentile
ML-GAM,education,<HS,scaled_brier,0.032143110301070754,-0.0034028178325583233,0.0580842420570562,0.015895820826251475,200,percentile
ML-GAM,education,<HS,pct_flagged_7.5,0.08193014243758759,0.0676280456954218,0.09568585847162728,0.007141044243178719,200,percentile
ML-GAM,education,<HS,TPR_7.5,0.3271787048785024,0.20814863321231655,0.4433089835439204,0.05923747120665993,200,percentile
ML-GAM,education,<HS,FPR_7.5,0.07446932813789209,0.06126851101996151,0.0881810706279446,0.0068088972020388435,200,percentile
ML-GAM,education,<HS,pct_flagged_20,0.008739850416484984,0.005094176125751123,0.012087440578065912,0.0017490054723534054,200,percentile
ML-GAM,education,<HS,TPR_20,0.0449814463136299,0.018592466254216733,0.0778482287860706,0.01569638297335273,200,percentile
ML-GAM,education,<HS,FPR_20,0.007987408173052435,0.004428326341084863,0.0115369170138429,0.001744657551460159,200,percentile
ML-GAM,education,<HS,rel_OE,1.1072820084856232,0.9167794718608505,1.3763011241025367,0.1170555587211987,200,percentile
ML-GAM,education,College+,n,2673.0,1246.9,1434.125,51.98476753123342,200,percentile
ML-GAM,education,College+,events,45.0,15.0,29.025000000000006,3.644173431657719,200,percentile
ML-GAM,education,College+,observed,0.011212050736599574,0.007060347272302816,0.01525686179600597,0.002068265585715939,200,percentile
ML-GAM,education,College+,expected,0.014612668093858317,0.013871033408887845,0.015338160235021887,0.00042223292830463073,200,percentile
ML-GAM,education,College+,OE,0.7672829263337598,0.4809351449345042,1.0389184810227978,0.139268116358354,200,percentile
ML-GAM,education,College+,cal_intercept,-0.2786710405774826,-0.7637467723975737,0.030741374251647774,0.19560725024994557,200,percentile
ML-GAM,education,College+,cal_slope,1.4107787061593948,1.0973973117529676,1.7322562122775507,0.1649386568180614,200,percentile
ML-GAM,education,College+,AUC,0.8799920048142826,0.806421475369951,0.9388182304945073,0.03419637730545157,200,percentile
ML-GAM,education,College+,brier,0.010538820201196715,0.006805254056245435,0.014132283767139224,0.0018427916909710047,200,percentile
ML-GAM,education,College+,scaled_brier,0.04938694116726361,0.003513273442637863,0.07916450741316156,0.020123166545477134,200,percentile
ML-GAM,education,College+,pct_flagged_7.5,0.025181064751193773,0.02012064787159894,0.029435210800112358,0.002416627565979529,200,percentile
ML-GAM,education,College+,TPR_7.5,0.25827049001934227,0.07854301873130429,0.40492720452354636,0.0805562373504696,200,percentile
ML-GAM,education,College+,FPR_7.5,0.021760757703859063,0.01647815671097368,0.026674309267603828,0.0028171296951546194,200,percentile
ML-GAM,education,College+,pct_flagged_20,0.001458280745445552,0.0003738916127339571,0.0027680056685930143,0.0005700717252925097,200,percentile
ML-GAM,education,College+,TPR_20,0.015308811312603626,0.0,0.04133989739614749,0.016223142278762422,200,percentile
ML-GAM,education,College+,FPR_20,0.0014587065892873387,0.00015130079090897367,0.0030006807880186104,0.0006941895734864786,200,percentile
ML-GAM,education,College+,rel_OE,0.8168567036876446,0.5239399147886015,1.0523618057186759,0.13070645249822901,200,percentile
ML-GAM,education,HS/GED,n,2987.0,1432.875,1602.075,45.80507504084552,200,percentile
ML-GAM,education,HS/GED,events,87.0,34.0,52.0,4.588490626682783,200,percentile
ML-GAM,education,HS/GED,observed,0.021233046724068116,0.015012183057993728,0.027494939776271734,0.003269945255758333,200,percentile
ML-GAM,education,HS/GED,expected,0.021829010598417745,0.02076601419831835,0.02297637113489086,0.0005855889862900673,200,percentile
ML-GAM,education,HS/GED,OE,0.972698539328538,0.712244809705723,1.2283173685132134,0.1421309894800415,200,percentile
ML-GAM,education,HS/GED,cal_intercept,-0.022606335415484617,-0.34857425817945165,0.2237573390141568,0.15841111931797064,200,percentile
ML-GAM,education,HS/GED,cal_slope,1.2602109775909982,1.0378943593388834,1.5942738077408256,0.14888737489569276,200,percentile
ML-GAM,education,HS/GED,AUC,0.8362698557164107,0.7756159714141978,0.8987149001876742,0.03275095707953389,200,percentile
ML-GAM,education,HS/GED,brier,0.019583878103133306,0.014509072727066709,0.025105948951069032,0.0029327312367697167,200,percentile
ML-GAM,education,HS/GED,scaled_brier,0.05766117596333786,0.02884169740699196,0.08367737684226938,0.013562265459580666,200,percentile
ML-GAM,education,HS/GED,pct_flagged_7.5,0.051391235786518476,0.04488575661873211,0.05828317661239638,0.0035544399733253382,200,percentile
ML-GAM,education,HS/GED,TPR_7.5,0.35908646482903006,0.23725007295971365,0.5062871462271363,0.06547237703451853,200,percentile
ML-GAM,education,HS/GED,FPR_7.5,0.0453774627898022,0.039620312535568095,0.05152065537897833,0.0029684348415719456,200,percentile
ML-GAM,education,HS/GED,pct_flagged_20,0.0038868361253667095,0.001497528062277081,0.00644338541080186,0.0011838741735482336,200,percentile
ML-GAM,education,HS/GED,TPR_20,0.048520340658458574,0.0,0.10547683664863666,0.030672162446129154,200,percentile
ML-GAM,education,HS/GED,FPR_20,0.0026480213722637987,0.00115281464475133,0.00428498310623477,0.0008600947670960146,200,percentile
ML-GAM,education,HS/GED,rel_OE,1.0355441197085535,0.800720329258654,1.2311120302789689,0.11004744485828416,200,percentile
ML-GAM,education,Some college,n,3252.0,1556.975,1714.025,41.8909181100212,200,percentile
ML-GAM,education,Some college,events,67.0,25.975,41.0,4.131737683034468,200,percentile
ML-GAM,education,Some college,observed,0.016017017148540397,0.01082300539616698,0.021233913776032794,0.002564644906706082,200,percentile
ML-GAM,education,Some college,expected,0.016884403649178373,0.016107034352860258,0.017529734395564718,0.00038357608135376455,200,percentile
ML-GAM,education,Some college,OE,0.9486279457266952,0.6430802454329847,1.2464198397618849,0.14920460670338334,200,percentile
ML-GAM,education,Some college,cal_intercept,-0.05973999041900994,-0.45923772484023767,0.23516009226794385,0.16612539721195424,200,percentile
ML-GAM,education,Some college,cal_slope,0.9513577792833454,0.7562754533340599,1.1859838319019644,0.11584857120498165,200,percentile
ML-GAM,education,Some college,AUC,0.7789884414555197,0.7240518974500224,0.8394467449395067,0.030560719483739097,200,percentile
ML-GAM,education,Some college,brier,0.015517232867779937,0.010624872706284094,0.020425961866806074,0.0024291311142492665,200,percentile
ML-GAM,education,Some college,scaled_brier,0.01543351224736722,-0.00365339651687757,0.03123724672012436,0.009319724846851375,200,percentile
ML-GAM,education,Some college,pct_flagged_7.5,0.028020577784734064,0.02324271613008275,0.03222839973755377,0.0025453260299042484,200,percentile
ML-GAM,education,Some college,TPR_7.5,0.1865415914721536,0.09864783000762681,0.278314950860429,0.0469045892939661,200,percentile
ML-GAM,education,Some college,FPR_7.5,0.02553680105931426,0.020445848989743175,0.03158770748933816,0.002732340270900606,200,percentile
ML-GAM,education,Some college,pct_flagged_20,0.0013478711706358937,0.00023445293278741918,0.002349422706576684,0.0005535299281927299,200,percentile
ML-GAM,education,Some college,TPR_20,0.004095557418168262,0.0,0.01175476557767187,0.004399980781975243,200,percentile
ML-GAM,education,Some college,FPR_20,0.001268674947875245,0.0002341644630501236,0.002271264641486038,0.000538913535872323,200,percentile
ML-GAM,education,Some college,rel_OE,1.00991833674039,0.7360307759585049,1.2737575201082871,0.14303208704064138,200,percentile
ML-GAM,sex,GAP(max-min),OE,0.08827440954567922,0.0,0.168916463541694,0.08336350557966284,200,basic
ML-GAM,sex,GAP(max-min),AUC,0.049963290452196385,0.004542454000211152,0.09888915801365801,0.023492127789632892,200,basic
ML-GAM,sex,GAP(max-min),cal_slope,0.1832387570856744,0.0009093103934708635,0.344678134982968,0.08952154164229036,200,basic
ML-GAM,sex,GAP(max-min),TPR_7.5,0.03365714103868023,0.0,0.06435397229365122,0.036302773870931046,200,basic
ML-GAM,sex,GAP(max-min),FPR_7.5,0.017801340317595157,0.011816565961658459,0.024051893150808034,0.003191781793118946,200,basic
ML-GAM,sex,GAP(max-min),pct_flagged_7.5,0.019294479615937422,0.013359340901564428,0.02546368187381261,0.0032861987826148485,200,basic
ML-GAM,sex,GAP(max/min),OE,1.0993245708568227,1.0,1.1904877211978018,0.10663117975889407,200,basic
ML-GAM,race,GAP(max-min),OE,0.18775936710148278,0.0,0.3287761979523464,0.1880871855811753,200,basic
ML-GAM,race,GAP(max-min),AUC,0.19367644385943128,0.11699979849218739,0.3517458033837921,0.06100499517116928,200,basic
ML-GAM,race,GAP(max-min),cal_slope,0.5944305000147135,0.28521784024526364,1.0825884110853652,0.19657432470827949,200,basic
ML-GAM,race,GAP(max-min),TPR_7.5,0.12001125431704102,0.0,0.20933378779800957,0.07329668609006294,200,basic
ML-GAM,race,GAP(max-min),FPR_7.5,0.025512348430621813,0.014204495104871151,0.04079447228785674,0.007410139632514652,200,basic
ML-GAM,race,GAP(max-min),pct_flagged_7.5,0.02748761131287513,0.015810997128030038,0.040988394652677076,0.006739395095681744,200,basic
ML-GAM,race,GAP(max/min),OE,1.2037037250896747,1.0,1.3586943708231431,0.28777567408370364,200,basic
ML-GAM,age_group,GAP(max-min),OE,0.26665872398066714,0.0,0.3953502390345245,0.14854938793545014,200,basic
ML-GAM,age_group,GAP(max-min),AUC,0.17564818051004416,0.047631000926361244,0.25795252305649985,0.052663580850686044,200,basic
ML-GAM,age_group,GAP(max-min),cal_slope,0.9934552061449539,0.2875681749630723,1.4957163857564888,0.31433491953827614,200,basic
ML-GAM,age_group,GAP(max-min),TPR_7.5,0.6049869224602428,0.5112918844792859,0.7085841677949604,0.04877662085797138,200,basic
ML-GAM,age_group,GAP(max-min),FPR_7.5,0.31827070183009926,0.2929531715457389,0.3420665026327752,0.013179066280514603,200,basic
ML-GAM,age_group,GAP(max-min),pct_flagged_7.5,0.34117576839562813,0.3146442629800514,0.36458187128709213,0.012251245894434923,200,basic
ML-GAM,age_group,GAP(max/min),OE,1.3405312351746494,1.0,1.5296623776632035,0.34311237470727685,200,basic
ML-GAM,income,GAP(max-min),OE,0.6451037337970454,0.3108776459779742,0.931599042242163,0.15815708108513976,200,basic
ML-GAM,income,GAP(max-min),AUC,0.03978002302852557,0.0,0.06858620997487672,0.028630071659601766,200,basic
ML-GAM,income,GAP(max-min),cal_slope,0.27028982400455503,0.0,0.43089616791517743,0.13893342569623915,200,basic
ML-GAM,income,GAP(max-min),TPR_7.5,0.3211972257723434,0.15271532446835268,0.46118307769794176,0.07662325172711669,200,basic
ML-GAM,income,GAP(max-min),FPR_7.5,0.0354883019666231,0.02309335738591993,0.042886894165201424,0.004615656987047741,200,basic
ML-GAM,income,GAP(max-min),pct_flagged_7.5,0.04439169139312875,0.033625604144707326,0.05047702829288114,0.004339974626973016,200,basic
ML-GAM,income,GAP(max/min),OE,1.9565974665312362,1.0001456024629518,2.440128400223175,0.3785791092895316,200,basic
ML-GAM,education,GAP(max-min),OE,0.2727998396056227,0.0,0.4262572423988051,0.15760449619418676,200,basic
ML-GAM,education,GAP(max-min),AUC,0.1088211880339075,0.02574004199663954,0.162192686198849,0.03235300207304163,200,basic
ML-GAM,education,GAP(max-min),cal_slope,0.5054452692949081,0.11731416442560605,0.7015199633851041,0.15217407248768094,200,basic
ML-GAM,education,GAP(max-min),TPR_7.5,0.17254487335687646,0.007198871406297325,0.2547602457857561,0.06793781190280099,200,basic
ML-GAM,education,GAP(max-min),FPR_7.5,0.05270857043403303,0.037797858855431785,0.06561995607165266,0.006865957235284766,200,basic
ML-GAM,education,GAP(max-min),pct_flagged_7.5,0.05674907768639381,0.04249186966434154,0.06983856016190604,0.007508995144747084,200,basic
ML-GAM,education,GAP(max/min),OE,1.3555400885943312,1.0,1.5776664023555818,0.3367341386662198,200,basic
ML-GBM,Overall,All,n,12851.0,6243.8,6681.15,113.20703129520443,200,percentile
ML-GBM,Overall,All,events,333.0,151.0,188.025,9.198578380440397,200,percentile
ML-GBM,Overall,All,observed,0.018259132654697845,0.0152370789918285,0.02194398216351286,0.0015577176931997592,200,percentile
ML-GBM,Overall,All,expected,0.01836094935665923,0.017579776680129666,0.019134011339801558,0.00042206858208160546,200,percentile
ML-GBM,Overall,All,OE,0.9944547147326858,0.8543978843369985,1.198020231826058,0.08078772654364309,200,percentile
ML-GBM,Overall,All,cal_intercept,-0.009147197334260218,-0.17049499107136193,0.18664710152861014,0.08515978905687104,200,percentile
ML-GBM,Overall,All,cal_slope,0.8259329382822905,0.7269117157571904,0.9278056614287294,0.04924790951197403,200,percentile
ML-GBM,Overall,All,AUC,0.8028515586520809,0.7686123775874867,0.8352373259047243,0.016325140447429,200,percentile
ML-GBM,Overall,All,brier,0.017354372407086344,0.014776921216765793,0.0206185290833925,0.0013941712312283245,200,percentile
ML-GBM,Overall,All,scaled_brier,0.031873965959384076,0.010182274417205643,0.049700016954332356,0.010958703739035533,200,percentile
ML-GBM,Overall,All,pct_flagged_7.5,0.04875122069981401,0.04521832660666393,0.05280505505247555,0.0019874119617839885,200,percentile
ML-GBM,Overall,All,TPR_7.5,0.30656107867073223,0.24597243759340517,0.3596899721324675,0.02901803973039646,200,percentile
ML-GBM,Overall,All,FPR_7.5,0.04403091717326483,0.03989356698476046,0.04807378260356929,0.0021640115860198468,200,percentile
ML-GBM,Overall,All,pct_flagged_20,0.009094921290096833,0.007477812215321947,0.010796445763338432,0.0008304072908033284,200,percentile
ML-GBM,Overall,All,TPR_20,0.0910331026316788,0.06453409679857362,0.12133145257280241,0.01530553944630518,200,percentile
ML-GBM,Overall,All,FPR_20,0.007226770410726223,0.005555362943411794,0.00869992892491911,0.0007896026794141718,200,percentile
ML-GBM,Overall,All,rel_OE,1.0,1.0,1.0,0.0,200,percentile
ML-GBM,sex,Female,n,6536.0,3170.95,3407.1,61.6232431431306,200,percentile
ML-GBM,sex,Female,events,129.0,53.975,76.025,5.6826987714142625,200,percentile
ML-GBM,sex,Female,observed,0.014298811656041032,0.011440341297596274,0.017886875796136174,0.0015999201735201812,200,percentile
ML-GBM,sex,Female,expected,0.015694526056984247,0.014786011815274135,0.016694905759084225,0.0005104122473232103,200,percentile
ML-GBM,sex,Female,OE,0.9110699873398148,0.7538507300363644,1.115013608487742,0.09373180969952041,200,percentile
ML-GBM,sex,Female,cal_intercept,-0.10741449512549238,-0.3140112151523575,0.11632937805971534,0.11009303873528156,200,percentile
ML-GBM,sex,Female,cal_slope,0.9134020968883523,0.7646565069673447,1.041717883546122,0.07015742408899474,200,percentile
ML-GBM,sex,Female,AUC,0.8423583930669338,0.8019793567792883,0.8791541250056066,0.019867494882863986,200,percentile
ML-GBM,sex,Female,brier,0.013426097097816966,0.010841996072562553,0.016561329191768535,0.001437681156771729,200,percentile
ML-GBM,sex,Female,scaled_brier,0.04741320287765216,0.009935538836873693,0.07880570516895541,0.018646937111704825,200,percentile
ML-GBM,sex,Female,pct_flagged_7.5,0.040720537409472006,0.03649383038227404,0.0455548954657906,0.0024984158432633653,200,percentile
ML-GBM,sex,Female,TPR_7.5,0.33029533416417967,0.21351229615150075,0.4248158846966311,0.04834644058991251,200,percentile
ML-GBM,sex,Female,FPR_7.5,0.03733376297994163,0.03271798354927078,0.04244625517400109,0.002606429854014269,200,percentile
ML-GBM,sex,Female,pct_flagged_20,0.007578547425832392,0.0055308333862183106,0.009461480128650382,0.0010117315455415922,200,percentile
ML-GBM,sex,Female,TPR_20,0.11471084216454273,0.06122601630421343,0.17394055084529006,0.028832666722306634,200,percentile
ML-GBM,sex,Female,FPR_20,0.005778286955757364,0.003812527217862118,0.007598645185870693,0.0009603129260406391,200,percentile
ML-GBM,sex,Female,rel_OE,0.9161503021127663,0.8069977098555717,1.0344209224515757,0.06362200163057374,200,percentile
ML-GBM,sex,Male,n,6315.0,3057.975,3290.125,60.87899192900173,200,percentile
ML-GBM,sex,Male,events,204.0,87.975,117.0,7.245776798041406,200,percentile
ML-GBM,sex,Male,observed,0.022578668278006912,0.019075092164227442,0.02767814346895268,0.002252923241004078,200,percentile
ML-GBM,sex,Male,expected,0.02128265379681279,0.02018972653328446,0.02237541822535537,0.0005503647331908904,200,percentile
ML-GBM,sex,Male,OE,1.0608953419797773,0.908354369094025,1.3055056196071815,0.10382441470603374,200,percentile
ML-GBM,sex,Male,cal_intercept,0.06477036710299951,-0.10508998538949359,0.2813375327959924,0.10393504883970081,200,percentile
ML-GBM,sex,Male,cal_slope,0.7466073000166232,0.6218192861719466,0.8753974473321604,0.06847482923011156,200,percentile
ML-GBM,sex,Male,AUC,0.7613300191428247,0.7137270805696808,0.806965877837923,0.02438227917330112,200,percentile
ML-GBM,sex,Male,brier,0.021638955687661197,0.01856437524184457,0.026280202716878576,0.002024032371004243,200,percentile
ML-GBM,sex,Male,scaled_brier,0.019480666198534724,-0.009192895284437943,0.04510418723867403,0.014336997116880834,200,percentile
ML-GBM,sex,Male,pct_flagged_7.5,0.057550754903448936,0.05193374342730088,0.06293210012725634,0.0028551021508615017,200,percentile
ML-GBM,sex,Male,TPR_7.5,0.29016711730724765,0.22754012164848658,0.3743347667738985,0.03800698604306703,200,percentile
ML-GBM,sex,Male,FPR_7.5,0.05139740434121425,0.04565670621032802,0.05680090765188843,0.0029903733307524807,200,percentile
ML-GBM,sex,Male,pct_flagged_20,0.010756471522085228,0.008426481017706731,0.013055472597216665,0.001238387109550316,200,percentile
ML-GBM,sex,Male,TPR_20,0.07467817853542515,0.028561235144515633,0.12100615541643747,0.023693741698908442,200,percentile
ML-GBM,sex,Male,FPR_20,0.008820019494740584,0.00685366508762517,0.010962961082782777,0.0011149349804827535,200,percentile
ML-GBM,sex,Male,rel_OE,1.0668111139328764,0.9718563188401308,1.1556506862533575,0.05096848756763375,200,percentile
ML-GBM,race,Mexican American,n,2701.0,1106.925,1560.0,117.19133251689493,200,percentile
ML-GBM,race,Mexican American,events,55.0,16.975,36.0,4.965964560898566,200,percentile
ML-GBM,race,Mexican American,observed,0.016277313254553467,0.009612973904533445,0.022429504136546784,0.0034390260242196245,200,percentile
ML-GBM,race,Mexican American,expected,0.01399072079416274,0.012343142639660354,0.015246442894481224,0.0007521195294863396,200,percentile
ML-GBM,race,Mexican American,OE,1.1634363585716574,0.7404189943366578,1.5567907482750447,0.2266243786993053,200,percentile
ML-GBM,race,Mexican American,cal_intercept,0.11767330111551255,-0.36304050353304107,0.4383040070235397,0.2202123049081822,200,percentile
ML-GBM,race,Mexican American,cal_slope,0.5105985784932856,0.30087316791284724,0.7515764758056994,0.1217230434127363,200,percentile
ML-GBM,race,Mexican American,AUC,0.6926380261445985,0.6121020826561305,0.8004132378950896,0.048911469330509334,200,percentile
ML-GBM,race,Mexican American,brier,0.016310021205858265,0.009639832623845736,0.022377799653724936,0.00335290467251276,200,percentile
ML-GBM,race,Mexican American,scaled_brier,-0.018589316928926847,-0.06459365628943553,0.011021221755112703,0.020291111162958297,200,percentile
ML-GBM,race,Mexican American,pct_flagged_7.5,0.03185288456784956,0.024473129137685547,0.03837338796787451,0.003590602150829964,200,percentile
ML-GBM,race,Mexican American,TPR_7.5,0.1803155260028532,0.0350393002129611,0.31030835822771285,0.07038741553781894,200,percentile
ML-GBM,race,Mexican American,FPR_7.5,0.03400101472462146,0.025277611958663983,0.042102727125701636,0.004403218427712238,200,percentile
ML-GBM,race,Mexican American,pct_flagged_20,0.004732975262439012,0.002684300551239958,0.006689561371809395,0.0010659425809624338,200,percentile
ML-GBM,race,Mexican American,TPR_20,0.0204233626161667,0.0,0.06035683215546367,0.015562149885905352,200,percentile
ML-GBM,race,Mexican American,FPR_20,0.005956304483135758,0.0032099862984165247,0.008697100958603928,0.0014834697406245815,200,percentile
ML-GBM,race,Mexican American,rel_OE,1.1699239204516163,0.7416138005024083,1.5945070224100286,0.23390203484328267,200,percentile
ML-GBM,race,NH Black,n,2419.0,1058.775,1360.05,75.45441550429952,200,percentile
ML-GBM,race,NH Black,events,80.0,30.0,51.025000000000006,5.232001932444744,200,percentile
ML-GBM,race,NH Black,observed,0.025565243548074105,0.02034727883567887,0.031121041799918914,0.002788823918965767,200,percentile
ML-GBM,race,NH Black,expected,0.0226401167318685,0.02076915849775228,0.024119608261623075,0.0008991506518429797,200,percentile
ML-GBM,race,NH Black,OE,1.129201048335946,0.8902158947148022,1.370676556360471,0.12753477936250843,200,percentile
ML-GBM,race,NH Black,cal_intercept,0.12925738054231897,-0.13320680378462624,0.35249499908857507,0.1308053711738228,200,percentile
ML-GBM,race,NH Black,cal_slope,0.7038632203448758,0.48540249486102877,0.8831455728729996,0.09987531412117151,200,percentile
ML-GBM,race,NH Black,AUC,0.7547415161095657,0.6672153862350221,0.8216604069323247,0.03819330419590777,200,percentile
ML-GBM,race,NH Black,brier,0.023808003384995464,0.01892667737444533,0.02863732114102039,0.0025137564434697746,200,percentile
ML-GBM,race,NH Black,scaled_brier,0.04430288477532618,-0.015928676840518886,0.09774308725911267,0.029295224050758233,200,percentile
ML-GBM,race,NH Black,pct_flagged_7.5,0.06392333573658882,0.05576615385675582,0.07224669213685776,0.0046278215320841535,200,percentile
ML-GBM,race,NH Black,TPR_7.5,0.3251382633158925,0.21138420110760517,0.42383366300542213,0.05575310476689824,200,percentile
ML-GBM,race,NH Black,FPR_7.5,0.05696000143119857,0.0472748543444384,0.06568989060433071,0.0048119998576154005,200,percentile
ML-GBM,race,NH Black,pct_flagged_20,0.014452902500880667,0.010363423303503086,0.01778474681736306,0.002023420276020514,200,percentile
ML-GBM,race,NH Black,TPR_20,0.13304751737056952,0.05634569220210171,0.20679516283553578,0.0395660896741444,200,percentile
ML-GBM,race,NH Black,FPR_20,0.011050288004434276,0.006622588420463565,0.014023278431943122,0.0018880322767712656,200,percentile
ML-GBM,race,NH Black,rel_OE,1.1354977070418744,0.8927225539953408,1.4255247007935428,0.14013081229186186,200,percentile
ML-GBM,race,NH White,n,6377.0,2923.675,3514.8250000000003,150.60396699413948,200,percentile
ML-GBM,race,NH White,events,177.0,75.0,108.025,8.603363546986026,200,percentile
ML-GBM,race,NH White,observed,0.018143963408148334,0.01460569744998004,0.023247886440067204,0.0019702226850302155,200,percentile
ML-GBM,race,NH White,expected,0.01856074907123401,0.017673890050601986,0.01965717992030261,0.000516940465370159,200,percentile
ML-GBM,race,NH White,OE,0.9775447821913813,0.8054151495953252,1.2313935941584186,0.10088887213395792,200,percentile
ML-GBM,race,NH White,cal_intercept,-0.018844081156757495,-0.22213309133890208,0.2272426005709376,0.10874288170997248,200,percentile
ML-GBM,race,NH White,cal_slope,0.8927498835391444,0.7855323296381289,1.014900864310949,0.06089983516357167,200,percentile
ML-GBM,race,NH White,AUC,0.8234634546129534,0.7845330044777377,0.8614980125288948,0.019313556245825054,200,percentile
ML-GBM,race,NH White,brier,0.01710622112413727,0.013911495133788946,0.021362781120460573,0.0017569929375010134,200,percentile
ML-GBM,race,NH White,scaled_brier,0.039772574867983024,0.01390668137754937,0.0608988030574942,0.012918709598804702,200,percentile
ML-GBM,race,NH White,pct_flagged_7.5,0.05002697236007769,0.045416531181498895,0.055078933094215195,0.002418630125105474,200,percentile
ML-GBM,race,NH White,TPR_7.5,0.32822800593069645,0.25636831183922515,0.4003568996694936,0.03644377438853757,200,percentile
ML-GBM,race,NH White,FPR_7.5,0.044163933005938245,0.03989222595645355,0.048853523119054054,0.002562248154892168,200,percentile
ML-GBM,race,NH White,pct_flagged_20,0.00898849393434759,0.0068742631083244885,0.01116291315042116,0.0010510165129039065,200,percentile
ML-GBM,race,NH White,TPR_20,0.09356219153575748,0.0593987331963897,0.1366826785487479,0.020342124148972133,200,percentile
ML-GBM,race,NH White,FPR_20,0.006832921333350841,0.004862308657576841,0.008631461684772895,0.0009737817184294749,200,percentile
ML-GBM,race,NH White,rel_OE,0.9829957741757502,0.9167355363637062,1.0371783165341684,0.03216373974741516,200,percentile
ML-GBM,race,Other Hispanic,n,901.0,337.925,571.325,56.95261540974261,200,percentile
ML-GBM,race,Other Hispanic,events,16.0,4.0,13.0,2.5987965904612405,200,percentile
ML-GBM,race,Other Hispanic,observed,0.0160590726115451,0.005101153958524901,0.02856040567230794,0.006160549074224618,200,percentile
ML-GBM,race,Other Hispanic,expected,0.015393773881676506,0.012319494106918173,0.018087021441775774,0.0015231287085218826,200,percentile
ML-GBM,race,Other Hispanic,OE,1.0432186892559538,0.2984472423370017,2.1051738773759907,0.44330958425367945,200,percentile
ML-GBM,race,Other Hispanic,cal_intercept,0.06070743422126327,-1.263012049985742,0.8131120487849414,0.5189277666803028,200,percentile
ML-GBM,race,Other Hispanic,cal_slope,0.43655957002310675,0.051434051848429425,0.8933343947077207,0.24379171300148345,200,percentile
ML-GBM,race,Other Hispanic,AUC,0.6596432689523486,0.4494426041053464,0.844232551657416,0.1166506819403168,200,percentile
ML-GBM,race,Other Hispanic,brier,0.016589917404239426,0.006457998547683255,0.02871154965484266,0.005921196406338429,200,percentile
ML-GBM,race,Other Hispanic,scaled_brier,-0.04991644078585833,-0.31163278386967497,0.03136579846033082,0.09561819580170904,200,percentile
ML-GBM,race,Other Hispanic,pct_flagged_7.5,0.028939851102778955,0.017729970030560455,0.039978511457345045,0.005939797747341058,200,percentile
ML-GBM,race,Other Hispanic,TPR_7.5,0.11215907635240505,0.0,0.2820655958379023,0.0935599485324905,200,percentile
ML-GBM,race,Other Hispanic,FPR_7.5,0.027104091679314414,0.015770692403548666,0.037190089423838314,0.005842106308689715,200,percentile
ML-GBM,race,Other Hispanic,pct_flagged_20,0.006922516390773972,0.0009370363520559354,0.011894855218953709,0.003014642832622608,200,percentile
ML-GBM,race,Other Hispanic,TPR_20,0.027567878575963455,0.0,0.10221010389164484,0.03872748411426104,200,percentile
ML-GBM,race,Other Hispanic,FPR_20,0.006606401847619455,0.0007390418385527609,0.011531642998469026,0.003094190479504793,200,percentile
ML-GBM,race,Other Hispanic,rel_OE,1.049035892535716,0.30544535228927283,2.1935840032621035,0.46335843204020627,200,percentile
ML-GBM,race,Other/Multiracial,n,453.0,187.0,263.1,18.956092482657272,200,percentile
ML-GBM,race,Other/Multiracial,events,5.0,1.0,4.0,0.8501256188582931,200,percentile
ML-GBM,race,Other/Multiracial,observed,0.008958833097011294,0.0017436925715847054,0.016630253922543997,0.004372740445559088,200,percentile
ML-GBM,race,Other/Multiracial,expected,0.014786366213050024,0.011778618668441583,0.017431263227385876,0.0015495601742966311,200,percentile
ML-GBM,race,Other/Multiracial,OE,0.605884702700281,0.11550335113075375,1.1943948665710455,0.31323248885203925,200,percentile
ML-GBM,race,Other/Multiracial,cal_intercept,-0.595886452747556,-2.2982644614803234,0.1275955057807932,0.6794803323319075,200,percentile
ML-GBM,race,Other/Multiracial,cal_slope,0.6580760449826215,0.24607463761131163,1.2780225853092118,0.29147198920823114,200,percentile
ML-GBM,race,Other/Multiracial,AUC,0.7950149738855031,0.6568860618226455,0.9566231388446916,0.10098915936339742,200,percentile
ML-GBM,race,Other/Multiracial,brier,0.009828323096486047,0.0029285541313364394,0.017165587510952183,0.004233524603425915,200,percentile
ML-GBM,race,Other/Multiracial,scaled_brier,-0.10697110373668495,-0.8096509929522789,-0.010802873139545761,0.206291111854538,200,percentile
ML-GBM,race,Other/Multiracial,pct_flagged_7.5,0.03722027323640592,0.021283384151824923,0.05246172107082346,0.007849042742885646,200,percentile
ML-GBM,race,Other/Multiracial,TPR_7.5,0.0,0.0,0.0,0.0,200,percentile
ML-GBM,race,Other/Multiracial,FPR_7.5,0.04249056119809245,0.024316751176955895,0.060494571517977526,0.009491026497059078,200,percentile
ML-GBM,race,Other/Multiracial,pct_flagged_20,0.007637559848159372,0.0,0.014801257740062192,0.0042159328865796096,200,percentile
ML-GBM,race,Other/Multiracial,TPR_20,0.0,0.0,0.0,0.0,200,percentile
ML-GBM,race,Other/Multiracial,FPR_20,0.008339849515261072,0.0,0.016364503850751343,0.004657661383355179,200,percentile
ML-GBM,race,Other/Multiracial,rel_OE,0.6092632411754876,0.12057354628529957,1.2052792709888132,0.3209291771908413,200,percentile
ML-GBM,age_group,40-49,n,4228.0,2046.975,2206.05,40.909693105054565,200,percentile
ML-GBM,age_group,40-49,events,33.0,12.0,23.0,2.8525576991772983,200,percentile
ML-GBM,age_group,40-49,observed,0.006177362043944706,0.0037141321245675847,0.009592236060778851,0.0015385042144552333,200,percentile
ML-GBM,age_group,40-49,expected,0.005555619930144318,0.00527320926494853,0.005852042343131276,0.00014542595488020962,200,percentile
ML-GBM,age_group,40-49,OE,1.1119122837087665,0.658445471494412,1.6861445412721723,0.26809476918428404,200,percentile
ML-GBM,age_group,40-49,cal_intercept,0.09885125480547086,-0.42111757826033336,0.5245754166094557,0.2491346450252784,200,percentile
ML-GBM,age_group,40-49,cal_slope,0.8677852111686869,0.40457904317150417,1.1922435554809767,0.22022109848435636,200,percentile
ML-GBM,age_group,40-49,AUC,0.6958004297420157,0.6057441751409178,0.7730495716218636,0.04610401451815952,200,percentile
ML-GBM,age_group,40-49,brier,0.006058492070443982,0.0036899102065840067,0.009357234468521174,0.0014673850352290645,200,percentile
ML-GBM,age_group,40-49,scaled_brier,0.013146687223460574,-0.011107186807194374,0.03114721730245023,0.011700720699164356,200,percentile
ML-GBM,age_group,40-49,pct_flagged_7.5,0.0010514245312325447,0.0003225016900716421,0.0019195893711326766,0.0004003740789616019,200,percentile
ML-GBM,age_group,40-49,TPR_7.5,0.0,0.0,0.0,0.0,200,percentile
ML-GBM,age_group,40-49,FPR_7.5,0.000875838741714879,0.0002644286458926728,0.0017183412801358136,0.0003865856283604326,200,percentile
ML-GBM,age_group,40-49,pct_flagged_20,0.0,0.0,0.0,0.0,200,percentile
ML-GBM,age_group,40-49,TPR_20,0.0,0.0,0.0,0.0,200,percentile
ML-GBM,age_group,40-49,FPR_20,0.0,0.0,0.0,0.0,200,percentile
ML-GBM,age_group,40-49,rel_OE,1.1181125366856488,0.704390410454677,1.6084229952979054,0.2451575752758164,200,percentile
ML-GBM,age_group,50-59,n,3260.0,1556.95,1729.1,43.378607839469154,200,percentile
ML-GBM,age_group,50-59,events,40.0,14.0,27.025000000000006,3.513992131965807,200,percentile
ML-GBM,age_group,50-59,observed,0.00996025642592069,0.006530629237850776,0.014154823223523235,0.0019785545433338328,200,percentile
ML-GBM,age_group,50-59,expected,0.01016618333550155,0.009661746827702267,0.01073961148546825,0.0002911046776190388,200,percentile
ML-GBM,age_group,50-59,OE,0.9797439311504703,0.6477378673117655,1.3593275845182768,0.18883493223323056,200,percentile
ML-GBM,age_group,50-59,cal_intercept,-0.03452927223912048,-0.45404594401462506,0.29752959014325103,0.201066884007573,200,percentile
ML-GBM,age_group,50-59,cal_slope,0.9611811198808854,0.6224647632724444,1.2985554008857323,0.16664620729768445,200,percentile
ML-GBM,age_group,50-59,AUC,0.7675731529600843,0.6892445146935324,0.8406950138297618,0.0379555563067558,200,percentile
ML-GBM,age_group,50-59,brier,0.009749423725551739,0.006565085717586886,0.013623918462764563,0.0018834059783627338,200,percentile
ML-GBM,age_group,50-59,scaled_brier,0.011319889412664597,-0.014900522050287635,0.03253222255757323,0.01234124575772305,200,percentile
ML-GBM,age_group,50-59,pct_flagged_7.5,0.009403178446923195,0.005514223190737577,0.01340188739183201,0.00209341220885444,200,percentile
ML-GBM,age_group,50-59,TPR_7.5,0.11730421898001225,0.0,0.2501159096069833,0.06195594554859225,200,percentile
ML-GBM,age_group,50-59,FPR_7.5,0.008248338063496003,0.0044705574130201224,0.012316220379270562,0.0021256569475038628,200,percentile
ML-GBM,age_group,50-59,pct_flagged_20,0.0005175473185203515,0.0,0.0010977480331378928,0.0005199299042101689,200,percentile
ML-GBM,age_group,50-59,TPR_20,0.0,0.0,0.0,0.0,200,percentile
ML-GBM,age_group,50-59,FPR_20,0.00050847628705805,0.0,0.0011285972537437915,0.000513585303870572,200,percentile
ML-GBM,age_group,50-59,rel_OE,0.985207186044495,0.7025985254142861,1.3130976673450574,0.16426316867265606,200,percentile
ML-GBM,age_group,60-69,n,3272.0,1556.0,1732.025,45.61075316216669,200,percentile
ML-GBM,age_group,60-69,events,92.0,38.975,54.0,4.329979052254737,200,percentile
ML-GBM,age_group,60-69,observed,0.02516531422026301,0.018837228448022214,0.03212763357149883,0.0035250731495560087,200,percentile
ML-GBM,age_group,60-69,expected,0.027693859010185035,0.02643233340580354,0.02901674006480296,0.0006825302474564031,200,percentile
ML-GBM,age_group,60-69,OE,0.9086965529436654,0.6882041856697471,1.1736681800750326,0.12902016478670525,200,percentile
ML-GBM,age_group,60-69,cal_intercept,-0.08820366647054685,-0.39686617871541147,0.1874948504761868,0.15258275223414722,200,percentile
ML-GBM,age_group,60-69,cal_slope,0.5714755456566044,0.2599804721277757,0.8239302370519543,0.14148440601305018,200,percentile
ML-GBM,age_group,60-69,AUC,0.6267219792221242,0.5534210767652002,0.6979590961199782,0.03847640470654341,200,percentile
ML-GBM,age_group,60-69,brier,0.024487569085785695,0.01895411412198826,0.03140846946906142,0.0032630772123831567,200,percentile
ML-GBM,age_group,60-69,scaled_brier,0.0018120029469137489,-0.03723193818569852,0.033858591428968896,0.019577208398118117,200,percentile
ML-GBM,age_group,60-69,pct_flagged_7.5,0.06019135169247103,0.05209371276394948,0.06923627707786223,0.004837518581631658,200,percentile
ML-GBM,age_group,60-69,TPR_7.5,0.23357172094032497,0.13199904963134532,0.3317296205522862,0.05573121488764652,200,percentile
ML-GBM,age_group,60-69,FPR_7.5,0.05563290752563297,0.04722864944241141,0.06512195484137373,0.004795669024227005,200,percentile
ML-GBM,age_group,60-69,pct_flagged_20,0.009569252361590888,0.006231984412765358,0.013180853788486106,0.001835071430122928,200,percentile
ML-GBM,age_group,60-69,TPR_20,0.07401015170829876,0.0,0.14964400619348148,0.04022671974289243,200,percentile
ML-GBM,age_group,60-69,FPR_20,0.006839749069270177,0.004250236647479559,0.00998523169993554,0.0014900144424650436,200,percentile
ML-GBM,age_group,60-69,rel_OE,0.9137636329552999,0.720724351002468,1.0910279093996482,0.09932534885894331,200,percentile
ML-GBM,age_group,70-79,n,2091.0,987.9,1120.0,32.73460204209411,200,percentile
ML-GBM,age_group,70-79,events,168.0,71.0,96.025,6.601842288940279,200,percentile
ML-GBM,age_group,70-79,observed,0.07472044143926194,0.06027899228045474,0.08923346164971416,0.007513767174470167,200,percentile
ML-GBM,age_group,70-79,expected,0.0735610637877452,0.0694650311771353,0.07760458424796261,0.002090975057328576,200,percentile
ML-GBM,age_group,70-79,OE,1.0157607515690916,0.8274426714463622,1.2111540851564564,0.10096520407930776,200,percentile
ML-GBM,age_group,70-79,cal_intercept,0.017770735576497422,-0.2220876193366348,0.22340393517886503,0.11623004054961844,200,percentile
ML-GBM,age_group,70-79,cal_slope,0.5628433875134605,0.3707517506371753,0.7600558558156408,0.09830343608264391,200,percentile
ML-GBM,age_group,70-79,AUC,0.6528677000947543,0.59810548128122,0.7023483824365424,0.027879123988905134,200,percentile
ML-GBM,age_group,70-79,brier,0.0685553431953059,0.05695730529822225,0.07982931968267916,0.0059978140873091145,200,percentile
ML-GBM,age_group,70-79,scaled_brier,0.008417365152204592,-0.03466569049626425,0.04646670389624666,0.021456657100217005,200,percentile
ML-GBM,age_group,70-79,pct_flagged_7.5,0.3189750448803569,0.29596763822746436,0.3453426592167684,0.012420650348681795,200,percentile
ML-GBM,age_group,70-79,TPR_7.5,0.5135915335653448,0.42346339855174137,0.6035038591494885,0.048577565126936735,200,percentile
ML-GBM,age_group,70-79,FPR_7.5,0.3033991512637955,0.27733361849982396,0.3298572738923608,0.014573111912824588,200,percentile
ML-GBM,age_group,70-79,pct_flagged_20,0.06658208122994512,0.05359317913036844,0.07826525948166183,0.006174455742866977,200,percentile
ML-GBM,age_group,70-79,TPR_20,0.16329867898249334,0.11866659519081817,0.21731845948536596,0.025876048305831647,200,percentile
ML-GBM,age_group,70-79,FPR_20,0.05705312106563448,0.04244110808515615,0.07069826180453966,0.006966588190033622,200,percentile
ML-GBM,age_group,70-79,rel_OE,1.0214248437065665,0.8706974575802678,1.184572334370169,0.08485429813454366,200,percentile
ML-GBM,income,PIR 1.3-3.5,n,4300.0,2061.0,2269.225,52.23236424260208,200,percentile
ML-GBM,income,PIR 1.3-3.5,events,134.0,55.975,78.025,6.202915103311867,200,percentile
ML-GBM,income,PIR 1.3-3.5,observed,0.024634807027959664,0.019230422884167927,0.02991313661643493,0.0028751717546942022,200,percentile
ML-GBM,income,PIR 1.3-3.5,expected,0.02336039757215895,0.02191423443626327,0.025233853541372336,0.0007492498665449088,200,percentile
ML-GBM,income,PIR 1.3-3.5,OE,1.0545542708279743,0.8316708650586334,1.2844198534720876,0.11940790673936308,200,percentile
ML-GBM,income,PIR 1.3-3.5,cal_intercept,0.05400852789459265,-0.235771419952972,0.2687774739888041,0.1278353609004816,200,percentile
ML-GBM,income,PIR 1.3-3.5,cal_slope,0.8754391152235536,0.7472598861354883,1.0254008442604223,0.07422450497674885,200,percentile
ML-GBM,income,PIR 1.3-3.5,AUC,0.8166135449182123,0.7776895578844825,0.8540454499036974,0.020671420372128286,200,percentile
ML-GBM,income,PIR 1.3-3.5,brier,0.02274525892446998,0.018149977088590653,0.02747982241615933,0.00241505451580859,200,percentile
ML-GBM,income,PIR 1.3-3.5,scaled_brier,0.05338263468610882,0.007476776274535604,0.08392522071437498,0.019674479132068292,200,percentile
ML-GBM,income,PIR 1.3-3.5,pct_flagged_7.5,0.0734969414657078,0.06548211266641009,0.08248404225263214,0.004068854731527724,200,percentile
ML-GBM,income,PIR 1.3-3.5,TPR_7.5,0.41002090378796074,0.3096286632111201,0.5214301479672578,0.05708920542990598,200,percentile
ML-GBM,income,PIR 1.3-3.5,FPR_7.5,0.06411408735595864,0.05626067087076442,0.07225855200433748,0.004370315101619554,200,percentile
ML-GBM,income,PIR 1.3-3.5,pct_flagged_20,0.0135014167695838,0.010244069361923422,0.016606312291327276,0.0015590187087587673,200,percentile
ML-GBM,income,PIR 1.3-3.5,TPR_20,0.12381355232409075,0.06381933507480197,0.1808856694041977,0.029723783638961176,200,percentile
ML-GBM,income,PIR 1.3-3.5,FPR_20,0.010313976324461419,0.007669383130933654,0.013468938864156076,0.0014938445984846128,200,percentile
ML-GBM,income,PIR 1.3-3.5,rel_OE,1.060434683656202,0.8841283643830674,1.2232972376151874,0.0914228636257238,200,percentile
ML-GBM,income,PIR<1.3,n,2973.0,1391.8,1601.1,52.18286145997319,200,percentile
ML-GBM,income,PIR<1.3,events,113.0,48.0,66.0,4.42231663521627,200,percentile
ML-GBM,income,PIR<1.3,observed,0.032136508605885745,0.02596628583600367,0.03855131068213482,0.003362469636431314,200,percentile
ML-GBM,income,PIR<1.3,expected,0.02455181051451,0.02249101795544272,0.02692547744381013,0.001153922419058196,200,percentile
ML-GBM,income,PIR<1.3,OE,1.3089262230536207,1.0741337634589778,1.5971383374054575,0.14566955127070033,200,percentile
ML-GBM,income,PIR<1.3,cal_intercept,0.32159388549040974,0.10150809082823121,0.5443495383007368,0.1248112869162188,200,percentile
ML-GBM,income,PIR<1.3,cal_slope,0.6425130487025975,0.4637577234759154,0.779118995686478,0.07907775262246895,200,percentile
ML-GBM,income,PIR<1.3,AUC,0.761983638700005,0.703581692918994,0.8107834931975155,0.027940932114159742,200,percentile
ML-GBM,income,PIR<1.3,brier,0.030688084287013667,0.025030100133492467,0.03650904261778679,0.0030382061766764078,200,percentile
ML-GBM,income,PIR<1.3,scaled_brier,0.013363954114355203,-0.029177974448599747,0.05253070978524281,0.022269321344331794,200,percentile
ML-GBM,income,PIR<1.3,pct_flagged_7.5,0.0725305585224557,0.05963059857246052,0.08565944587361933,0.006933202611041553,200,percentile
ML-GBM,income,PIR<1.3,TPR_7.5,0.26095675748410485,0.18130747638167638,0.3352683140400089,0.04133372811242134,200,percentile
ML-GBM,income,PIR<1.3,FPR_7.5,0.0668562123338813,0.05245617179170189,0.08065834489004073,0.007308995870476727,200,percentile
ML-GBM,income,PIR<1.3,pct_flagged_20,0.016224097255590875,0.011798663463617,0.020295859469902457,0.0021894135184708295,200,percentile
ML-GBM,income,PIR<1.3,TPR_20,0.10065029250916928,0.029789009000567745,0.17001854740649944,0.036894919618023915,200,percentile
ML-GBM,income,PIR<1.3,FPR_20,0.012772764191225956,0.008465154384852281,0.01617978084675067,0.0020268589803311243,200,percentile
ML-GBM,income,PIR<1.3,rel_OE,1.3162250665234831,1.1051591276441224,1.5720420292021715,0.1281084812712806,200,percentile
ML-GBM,income,PIR>3.5,n,4520.0,2133.775,2405.05,75.40521671968538,200,percentile
ML-GBM,income,PIR>3.5,events,55.0,18.975,37.0,4.311370382240932,200,percentile
ML-GBM,income,PIR>3.5,observed,0.009882996868099557,0.00662408747419736,0.01367297211594502,0.0017183769339146869,200,percentile
ML-GBM,income,PIR>3.5,expected,0.01307342646948642,0.01251091409061355,0.01386650626876565,0.0003602790699868856,200,percentile
ML-GBM,income,PIR>3.5,OE,0.7559607185741722,0.49082034811541775,1.0591753208675065,0.127703389650096,200,percentile
ML-GBM,income,PIR>3.5,cal_intercept,-0.3059146859491789,-0.7484697928438269,0.046195893141928276,0.1808989547497976,200,percentile
ML-GBM,income,PIR>3.5,cal_slope,0.8126312912721249,0.6021559436683109,1.0679466051529927,0.12140830060317646,200,percentile
ML-GBM,income,PIR>3.5,AUC,0.7836275905407942,0.7028263953983385,0.888137362940679,0.0444721511366276,200,percentile
ML-GBM,income,PIR>3.5,brier,0.009865218221152484,0.006794085625662386,0.013313048732126758,0.001610040899363327,200,percentile
ML-GBM,income,PIR>3.5,scaled_brier,-0.008164776796845796,-0.052956966494963224,0.02294704380587485,0.02015896812710017,200,percentile
ML-GBM,income,PIR>3.5,pct_flagged_7.5,0.024662699648975373,0.02167612420956842,0.028533594442358774,0.0018706323353346757,200,percentile
ML-GBM,income,PIR>3.5,TPR_7.5,0.18431413474626365,0.09396338897990528,0.27783457995027433,0.05082233186837839,200,percentile
ML-GBM,income,PIR>3.5,FPR_7.5,0.023890102614560083,0.020157115927987745,0.0280661688515901,0.0020673102120985507,200,percentile
ML-GBM,income,PIR>3.5,pct_flagged_20,0.00432752535139517,0.0029114555815862903,0.006093962865545319,0.0007938450260898869,200,percentile
ML-GBM,income,PIR>3.5,TPR_20,0.02382854321573894,0.0,0.05622986401113318,0.017873633004456792,200,percentile
ML-GBM,income,PIR>3.5,FPR_20,0.003963496267664461,0.0024545191800318094,0.0058111705987184984,0.0008166595690640721,200,percentile
ML-GBM,income,PIR>3.5,rel_OE,0.760176111968435,0.5311902216618661,0.9297051414460489,0.09897928282019523,200,percentile
ML-GBM,education,<HS,n,3925.0,1840.925,2077.375,63.90603792613881,200,percentile
ML-GBM,education,<HS,events,132.0,57.975,77.0,5.268182202486258,200,percentile
ML-GBM,education,<HS,observed,0.029007725915108577,0.023451540059760526,0.03679807595623777,0.0036020534999067944,200,percentile
ML-GBM,education,<HS,expected,0.026741629901963767,0.02448898326797989,0.029117995503703503,0.0012419681071126783,200,percentile
ML-GBM,education,<HS,OE,1.0847403849897121,0.8722331749066414,1.3625190197128028,0.13009735924196408,200,percentile
ML-GBM,education,<HS,cal_intercept,0.06467791330181075,-0.1864903311897234,0.31863510727432,0.13237675404782992,200,percentile
ML-GBM,education,<HS,cal_slope,0.6410003807424861,0.46852900844985823,0.7712168235088142,0.07661404204893933,200,percentile
ML-GBM,education,<HS,AUC,0.7530395671538831,0.6901790212876977,0.7964651893333012,0.02752368130206801,200,percentile
ML-GBM,education,<HS,brier,0.028034336756481218,0.023131504672583503,0.03448323334765891,0.003104670156412716,200,percentile
ML-GBM,education,<HS,scaled_brier,0.00468436039086928,-0.04120915064835991,0.040209031606259944,0.02176566412919085,200,percentile
ML-GBM,education,<HS,pct_flagged_7.5,0.08376993868392206,0.07097709681221108,0.09702718395019316,0.007090792303282482,200,percentile
ML-GBM,education,<HS,TPR_7.5,0.3182770346471832,0.21207048433765646,0.42015315519283997,0.056807699031035205,200,percentile
ML-GBM,education,<HS,FPR_7.5,0.07897254725160477,0.06461350835846813,0.0930572184008492,0.00717723202443801,200,percentile
ML-GBM,education,<HS,pct_flagged_20,0.01587230883155669,0.011573328555604475,0.0204072469452894,0.0023825416176300454,200,percentile
ML-GBM,education,<HS,TPR_20,0.06271743322132323,0.03017439386074712,0.09826991590126041,0.0190379095728791,200,percentile
ML-GBM,education,<HS,FPR_20,0.015084603099860497,0.010179982107587861,0.019275487037843455,0.002314278001286826,200,percentile
ML-GBM,education,<HS,rel_OE,1.0907891218367802,0.909084105545497,1.343228998230992,0.11389812359818896,200,percentile
ML-GBM,education,College+,n,2673.0,1246.9,1434.125,51.98476753123342,200,percentile
ML-GBM,education,College+,events,45.0,15.0,29.025000000000006,3.644173431657719,200,percentile
ML-GBM,education,College+,observed,0.011212050736599574,0.007060347272302816,0.01525686179600597,0.002068265585715939,200,percentile
ML-GBM,education,College+,expected,0.013662408686881766,0.01247757718897141,0.014838632834664429,0.000584062464019995,200,percentile
ML-GBM,education,College+,OE,0.8206496375243882,0.5226602554587045,1.0983256730581528,0.1430034575333884,200,percentile
ML-GBM,education,College+,cal_intercept,-0.22314891478189566,-0.6834368053174122,0.08239923497832548,0.1906689150557476,200,percentile
ML-GBM,education,College+,cal_slope,1.1561030675884887,0.8880297630667335,1.4072406608427825,0.13560055227821016,200,percentile
ML-GBM,education,College+,AUC,0.8884774029135141,0.8163967890175046,0.9346444231400358,0.030253861425816216,200,percentile
ML-GBM,education,College+,brier,0.010279171868209732,0.006739211471705049,0.013835144496420784,0.0017340510899021568,200,percentile
ML-GBM,education,College+,scaled_brier,0.07280750355749677,0.0013060954322132142,0.12533157847460444,0.03266219605721975,200,percentile
ML-GBM,education,College+,pct_flagged_7.5,0.030304034499217605,0.025012143956594575,0.03543682412254257,0.0027846015796177356,200,percentile
ML-GBM,education,College+,TPR_7.5,0.37060175229755976,0.20934231638068926,0.4856702368651705,0.07109187400038863,200,percentile
ML-GBM,education,College+,FPR_7.5,0.02647709493440499,0.02165415151473276,0.031845462155215574,0.002664007431972098,200,percentile
ML-GBM,education,College+,pct_flagged_20,0.004506459043009535,0.0023848004415228112,0.006507176445747309,0.001110098845580677,200,percentile
ML-GBM,education,College+,TPR_20,0.12337208405751586,0.019931190029083525,0.21471446607820358,0.05373877597990594,200,percentile
ML-GBM,education,College+,FPR_20,0.0034001764177608745,0.0013418892435133856,0.005287040501031804,0.0010976792948893584,200,percentile
ML-GBM,education,College+,rel_OE,0.8252257497164995,0.5411632573318593,1.0484132924197755,0.12625160891768572,200,percentile
ML-GBM,education,HS/GED,n,2987.0,1432.875,1602.075,45.80507504084552,200,percentile
ML-GBM,education,HS/GED,events,87.0,34.0,52.0,4.588490626682783,200,percentile
ML-GBM,education,HS/GED,observed,0.021233046724068116,0.015012183057993728,0.027494939776271734,0.003269945255758333,200,percentile
ML-GBM,education,HS/GED,expected,0.021350581667811272,0.020135746391205217,0.022895161765391882,0.0007543590398093627,200,percentile
ML-GBM,education,HS/GED,OE,0.9944950003905348,0.7194796543685804,1.2600090718467694,0.1427534973494533,200,percentile
ML-GBM,education,HS/GED,cal_intercept,0.00452269412146386,-0.35038133950713435,0.2624479393454412,0.16258356454146547,200,percentile
ML-GBM,education,HS/GED,cal_slope,0.8823765510356093,0.7056459661215307,1.0897000647468587,0.09817449344665177,200,percentile
ML-GBM,education,HS/GED,AUC,0.8152433316759369,0.7563898551003926,0.8736361569692399,0.030781558150927757,200,percentile
ML-GBM,education,HS/GED,brier,0.019732826959874668,0.015016846766195505,0.025268603641089182,0.002811404405474621,200,percentile
ML-GBM,education,HS/GED,scaled_brier,0.050494041355774955,-0.004592735199665409,0.09275892991775277,0.02611611481127463,200,percentile
ML-GBM,education,HS/GED,pct_flagged_7.5,0.060787842845021915,0.05431798685793377,0.06964698394900079,0.0042011150774413555,200,percentile
ML-GBM,education,HS/GED,TPR_7.5,0.396087977328965,0.27690719553463744,0.534606979206239,0.06196834966739383,200,percentile
ML-GBM,education,HS/GED,FPR_7.5,0.05352364136910785,0.046824522171718244,0.062238796881684086,0.004164694882462788,200,percentile
ML-GBM,education,HS/GED,pct_flagged_20,0.013838724687585346,0.010025391302842204,0.01791958788855495,0.002131766154645325,200,percentile
ML-GBM,education,HS/GED,TPR_20,0.13771591908775846,0.05558760828796624,0.22515382983303522,0.04446143309167114,200,percentile
ML-GBM,education,HS/GED,FPR_20,0.009749499904563539,0.006534494602826939,0.013310744187793601,0.0017488881312775675,200,percentile
ML-GBM,education,HS/GED,rel_OE,1.0000405102990133,0.7659385303691736,1.1717037357141236,0.1050223626380625,200,percentile
ML-GBM,education,Some college,n,3252.0,1556.975,1714.025,41.8909181100212,200,percentile
ML-GBM,education,Some college,events,67.0,25.975,41.0,4.131737683034468,200,percentile
ML-GBM,education,Some college,observed,0.016017017148540397,0.01082300539616698,0.021233913776032794,0.002564644906706082,200,percentile
ML-GBM,education,Some college,expected,0.015153178360786314,0.014284551325032728,0.01602852339701416,0.00046900618519864505,200,percentile
ML-GBM,education,Some college,OE,1.0570071022188678,0.7283163475825126,1.3880955028120967,0.17049703698647586,200,percentile
ML-GBM,education,Some college,cal_intercept,0.0606759755418308,-0.30768296078357515,0.35789501935170537,0.17645216464068275,200,percentile
ML-GBM,education,Some college,cal_slope,0.6531327328546004,0.46857520817021625,0.8367050124970351,0.10252757006813884,200,percentile
ML-GBM,education,Some college,AUC,0.7308805341806495,0.6651869647585839,0.8060713726404549,0.03926709977382179,200,percentile
ML-GBM,education,Some college,brier,0.01577471446401543,0.010857484265209213,0.020974707830020974,0.0024133937110696955,200,percentile
ML-GBM,education,Some college,scaled_brier,-0.0009036628808674063,-0.0295871593668642,0.018083831704058796,0.013070740655524292,200,percentile
ML-GBM,education,Some college,pct_flagged_7.5,0.03451152761403887,0.02932857939055837,0.038952630643507034,0.00263522131057034,200,percentile
ML-GBM,education,Some college,TPR_7.5,0.1380176636638338,0.05262975925224086,0.22289100220435074,0.04481908760154205,200,percentile
ML-GBM,education,Some college,FPR_7.5,0.03253375824645142,0.026978350083292933,0.03773882669496523,0.00268165823744073,200,percentile
ML-GBM,education,Some college,pct_flagged_20,0.005077964833522056,0.0027925117242167206,0.007245717211935346,0.0011084908005953846,200,percentile
ML-GBM,education,Some college,TPR_20,0.03469794630059826,0.0,0.06857282305325076,0.019982007506885974,200,percentile
ML-GBM,education,Some college,FPR_20,0.004118874502027213,0.001973067722289335,0.006216222964079874,0.001085617048719468,200,percentile
ML-GBM,education,Some college,rel_OE,1.0629011925424845,0.775009457487976,1.3501002686366803,0.15312113430490407,200,percentile
ML-GBM,sex,GAP(max-min),OE,0.1498253546399625,0.0,0.29307203055976033,0.10374107026764989,200,basic
ML-GBM,sex,GAP(max-min),AUC,0.08102837392410911,0.024659880184557365,0.1401485471137927,0.02941767460268318,200,basic
ML-GBM,sex,GAP(max-min),cal_slope,0.16679479687172905,0.0,0.3175619759747356,0.08859066343532207,200,basic
ML-GBM,sex,GAP(max-min),TPR_7.5,0.04012821685693202,0.0,0.07797308518460372,0.04082146099669072,200,basic
ML-GBM,sex,GAP(max-min),FPR_7.5,0.014063641361272625,0.007731115152967153,0.020668128371607912,0.0035390940208686237,200,basic
ML-GBM,sex,GAP(max-min),pct_flagged_7.5,0.01683021749397693,0.010844462767816754,0.023488304474321466,0.003575554018176523,200,basic
ML-GBM,sex,GAP(max/min),OE,1.1644498849944884,1.0,1.3222836496655879,0.1269054498912754,200,basic
ML-GBM,race,GAP(max-min),OE,0.1858915763802761,0.0,0.29045409444421644,0.2279188163465483,200,basic
ML-GBM,race,GAP(max-min),AUC,0.16382018566060486,0.04396440981942862,0.28321542740784245,0.06152513194909573,200,basic
ML-GBM,race,GAP(max-min),cal_slope,0.45619031351603767,0.19393934830253035,0.7681407359698124,0.14582952060159787,200,basic
ML-GBM,race,GAP(max-min),TPR_7.5,0.2160689295782914,0.0763843044808713,0.3497605172577033,0.07527607306987759,200,basic
ML-GBM,race,GAP(max-min),FPR_7.5,0.02985590975188416,0.022302988678878005,0.04791966594281672,0.006969628230355465,200,basic
ML-GBM,race,GAP(max-min),pct_flagged_7.5,0.03498348463380986,0.025792347346677624,0.04839362439522167,0.006097040878493745,200,basic
ML-GBM,race,GAP(max/min),OE,1.1901616987444394,1.0,1.3108370103900564,0.28034803779178374,200,basic
ML-GBM,age_group,GAP(max-min),OE,0.20321573076510113,0.0,0.28350243476222836,0.18662679870150775,200,basic
ML-GBM,age_group,GAP(max-min),AUC,0.14085117373796008,0.03834882367690823,0.21240377030454113,0.043866575806134935,200,basic
ML-GBM,age_group,GAP(max-min),cal_slope,0.39833773236742487,0.0,0.5607938731223253,0.16978754815891775,200,basic
ML-GBM,age_group,GAP(max-min),TPR_7.5,0.5135915335653448,0.4236792079812012,0.6046769630305897,0.05164815129820578,200,basic
ML-GBM,age_group,GAP(max-min),FPR_7.5,0.30252331252208065,0.276008612144882,0.3282048794871118,0.014457257010758142,200,basic
ML-GBM,age_group,GAP(max-min),pct_flagged_7.5,0.31792362034912436,0.2914526647679866,0.3408970387937179,0.01232749407849403,200,basic
ML-GBM,age_group,GAP(max/min),OE,1.2236343145649629,1.0,1.305212248414962,0.27066548052008216,200,basic
ML-GBM,income,GAP(max-min),OE,0.5529655044794485,0.21216088472371175,0.8238960527343538,0.16441351494639683,200,basic
ML-GBM,income,GAP(max-min),AUC,0.05462990621820729,0.0,0.08893195409456624,0.033116101069200675,200,basic
ML-GBM,income,GAP(max-min),cal_slope,0.23292606652095604,0.0,0.3596606275162351,0.11369858081707494,200,basic
ML-GBM,income,GAP(max-min),TPR_7.5,0.2257067690416971,0.094668794167379,0.3551123371825578,0.0739306721021945,200,basic
ML-GBM,income,GAP(max-min),FPR_7.5,0.042966109719321216,0.028522435478736972,0.05183528836397146,0.006104267058219678,200,basic
ML-GBM,income,GAP(max-min),pct_flagged_7.5,0.04883424181673243,0.03613298702252899,0.055006276353528456,0.005229363486964316,200,basic
ML-GBM,income,GAP(max/min),OE,1.7314738595444539,1.0,2.1493846746126435,0.33302311453663136,200,basic
ML-GBM,education,GAP(max-min),OE,0.2640907474653239,0.0,0.3780412548560521,0.1661738649773541,200,basic
ML-GBM,education,GAP(max-min),AUC,0.1575968687328646,0.07221924745349967,0.2264927633899303,0.04030216930027935,200,basic
ML-GBM,education,GAP(max-min),cal_slope,0.5151026868460026,0.17356809991727717,0.7335804838399691,0.14664447422719737,200,basic
ML-GBM,education,GAP(max-min),TPR_7.5,0.2580703136651312,0.09247808631385535,0.3368759623618944,0.06713957129061858,200,basic
ML-GBM,education,GAP(max-min),FPR_7.5,0.05249545231719978,0.03961870532641221,0.06610569362368832,0.007112799835046691,200,basic
ML-GBM,education,GAP(max-min),pct_flagged_7.5,0.053465904184704455,0.03843786360660928,0.06836119807310996,0.007655915233139339,200,basic
ML-GBM,education,GAP(max/min),OE,1.321806938539561,1.0,1.4866793588206748,0.32367284203104796,200,basic
