tool,attribute,level,metric,value,lo,hi,se,n_rep,ci_method
PCE,Overall,All,n,13466.0,6549.975,6986.575,116.30726406105006,200,percentile
PCE,Overall,All,events,362.0,165.95,199.025,9.038131116019047,200,percentile
PCE,Overall,All,observed,0.019019590401501755,0.0162500167797753,0.02226417794119519,0.0014553929407854836,200,percentile
PCE,Overall,All,expected,0.08192441210494654,0.07925460795352074,0.0843610442998672,0.0013198587822298635,200,percentile
PCE,Overall,All,OE,0.2321602305444358,0.2029805411868995,0.27168086904908534,0.01653042749233185,200,percentile
PCE,Overall,All,cal_intercept,-1.666080492468472,-1.792568530641394,-1.5065395544818558,0.07175018004740094,200,percentile
PCE,Overall,All,cal_slope,0.9329878425418089,0.7864694268991989,1.1032209807214939,0.08061638862351307,200,percentile
PCE,Overall,All,AUC,0.8041212249451417,0.767424902150132,0.8391288819829635,0.018996047135630873,200,percentile
PCE,Overall,All,brier,0.027229366561092642,0.02491963715498184,0.030284098800391582,0.0013158674655800282,200,percentile
PCE,Overall,All,scaled_brier,-0.45940571974126354,-0.5681043834805617,-0.35139843164834617,0.055353504444692475,200,percentile
PCE,Overall,All,pct_flagged_7.5,0.3446615689611551,0.33393588198198826,0.35559373194107324,0.005959048233457076,200,percentile
PCE,Overall,All,TPR_7.5,0.815780617987339,0.7512249478339704,0.8831015402206281,0.03163005062067146,200,percentile
PCE,Overall,All,FPR_7.5,0.33768983850854983,0.3250809415914191,0.3503550629676538,0.006511499899216017,200,percentile
PCE,Overall,All,pct_flagged_20,0.10991193384352081,0.10429205766912944,0.11620086289330607,0.0031674718035243792,200,percentile
PCE,Overall,All,TPR_20,0.45788272886177,0.3915926912946812,0.5480575660571092,0.03823367492849893,200,percentile
PCE,Overall,All,FPR_20,0.10323455856376387,0.09673042901423413,0.1110507390200238,0.003663490955855079,200,percentile
PCE,Overall,All,rel_OE,1.0,1.0,1.0,0.0,200,percentile
PCE,sex,Female,n,6883.0,3348.95,3578.15,61.643712057118236,200,percentile
PCE,sex,Female,events,145.0,62.0,85.0,6.11168869408998,200,percentile
PCE,sex,Female,observed,0.01550122652400136,0.012528100855061624,0.01828931830786972,0.0015613007824584707,200,percentile
PCE,sex,Female,expected,0.06391066864927906,0.06099450395666327,0.06686006418993667,0.001569097067629258,200,percentile
PCE,sex,Female,OE,0.2425452096122956,0.2028431217856278,0.28502584127386893,0.021809149002546477,200,percentile
PCE,sex,Female,cal_intercept,-1.6211557593299548,-1.8136265949797643,-1.4660725080749415,0.09213915435044978,200,percentile
PCE,sex,Female,cal_slope,0.9068695045593481,0.7062740971859969,1.0753713842564654,0.09621747530784493,200,percentile
PCE,sex,Female,AUC,0.8170481315738586,0.7597529593687166,0.8604786692131452,0.02639202499024606,200,percentile
PCE,sex,Female,brier,0.021436661822693458,0.01861123941120035,0.02479222617168936,0.0014569652603596557,200,percentile
PCE,sex,Female,scaled_brier,-0.4046751988639581,-0.5608092977181467,-0.3102338326149037,0.06596397236519795,200,percentile
PCE,sex,Female,pct_flagged_7.5,0.25178557529924717,0.23863828826869016,0.26457366332387117,0.006964327933633496,200,percentile
PCE,sex,Female,TPR_7.5,0.7769549375007061,0.6785104334215933,0.8637419440451671,0.04418005956250571,200,percentile
PCE,sex,Female,FPR_7.5,0.24719967358348147,0.23474430834444746,0.2642416936586347,0.007434972658970725,200,percentile
PCE,sex,Female,pct_flagged_20,0.08232716803541737,0.07583748797569256,0.09004045247288257,0.0036239925398774985,200,percentile
PCE,sex,Female,TPR_20,0.4663579906102986,0.35722863171814545,0.5636388698564342,0.05163066640975174,200,percentile
PCE,sex,Female,FPR_20,0.0767995356056868,0.07104550242214133,0.08465284531562507,0.00390908775208858,200,percentile
PCE,sex,Female,rel_OE,1.0447319467399998,0.9222874194516812,1.1803574859750758,0.07087559899790466,200,percentile
PCE,sex,Male,n,6583.0,3189.9,3428.1,62.9822163222629,200,percentile
PCE,sex,Male,events,217.0,95.0,122.025,7.3893580956214695,200,percentile
PCE,sex,Male,observed,0.022927328551733867,0.019565152887272143,0.02805681210964602,0.002226526655470356,200,percentile
PCE,sex,Male,expected,0.10197999862459318,0.09893982527279893,0.10512530791216587,0.0015846192914097516,200,percentile
PCE,sex,Male,OE,0.2248218166400797,0.19265194975078903,0.2749186953310942,0.021285478603339077,200,percentile
PCE,sex,Male,cal_intercept,-1.6984897069884901,-1.8602938136401075,-1.4923609078068028,0.0976060898474656,200,percentile
PCE,sex,Male,cal_slope,0.9676215548886091,0.8079068781025004,1.1542389662449628,0.09801807140745407,200,percentile
PCE,sex,Male,AUC,0.7805308091457939,0.7390700873655929,0.8239927843328362,0.02305873173918078,200,percentile
PCE,sex,Male,brier,0.033663144898811004,0.030671942516828397,0.037646760613292446,0.0017727786861961073,200,percentile
PCE,sex,Male,scaled_brier,-0.5027071943025718,-0.6603800273407703,-0.35425711956824185,0.07890931983284186,200,percentile
PCE,sex,Male,pct_flagged_7.5,0.4480649804213371,0.4334434857836438,0.4651393097569781,0.008198633411132326,200,percentile
PCE,sex,Male,TPR_7.5,0.8449358422313412,0.7709805256382455,0.9113571494317886,0.03602288935564836,200,percentile
PCE,sex,Male,FPR_7.5,0.43895834252980537,0.4208629898616786,0.4549744544294859,0.009035206625910635,200,percentile
PCE,sex,Male,pct_flagged_20,0.14062341025874373,0.13139134723309218,0.15006356245190017,0.004721337939855207,200,percentile
PCE,sex,Male,TPR_20,0.4515184319915569,0.3637689894209361,0.5540040750261872,0.0499613258455393,200,percentile
PCE,sex,Male,FPR_20,0.13281827333485272,0.12347809062856911,0.1439340839453405,0.005275667446597097,200,percentile
PCE,sex,Male,rel_OE,0.9683907364876969,0.8727542571953378,1.0519872065623717,0.04974644580395855,200,percentile
PCE,race,Mexican American,n,2794.0,1145.85,1619.0,121.41411175256074,200,percentile
PCE,race,Mexican American,events,62.0,19.0,40.025000000000006,5.467124219933264,200,percentile
PCE,race,Mexican American,observed,0.016964214623544305,0.009631503203861877,0.023200238450520924,0.0035460752957624667,200,percentile
PCE,race,Mexican American,expected,0.07345224536081982,0.06733171379356728,0.07809298786833191,0.002872484813106888,200,percentile
PCE,race,Mexican American,OE,0.23095569836171667,0.13844678779026137,0.3148666433334143,0.04598525587074126,200,percentile
PCE,race,Mexican American,cal_intercept,-1.6872513070887765,-2.1730617917873922,-1.3604808081344437,0.21420568856322733,200,percentile
PCE,race,Mexican American,cal_slope,0.7942434400309095,0.5731040019177596,1.1099424338008248,0.14715533690257177,200,percentile
PCE,race,Mexican American,AUC,0.7856999186224312,0.7165203176353118,0.8629509673513784,0.039271312721640014,200,percentile
PCE,race,Mexican American,brier,0.025677846411422074,0.019008426583745592,0.031222995166570306,0.00327634726131029,200,percentile
PCE,race,Mexican American,scaled_brier,-0.5397687839049892,-0.9543772318695443,-0.3191860426402576,0.18117504036807974,200,percentile
PCE,race,Mexican American,pct_flagged_7.5,0.28783360249590717,0.2582986407377944,0.308311645914009,0.013467312737866825,200,percentile
PCE,race,Mexican American,TPR_7.5,0.6603517789889491,0.47496758412124307,0.8418256897388011,0.0918762589604821,200,percentile
PCE,race,Mexican American,FPR_7.5,0.27917896687124694,0.24955892176055533,0.2986803167039541,0.013571844826702746,200,percentile
PCE,race,Mexican American,pct_flagged_20,0.09788836411782267,0.07943198185608687,0.11131417156708451,0.008239688672375126,200,percentile
PCE,race,Mexican American,TPR_20,0.439692038015541,0.2864973994233337,0.6107594999213147,0.08819497785173544,200,percentile
PCE,race,Mexican American,FPR_20,0.0923802949412942,0.07663867565548578,0.10604548766041491,0.0075088165987247735,200,percentile
PCE,race,Mexican American,rel_OE,0.9948116342756277,0.6357146555593698,1.3748313279979327,0.19631268577790728,200,percentile
PCE,race,NH Black,n,2577.0,1128.725,1444.15,80.62646656373303,200,percentile
PCE,race,NH Black,events,85.0,32.0,55.025000000000006,5.648284303918265,200,percentile
PCE,race,NH Black,observed,0.025578082541956617,0.020286024190519617,0.03069837434964328,0.002788530360386717,200,percentile
PCE,race,NH Black,expected,0.10103475943247026,0.09652337420541861,0.10561126483399631,0.0024481468146335655,200,percentile
PCE,race,NH Black,OE,0.25316121585910767,0.20398028385731357,0.3027760582253666,0.026825625277792378,200,percentile
PCE,race,NH Black,cal_intercept,-1.6098769466666838,-1.8326219057040718,-1.418737660550062,0.11445817020703015,200,percentile
PCE,race,NH Black,cal_slope,0.9007482149932399,0.5958248603985951,1.2232385389302396,0.15834890619619613,200,percentile
PCE,race,NH Black,AUC,0.7653739341663138,0.6903484820130414,0.8440881597501587,0.03795717216920403,200,percentile
PCE,race,NH Black,brier,0.03512088579975416,0.03061418160518749,0.039554846583724115,0.0022661517336445658,200,percentile
PCE,race,NH Black,scaled_brier,-0.40912796067886936,-0.61724033521666,-0.25859001999342573,0.09445172820007486,200,percentile
PCE,race,NH Black,pct_flagged_7.5,0.4432712666071776,0.4237032741743017,0.4606508150452172,0.009792921480121824,200,percentile
PCE,race,NH Black,TPR_7.5,0.8387569959003227,0.7331300278864367,0.9294389509834425,0.05231487460177957,200,percentile
PCE,race,NH Black,FPR_7.5,0.44550417952899624,0.42249946868097676,0.4659930811895861,0.011100677349411057,200,percentile
PCE,race,NH Black,pct_flagged_20,0.14261024970672007,0.12811478454460884,0.1571714935726901,0.007788286221815419,200,percentile
PCE,race,NH Black,TPR_20,0.5127661031024479,0.4051559596977545,0.61486385990535,0.05544334872601489,200,percentile
PCE,race,NH Black,FPR_20,0.13594267667350365,0.12159554272047951,0.14996035543859979,0.007833073551725484,200,percentile
PCE,race,NH Black,rel_OE,1.090459013007623,0.8548580485569335,1.3077611874843356,0.11854465431987724,200,percentile
PCE,race,NH White,n,6689.0,3072.275,3686.4,156.1562920208099,200,percentile
PCE,race,NH White,events,191.0,83.0,115.05000000000001,8.523274372572477,200,percentile
PCE,race,NH White,observed,0.01875577802761195,0.015678117134997872,0.023020887600896885,0.0018421529313167853,200,percentile
PCE,race,NH White,expected,0.08108953245885786,0.07812394050825239,0.0839439908252588,0.0016032806442333473,200,percentile
PCE,race,NH White,OE,0.23129715339187595,0.19522595166859621,0.27998927128530215,0.020918419799225634,200,percentile
PCE,race,NH White,cal_intercept,-1.6625358902458873,-1.8249346622439762,-1.4661918105494274,0.09224409945097145,200,percentile
PCE,race,NH White,cal_slope,1.0252606803594932,0.8582241994554866,1.243372711221531,0.09211116469148913,200,percentile
PCE,race,NH White,AUC,0.8289437343239002,0.7888930853359568,0.8669900871275616,0.01934426978408945,200,percentile
PCE,race,NH White,brier,0.02652441804467862,0.023587395401156126,0.030131165577636128,0.0015789703350513474,200,percentile
PCE,race,NH White,scaled_brier,-0.4412312403792009,-0.5836715465623818,-0.31215730302038097,0.06845299209824202,200,percentile
PCE,race,NH White,pct_flagged_7.5,0.3399845457204041,0.3268484586072907,0.3542078467694957,0.007551959901097875,200,percentile
PCE,race,NH White,TPR_7.5,0.8535824756972086,0.7757901116319377,0.922570008456519,0.03520920470040268,200,percentile
PCE,race,NH White,FPR_7.5,0.3303075206400537,0.3165679220005542,0.3466447277751689,0.007844834352164957,200,percentile
PCE,race,NH White,pct_flagged_20,0.1087770812723696,0.10214269789497452,0.11609089468504977,0.003636436454628664,200,percentile
PCE,race,NH White,TPR_20,0.4789154665751148,0.3867914387881503,0.5779499894723547,0.045804148647635635,200,percentile
PCE,race,NH White,FPR_20,0.10108143779498151,0.09408896766529495,0.1096090483043839,0.00393119222207923,200,percentile
PCE,race,NH White,rel_OE,0.9962824074108824,0.9379179063089459,1.0509214600058667,0.03021023328019561,200,percentile
PCE,race,Other Hispanic,n,929.0,348.0,588.25,57.52556761691484,200,percentile
PCE,race,Other Hispanic,events,17.0,4.0,14.0,2.656891106492472,200,percentile
PCE,race,Other Hispanic,observed,0.016140591697789083,0.0056170432775479815,0.02772504920273109,0.006010455665013247,200,percentile
PCE,race,Other Hispanic,expected,0.0770462418696155,0.06765568452650023,0.08486052653853364,0.004731613640038069,200,percentile
PCE,race,Other Hispanic,OE,0.20949226472465232,0.06876805949377152,0.38401138218562203,0.08078668368333514,200,percentile
PCE,race,Other Hispanic,cal_intercept,-1.756727663817119,-2.9339237554036197,-1.1209779032497744,0.4516067777629465,200,percentile
PCE,race,Other Hispanic,cal_slope,0.6364827464304077,0.3310795521760968,1.332772273163857,0.2605601442605505,200,percentile
PCE,race,Other Hispanic,AUC,0.7164302649614627,0.6212979578069169,0.8596915253107881,0.06441743453783486,200,percentile
PCE,race,Other Hispanic,brier,0.02565589668657386,0.017296295695502367,0.036357866347027264,0.00523352444863711,200,percentile
PCE,race,Other Hispanic,scaled_brier,-0.615603195949977,-2.5187926719073896,-0.24191021577677235,0.6488728817310689,200,percentile
PCE,race,Other Hispanic,pct_flagged_7.5,0.3308969491260615,0.29141816250341407,0.3666048299723212,0.01978222792812582,200,percentile
PCE,race,Other Hispanic,TPR_7.5,0.5684889391526694,0.24649859847509462,1.0,0.20373893552140965,200,percentile
PCE,race,Other Hispanic,FPR_7.5,0.32471056908376583,0.27903611121050503,0.3639087653619025,0.022814166122672817,200,percentile
PCE,race,Other Hispanic,pct_flagged_20,0.09502959252563767,0.06650619307399072,0.12189034160620163,0.014525469867124103,200,percentile
PCE,race,Other Hispanic,TPR_20,0.207055077293493,0.059219938649564825,0.44880557833867024,0.10768865368298913,200,percentile
PCE,race,Other Hispanic,FPR_20,0.09484168494273272,0.06920123741302328,0.12006961626715652,0.01489661466218319,200,percentile
PCE,race,Other Hispanic,rel_OE,0.9023606852619627,0.32455375200425063,1.74293324113678,0.3618506703217856,200,percentile
PCE,race,Other/Multiracial,n,477.0,198.9,278.05,19.951745178765496,200,percentile
PCE,race,Other/Multiracial,events,7.0,1.9750000000000005,6.0,1.1272660037524775,200,percentile
PCE,race,Other/Multiracial,observed,0.014600354490660186,0.002414736483115239,0.024508961940018215,0.0058584194057224965,200,percentile
PCE,race,Other/Multiracial,expected,0.0716928288292506,0.06333354193383188,0.08031245124093625,0.004428620473433851,200,percentile
PCE,race,Other/Multiracial,OE,0.2036515329229589,0.03321176694598107,0.36655785504887856,0.08475491933509725,200,percentile
PCE,race,Other/Multiracial,cal_intercept,-1.8127429051751085,-3.6528862438897716,-1.1648014947262615,0.583702081151516,200,percentile
PCE,race,Other/Multiracial,cal_slope,-0.17827722900138038,-1.1402824502161788,1.2149014632198158,0.6337195579495147,200,percentile
PCE,race,Other/Multiracial,AUC,0.4651395414202737,0.19965229469038626,0.904458487922578,0.20521450723613308,200,percentile
PCE,race,Other/Multiracial,brier,0.026035318351974635,0.01576822962204926,0.035654254231967025,0.005415959015802964,200,percentile
PCE,race,Other/Multiracial,scaled_brier,-0.8096187620663413,-5.24286924705601,-0.3527742340697536,1.2385020808726885,200,percentile
PCE,race,Other/Multiracial,pct_flagged_7.5,0.3036039723059802,0.2672182559891068,0.34119727408928857,0.02030243616052425,200,percentile
PCE,race,Other/Multiracial,TPR_7.5,0.3210227902179417,0.10047312977334527,1.0,0.2683745455599824,200,percentile
PCE,race,Other/Multiracial,FPR_7.5,0.3168272270486594,0.26757575189857963,0.36347242661469265,0.026141229372429724,200,percentile
PCE,race,Other/Multiracial,pct_flagged_20,0.09056758473523313,0.05890260197228806,0.11944935568229287,0.016111572171670228,200,percentile
PCE,race,Other/Multiracial,TPR_20,0.05273761199641575,0.0,0.687303125126678,0.15923721883025724,200,percentile
PCE,race,Other/Multiracial,FPR_20,0.09182717691034872,0.05638399385156795,0.11913182752702532,0.017416260918471805,200,percentile
PCE,race,Other/Multiracial,rel_OE,0.8772024926292434,0.14106191617839398,1.5703355562106012,0.3746249150139393,200,percentile
PCE,age_group,40-49,n,4420.0,2141.875,2304.125,41.88983368108711,200,percentile
PCE,age_group,40-49,events,35.0,12.975000000000001,24.025000000000006,3.018531540884836,200,percentile
PCE,age_group,40-49,observed,0.006351207120419218,0.0037984180696897544,0.009903914156898664,0.0015357245856730264,200,percentile
PCE,age_group,40-49,expected,0.02923707740692481,0.028059374722588033,0.030635342405906128,0.000697370386999012,200,percentile
PCE,age_group,40-49,OE,0.2172312585154265,0.1288811362880538,0.3319039439705666,0.05109223346224011,200,percentile
PCE,age_group,40-49,cal_intercept,-1.6005580222371651,-2.1256702631530753,-1.1642897021107546,0.24474840227542582,200,percentile
PCE,age_group,40-49,cal_slope,0.9187553358136572,0.5797286489679327,1.2699523823250585,0.18545560120323804,200,percentile
PCE,age_group,40-49,AUC,0.7814820119801968,0.6918418180411547,0.8776085291112699,0.0506130230319939,200,percentile
PCE,age_group,40-49,brier,0.0076529902257385755,0.005334437660806443,0.010944844288177448,0.001365427116389074,200,percentile
PCE,age_group,40-49,scaled_brier,-0.21266815645263626,-0.45447594528630614,-0.09271183271429519,0.09291381750288193,200,percentile
PCE,age_group,40-49,pct_flagged_7.5,0.08203372090538329,0.07384199806732615,0.0928270344650008,0.004896680218173535,200,percentile
PCE,age_group,40-49,TPR_7.5,0.3447090933782137,0.18071039275338033,0.4969580279603535,0.08503810742071026,200,percentile
PCE,age_group,40-49,FPR_7.5,0.07945445562525225,0.06984420401752557,0.09085537123187735,0.005249100813925987,200,percentile
PCE,age_group,40-49,pct_flagged_20,0.005819097704024308,0.003415778176665009,0.00798845558498567,0.001205646964548223,200,percentile
PCE,age_group,40-49,TPR_20,0.017356772039853655,0.0,0.05229992888957054,0.01898032908419806,200,percentile
PCE,age_group,40-49,FPR_20,0.005778338835884066,0.0031629316563892527,0.008161362133736484,0.001287945735161948,200,percentile
PCE,age_group,40-49,rel_OE,0.9356953945385066,0.5928161324450019,1.342848150731581,0.19992466997880684,200,percentile
PCE,age_group,50-59,n,3406.0,1627.95,1800.275,43.64096290431826,200,percentile
PCE,age_group,50-59,events,45.0,16.0,29.025000000000006,3.4105364378598635,200,percentile
PCE,age_group,50-59,observed,0.010489009079613369,0.00700583177926095,0.01403982484012365,0.001897770124377253,200,percentile
PCE,age_group,50-59,expected,0.05926734276965756,0.057403232308593725,0.061511317555807576,0.0010655822207199586,200,percentile
PCE,age_group,50-59,OE,0.17697788679979945,0.12013148962594418,0.23694853728447787,0.03113847674898951,200,percentile
PCE,age_group,50-59,cal_intercept,-1.8372420533455203,-2.22518462400762,-1.5342919975558222,0.1812509104828482,200,percentile
PCE,age_group,50-59,cal_slope,0.6330156939774243,0.15623109740850344,1.0966400418375202,0.24005700267483385,200,percentile
PCE,age_group,50-59,AUC,0.6681715714392845,0.5528255953951899,0.777028552252495,0.058228991645162216,200,percentile
PCE,age_group,50-59,brier,0.014920743001670074,0.01184254203494915,0.01791944850729297,0.0017091899702177597,200,percentile
PCE,age_group,50-59,scaled_brier,-0.4375910695538079,-0.7133246128325147,-0.2926596600906206,0.1064277131121537,200,percentile
PCE,age_group,50-59,pct_flagged_7.5,0.2506302766899752,0.23586670959413802,0.26555082289919235,0.008107704394853296,200,percentile
PCE,age_group,50-59,TPR_7.5,0.6185621368296379,0.43000335456102284,0.7827105059076687,0.09190285557422216,200,percentile
PCE,age_group,50-59,FPR_7.5,0.24739495697203073,0.22913239562767634,0.26475243697218026,0.009647828534830467,200,percentile
PCE,age_group,50-59,pct_flagged_20,0.025730907117919803,0.01965056946878511,0.03174560614579191,0.0030630027542766333,200,percentile
PCE,age_group,50-59,TPR_20,0.08338563391570547,0.017605149416834064,0.17299945834927669,0.04212770366128895,200,percentile
PCE,age_group,50-59,FPR_20,0.025651611856996718,0.01942783309405267,0.032344960242965674,0.003204678248974573,200,percentile
PCE,age_group,50-59,rel_OE,0.762309230934045,0.559986425526792,0.9993261836546765,0.11822335311897485,200,percentile
PCE,age_group,60-69,n,3441.0,1635.9,1818.025,46.60562623745041,200,percentile
PCE,age_group,60-69,events,102.0,41.975,59.025000000000006,4.820055984995658,200,percentile
PCE,age_group,60-69,observed,0.02748240160978038,0.02009161283071983,0.03377440582077536,0.0034137971458165525,200,percentile
PCE,age_group,60-69,expected,0.12663889299688186,0.12368137777055477,0.12959421705259896,0.001580154955558679,200,percentile
PCE,age_group,60-69,OE,0.21701391223040034,0.15915392501472722,0.2657500551055187,0.027232238030473695,200,percentile
PCE,age_group,60-69,cal_intercept,-1.6982189490559323,-2.0196884415722742,-1.4815103486735919,0.13426801220201134,200,percentile
PCE,age_group,60-69,cal_slope,0.7881186030614453,0.45874070863506083,1.148028244144256,0.18395348941080922,200,percentile
PCE,age_group,60-69,AUC,0.6728496446615059,0.603318924793099,0.7524518377608502,0.039378565728885574,200,percentile
PCE,age_group,60-69,brier,0.040859919324894516,0.03600382189885146,0.04520171658391563,0.0023891899165656805,200,percentile
PCE,age_group,60-69,scaled_brier,-0.5287812727401509,-0.8100729991396288,-0.3675988599690393,0.11454283368235184,200,percentile
PCE,age_group,60-69,pct_flagged_7.5,0.6941499882499722,0.6784123529337045,0.7112000396027387,0.008169296204914175,200,percentile
PCE,age_group,60-69,TPR_7.5,0.8791890257437233,0.7908916665338211,0.960903602852344,0.04405521373701664,200,percentile
PCE,age_group,60-69,FPR_7.5,0.6940438310535951,0.6748597304165099,0.7116690974961145,0.009961371612175066,200,percentile
PCE,age_group,60-69,pct_flagged_20,0.15462960998432962,0.14142816246289264,0.1695136738223558,0.007295143557798211,200,percentile
PCE,age_group,60-69,TPR_20,0.2801539061029439,0.19005252841883677,0.3887406301901303,0.055158893353267575,200,percentile
PCE,age_group,60-69,FPR_20,0.14635651355487592,0.13179487031091333,0.16151728261364107,0.008142058040830848,200,percentile
PCE,age_group,60-69,rel_OE,0.9347592036822326,0.7331656458829126,1.0979655956893777,0.09306069480644284,200,percentile
PCE,age_group,70-79,n,2199.0,1038.9,1179.05,34.74548378158054,200,percentile
PCE,age_group,70-79,events,180.0,77.975,101.025,6.3635089558478475,200,percentile
PCE,age_group,70-79,observed,0.07518562748041359,0.06098421247699379,0.0879326116707674,0.007149773191958585,200,percentile
PCE,age_group,70-79,expected,0.2650180577540208,0.25784118665975253,0.27204792517717097,0.0036655733986845746,200,percentile
PCE,age_group,70-79,OE,0.2837000169633644,0.23198343128248497,0.3300382156613787,0.026566938210423916,200,percentile
PCE,age_group,70-79,cal_intercept,-1.5814778017879678,-1.8169766493333284,-1.4125071264041924,0.10592880320279044,200,percentile
PCE,age_group,70-79,cal_slope,0.8485080560474468,0.6162640953104537,1.111416199170716,0.12630481947227856,200,percentile
PCE,age_group,70-79,AUC,0.6645939478622616,0.6173924230732946,0.7111429765388889,0.0243195424982335,200,percentile
PCE,age_group,70-79,brier,0.11058414317848235,0.10254806642514941,0.11826435071901334,0.004033241224761827,200,percentile
PCE,age_group,70-79,scaled_brier,-0.5903893478490942,-0.8657443432748917,-0.43860559115227465,0.10610954115112864,200,percentile
PCE,age_group,70-79,pct_flagged_7.5,0.9898004944788519,0.9850912118261137,0.9946956510169193,0.0026506016901345457,200,percentile
PCE,age_group,70-79,TPR_7.5,1.0,1.0,1.0,0.0,200,percentile
PCE,age_group,70-79,FPR_7.5,0.9900045456385347,0.9847295671342986,0.9955546862328948,0.0027815151652796927,200,percentile
PCE,age_group,70-79,pct_flagged_20,0.6581425635135401,0.639810336792212,0.6753804694077787,0.009611242697930568,200,percentile
PCE,age_group,70-79,TPR_20,0.8521357689498255,0.7836030176282822,0.9234361739234818,0.036130230399075786,200,percentile
PCE,age_group,70-79,FPR_20,0.6447740963165709,0.6235542300061252,0.6637160526203787,0.010258301093532355,200,percentile
PCE,age_group,70-79,rel_OE,1.2220009271099677,1.0172521593678607,1.429640185212761,0.10291075182625811,200,percentile
PCE,income,PIR 1.3-3.5,n,4520.0,2170.925,2388.025,54.24898026042982,200,percentile
PCE,income,PIR 1.3-3.5,events,144.0,59.975,83.0,6.214246478575054,200,percentile
PCE,income,PIR 1.3-3.5,observed,0.024808312919204586,0.019594608039444846,0.029744718919790303,0.0028024703417131288,200,percentile
PCE,income,PIR 1.3-3.5,expected,0.10071734359401506,0.09653116464740276,0.10585519891763467,0.0022505554041893504,200,percentile
PCE,income,PIR 1.3-3.5,OE,0.2463161957408771,0.19287719335537012,0.2920571191285556,0.026469984685069205,200,percentile
PCE,income,PIR 1.3-3.5,cal_intercept,-1.6246620197934598,-1.8977648510479321,-1.4491625529517433,0.11585558475133466,200,percentile
PCE,income,PIR 1.3-3.5,cal_slope,1.0406951394680697,0.8591681310435924,1.2959428410228224,0.11806400662569669,200,percentile
PCE,income,PIR 1.3-3.5,AUC,0.827089249835356,0.7873644118182328,0.8720164508710244,0.0230505932486496,200,percentile
PCE,income,PIR 1.3-3.5,brier,0.034793950684573444,0.03116936445941809,0.03895567586066754,0.0020730220704915456,200,percentile
PCE,income,PIR 1.3-3.5,scaled_brier,-0.43819085148793335,-0.7016953351791434,-0.2900416836793824,0.10440982127795581,200,percentile
PCE,income,PIR 1.3-3.5,pct_flagged_7.5,0.427441087566918,0.410260119475672,0.445291066863495,0.009336636461881681,200,percentile
PCE,income,PIR 1.3-3.5,TPR_7.5,0.9133345581628727,0.8421008868911841,0.9731265527751506,0.03611128873651652,200,percentile
PCE,income,PIR 1.3-3.5,FPR_7.5,0.41539566594430133,0.39748122456242,0.4370374787043583,0.010357793259182903,200,percentile
PCE,income,PIR 1.3-3.5,pct_flagged_20,0.15698175919594518,0.1439380146625318,0.17078138985099675,0.006715668471482985,200,percentile
PCE,income,PIR 1.3-3.5,TPR_20,0.5906947022301634,0.4834473082530272,0.7193262729560188,0.0561055213783667,200,percentile
PCE,income,PIR 1.3-3.5,FPR_20,0.1431932952784814,0.12792595621986436,0.15941353638374692,0.007376145253647932,200,percentile
PCE,income,PIR 1.3-3.5,rel_OE,1.0609749790618503,0.8707305814180759,1.2369716214441306,0.09252994377367386,200,percentile
PCE,income,PIR<1.3,n,3136.0,1472.825,1683.25,52.700346608569106,200,percentile
PCE,income,PIR<1.3,events,124.0,53.0,71.025,4.84949098504888,200,percentile
PCE,income,PIR<1.3,observed,0.033344338747349433,0.027683901798192287,0.0392704144507419,0.0033336722033804186,200,percentile
PCE,income,PIR<1.3,expected,0.10017346345207058,0.09579770718139406,0.10531909952582018,0.002608626141943667,200,percentile
PCE,income,PIR<1.3,OE,0.33286598664229583,0.27642420300826387,0.3932664253983943,0.03247653191334393,200,percentile
PCE,income,PIR<1.3,cal_intercept,-1.3118553959672736,-1.5186966815888523,-1.1160850496580603,0.10567612529413613,200,percentile
PCE,income,PIR<1.3,cal_slope,0.7125989533663227,0.47297561384819664,1.0342609586260594,0.1470338601187574,200,percentile
PCE,income,PIR<1.3,AUC,0.7480018836357134,0.6795614921386873,0.8146468979824381,0.03490673165343392,200,percentile
PCE,income,PIR<1.3,brier,0.04194335501956068,0.03675055693470721,0.048337748843619306,0.0030570696994224374,200,percentile
PCE,income,PIR<1.3,scaled_brier,-0.30127551571660294,-0.44038294651897564,-0.1655039010923584,0.06918193042941236,200,percentile
PCE,income,PIR<1.3,pct_flagged_7.5,0.43047441539050557,0.41322824547275555,0.4500624530395719,0.01005357236627116,200,percentile
PCE,income,PIR<1.3,TPR_7.5,0.8074749807716052,0.7002302431540938,0.8829706741385631,0.047553597971378155,200,percentile
PCE,income,PIR<1.3,FPR_7.5,0.42216670429210007,0.4030578116755972,0.44207999799359243,0.010236199625499017,200,percentile
PCE,income,PIR<1.3,pct_flagged_20,0.14790501501076123,0.13144033339552527,0.1640064539413057,0.00842176155193896,200,percentile
PCE,income,PIR<1.3,TPR_20,0.44431666060518704,0.3146308861204266,0.5693864082001396,0.06396697387918304,200,percentile
PCE,income,PIR<1.3,FPR_20,0.13735094345717413,0.11875735124346276,0.15568844004516327,0.009455888689506304,200,percentile
PCE,income,PIR<1.3,rel_OE,1.4337769473337287,1.2312721972109082,1.6929752941475285,0.12531492621648518,200,percentile
PCE,income,PIR>3.5,n,4696.0,2220.85,2496.075,77.13295820339081,200,percentile
PCE,income,PIR>3.5,events,60.0,20.975,39.0,4.404702831653446,200,percentile
PCE,income,PIR>3.5,observed,0.010632934308043336,0.007349050783852543,0.013720164086227985,0.0016739752586817243,200,percentile
PCE,income,PIR>3.5,expected,0.06312438351875872,0.06082305563090281,0.06572743430652989,0.0012956533046321681,200,percentile
PCE,income,PIR>3.5,OE,0.16844416872417517,0.1171221854534887,0.21687456917928166,0.0264801602252368,200,percentile
PCE,income,PIR>3.5,cal_intercept,-1.9572890235551426,-2.3243187416616142,-1.69498692755524,0.16858132428385086,200,percentile
PCE,income,PIR>3.5,cal_slope,0.8264650732731903,0.6211241559700695,1.1566903823328478,0.13746408663055626,200,percentile
PCE,income,PIR>3.5,AUC,0.7770240376715571,0.715197278772772,0.8582185430476373,0.036855244534687,200,percentile
PCE,income,PIR>3.5,brier,0.017563542948136515,0.014681479864244132,0.020419284368657656,0.0014178372490543693,200,percentile
PCE,income,PIR>3.5,scaled_brier,-0.6695581384141769,-1.0641639894343171,-0.44104543094962845,0.159085331293244,200,percentile
PCE,income,PIR>3.5,pct_flagged_7.5,0.2585395187005365,0.2447210231837792,0.2744758331249116,0.0077808085839498435,200,percentile
PCE,income,PIR>3.5,TPR_7.5,0.6972271180444497,0.5526643295209239,0.8737530828029441,0.08080417260381276,200,percentile
PCE,income,PIR>3.5,FPR_7.5,0.2562959396475576,0.23996464887592192,0.27273984558591263,0.008828177359455519,200,percentile
PCE,income,PIR>3.5,pct_flagged_20,0.06414775177674793,0.05830950921341807,0.07119459896918504,0.0033014854152700122,200,percentile
PCE,income,PIR>3.5,TPR_20,0.26028120850397735,0.16895641617599963,0.3923679563619526,0.05616354536826624,200,percentile
PCE,income,PIR>3.5,FPR_20,0.06331647354268247,0.05665291576405649,0.07144861745366485,0.003643649908850558,200,percentile
PCE,income,PIR>3.5,rel_OE,0.7255513501565666,0.53531713829775,0.8858048254801868,0.09166336859323335,200,percentile
PCE,education,<HS,n,4127.0,1938.9,2184.225,65.42879362464113,200,percentile
PCE,education,<HS,events,151.0,66.0,86.025,5.802364792559121,200,percentile
PCE,education,<HS,observed,0.032376908726087124,0.026536536549414846,0.03914590677144912,0.0034712574463381797,200,percentile
PCE,education,<HS,expected,0.11702108721949249,0.11123846123054146,0.12331743462393611,0.0030570170962027276,200,percentile
PCE,education,<HS,OE,0.2766758495873385,0.22267451036228308,0.33566903720112506,0.028669994998873537,200,percentile
PCE,education,<HS,cal_intercept,-1.5442139559203107,-1.7508504035919357,-1.3413094721961987,0.10948926864529691,200,percentile
PCE,education,<HS,cal_slope,0.7853045505311689,0.5318730111323812,1.065922398207751,0.1479662086766008,200,percentile
PCE,education,<HS,AUC,0.7601292645246591,0.6980500214604816,0.8120011816125058,0.03144901762880283,200,percentile
PCE,education,<HS,brier,0.04538986508073957,0.04126434185119543,0.051289717625012186,0.0027165158644268843,200,percentile
PCE,education,<HS,scaled_brier,-0.44882952308948876,-0.6664352353405195,-0.2977743800248723,0.0949503594942109,200,percentile
PCE,education,<HS,pct_flagged_7.5,0.4910738783838496,0.4698917570277716,0.5158387740122659,0.011855695275153134,200,percentile
PCE,education,<HS,TPR_7.5,0.8579555003126073,0.7772198650371753,0.9217267834449631,0.03900063443771832,200,percentile
PCE,education,<HS,FPR_7.5,0.48783007526880223,0.4632769514094514,0.5148960032900921,0.012848320843974236,200,percentile
PCE,education,<HS,pct_flagged_20,0.19172369688255284,0.17963342044146563,0.20746530195736915,0.007448713432499996,200,percentile
PCE,education,<HS,TPR_20,0.5012778530413391,0.39608486767684287,0.5924213948981598,0.054836357422992456,200,percentile
PCE,education,<HS,FPR_20,0.18557793114287527,0.17207571178544578,0.20096915341557461,0.008071423034740753,200,percentile
PCE,education,<HS,rel_OE,1.1917452396498303,1.002843287662666,1.4322766807937917,0.11445007014766019,200,percentile
PCE,education,College+,n,2796.0,1304.975,1500.025,53.95514585115207,200,percentile
PCE,education,College+,events,48.0,16.975,31.0,3.678591466292416,200,percentile
PCE,education,College+,observed,0.011890496825387504,0.0074329945776317186,0.015442930003298673,0.001967586377508383,200,percentile
PCE,education,College+,expected,0.06156238288864545,0.05807619811373687,0.0655223336832216,0.001965366903943107,200,percentile
PCE,education,College+,OE,0.19314549352150864,0.12400403595881368,0.2564896990765577,0.032191883059227495,200,percentile
PCE,education,College+,cal_intercept,-1.8226728256665263,-2.289391514532483,-1.5249132639729017,0.1845110824801571,200,percentile
PCE,education,College+,cal_slope,1.0816079103115916,0.8332010721322377,1.5043509607703296,0.17606885360439822,200,percentile
PCE,education,College+,AUC,0.8399066124618755,0.773606876720684,0.9100246176861958,0.0397417065942079,200,percentile
PCE,education,College+,brier,0.0174608341473536,0.014141473051281958,0.020140022377085398,0.0015428402938149996,200,percentile
PCE,education,College+,scaled_brier,-0.48614063718389633,-0.9583356356345774,-0.2848214717031818,0.1656574414291096,200,percentile
PCE,education,College+,pct_flagged_7.5,0.24441974788784646,0.22734055351599827,0.26709086902347334,0.010893346771037123,200,percentile
PCE,education,College+,TPR_7.5,0.8450140884518794,0.7092601742690763,0.9623221378740828,0.06691888930782677,200,percentile
PCE,education,College+,FPR_7.5,0.23705469502313897,0.21831371257390914,0.257931879656265,0.010971883769088154,200,percentile
PCE,education,College+,pct_flagged_20,0.07012545152671236,0.05915700083897094,0.07896170473557934,0.0048879298014997,200,percentile
PCE,education,College+,TPR_20,0.4535039070812893,0.33204804492120665,0.625585032573468,0.07585748861303314,200,percentile
PCE,education,College+,FPR_20,0.06657538425411004,0.05508005114686157,0.07750225089080111,0.005259149788711879,200,percentile
PCE,education,College+,rel_OE,0.8319490942465286,0.5375098147143931,1.0685798949855043,0.1276604691031918,200,percentile
PCE,education,HS/GED,n,3138.0,1493.975,1683.2,48.626561542403756,200,percentile
PCE,education,HS/GED,events,90.0,34.975,53.025000000000006,4.906195447477018,200,percentile
PCE,education,HS/GED,observed,0.021187660395128236,0.01528445269397985,0.027484223685357502,0.0033549150451948192,200,percentile
PCE,education,HS/GED,expected,0.0912617130644942,0.08742874738777238,0.09584165118384803,0.0021706795705103954,200,percentile
PCE,education,HS/GED,OE,0.23216373749367408,0.16790142284256876,0.29519473615384767,0.03522046362979762,200,percentile
PCE,education,HS/GED,cal_intercept,-1.6668569875531154,-2.010000595485242,-1.4079607386375927,0.16588997991594806,200,percentile
PCE,education,HS/GED,cal_slope,1.0135657731063699,0.7427185966970382,1.3902466111893943,0.1583285461219953,200,percentile
PCE,education,HS/GED,AUC,0.8105453822404894,0.7434651269331889,0.8811362605195664,0.035155566935323186,200,percentile
PCE,education,HS/GED,brier,0.02998971486387982,0.02570352446123495,0.03500992968992748,0.002391289193943669,200,percentile
PCE,education,HS/GED,scaled_brier,-0.4460719352449891,-0.8036515918979877,-0.2517925716358256,0.1388941272555939,200,percentile
PCE,education,HS/GED,pct_flagged_7.5,0.3977177481896131,0.3762195925108937,0.4219395950093472,0.011629840542384723,200,percentile
PCE,education,HS/GED,TPR_7.5,0.8756838267575616,0.7681606317528413,0.9840834921333587,0.05624272174609036,200,percentile
PCE,education,HS/GED,FPR_7.5,0.3913157533528522,0.3677851278268979,0.4163505654826241,0.012135431132466566,200,percentile
PCE,education,HS/GED,pct_flagged_20,0.12812257809552988,0.11680258333579437,0.14073171693404107,0.006401978843253741,200,percentile
PCE,education,HS/GED,TPR_20,0.5502489110905602,0.44430097625637144,0.6800717632264742,0.060240031584709565,200,percentile
PCE,education,HS/GED,FPR_20,0.11779279033741957,0.10636015150484136,0.13241476560254353,0.0068558744123663,200,percentile
PCE,education,HS/GED,rel_OE,1.0000151057277555,0.7508649038573054,1.2108808208463864,0.11655432347344427,200,percentile
PCE,education,Some college,n,3390.0,1620.95,1784.05,43.63422196663034,200,percentile
PCE,education,Some college,events,71.0,27.0,44.0,4.342934538075615,200,percentile
PCE,education,Some college,observed,0.015960103181500224,0.01083857772862259,0.02083309756017719,0.0025254781547531103,200,percentile
PCE,education,Some college,expected,0.07207308566451742,0.06871959477301387,0.07505963362803442,0.0017129237901056028,200,percentile
PCE,education,Some college,OE,0.22144331735414519,0.1507748422156442,0.29454701188315846,0.0340802480109582,200,percentile
PCE,education,Some college,cal_intercept,-1.6850320366940226,-2.0902066570965268,-1.3743476772449763,0.16339554833427425,200,percentile
PCE,education,Some college,cal_slope,0.8076583816127338,0.6203135911257222,1.0528465156199711,0.10992175469366684,200,percentile
PCE,education,Some college,AUC,0.7699578878558172,0.7019986738636668,0.8441823836329525,0.032939376483678104,200,percentile
PCE,education,Some college,brier,0.023479727412722706,0.019053547168042268,0.02786664237679235,0.0022126974122067006,200,percentile
PCE,education,Some college,scaled_brier,-0.49501189861554584,-0.7774319358548797,-0.319763943162599,0.11676576336163914,200,percentile
PCE,education,Some college,pct_flagged_7.5,0.3066520483173115,0.2902754600534614,0.32147022926252206,0.008706159387586582,200,percentile
PCE,education,Some college,TPR_7.5,0.670268359401642,0.5369983981408271,0.862360847062634,0.08219850674290365,200,percentile
PCE,education,Some college,FPR_7.5,0.30157805743022426,0.28296076450854807,0.31779206341695027,0.00937289698241295,200,percentile
PCE,education,Some college,pct_flagged_20,0.0824203603210203,0.0719830362750088,0.09210643679556055,0.0051726335793612025,200,percentile
PCE,education,Some college,TPR_20,0.29330450461690366,0.19088563782171852,0.4317982736174505,0.06330722034531024,200,percentile
PCE,education,Some college,FPR_20,0.07812581951940016,0.06773236638933589,0.08900801408257261,0.005467631703018173,200,percentile
PCE,education,Some college,rel_OE,0.9538382901965659,0.7064359414329985,1.2342681143047436,0.13465817786825984,200,percentile
PCE,sex,GAP(max-min),OE,0.017723392972215896,0.0,0.03444675163480077,0.01900105752497271,200,basic
PCE,sex,GAP(max-min),AUC,0.036517322428064714,0.0,0.07048395082853749,0.024211983484299385,200,basic
PCE,sex,GAP(max-min),cal_slope,0.06075205032926101,0.0,0.11702424234906435,0.08357937993157226,200,basic
PCE,sex,GAP(max-min),TPR_7.5,0.06798090473063512,0.0,0.13110562538549983,0.04502553446534292,200,basic
PCE,sex,GAP(max-min),FPR_7.5,0.1917586689463239,0.1750975628894542,0.21332812445962607,0.009846450651103534,200,basic
PCE,sex,GAP(max-min),pct_flagged_7.5,0.1962794051220899,0.17973049852527076,0.21453365151936546,0.009142292927301688,200,basic
PCE,sex,GAP(max/min),OE,1.0788330653896883,1.0,1.1533308610460087,0.09402209954920884,200,basic
PCE,race,GAP(max-min),OE,0.04366895113445535,0.0,0.07440877665179145,0.038625307813211905,200,basic
PCE,race,GAP(max-min),AUC,0.11251346936243756,0.025402622442082246,0.199286442142949,0.043594638134409114,200,basic
PCE,race,GAP(max-min),cal_slope,0.38877793392908555,0.048728671108028254,0.6685736475019624,0.16273411819770262,200,basic
PCE,race,GAP(max-min),TPR_7.5,0.2850935365445392,0.027912169630015304,0.511765145612873,0.12451098500749738,200,basic
PCE,race,GAP(max-min),FPR_7.5,0.1663252126577493,0.1323069218225568,0.19376753087888923,0.017496221314533624,200,basic
PCE,race,GAP(max-min),pct_flagged_7.5,0.1554376641112704,0.12260712308263189,0.1808486685036996,0.016961088167374166,200,basic
PCE,race,GAP(max/min),OE,1.2084513773902437,1.0,1.360575058433932,0.251582466324173,200,basic
PCE,age_group,GAP(max-min),OE,0.10672213016356494,0.02514115189827526,0.16379566080323588,0.03801638634030504,200,basic
PCE,age_group,GAP(max-min),AUC,0.11688806411793529,0.0,0.17915365835379826,0.05920497798709733,200,basic
PCE,age_group,GAP(max-min),cal_slope,0.2857396418362329,0.0,0.4551543221183438,0.2141651968966673,200,basic
PCE,age_group,GAP(max-min),TPR_7.5,0.6552909066217862,0.4912922059969528,0.8105825397012958,0.08836587383536706,200,basic
PCE,age_group,GAP(max-min),FPR_7.5,0.9105500900132825,0.8993269020634549,0.9232675074618718,0.012611223034424808,200,basic
PCE,age_group,GAP(max-min),pct_flagged_7.5,0.9077667735734686,0.8976828986651108,0.9200916011239471,0.012678450310181088,200,basic
PCE,age_group,GAP(max/min),OE,1.6030252258819822,1.0,1.9733916898791857,0.34646789958238994,200,basic
PCE,income,GAP(max-min),OE,0.16442181791812066,0.08467851133522108,0.22646764580142553,0.03655579735060005,200,basic
PCE,income,GAP(max-min),AUC,0.07908736619964263,0.0,0.132320825132081,0.03647699179591545,200,basic
PCE,income,GAP(max-min),cal_slope,0.32809618610174696,0.0,0.5813724390952559,0.15838237071025038,200,basic
PCE,income,GAP(max-min),TPR_7.5,0.21610744011842298,0.06933626167368112,0.36850544287328996,0.07901108542810154,200,basic
PCE,income,GAP(max-min),FPR_7.5,0.16587076464454248,0.1383074166812117,0.1888468873422443,0.013168789365274635,200,basic
PCE,income,GAP(max-min),pct_flagged_7.5,0.17193489668996909,0.14625152506693095,0.19093592028637224,0.01210678768031677,200,basic
PCE,income,GAP(max/min),OE,1.976120569583854,1.0830643510503197,2.419731849701267,0.35393874638189954,200,basic
PCE,education,GAP(max-min),OE,0.08353035606582984,0.0,0.12456734322481021,0.03733143544240859,200,basic
PCE,education,GAP(max-min),AUC,0.07977734793721636,0.0,0.11538653643485895,0.03590608772743674,200,basic
PCE,education,GAP(max-min),cal_slope,0.29630335978042277,0.0,0.4086210363962668,0.16599282949670108,200,basic
PCE,education,GAP(max-min),TPR_7.5,0.20541546735591965,0.007394940261641558,0.3394415508056834,0.08688792933835343,200,basic
PCE,education,GAP(max-min),FPR_7.5,0.25077538024566326,0.21634991014979832,0.28279876159712813,0.016154481336861804,200,basic
PCE,education,GAP(max-min),pct_flagged_7.5,0.24665413049600313,0.21288173563880552,0.27701339368222133,0.016296804076144318,200,basic
PCE,education,GAP(max/min),OE,1.4324737509680903,1.0,1.675599785998698,0.31326694170675684,200,basic
PCE-revised,Overall,All,n,13466.0,6549.975,6986.575,116.30726406105006,200,percentile
PCE-revised,Overall,All,events,362.0,165.95,199.025,9.038131116019047,200,percentile
PCE-revised,Overall,All,observed,0.019019590401501755,0.0162500167797753,0.02226417794119519,0.0014553929407854836,200,percentile
PCE-revised,Overall,All,expected,0.05836477286565899,0.05637517832343205,0.060173761762118236,0.000977714474223304,200,percentile
PCE-revised,Overall,All,OE,0.32587448674357156,0.2857154308118219,0.3815881774360168,0.023032906343325176,200,percentile
PCE-revised,Overall,All,cal_intercept,-1.2503092184211957,-1.377649847621135,-1.0927553258888631,0.07142356779956911,200,percentile
PCE-revised,Overall,All,cal_slope,0.9355150508115099,0.7890086580526909,1.0891210933954796,0.07456596724353394,200,percentile
PCE-revised,Overall,All,AUC,0.8015767577956436,0.7647427559391445,0.8332160881228076,0.017758226257682606,200,percentile
PCE-revised,Overall,All,brier,0.022013393101599034,0.019792926972526596,0.024910960722031132,0.0012852431693799295,200,percentile
PCE-revised,Overall,All,scaled_brier,-0.1798464621388296,-0.24062101831295812,-0.12224694125344361,0.030777726381816944,200,percentile
PCE-revised,Overall,All,pct_flagged_7.5,0.24422862708927728,0.23462343426401952,0.2548400304887503,0.00526402055436785,200,percentile
PCE-revised,Overall,All,TPR_7.5,0.68720374842147,0.6146027580790446,0.766280358828363,0.03839443737901562,200,percentile
PCE-revised,Overall,All,FPR_7.5,0.23616181581906862,0.2254599297942869,0.247637958192796,0.005688641740473239,200,percentile
PCE-revised,Overall,All,pct_flagged_20,0.057316359160608316,0.05379361540552889,0.061188922096773415,0.002093443431275872,200,percentile
PCE-revised,Overall,All,TPR_20,0.28318987414141095,0.2230936736060728,0.336146694528311,0.029456323426945985,200,percentile
PCE-revised,Overall,All,FPR_20,0.053136289855950175,0.04886990477836168,0.05801965627310001,0.0024698632166336846,200,percentile
PCE-revised,Overall,All,rel_OE,1.0,1.0,1.0,0.0,200,percentile
PCE-revised,sex,Female,n,6883.0,3348.95,3578.15,61.643712057118236,200,percentile
PCE-revised,sex,Female,events,145.0,62.0,85.0,6.11168869408998,200,percentile
PCE-revised,sex,Female,observed,0.01550122652400136,0.012528100855061624,0.01828931830786972,0.0015613007824584707,200,percentile
PCE-revised,sex,Female,expected,0.041323300876130085,0.03935782788182347,0.04331144281397162,0.0010977765637534172,200,percentile
PCE-revised,sex,Female,OE,0.37512072354692894,0.31219318256840467,0.44035132155366585,0.03390844159297009,200,percentile
PCE-revised,sex,Female,cal_intercept,-1.0968797453198336,-1.2815080525770945,-0.9341989614629631,0.09317795506233414,200,percentile
PCE-revised,sex,Female,cal_slope,0.9186115127185145,0.7350514362244477,1.0851521372980673,0.08928467326289265,200,percentile
PCE-revised,sex,Female,AUC,0.8172921172715878,0.763365425362246,0.8608554511674525,0.024922571244566018,200,percentile
PCE-revised,sex,Female,brier,0.01689441048650624,0.014245844030427984,0.020024472076146008,0.001413871175336159,200,percentile
PCE-revised,sex,Female,scaled_brier,-0.10703614238575221,-0.18827753573451086,-0.057729975209836526,0.03541632080097796,200,percentile
PCE-revised,sex,Female,pct_flagged_7.5,0.15588603384655886,0.14518399299829254,0.1673675171740407,0.005618666498374016,200,percentile
PCE-revised,sex,Female,TPR_7.5,0.5808170855645163,0.47043387022489036,0.6880032488236254,0.05503615027355667,200,percentile
PCE-revised,sex,Female,FPR_7.5,0.15093378755626113,0.14097664301635016,0.16367544410448026,0.006124976224338804,200,percentile
PCE-revised,sex,Female,pct_flagged_20,0.03673812154046063,0.032819327362213574,0.041610645315552544,0.0024112439040345443,200,percentile
PCE-revised,sex,Female,TPR_20,0.27337290502700123,0.19229619116377125,0.36240255463559923,0.043504099819997075,200,percentile
PCE-revised,sex,Female,FPR_20,0.033486770387067676,0.028908946964327824,0.039385146627593834,0.0026482761795325344,200,percentile
PCE-revised,sex,Female,rel_OE,1.151120258893139,1.0093410138850842,1.2992518484790938,0.0775927523254632,200,percentile
PCE-revised,sex,Male,n,6583.0,3189.9,3428.1,62.9822163222629,200,percentile
PCE-revised,sex,Male,events,217.0,95.0,122.025,7.3893580956214695,200,percentile
PCE-revised,sex,Male,observed,0.022927328551733867,0.019565152887272143,0.02805681210964602,0.002226526655470356,200,percentile
PCE-revised,sex,Male,expected,0.07733788174495755,0.07487518660270885,0.07992670930919128,0.001312240348337568,200,percentile
PCE-revised,sex,Male,OE,0.29645663980483583,0.2543350809458024,0.3625987502832721,0.027667881369326845,200,percentile
PCE-revised,sex,Male,cal_intercept,-1.3522028640247343,-1.5118327580782813,-1.1554989089766936,0.09635720517473324,200,percentile
PCE-revised,sex,Male,cal_slope,0.9878474272594933,0.8572973295755368,1.1553041587404236,0.08570506668244991,200,percentile
PCE-revised,sex,Male,AUC,0.7807665095170394,0.7461084940771634,0.8180071015613279,0.020261765720057345,200,percentile
PCE-revised,sex,Male,brier,0.027698889074114674,0.024843780449531193,0.0319070829331551,0.0017843000894241815,200,percentile
PCE-revised,sex,Male,scaled_brier,-0.2364655771460964,-0.32335852471318516,-0.14829362850672176,0.04685327021348539,200,percentile
PCE-revised,sex,Male,pct_flagged_7.5,0.3425847809064816,0.3285249910642291,0.35759989432553213,0.0074269960938938085,200,percentile
PCE-revised,sex,Male,TPR_7.5,0.7670922905742199,0.6846758294879605,0.8418823946561685,0.04129255572679007,200,percentile
PCE-revised,sex,Male,FPR_7.5,0.33154140684979283,0.31802582556550835,0.3475701274838298,0.007736776666936071,200,percentile
PCE-revised,sex,Male,pct_flagged_20,0.08022712315746494,0.07417258138238318,0.08703642767590127,0.0034316970053933993,200,percentile
PCE-revised,sex,Male,TPR_20,0.290561694347514,0.23197277377859318,0.3625521044226731,0.03768284897699128,200,percentile
PCE-revised,sex,Male,FPR_20,0.07512627565162215,0.06798414237911009,0.08234108095252587,0.0036861152240753765,200,percentile
PCE-revised,sex,Male,rel_OE,0.909726449490707,0.8162091910824082,0.9938638761394216,0.04669713075995592,200,percentile
PCE-revised,race,Mexican American,n,2794.0,1145.85,1619.0,121.41411175256074,200,percentile
PCE-revised,race,Mexican American,events,62.0,19.0,40.025000000000006,5.467124219933264,200,percentile
PCE-revised,race,Mexican American,observed,0.016964214623544305,0.009631503203861877,0.023200238450520924,0.0035460752957624667,200,percentile
PCE-revised,race,Mexican American,expected,0.056166228556683684,0.05169088170043298,0.06002075429619765,0.0022206179959496568,200,percentile
PCE-revised,race,Mexican American,OE,0.3020358507145232,0.1798296546273618,0.412239129534204,0.0606589353403106,200,percentile
PCE-revised,race,Mexican American,cal_intercept,-1.3516492649603817,-1.8583700930358742,-1.0264991294980317,0.21849736616874493,200,percentile
PCE-revised,race,Mexican American,cal_slope,0.7835484191786714,0.5264302580081839,1.1087768884982,0.14511683788548183,200,percentile
PCE-revised,race,Mexican American,AUC,0.7752699819606417,0.6845986853688836,0.8662854693930295,0.04372510508845177,200,percentile
PCE-revised,race,Mexican American,brier,0.021251113885619927,0.01529836338617629,0.026490505484461337,0.0030285186704040877,200,percentile
PCE-revised,race,Mexican American,scaled_brier,-0.2743203327881907,-0.5768482254122579,-0.1328306997014967,0.11851068830426349,200,percentile
PCE-revised,race,Mexican American,pct_flagged_7.5,0.22511677965283874,0.19700558785609484,0.2440933935264807,0.012684244228916525,200,percentile
PCE-revised,race,Mexican American,TPR_7.5,0.5876158003406099,0.42062962576799595,0.761544818467914,0.09180908143014287,200,percentile
PCE-revised,race,Mexican American,FPR_7.5,0.2152772940482936,0.18678030298401133,0.2360746079022604,0.012661313578342276,200,percentile
PCE-revised,race,Mexican American,pct_flagged_20,0.06512758331921834,0.053623332485971946,0.07575918668146947,0.0060714556368771065,200,percentile
PCE-revised,race,Mexican American,TPR_20,0.33283761596002354,0.18140861638742736,0.4875388997663891,0.07901234572615089,200,percentile
PCE-revised,race,Mexican American,FPR_20,0.06182022951374668,0.050515589850273844,0.07322131566403724,0.006095052584986045,200,percentile
PCE-revised,race,Mexican American,rel_OE,0.9268471850396598,0.5872265781158954,1.2735364348192555,0.18434303000808686,200,percentile
PCE-revised,race,NH Black,n,2577.0,1128.725,1444.15,80.62646656373303,200,percentile
PCE-revised,race,NH Black,events,85.0,32.0,55.025000000000006,5.648284303918265,200,percentile
PCE-revised,race,NH Black,observed,0.025578082541956617,0.020286024190519617,0.03069837434964328,0.002788530360386717,200,percentile
PCE-revised,race,NH Black,expected,0.07367718355802627,0.06978265818487073,0.07701302422591742,0.001816251984061206,200,percentile
PCE-revised,race,NH Black,OE,0.3471642278754042,0.2780600181703308,0.41627427925607674,0.036813996219954466,200,percentile
PCE-revised,race,NH Black,cal_intercept,-1.2073171175927218,-1.4370701317017962,-1.0120917202764315,0.11435107394037068,200,percentile
PCE-revised,race,NH Black,cal_slope,0.9642088499111425,0.6684217896710687,1.2781284201235732,0.1495699689742325,200,percentile
PCE-revised,race,NH Black,AUC,0.7670328443564496,0.6918155586069912,0.8409751988994365,0.0363196326444089,200,percentile
PCE-revised,race,NH Black,brier,0.028456056672771304,0.02398498910245878,0.032403976891937095,0.0021627004783528955,200,percentile
PCE-revised,race,NH Black,scaled_brier,-0.14172020993118672,-0.25915425224931826,-0.05581667019374477,0.053658499463213376,200,percentile
PCE-revised,race,NH Black,pct_flagged_7.5,0.328161880659262,0.30933923359541543,0.34588623316278794,0.009834321334356742,200,percentile
PCE-revised,race,NH Black,TPR_7.5,0.7335423880435582,0.6106390486933406,0.8489268216424838,0.058005471107995324,200,percentile
PCE-revised,race,NH Black,FPR_7.5,0.3287030828420617,0.3100011471445964,0.3524664707891458,0.010605625586809971,200,percentile
PCE-revised,race,NH Black,pct_flagged_20,0.08016725200747492,0.07009825366587911,0.08952814693199447,0.005327050198237777,200,percentile
PCE-revised,race,NH Black,TPR_20,0.35715800969093314,0.2619876992244556,0.4394294671090835,0.046058460996431086,200,percentile
PCE-revised,race,NH Black,FPR_20,0.07347980027127203,0.06297344320928767,0.08484256880526639,0.005732624477806572,200,percentile
PCE-revised,race,NH Black,rel_OE,1.0653311075211156,0.8380844740624209,1.2800204428677124,0.1168970880080879,200,percentile
PCE-revised,race,NH White,n,6689.0,3072.275,3686.4,156.1562920208099,200,percentile
PCE-revised,race,NH White,events,191.0,83.0,115.05000000000001,8.523274372572477,200,percentile
PCE-revised,race,NH White,observed,0.01875577802761195,0.015678117134997872,0.023020887600896885,0.0018421529313167853,200,percentile
PCE-revised,race,NH White,expected,0.056869862420118766,0.054677859922244144,0.05902449097789768,0.0011803326856876322,200,percentile
PCE-revised,race,NH White,OE,0.329801712707797,0.2789362361062935,0.3997859050302594,0.029731944525091293,200,percentile
PCE-revised,race,NH White,cal_intercept,-1.2302194146512067,-1.3971574954832804,-1.0373820156174047,0.09270727088689129,200,percentile
PCE-revised,race,NH White,cal_slope,1.0200881364517613,0.8796214315576523,1.2063067274332198,0.08276051619575628,200,percentile
PCE-revised,race,NH White,AUC,0.823756286642775,0.7890740074896735,0.8563551754532778,0.017792519891243943,200,percentile
PCE-revised,race,NH White,brier,0.021318342526087542,0.01847362405695164,0.02468371871018172,0.0015756170180883295,200,percentile
PCE-revised,race,NH White,scaled_brier,-0.15835383041950868,-0.23607802454072815,-0.09385515364691505,0.037244510163028724,200,percentile
PCE-revised,race,NH White,pct_flagged_7.5,0.23651959936763856,0.22396834525740156,0.2492090242916014,0.006553694238870566,200,percentile
PCE-revised,race,NH White,TPR_7.5,0.7061466557326931,0.6232150625204337,0.7985542056374048,0.045908540131513784,200,percentile
PCE-revised,race,NH White,FPR_7.5,0.22627606207969375,0.21467409019792452,0.24095674697112957,0.006878657337282597,200,percentile
PCE-revised,race,NH White,pct_flagged_20,0.053354665806068666,0.048881781540953365,0.05835051802365382,0.0025812534274978877,200,percentile
PCE-revised,race,NH White,TPR_20,0.28385794905828754,0.2151851043485598,0.3495926178043704,0.03450143126978702,200,percentile
PCE-revised,race,NH White,FPR_20,0.0488411044237983,0.04455268037023346,0.054539944908898914,0.0026663501719346267,200,percentile
PCE-revised,race,NH White,rel_OE,1.0120513453000566,0.9529426271961751,1.0656461084365514,0.030626239783568036,200,percentile
PCE-revised,race,Other Hispanic,n,929.0,348.0,588.25,57.52556761691484,200,percentile
PCE-revised,race,Other Hispanic,events,17.0,4.0,14.0,2.656891106492472,200,percentile
PCE-revised,race,Other Hispanic,observed,0.016140591697789083,0.0056170432775479815,0.02772504920273109,0.006010455665013247,200,percentile
PCE-revised,race,Other Hispanic,expected,0.05887688875132412,0.050381182155530446,0.06483725726226391,0.0038859274724002304,200,percentile
PCE-revised,race,Other Hispanic,OE,0.2741413828091602,0.09193027159578882,0.5129904511208374,0.10643473946270772,200,percentile
PCE-revised,race,Other Hispanic,cal_intercept,-1.4371485750303963,-2.5769229550197945,-0.7758069791782732,0.45659045780149865,200,percentile
PCE-revised,race,Other Hispanic,cal_slope,0.6079387738182598,0.3581878188395683,1.2630160979826748,0.21731239644370387,200,percentile
PCE-revised,race,Other Hispanic,AUC,0.7265898452777455,0.6487287260814965,0.8632426026717827,0.0574374533364654,200,percentile
PCE-revised,race,Other Hispanic,brier,0.021822999129960656,0.01371380510673164,0.03239777944625417,0.005270027901577891,200,percentile
PCE-revised,race,Other Hispanic,scaled_brier,-0.3742379605866091,-1.4797464470423662,-0.12505108682178293,0.41948956419191,200,percentile
PCE-revised,race,Other Hispanic,pct_flagged_7.5,0.251091706391283,0.21159260948696554,0.2906722869889706,0.022757775826304397,200,percentile
PCE-revised,race,Other Hispanic,TPR_7.5,0.3408057496667979,0.16001499212412243,0.7892335935731887,0.15866781307925185,200,percentile
PCE-revised,race,Other Hispanic,FPR_7.5,0.2502932717200562,0.20644495914318706,0.2964100347920444,0.02407311782036968,200,percentile
PCE-revised,race,Other Hispanic,pct_flagged_20,0.06587731035521593,0.04296041485982105,0.08453853338583427,0.01080810449549667,200,percentile
PCE-revised,race,Other Hispanic,TPR_20,0.207055077293493,0.059219938649564825,0.44880557833867024,0.10768865368298913,200,percentile
PCE-revised,race,Other Hispanic,FPR_20,0.06491234877344886,0.04120455809300768,0.08264396148422631,0.010963818070596905,200,percentile
PCE-revised,race,Other Hispanic,rel_OE,0.8412483761727569,0.3019234733756483,1.6243336353989408,0.33961664585318485,200,percentile
PCE-revised,race,Other/Multiracial,n,477.0,198.9,278.05,19.951745178765496,200,percentile
PCE-revised,race,Other/Multiracial,events,7.0,1.9750000000000005,6.0,1.1272660037524775,200,percentile
PCE-revised,race,Other/Multiracial,observed,0.014600354490660186,0.002414736483115239,0.024508961940018215,0.0058584194057224965,200,percentile
PCE-revised,race,Other/Multiracial,expected,0.05388903016260075,0.04654552819639046,0.061483241696160665,0.003761828856795522,200,percentile
PCE-revised,race,Other/Multiracial,OE,0.27093370295598496,0.04399985199096985,0.4843326003932484,0.112965568649593,200,percentile
PCE-revised,race,Other/Multiracial,cal_intercept,-1.4846759639036031,-3.3792110424571056,-0.8247062478444576,0.5840888349229505,200,percentile
PCE-revised,race,Other/Multiracial,cal_slope,-0.05919983781242266,-0.9739368995283832,1.1146747955390652,0.5886778733418535,200,percentile
PCE-revised,race,Other/Multiracial,AUC,0.5082109677134837,0.21149567767610541,0.8936214851720967,0.20301549082603285,200,percentile
PCE-revised,race,Other/Multiracial,brier,0.021558145595154662,0.010939239356885608,0.031064034849865745,0.005471692946956512,200,percentile
PCE-revised,race,Other/Multiracial,scaled_brier,-0.49842702965799845,-3.6829875225373736,-0.19814350282248674,0.8253549507496457,200,percentile
PCE-revised,race,Other/Multiracial,pct_flagged_7.5,0.2167948823602983,0.17708627443972547,0.2512739019481385,0.020859769130706942,200,percentile
PCE-revised,race,Other/Multiracial,TPR_7.5,0.5752443505580668,0.1948401768133356,1.0,0.26270272940426137,200,percentile
PCE-revised,race,Other/Multiracial,FPR_7.5,0.22416764315175136,0.17415544361744062,0.26723084185681073,0.024984296087265632,200,percentile
PCE-revised,race,Other/Multiracial,pct_flagged_20,0.057963708464250835,0.0346822957414335,0.08040311665603765,0.012212633015746554,200,percentile
PCE-revised,race,Other/Multiracial,TPR_20,0.0,0.0,0.0,0.0,200,percentile
PCE-revised,race,Other/Multiracial,FPR_20,0.06519989971493016,0.03746432560799056,0.09030171838051562,0.014659167493107512,200,percentile
PCE-revised,race,Other/Multiracial,rel_OE,0.8314050776524302,0.12858959365333023,1.4868920504820464,0.3566277249606207,200,percentile
PCE-revised,age_group,40-49,n,4420.0,2141.875,2304.125,41.88983368108711,200,percentile
PCE-revised,age_group,40-49,events,35.0,12.975000000000001,24.025000000000006,3.018531540884836,200,percentile
PCE-revised,age_group,40-49,observed,0.006351207120419218,0.0037984180696897544,0.009903914156898664,0.0015357245856730264,200,percentile
PCE-revised,age_group,40-49,expected,0.022631430842515846,0.02156188142209253,0.023621490523050903,0.000530506721170142,200,percentile
PCE-revised,age_group,40-49,OE,0.2806365697606586,0.16672161725087337,0.4250426130181724,0.06557060094194672,200,percentile
PCE-revised,age_group,40-49,cal_intercept,-1.315620593462546,-1.8339458703112972,-0.8843131948742533,0.2427537601245472,200,percentile
PCE-revised,age_group,40-49,cal_slope,1.0207410693943828,0.6961966636144964,1.4385916949921422,0.19527427232706895,200,percentile
PCE-revised,age_group,40-49,AUC,0.7979077841066133,0.7121093315080623,0.8948496237754318,0.04879850896666451,200,percentile
PCE-revised,age_group,40-49,brier,0.006937463525996611,0.004497852829938371,0.010288486640032792,0.0013871684327078076,200,percentile
PCE-revised,age_group,40-49,scaled_brier,-0.09928810260773702,-0.24548314406786886,-0.031476097704126474,0.053955260652681636,200,percentile
PCE-revised,age_group,40-49,pct_flagged_7.5,0.04901502317596922,0.042297844369639744,0.05666787636017591,0.0036447111796788037,200,percentile
PCE-revised,age_group,40-49,TPR_7.5,0.2524950833383042,0.07847689972314141,0.4069683745269961,0.0827161256082679,200,percentile
PCE-revised,age_group,40-49,FPR_7.5,0.0470311614412176,0.04052247401781709,0.055065119766156696,0.003905939789884074,200,percentile
PCE-revised,age_group,40-49,pct_flagged_20,0.0030968981559508393,0.0012392172481927332,0.004881308751406541,0.0009657898947953305,200,percentile
PCE-revised,age_group,40-49,TPR_20,0.0,0.0,0.0,0.0,200,percentile
PCE-revised,age_group,40-49,FPR_20,0.003096999941451214,0.0010748388101781573,0.004982777927693855,0.0010253284888901647,200,percentile
PCE-revised,age_group,40-49,rel_OE,0.8611799363768223,0.5464964385324129,1.2290239592013676,0.18259977343254097,200,percentile
PCE-revised,age_group,50-59,n,3406.0,1627.95,1800.275,43.64096290431826,200,percentile
PCE-revised,age_group,50-59,events,45.0,16.0,29.025000000000006,3.4105364378598635,200,percentile
PCE-revised,age_group,50-59,observed,0.010489009079613369,0.00700583177926095,0.01403982484012365,0.001897770124377253,200,percentile
PCE-revised,age_group,50-59,expected,0.04631766191492596,0.044517891682340424,0.04826733893656897,0.0009921989625240359,200,percentile
PCE-revised,age_group,50-59,OE,0.22645808631012232,0.15520295498208536,0.30355882335494905,0.03963650812237747,200,percentile
PCE-revised,age_group,50-59,cal_intercept,-1.5778547375963272,-1.9650360005903342,-1.2733460118840865,0.18172991001498587,200,percentile
PCE-revised,age_group,50-59,cal_slope,0.6146669036629354,0.2099014205496561,0.9815099144343138,0.19670696229972623,200,percentile
PCE-revised,age_group,50-59,AUC,0.6755255856521792,0.5651752359663006,0.7751240422011004,0.055992330452047434,200,percentile
PCE-revised,age_group,50-59,brier,0.013468323915817038,0.010489487416146632,0.016645310842809666,0.001749632577734781,200,percentile
PCE-revised,age_group,50-59,scaled_brier,-0.2976526826492065,-0.4642803074655837,-0.18993378248962706,0.07580245013723058,200,percentile
PCE-revised,age_group,50-59,pct_flagged_7.5,0.17008347794784268,0.1554391821038084,0.18446803797695782,0.007646486680479927,200,percentile
PCE-revised,age_group,50-59,TPR_7.5,0.36081823332606683,0.18921218098486572,0.5183486112373692,0.08697759081516851,200,percentile
PCE-revised,age_group,50-59,FPR_7.5,0.16588087788931513,0.15060069570362597,0.1823100093549319,0.008146032445356723,200,percentile
PCE-revised,age_group,50-59,pct_flagged_20,0.021535622291222523,0.017306014654927926,0.027267776128325635,0.0025114434792230874,200,percentile
PCE-revised,age_group,50-59,TPR_20,0.09077489661894568,0.01794721445441062,0.1797946740804978,0.043202531563970165,200,percentile
PCE-revised,age_group,50-59,FPR_20,0.021195592916830663,0.01613631491177158,0.027058809093132505,0.0025646392385824555,200,percentile
PCE-revised,age_group,50-59,rel_OE,0.69492425925421,0.5079252325939563,0.9076597715594019,0.10743496273699941,200,percentile
PCE-revised,age_group,60-69,n,3441.0,1635.9,1818.025,46.60562623745041,200,percentile
PCE-revised,age_group,60-69,events,102.0,41.975,59.025000000000006,4.820055984995658,200,percentile
PCE-revised,age_group,60-69,observed,0.02748240160978038,0.02009161283071983,0.03377440582077536,0.0034137971458165525,200,percentile
PCE-revised,age_group,60-69,expected,0.09261762365578809,0.08994050205322088,0.09541606796941601,0.00144502310065125,200,percentile
PCE-revised,age_group,60-69,OE,0.29672972081337656,0.21723689993983014,0.36505213024775546,0.037187933321349634,200,percentile
PCE-revised,age_group,60-69,cal_intercept,-1.3500902727980095,-1.6740791793393683,-1.1205120968435889,0.13535490272730308,200,percentile
PCE-revised,age_group,60-69,cal_slope,0.673646861023545,0.35283929297907884,0.9632583318125774,0.15877838121245194,200,percentile
PCE-revised,age_group,60-69,AUC,0.6671855729602582,0.5902118292121278,0.7365549654589857,0.038504958056457705,200,percentile
PCE-revised,age_group,60-69,brier,0.03442557504278945,0.029597214330523237,0.039399434794849884,0.0025971424995527414,200,percentile
PCE-revised,age_group,60-69,scaled_brier,-0.28803911750902866,-0.4944197487542422,-0.18291292416022825,0.0752501904002975,200,percentile
PCE-revised,age_group,60-69,pct_flagged_7.5,0.4587230026936421,0.43993628880534047,0.48034213971862005,0.010005210718777264,200,percentile
PCE-revised,age_group,60-69,TPR_7.5,0.7220745624728164,0.5967536928447128,0.8752483051709548,0.06673419617865001,200,percentile
PCE-revised,age_group,60-69,FPR_7.5,0.45304876811759065,0.4294790108114451,0.47919106966880154,0.013247203477597164,200,percentile
PCE-revised,age_group,60-69,pct_flagged_20,0.09757804441924632,0.08671319756987261,0.10972670407952746,0.006323059235929594,200,percentile
PCE-revised,age_group,60-69,TPR_20,0.18354260725851776,0.08204507287771926,0.2582132720598805,0.046923230295285855,200,percentile
PCE-revised,age_group,60-69,FPR_20,0.09483520952451875,0.08209161812563422,0.1086821517940909,0.007046224749774537,200,percentile
PCE-revised,age_group,60-69,rel_OE,0.9105644439322774,0.7168849709267389,1.0725428711008016,0.09075913971719823,200,percentile
PCE-revised,age_group,70-79,n,2199.0,1038.9,1179.05,34.74548378158054,200,percentile
PCE-revised,age_group,70-79,events,180.0,77.975,101.025,6.3635089558478475,200,percentile
PCE-revised,age_group,70-79,observed,0.07518562748041359,0.06098421247699379,0.0879326116707674,0.007149773191958585,200,percentile
PCE-revised,age_group,70-79,expected,0.16641027932995944,0.16124492635466747,0.17188205493345,0.002813519374153467,200,percentile
PCE-revised,age_group,70-79,OE,0.45180879320162076,0.3691649451302593,0.5243161818221309,0.041986474809626965,200,percentile
PCE-revised,age_group,70-79,cal_intercept,-0.9570029377052901,-1.1898409896640696,-0.7845125888158817,0.1063035288655882,200,percentile
PCE-revised,age_group,70-79,cal_slope,0.7502364350468882,0.5153287293268741,1.009068729312051,0.12659195007901483,200,percentile
PCE-revised,age_group,70-79,AUC,0.662354991565714,0.6067999972845199,0.7145423162124274,0.027045306276508564,200,percentile
PCE-revised,age_group,70-79,brier,0.08030072511767904,0.07114926813681119,0.08948056478575987,0.004747241430971472,200,percentile
PCE-revised,age_group,70-79,scaled_brier,-0.15486193753468314,-0.27295147613771187,-0.07429743869235837,0.049452189233787316,200,percentile
PCE-revised,age_group,70-79,pct_flagged_7.5,0.8122532903623986,0.7978611511196354,0.8308262338174786,0.008915277857617799,200,percentile
PCE-revised,age_group,70-79,TPR_7.5,0.9295612420911251,0.8854870642660001,0.9736109527086101,0.023407345371014673,200,percentile
PCE-revised,age_group,70-79,FPR_7.5,0.8047519048803253,0.7893342675989907,0.8239186695858103,0.009323483798315433,200,percentile
PCE-revised,age_group,70-79,pct_flagged_20,0.2911588190094341,0.26869604444798184,0.31493271818903523,0.011439554796892801,200,percentile
PCE-revised,age_group,70-79,TPR_20,0.508296165080517,0.4221904272147057,0.597831718278794,0.045555157726246326,200,percentile
PCE-revised,age_group,70-79,FPR_20,0.27232125641570776,0.24717106225837626,0.29858833648583305,0.013420132890162468,200,percentile
PCE-revised,age_group,70-79,rel_OE,1.3864503407937734,1.156709592112362,1.621744716300046,0.11648284347981215,200,percentile
PCE-revised,income,PIR 1.3-3.5,n,4520.0,2170.925,2388.025,54.24898026042982,200,percentile
PCE-revised,income,PIR 1.3-3.5,events,144.0,59.975,83.0,6.214246478575054,200,percentile
PCE-revised,income,PIR 1.3-3.5,observed,0.024808312919204586,0.019594608039444846,0.029744718919790303,0.0028024703417131288,200,percentile
PCE-revised,income,PIR 1.3-3.5,expected,0.07062786261129686,0.06714020292117318,0.07410643328752586,0.0017087263654286242,200,percentile
PCE-revised,income,PIR 1.3-3.5,OE,0.3512539103121113,0.2751165134388468,0.416977952172046,0.03779805364670308,200,percentile
PCE-revised,income,PIR 1.3-3.5,cal_intercept,-1.1744725500445916,-1.4431594774819103,-1.0035204130938549,0.114900372322747,200,percentile
PCE-revised,income,PIR 1.3-3.5,cal_slope,1.0441975874483804,0.8501283993732969,1.25702134438344,0.11318040068369797,200,percentile
PCE-revised,income,PIR 1.3-3.5,AUC,0.8179539024298054,0.7792944750647327,0.8544920701734493,0.021198819444745574,200,percentile
PCE-revised,income,PIR 1.3-3.5,brier,0.027575612426970646,0.023952262138090725,0.03193765488120553,0.0021427225464433525,200,percentile
PCE-revised,income,PIR 1.3-3.5,scaled_brier,-0.1398243871808933,-0.2710788930409807,-0.054232951123953564,0.05637896948633091,200,percentile
PCE-revised,income,PIR 1.3-3.5,pct_flagged_7.5,0.31518662280417964,0.29692957864260694,0.334420535816484,0.009217110245589404,200,percentile
PCE-revised,income,PIR 1.3-3.5,TPR_7.5,0.7868908564097742,0.7013744855799201,0.8714003765116377,0.045593259243228275,200,percentile
PCE-revised,income,PIR 1.3-3.5,FPR_7.5,0.301614247229369,0.2846207347587267,0.32274683756327416,0.010558793467555278,200,percentile
PCE-revised,income,PIR 1.3-3.5,pct_flagged_20,0.07742701231083064,0.06986474362668957,0.08505647851640534,0.004107834161432558,200,percentile
PCE-revised,income,PIR 1.3-3.5,TPR_20,0.3489210164371177,0.2597697493586381,0.45287229059415124,0.04963431381548517,200,percentile
PCE-revised,income,PIR 1.3-3.5,FPR_20,0.06966866094092014,0.06193231324891677,0.07896369018411617,0.004651361958750359,200,percentile
PCE-revised,income,PIR 1.3-3.5,rel_OE,1.0778809774958253,0.8849992674553976,1.2555563603208548,0.09401096024306185,200,percentile
PCE-revised,income,PIR<1.3,n,3136.0,1472.825,1683.25,52.700346608569106,200,percentile
PCE-revised,income,PIR<1.3,events,124.0,53.0,71.025,4.84949098504888,200,percentile
PCE-revised,income,PIR<1.3,observed,0.033344338747349433,0.027683901798192287,0.0392704144507419,0.0033336722033804186,200,percentile
PCE-revised,income,PIR<1.3,expected,0.07299291283386315,0.0698489654183776,0.07623486599278283,0.0018330785374337775,200,percentile
PCE-revised,income,PIR<1.3,OE,0.4568161134114955,0.3797034955223952,0.546447155443593,0.04476814742752241,200,percentile
PCE-revised,income,PIR<1.3,cal_intercept,-0.9209504592548494,-1.1248641420446106,-0.7081451948519011,0.1085067148687897,200,percentile
PCE-revised,income,PIR<1.3,cal_slope,0.7195855965602342,0.5124792816634549,0.9843930533838962,0.12600408268449484,200,percentile
PCE-revised,income,PIR<1.3,AUC,0.7495181089493176,0.6913661226527217,0.8068845399761523,0.032297126259638674,200,percentile
PCE-revised,income,PIR<1.3,brier,0.03593854194449419,0.03126945925567517,0.04164910878237302,0.002809940824523193,200,percentile
PCE-revised,income,PIR<1.3,scaled_brier,-0.114978634425279,-0.2006394744853054,-0.023432901185308795,0.04475687219568881,200,percentile
PCE-revised,income,PIR<1.3,pct_flagged_7.5,0.311780474883187,0.2956685646889092,0.33067897153354564,0.009131066412996483,200,percentile
PCE-revised,income,PIR<1.3,TPR_7.5,0.6765930569966164,0.5617833820898774,0.779293412488112,0.054741063039807934,200,percentile
PCE-revised,income,PIR<1.3,FPR_7.5,0.30022181704228734,0.28355308503000615,0.32086796732202916,0.01012539043993967,200,percentile
PCE-revised,income,PIR<1.3,pct_flagged_20,0.08849548487673418,0.07798669466962503,0.10002720129786964,0.005835693017826958,200,percentile
PCE-revised,income,PIR<1.3,TPR_20,0.30004416497421704,0.20943749110582277,0.39470304523916533,0.04863560360431696,200,percentile
PCE-revised,income,PIR<1.3,FPR_20,0.08255788315456751,0.07184542559372598,0.09652039446651293,0.006561351500099526,200,percentile
PCE-revised,income,PIR<1.3,rel_OE,1.4018161347223264,1.2012439110200293,1.6527930595795464,0.12578580469087985,200,percentile
PCE-revised,income,PIR>3.5,n,4696.0,2220.85,2496.075,77.13295820339081,200,percentile
PCE-revised,income,PIR>3.5,events,60.0,20.975,39.0,4.404702831653446,200,percentile
PCE-revised,income,PIR>3.5,observed,0.010632934308043336,0.007349050783852543,0.013720164086227985,0.0016739752586817243,200,percentile
PCE-revised,income,PIR>3.5,expected,0.04508536112967356,0.04329639342286056,0.04696564784429045,0.0009818323848592972,200,percentile
PCE-revised,income,PIR>3.5,OE,0.235840060756331,0.16316680378300288,0.30365558228379086,0.03710794891426094,200,percentile
PCE-revised,income,PIR>3.5,cal_intercept,-1.5611550959262954,-1.9238094270722006,-1.301141934657178,0.1684678690137214,200,percentile
PCE-revised,income,PIR>3.5,cal_slope,0.8415201005273922,0.6679447865745751,1.1206001409257837,0.1205491126014038,200,percentile
PCE-revised,income,PIR>3.5,AUC,0.7776029496311524,0.7159364167711622,0.8533441670970757,0.03364567617067256,200,percentile
PCE-revised,income,PIR>3.5,brier,0.013840086490495099,0.011009652476420505,0.016890635550586907,0.0014319408825285965,200,percentile
PCE-revised,income,PIR>3.5,scaled_brier,-0.31561320542184923,-0.5259947612893053,-0.1837623677530199,0.08827943932042182,200,percentile
PCE-revised,income,PIR>3.5,pct_flagged_7.5,0.1731634895956757,0.16084214311277095,0.18477768050289148,0.006635127218344804,200,percentile
PCE-revised,income,PIR>3.5,TPR_7.5,0.5338162362133515,0.3940567533020545,0.6982154560387259,0.08035790404943485,200,percentile
PCE-revised,income,PIR>3.5,FPR_7.5,0.1700573872171646,0.15728185908070974,0.18333734609596591,0.00708979613188477,200,percentile
PCE-revised,income,PIR>3.5,pct_flagged_20,0.0331350382485817,0.029160498121653593,0.03819621166906714,0.0024081336917012052,200,percentile
PCE-revised,income,PIR>3.5,TPR_20,0.15084560231055177,0.09091159909570262,0.2389385952282181,0.04091494537321603,200,percentile
PCE-revised,income,PIR>3.5,FPR_20,0.03210070278212507,0.027543271712533044,0.037877721993175906,0.0027524877153071742,200,percentile
PCE-revised,income,PIR>3.5,rel_OE,0.7237144064669043,0.5386996454660808,0.8855400949386095,0.09146142728697265,200,percentile
PCE-revised,education,<HS,n,4127.0,1938.9,2184.225,65.42879362464113,200,percentile
PCE-revised,education,<HS,events,151.0,66.0,86.025,5.802364792559121,200,percentile
PCE-revised,education,<HS,observed,0.032376908726087124,0.026536536549414846,0.03914590677144912,0.0034712574463381797,200,percentile
PCE-revised,education,<HS,expected,0.08585697436424515,0.0814479100292238,0.09076047439254456,0.002303790462638453,200,percentile
PCE-revised,education,<HS,OE,0.37710283836382635,0.30249787742319245,0.4585833165414989,0.038911746544726,200,percentile
PCE-revised,education,<HS,cal_intercept,-1.1470114149063846,-1.3574969191976893,-0.9380680799715172,0.10889888150115892,200,percentile
PCE-revised,education,<HS,cal_slope,0.7588239078987116,0.5317514387133158,1.0052197245081824,0.1343780409320182,200,percentile
PCE-revised,education,<HS,AUC,0.7536651424196824,0.6949136816709366,0.8086992843365125,0.031210484669399245,200,percentile
PCE-revised,education,<HS,brier,0.03753294464844694,0.0329797077452871,0.04374985913118428,0.002661519121321643,200,percentile
PCE-revised,education,<HS,scaled_brier,-0.19803921422600368,-0.32277563136068693,-0.10129616335013246,0.05878791022856347,200,percentile
PCE-revised,education,<HS,pct_flagged_7.5,0.3859102176299127,0.3656781732239077,0.407959264547832,0.011997644858398323,200,percentile
PCE-revised,education,<HS,TPR_7.5,0.7318755129295018,0.6131420461419845,0.8525299986309245,0.058012953384910936,200,percentile
PCE-revised,education,<HS,FPR_7.5,0.3814325280074291,0.3588649433789311,0.40835119745388304,0.01276534310042322,200,percentile
PCE-revised,education,<HS,pct_flagged_20,0.11488751750930411,0.10294546709414679,0.1284066026059733,0.006137081263179141,200,percentile
PCE-revised,education,<HS,TPR_20,0.37759800935853755,0.24624793473234396,0.47507638284827874,0.05908973502302263,200,percentile
PCE-revised,education,<HS,FPR_20,0.10973425866303886,0.09840075757402415,0.12307816657413748,0.006243347541879775,200,percentile
PCE-revised,education,<HS,rel_OE,1.1572027074969082,0.9804438162933269,1.406674583713178,0.11189050278768362,200,percentile
PCE-revised,education,College+,n,2796.0,1304.975,1500.025,53.95514585115207,200,percentile
PCE-revised,education,College+,events,48.0,16.975,31.0,3.678591466292416,200,percentile
PCE-revised,education,College+,observed,0.011890496825387504,0.0074329945776317186,0.015442930003298673,0.001967586377508383,200,percentile
PCE-revised,education,College+,expected,0.04241934695283937,0.04001686008918223,0.04497537629040203,0.0013316885118941385,200,percentile
PCE-revised,education,College+,OE,0.28030834229030027,0.18303880893519028,0.37148502885572615,0.04675611859913295,200,percentile
PCE-revised,education,College+,cal_intercept,-1.3822730133270194,-1.830286297511715,-1.092814790145945,0.18289128687221504,200,percentile
PCE-revised,education,College+,cal_slope,1.0765709382781241,0.8404610417258753,1.4642055547044763,0.1654394359617308,200,percentile
PCE-revised,education,College+,AUC,0.8298124589622451,0.7627326776022921,0.9038247890273933,0.03900066254472634,200,percentile
PCE-revised,education,College+,brier,0.013782253965455267,0.010459501266532013,0.01650773053286981,0.0015476547503298847,200,percentile
PCE-revised,education,College+,scaled_brier,-0.17304634573579758,-0.4174861255918278,-0.05786679135418116,0.08763473532496725,200,percentile
PCE-revised,education,College+,pct_flagged_7.5,0.16129839409937569,0.1465979829365878,0.18027522858832626,0.008918366143338076,200,percentile
PCE-revised,education,College+,TPR_7.5,0.7018447304626784,0.5566167696752607,0.8417613420322024,0.07840109727359341,200,percentile
PCE-revised,education,College+,FPR_7.5,0.15513451061093483,0.13972008528070273,0.1758959323776891,0.009552479838272007,200,percentile
PCE-revised,education,College+,pct_flagged_20,0.02954438393504015,0.023246841234539104,0.034691983118688215,0.0033051979313420163,200,percentile
PCE-revised,education,College+,TPR_20,0.261626280853333,0.1572225802185032,0.4309952091278164,0.06429783482218171,200,percentile
PCE-revised,education,College+,FPR_20,0.02834227331549967,0.021328511919231078,0.03483741161888598,0.0037125111422034326,200,percentile
PCE-revised,education,College+,rel_OE,0.8601727158557001,0.558389190369894,1.1032081726284282,0.13170713475906975,200,percentile
PCE-revised,education,HS/GED,n,3138.0,1493.975,1683.2,48.626561542403756,200,percentile
PCE-revised,education,HS/GED,events,90.0,34.975,53.025000000000006,4.906195447477018,200,percentile
PCE-revised,education,HS/GED,observed,0.021187660395128236,0.01528445269397985,0.027484223685357502,0.0033549150451948192,200,percentile
PCE-revised,education,HS/GED,expected,0.0647425833792027,0.06176219431108581,0.06820540851844062,0.0016593747256276666,200,percentile
PCE-revised,education,HS/GED,OE,0.3272600395172733,0.23528303942981768,0.4164070799747021,0.04989578839214415,200,percentile
PCE-revised,education,HS/GED,cal_intercept,-1.2418447241558677,-1.5986848516105452,-0.9803671654048871,0.16943071527067105,200,percentile
PCE-revised,education,HS/GED,cal_slope,1.0273226081702906,0.7877724609794639,1.3346698008038085,0.14087652952525162,200,percentile
PCE-revised,education,HS/GED,AUC,0.8113893344404187,0.7480734642158208,0.8759641500973244,0.03242044255946776,200,percentile
PCE-revised,education,HS/GED,brier,0.024051004809602122,0.01965929535670681,0.02906659892106108,0.002501876132624838,200,percentile
PCE-revised,education,HS/GED,scaled_brier,-0.15971369609442188,-0.3795958809365273,-0.04207117624817922,0.07947885235421634,200,percentile
PCE-revised,education,HS/GED,pct_flagged_7.5,0.27666724235711554,0.2570605921612826,0.2961074086878253,0.010485761512306666,200,percentile
PCE-revised,education,HS/GED,TPR_7.5,0.7437007433718827,0.623839264122124,0.8691045463562406,0.06299177778807175,200,percentile
PCE-revised,education,HS/GED,FPR_7.5,0.26557944696116886,0.24587374122843733,0.2886725842084468,0.010975865229428046,200,percentile
PCE-revised,education,HS/GED,pct_flagged_20,0.06601893960565326,0.05982243401490974,0.07445547527474604,0.0038851521264401724,200,percentile
PCE-revised,education,HS/GED,TPR_20,0.30895111336794556,0.21949931852841217,0.39712382140113434,0.048614989663742725,200,percentile
PCE-revised,education,HS/GED,FPR_20,0.05855244139328339,0.051445850905692196,0.06825260863057032,0.004330497596033861,200,percentile
PCE-revised,education,HS/GED,rel_OE,1.0042517988675561,0.7544677180151954,1.2227507132675066,0.11798983023058748,200,percentile
PCE-revised,education,Some college,n,3390.0,1620.95,1784.05,43.63422196663034,200,percentile
PCE-revised,education,Some college,events,71.0,27.0,44.0,4.342934538075615,200,percentile
PCE-revised,education,Some college,observed,0.015960103181500224,0.01083857772862259,0.02083309756017719,0.0025254781547531103,200,percentile
PCE-revised,education,Some college,expected,0.05145972826342584,0.04858940457166546,0.053568183928802054,0.0012926138071474573,200,percentile
PCE-revised,education,Some college,OE,0.310147443838012,0.21037191880601427,0.40894423053192286,0.047490695410546194,200,percentile
PCE-revised,education,Some college,cal_intercept,-1.2800895713513685,-1.686563965564435,-0.9840349370614211,0.16277553806697037,200,percentile
PCE-revised,education,Some college,cal_slope,0.8352667887751751,0.6620318250020962,1.0715363463042946,0.10531809756309164,200,percentile
PCE-revised,education,Some college,AUC,0.7700458712796191,0.7190933981025299,0.8366403988026595,0.02924394754585303,200,percentile
PCE-revised,education,Some college,brier,0.018942116441540126,0.01431499015805393,0.02339563434210345,0.002235101456975623,200,percentile
PCE-revised,education,Some college,scaled_brier,-0.20609106601974037,-0.3498549258183334,-0.1212875019610638,0.06073069865221616,200,percentile
PCE-revised,education,Some college,pct_flagged_7.5,0.2101840994738386,0.19489322387672856,0.22472292491875243,0.0075561870977914015,200,percentile
PCE-revised,education,Some college,TPR_7.5,0.5519776679709599,0.41185710933530134,0.7094711189634427,0.07989845930818032,200,percentile
PCE-revised,education,Some college,FPR_7.5,0.20489613964584158,0.18922514014754366,0.22063710194651695,0.008040605786841067,200,percentile
PCE-revised,education,Some college,pct_flagged_20,0.041156056173182305,0.0353565005003731,0.04644577395202538,0.0029163908839160094,200,percentile
PCE-revised,education,Some college,TPR_20,0.1458673871436385,0.07541856494038494,0.22964464251496217,0.038896488017418636,200,percentile
PCE-revised,education,Some college,FPR_20,0.039474700549656815,0.033375950936045465,0.04612480039378699,0.003228761272204451,200,percentile
PCE-revised,education,Some college,rel_OE,0.9517389561155334,0.7060431569289316,1.2291846626344307,0.13394095138956358,200,percentile
PCE-revised,sex,GAP(max-min),OE,0.0786640837420931,0.004852973025476354,0.14289549201124957,0.0390384446493044,200,basic
PCE-revised,sex,GAP(max-min),AUC,0.036525607754548384,0.0,0.07013878229065579,0.022412692555302694,200,basic
PCE-revised,sex,GAP(max-min),cal_slope,0.06923591454097877,0.0,0.1305076099940138,0.07519531891882611,200,basic
PCE-revised,sex,GAP(max-min),TPR_7.5,0.18627520500970363,0.06744369727216543,0.30451949852905563,0.061043703553653364,200,basic
PCE-revised,sex,GAP(max-min),FPR_7.5,0.1806076192935317,0.16579874433980843,0.1975086101836887,0.00795324963807996,200,basic
PCE-revised,sex,GAP(max-min),pct_flagged_7.5,0.18669874705992273,0.1724498298538006,0.20383385356698933,0.007721993770173632,200,basic
PCE-revised,sex,GAP(max/min),OE,1.265347687249911,1.0,1.4838686220403978,0.148305031707444,200,basic
PCE-revised,race,GAP(max-min),OE,0.07302284506624401,0.0,0.12886289591056066,0.05234222604467692,200,basic
PCE-revised,race,GAP(max-min),AUC,0.0971664413650295,0.022260140595810773,0.16256547602973553,0.037256480350877294,200,basic
PCE-revised,race,GAP(max-min),cal_slope,0.41214936263350155,0.1356889449023846,0.7467703391633078,0.16205419437254687,200,basic
PCE-revised,race,GAP(max-min),TPR_7.5,0.3927366383767603,0.26372492148048954,0.7323927962519778,0.13643751060355708,200,basic
PCE-revised,race,GAP(max-min),FPR_7.5,0.11342578879376808,0.07341459916535656,0.14010409386258438,0.016671037191015353,200,basic
PCE-revised,race,GAP(max-min),pct_flagged_7.5,0.10304510100642325,0.06610633100971008,0.12936679546868163,0.01603976725316765,200,basic
PCE-revised,race,GAP(max/min),OE,1.2663692884232582,1.0,1.4807370622078242,0.27445433147101383,200,basic
PCE-revised,age_group,GAP(max-min),OE,0.22535070689149844,0.11669589972539929,0.31959117778929624,0.0566210165389201,200,basic
PCE-revised,age_group,GAP(max-min),AUC,0.13555279254089936,0.0,0.2026557675739194,0.06036200934457537,200,basic
PCE-revised,age_group,GAP(max-min),cal_slope,0.4060741657314474,0.0,0.6460715336480415,0.2336435318996346,200,basic
PCE-revised,age_group,GAP(max-min),TPR_7.5,0.6770661587528208,0.4837555119424606,0.7881793448010205,0.07968433657312549,200,basic
PCE-revised,age_group,GAP(max-min),FPR_7.5,0.7577207434391078,0.7379636288250515,0.777097993820971,0.012570930696837146,200,basic
PCE-revised,age_group,GAP(max-min),pct_flagged_7.5,0.7632382671864294,0.743465647176263,0.7806666454241301,0.012408753320621668,200,basic
PCE-revised,age_group,GAP(max/min),OE,1.9951100027529713,1.0,2.5098797503196133,0.43599272537475003,200,basic
PCE-revised,income,GAP(max-min),OE,0.22097605265516448,0.11323683684755681,0.30443888518513595,0.051578393047894404,200,basic
PCE-revised,income,GAP(max-min),AUC,0.06843579348048778,0.0,0.11336444105266763,0.03301338904567321,200,basic
PCE-revised,income,GAP(max-min),cal_slope,0.3246119908881462,0.006681622262360021,0.571446921670466,0.14637454506188727,200,basic
PCE-revised,income,GAP(max-min),TPR_7.5,0.2530746201964227,0.08472026683758083,0.39791953549952325,0.08335055327755181,200,basic
PCE-revised,income,GAP(max-min),FPR_7.5,0.13155686001220443,0.10478252689021864,0.14691609901909697,0.010429063238680638,200,basic
PCE-revised,income,GAP(max-min),pct_flagged_7.5,0.14202313320850393,0.11766762287077515,0.15695905938151863,0.010151214425130202,200,basic
PCE-revised,income,GAP(max/min),OE,1.936974201696276,1.0440678327272925,2.3754323851483905,0.35395715171624476,200,basic
PCE-revised,education,GAP(max-min),OE,0.09679449607352608,0.0,0.15061722690516094,0.05204245506429876,200,basic
PCE-revised,education,GAP(max-min),AUC,0.07614731654256268,0.0,0.11146823429110278,0.03592136042698353,200,basic
PCE-revised,education,GAP(max-min),cal_slope,0.31774703037941254,0.0,0.49916485965816076,0.16029426121675994,200,basic
PCE-revised,education,GAP(max-min),TPR_7.5,0.19172307540092282,0.0,0.30239912078343095,0.09152783110988859,200,basic
PCE-revised,education,GAP(max-min),FPR_7.5,0.22629801739649427,0.1962286938526266,0.2555489820890696,0.015177517129773797,200,basic
PCE-revised,education,GAP(max-min),pct_flagged_7.5,0.224611823530537,0.19709652827898005,0.2529047270407827,0.015202792029041134,200,basic
PCE-revised,education,GAP(max/min),OE,1.3453143609021854,1.0,1.54215158142893,0.2987442897462004,200,basic
PREVENT-CVD,Overall,All,n,13466.0,6549.975,6986.575,116.30726406105006,200,percentile
PREVENT-CVD,Overall,All,events,362.0,165.95,199.025,9.038131116019047,200,percentile
PREVENT-CVD,Overall,All,observed,0.019019590401501755,0.0162500167797753,0.02226417794119519,0.0014553929407854836,200,percentile
PREVENT-CVD,Overall,All,expected,0.06757002034898556,0.06557634428682568,0.06936172403148322,0.0009642685606934607,200,percentile
PREVENT-CVD,Overall,All,OE,0.2814797199004736,0.24474008500694128,0.3293067884634614,0.020324135031834892,200,percentile
PREVENT-CVD,Overall,All,cal_intercept,-1.3827049427330673,-1.5215868851694603,-1.2279135699391608,0.0726663934681976,200,percentile
PREVENT-CVD,Overall,All,cal_slope,1.2588531153561815,1.0757568489157847,1.5115788718046113,0.11389407595922729,200,percentile
PREVENT-CVD,Overall,All,AUC,0.8103712725141884,0.776096393885424,0.8470649248006495,0.018953613966633826,200,percentile
PREVENT-CVD,Overall,All,brier,0.021900811191049772,0.01983248124968074,0.024630011630549623,0.0011969605399900197,200,percentile
PREVENT-CVD,Overall,All,scaled_brier,-0.17381243693202375,-0.23630586828023217,-0.11718358025245543,0.03184910701637772,200,percentile
PREVENT-CVD,Overall,All,pct_flagged_7.5,0.30499614163227395,0.2931991941144483,0.31625550034217415,0.005895520792164499,200,percentile
PREVENT-CVD,Overall,All,TPR_7.5,0.7754345456300235,0.7103625056742956,0.8362462764207476,0.032681737755813414,200,percentile
PREVENT-CVD,Overall,All,FPR_7.5,0.29756456709131424,0.28529014379359396,0.30968667971266567,0.006445322953876709,200,percentile
PREVENT-CVD,Overall,All,pct_flagged_20,0.062139647528529594,0.05727347630604906,0.0669341157671627,0.0026030988788619445,200,percentile
PREVENT-CVD,Overall,All,TPR_20,0.36288782859689867,0.2980243531510118,0.4371314276881047,0.03490953324240524,200,percentile
PREVENT-CVD,Overall,All,FPR_20,0.0565394451989555,0.05104314520774396,0.06269436663496208,0.0029159891781757714,200,percentile
PREVENT-CVD,Overall,All,rel_OE,1.0,1.0,1.0,0.0,200,percentile
PREVENT-CVD,sex,Female,n,6883.0,3348.95,3578.15,61.643712057118236,200,percentile
PREVENT-CVD,sex,Female,events,145.0,62.0,85.0,6.11168869408998,200,percentile
PREVENT-CVD,sex,Female,observed,0.01550122652400136,0.012528100855061624,0.01828931830786972,0.0015613007824584707,200,percentile
PREVENT-CVD,sex,Female,expected,0.061082009857989845,0.05876910537607494,0.06343413872972734,0.0012177837636861756,200,percentile
PREVENT-CVD,sex,Female,OE,0.25377728336117805,0.21216312404241516,0.2975940738842003,0.023287333116278452,200,percentile
PREVENT-CVD,sex,Female,cal_intercept,-1.4923280271943553,-1.6851627226881039,-1.3302773416271403,0.0936838523444128,200,percentile
PREVENT-CVD,sex,Female,cal_slope,1.274658578305432,0.9641885500544757,1.5956496261586202,0.16016034810180718,200,percentile
PREVENT-CVD,sex,Female,AUC,0.8196110017427938,0.7595499143711493,0.8630232516796694,0.0268052383515437,200,percentile
PREVENT-CVD,sex,Female,brier,0.018377418277899075,0.01598626952846776,0.021260825140139526,0.001317567624097883,200,percentile
PREVENT-CVD,sex,Female,scaled_brier,-0.20421285215155405,-0.30774874030081856,-0.13474403426959253,0.04444539555766697,200,percentile
PREVENT-CVD,sex,Female,pct_flagged_7.5,0.2772227718391397,0.2618813208746566,0.2916655303916202,0.007955870210649222,200,percentile
PREVENT-CVD,sex,Female,TPR_7.5,0.7722837886744937,0.6789947030533265,0.8593510315412748,0.046243524112098595,200,percentile
PREVENT-CVD,sex,Female,FPR_7.5,0.273095981917798,0.25833573804425525,0.2912709022848507,0.008659732576536397,200,percentile
PREVENT-CVD,sex,Female,pct_flagged_20,0.0524493202250463,0.048220574834516305,0.0587108444426454,0.0028835296161368153,200,percentile
PREVENT-CVD,sex,Female,TPR_20,0.40084280764980046,0.31543590842237296,0.4894081630366622,0.049601977587650226,200,percentile
PREVENT-CVD,sex,Female,FPR_20,0.047340435770853215,0.04291439496381016,0.05327939592702243,0.002782985086427908,200,percentile
PREVENT-CVD,sex,Female,rel_OE,0.9015828332176448,0.793332856873436,1.0253889530945945,0.06186497800084626,200,percentile
PREVENT-CVD,sex,Male,n,6583.0,3189.9,3428.1,62.9822163222629,200,percentile
PREVENT-CVD,sex,Male,events,217.0,95.0,122.025,7.3893580956214695,200,percentile
PREVENT-CVD,sex,Male,observed,0.022927328551733867,0.019565152887272143,0.02805681210964602,0.002226526655470356,200,percentile
PREVENT-CVD,sex,Male,expected,0.07479344151420711,0.07256275635047163,0.07685971396687259,0.0010915114458859363,200,percentile
PREVENT-CVD,sex,Male,OE,0.30654196527885125,0.262772535305721,0.37452923964480017,0.02918699106454239,200,percentile
PREVENT-CVD,sex,Male,cal_intercept,-1.2914983992037763,-1.4508511014654404,-1.0827717955663498,0.09730244281585523,200,percentile
PREVENT-CVD,sex,Male,cal_slope,1.2395249637923662,1.020526843198293,1.4898207976334306,0.12259811419158145,200,percentile
PREVENT-CVD,sex,Male,AUC,0.7962964141067906,0.754163554607862,0.836857729843291,0.021612561464340006,200,percentile
PREVENT-CVD,sex,Male,brier,0.025814134935937174,0.023168974508773692,0.02980270828849382,0.0017227962728246949,200,percentile
PREVENT-CVD,sex,Male,scaled_brier,-0.1523310255038075,-0.23050662793159904,-0.0772656050900839,0.03994606832467539,200,percentile
PREVENT-CVD,sex,Male,pct_flagged_7.5,0.335917600139728,0.322101265508083,0.34956269798184086,0.0070015940883199875,200,percentile
PREVENT-CVD,sex,Male,TPR_7.5,0.7778005318645322,0.6936329170385102,0.8592064189615741,0.040498977599956645,200,percentile
PREVENT-CVD,sex,Male,FPR_7.5,0.324947620466126,0.3099434808048216,0.3377494283860275,0.00728699691866252,200,percentile
PREVENT-CVD,sex,Male,pct_flagged_20,0.07292836549362075,0.0659131863573113,0.08003639853902422,0.0037283052774526033,200,percentile
PREVENT-CVD,sex,Male,TPR_20,0.3343864369511099,0.26443105784957865,0.430460687435686,0.04276560122801825,200,percentile
PREVENT-CVD,sex,Male,FPR_20,0.06683415428731602,0.05891502366154617,0.07570741169638802,0.004349024072328965,200,percentile
PREVENT-CVD,sex,Male,rel_OE,1.0890374815892214,0.9772700774606294,1.1878038507087907,0.055942754559848915,200,percentile
PREVENT-CVD,race,Mexican American,n,2794.0,1145.85,1619.0,121.41411175256074,200,percentile
PREVENT-CVD,race,Mexican American,events,62.0,19.0,40.025000000000006,5.467124219933264,200,percentile
PREVENT-CVD,race,Mexican American,observed,0.016964214623544305,0.009631503203861877,0.023200238450520924,0.0035460752957624667,200,percentile
PREVENT-CVD,race,Mexican American,expected,0.0622351491352672,0.05750602254047962,0.0659445361565423,0.0022977825620824916,200,percentile
PREVENT-CVD,race,Mexican American,OE,0.27258253349201156,0.16486032548458102,0.3705541010856215,0.0535968046803034,200,percentile
PREVENT-CVD,race,Mexican American,cal_intercept,-1.415741628067163,-1.9017242488504997,-1.09231776135208,0.21289351506642262,200,percentile
PREVENT-CVD,race,Mexican American,cal_slope,0.9610782313765591,0.7075566407986541,1.329094130631306,0.167618672712077,200,percentile
PREVENT-CVD,race,Mexican American,AUC,0.7846541243210493,0.7215430029758791,0.8587076293571461,0.035911791816643675,200,percentile
PREVENT-CVD,race,Mexican American,brier,0.020895734247307497,0.014623621715465674,0.0264535952915384,0.0031307772236035592,200,percentile
PREVENT-CVD,race,Mexican American,scaled_brier,-0.2530100381185598,-0.48534268156403343,-0.1340635884277315,0.10043833539552488,200,percentile
PREVENT-CVD,race,Mexican American,pct_flagged_7.5,0.26636436818316006,0.2362382831518966,0.28919488320963743,0.014123662424571545,200,percentile
PREVENT-CVD,race,Mexican American,TPR_7.5,0.6683323651533223,0.49956047989637026,0.8319336036655487,0.09059051635391271,200,percentile
PREVENT-CVD,race,Mexican American,FPR_7.5,0.2523189686068512,0.2256752782613893,0.2712797469125117,0.01298571667556286,200,percentile
PREVENT-CVD,race,Mexican American,pct_flagged_20,0.05687123403276319,0.04492624418630183,0.06636868037692555,0.005586604161322988,200,percentile
PREVENT-CVD,race,Mexican American,TPR_20,0.2223728979299645,0.07594988108489795,0.3804666653587079,0.08084199547631994,200,percentile
PREVENT-CVD,race,Mexican American,FPR_20,0.055576308148905615,0.04477752463210815,0.06586751713624014,0.005737354672213854,200,percentile
PREVENT-CVD,race,Mexican American,rel_OE,0.9683913767869033,0.6203072929822925,1.3449544473306936,0.1891917152349661,200,percentile
PREVENT-CVD,race,NH Black,n,2577.0,1128.725,1444.15,80.62646656373303,200,percentile
PREVENT-CVD,race,NH Black,events,85.0,32.0,55.025000000000006,5.648284303918265,200,percentile
PREVENT-CVD,race,NH Black,observed,0.025578082541956617,0.020286024190519617,0.03069837434964328,0.002788530360386717,200,percentile
PREVENT-CVD,race,NH Black,expected,0.07501456280759186,0.07155549822554383,0.0779050684669934,0.001767941508272338,200,percentile
PREVENT-CVD,race,NH Black,OE,0.3409748932025767,0.27230598129481093,0.41255670660058696,0.037118709119530316,200,percentile
PREVENT-CVD,race,NH Black,cal_intercept,-1.2256954022923745,-1.4801918852584335,-1.0186192680165869,0.12102003147600846,200,percentile
PREVENT-CVD,race,NH Black,cal_slope,1.0949155825151815,0.782323849359773,1.46006638197745,0.16281984653992737,200,percentile
PREVENT-CVD,race,NH Black,AUC,0.7897641704321559,0.7248997983388791,0.8538841497897873,0.03242081303764374,200,percentile
PREVENT-CVD,race,NH Black,brier,0.0284103440188683,0.02402291530511403,0.032205077474844655,0.0020262171323403994,200,percentile
PREVENT-CVD,race,NH Black,scaled_brier,-0.13988611670418716,-0.27858349494355644,-0.04421746802845381,0.060203263312641066,200,percentile
PREVENT-CVD,race,NH Black,pct_flagged_7.5,0.33605848606807454,0.31367238703735667,0.35984648721985185,0.0112445918505119,200,percentile
PREVENT-CVD,race,NH Black,TPR_7.5,0.7573575073944755,0.6221288519682133,0.85347100570569,0.05628636276155509,200,percentile
PREVENT-CVD,race,NH Black,FPR_7.5,0.3382584463397485,0.3110983048069385,0.36315812615278453,0.013372990805420015,200,percentile
PREVENT-CVD,race,NH Black,pct_flagged_20,0.08407851521541874,0.07170584842939873,0.09439339637594163,0.005966095481668871,200,percentile
PREVENT-CVD,race,NH Black,TPR_20,0.404255105252918,0.31162705427090437,0.5047901396978772,0.05072155660428469,200,percentile
PREVENT-CVD,race,NH Black,FPR_20,0.08140165197269547,0.06586651245593045,0.09659543678438544,0.00810406660746886,200,percentile
PREVENT-CVD,race,NH Black,rel_OE,1.2113657542473737,0.9462543493098756,1.4520358206766235,0.13365253477782588,200,percentile
PREVENT-CVD,race,NH White,n,6689.0,3072.275,3686.4,156.1562920208099,200,percentile
PREVENT-CVD,race,NH White,events,191.0,83.0,115.05000000000001,8.523274372572477,200,percentile
PREVENT-CVD,race,NH White,observed,0.01875577802761195,0.015678117134997872,0.023020887600896885,0.0018421529313167853,200,percentile
PREVENT-CVD,race,NH White,expected,0.06743628808972532,0.06536841346648081,0.06956276080654486,0.0011342673791187139,200,percentile
PREVENT-CVD,race,NH White,OE,0.27812589569961227,0.23379326370564268,0.3363914843411496,0.02554172791042641,200,percentile
PREVENT-CVD,race,NH White,cal_intercept,-1.3879126904730328,-1.5579119655689053,-1.1975710397841761,0.09250879345254576,200,percentile
PREVENT-CVD,race,NH White,cal_slope,1.4269677550946682,1.1706486573407753,1.751451521341632,0.14137513527153872,200,percentile
PREVENT-CVD,race,NH White,AUC,0.8336954259272398,0.791504221131892,0.8703859087323463,0.01955543779688726,200,percentile
PREVENT-CVD,race,NH White,brier,0.021320275719727454,0.01879350092766902,0.024741183051059587,0.0014674482532572905,200,percentile
PREVENT-CVD,race,NH White,scaled_brier,-0.1584588724627629,-0.23597303992418261,-0.09249602158884897,0.03870684684833211,200,percentile
PREVENT-CVD,race,NH White,pct_flagged_7.5,0.3051388689278347,0.2917554078544088,0.31839057782542274,0.007350704720942723,200,percentile
PREVENT-CVD,race,NH White,TPR_7.5,0.8018180929031242,0.7180508524612792,0.878846275549544,0.03943016459174374,200,percentile
PREVENT-CVD,race,NH White,FPR_7.5,0.2958951981460855,0.2807909450506882,0.3115709406889876,0.007735803878270583,200,percentile
PREVENT-CVD,race,NH White,pct_flagged_20,0.06127105802224788,0.055744380023971585,0.06647483849023479,0.0029462214560271992,200,percentile
PREVENT-CVD,race,NH White,TPR_20,0.38369652895419504,0.3014600621494627,0.4782749167075828,0.04458633186140246,200,percentile
PREVENT-CVD,race,NH White,FPR_20,0.0543641004898012,0.04866448935074342,0.06048813676400624,0.0031200598588710026,200,percentile
PREVENT-CVD,race,NH White,rel_OE,0.9880850236669015,0.9291878592349655,1.043834661335743,0.03035987750729426,200,percentile
PREVENT-CVD,race,Other Hispanic,n,929.0,348.0,588.25,57.52556761691484,200,percentile
PREVENT-CVD,race,Other Hispanic,events,17.0,4.0,14.0,2.656891106492472,200,percentile
PREVENT-CVD,race,Other Hispanic,observed,0.016140591697789083,0.0056170432775479815,0.02772504920273109,0.006010455665013247,200,percentile
PREVENT-CVD,race,Other Hispanic,expected,0.06729357803182671,0.05975984059663232,0.07429127722466451,0.0038572204464006068,200,percentile
PREVENT-CVD,race,Other Hispanic,OE,0.23985337338067145,0.07890726667524203,0.4353070353804841,0.09216405784832714,200,percentile
PREVENT-CVD,race,Other Hispanic,cal_intercept,-1.540022836674052,-2.6935786796179544,-0.9162399383072438,0.4450809931233618,200,percentile
PREVENT-CVD,race,Other Hispanic,cal_slope,0.8053193537644678,0.3281027218547923,1.983458790264861,0.6127850196427077,200,percentile
PREVENT-CVD,race,Other Hispanic,AUC,0.7110136190854499,0.5960328313009893,0.8703440434601879,0.08012692293814286,200,percentile
PREVENT-CVD,race,Other Hispanic,brier,0.020665954618452824,0.012679209609027997,0.03087426656278599,0.005148451588823654,200,percentile
PREVENT-CVD,race,Other Hispanic,scaled_brier,-0.3013765504599195,-1.3921301702344309,-0.07642032162309469,0.37294410812848033,200,percentile
PREVENT-CVD,race,Other Hispanic,pct_flagged_7.5,0.3243576270066331,0.27504194262503934,0.372119203436033,0.025916276776055697,200,percentile
PREVENT-CVD,race,Other Hispanic,TPR_7.5,0.5880962340260784,0.26369051270654476,1.0,0.20841332515760352,200,percentile
PREVENT-CVD,race,Other Hispanic,FPR_7.5,0.3191438075630955,0.26508807573777543,0.37084375893154153,0.02846636036216635,200,percentile
PREVENT-CVD,race,Other Hispanic,pct_flagged_20,0.055456537354285455,0.03516716728789035,0.0732885118176296,0.010309820843367694,200,percentile
PREVENT-CVD,race,Other Hispanic,TPR_20,0.2760142974753073,0.1071682794502859,0.6342988266965606,0.13531595139250813,200,percentile
PREVENT-CVD,race,Other Hispanic,FPR_20,0.050896272035023914,0.03157082636408603,0.07217397757865596,0.011005034513285267,200,percentile
PREVENT-CVD,race,Other Hispanic,rel_OE,0.8521160013427592,0.3011265443433115,1.6482534867697811,0.3400750803413172,200,percentile
PREVENT-CVD,race,Other/Multiracial,n,477.0,198.9,278.05,19.951745178765496,200,percentile
PREVENT-CVD,race,Other/Multiracial,events,7.0,1.9750000000000005,6.0,1.1272660037524775,200,percentile
PREVENT-CVD,race,Other/Multiracial,observed,0.014600354490660186,0.002414736483115239,0.024508961940018215,0.0058584194057224965,200,percentile
PREVENT-CVD,race,Other/Multiracial,expected,0.06148870921223252,0.05561156585497892,0.06745860419723468,0.0030881969662364217,200,percentile
PREVENT-CVD,race,Other/Multiracial,OE,0.2374477310991528,0.03885356848787876,0.4225386119761672,0.09808156830188391,200,percentile
PREVENT-CVD,race,Other/Multiracial,cal_intercept,-1.5659650482560459,-3.41375674131239,-0.9292641638718581,0.5738685157031074,200,percentile
PREVENT-CVD,race,Other/Multiracial,cal_slope,-0.14324412059760677,-1.4222963226428869,1.421470146333308,0.7882015121255451,200,percentile
PREVENT-CVD,race,Other/Multiracial,AUC,0.48638915981825187,0.2065909053406032,0.8891622923390512,0.20463125992648074,200,percentile
PREVENT-CVD,race,Other/Multiracial,brier,0.020522336657344948,0.010293015266963279,0.0291916248509978,0.005212851074198574,200,percentile
PREVENT-CVD,race,Other/Multiracial,scaled_brier,-0.42643177834453394,-3.1816597456495654,-0.18592573388274475,0.6927405563512642,200,percentile
PREVENT-CVD,race,Other/Multiracial,pct_flagged_7.5,0.269607460677844,0.22677515461383552,0.3077606601651492,0.019798818490618056,200,percentile
PREVENT-CVD,race,Other/Multiracial,TPR_7.5,0.5752443505580668,0.1948401768133356,1.0,0.26270272940426137,200,percentile
PREVENT-CVD,race,Other/Multiracial,FPR_7.5,0.27006180803245106,0.21982480640660632,0.31653734283315793,0.02439777806783812,200,percentile
PREVENT-CVD,race,Other/Multiracial,pct_flagged_20,0.0444173617859137,0.02537073578449778,0.06636429397415573,0.01013368279735059,200,percentile
PREVENT-CVD,race,Other/Multiracial,TPR_20,0.0,0.0,0.0,0.0,200,percentile
PREVENT-CVD,race,Other/Multiracial,FPR_20,0.04856076966340469,0.02818230831104148,0.06960584774378556,0.011536978946895576,200,percentile
PREVENT-CVD,race,Other/Multiracial,rel_OE,0.8435695871202026,0.12940749566592588,1.5254604423592053,0.35815542446618936,200,percentile
PREVENT-CVD,age_group,40-49,n,4420.0,2141.875,2304.125,41.88983368108711,200,percentile
PREVENT-CVD,age_group,40-49,events,35.0,12.975000000000001,24.025000000000006,3.018531540884836,200,percentile
PREVENT-CVD,age_group,40-49,observed,0.006351207120419218,0.0037984180696897544,0.009903914156898664,0.0015357245856730264,200,percentile
PREVENT-CVD,age_group,40-49,expected,0.02574468892294222,0.02466102977266915,0.02687089800712708,0.0005566100281340237,200,percentile
PREVENT-CVD,age_group,40-49,OE,0.24669970336131655,0.14610318633354236,0.37701803340034407,0.05758291938529671,200,percentile
PREVENT-CVD,age_group,40-49,cal_intercept,-1.4389248371193555,-1.9677313984224707,-1.0030405094239696,0.24065730854858472,200,percentile
PREVENT-CVD,age_group,40-49,cal_slope,1.2881422122889201,0.9338887036809044,1.603647783289795,0.1722895900659003,200,percentile
PREVENT-CVD,age_group,40-49,AUC,0.7886781297675619,0.6977987108746507,0.8924483328012933,0.05173266427574755,200,percentile
PREVENT-CVD,age_group,40-49,brier,0.0068139757432901715,0.004563124540625851,0.009907427292713555,0.0013434750347897997,200,percentile
PREVENT-CVD,age_group,40-49,scaled_brier,-0.07972062670852553,-0.21988302308709526,-0.0030348957238988607,0.05891212235214407,200,percentile
PREVENT-CVD,age_group,40-49,pct_flagged_7.5,0.03777365455255828,0.03163302443124276,0.04328799742152652,0.0031796989820810236,200,percentile
PREVENT-CVD,age_group,40-49,TPR_7.5,0.32744440665709634,0.13886528423214872,0.4789784569784947,0.09357984136333115,200,percentile
PREVENT-CVD,age_group,40-49,FPR_7.5,0.03367014137216565,0.027298071683161566,0.03851958167875031,0.00284909821517969,200,percentile
PREVENT-CVD,age_group,40-49,pct_flagged_20,0.0036480117967695996,0.0016415470998417524,0.005954049997671297,0.001102910542419643,200,percentile
PREVENT-CVD,age_group,40-49,TPR_20,0.020429637282359973,0.0,0.06428150786347994,0.02192794139627675,200,percentile
PREVENT-CVD,age_group,40-49,FPR_20,0.003841059577181067,0.001685208803460752,0.006308408096530085,0.0011424958285212938,200,percentile
PREVENT-CVD,age_group,40-49,rel_OE,0.8764386416490159,0.5539903109761553,1.2571153051842847,0.1852396443906806,200,percentile
PREVENT-CVD,age_group,50-59,n,3406.0,1627.95,1800.275,43.64096290431826,200,percentile
PREVENT-CVD,age_group,50-59,events,45.0,16.0,29.025000000000006,3.4105364378598635,200,percentile
PREVENT-CVD,age_group,50-59,observed,0.010489009079613369,0.00700583177926095,0.01403982484012365,0.001897770124377253,200,percentile
PREVENT-CVD,age_group,50-59,expected,0.053446906467042296,0.051824401764112245,0.05499233287921184,0.0008138128466884816,200,percentile
PREVENT-CVD,age_group,50-59,OE,0.19625100446330512,0.13238045223357015,0.26099122469487146,0.03462133353214531,200,percentile
PREVENT-CVD,age_group,50-59,cal_intercept,-1.700964480435405,-2.0916943636871506,-1.4058916633854133,0.18075588844812993,200,percentile
PREVENT-CVD,age_group,50-59,cal_slope,1.1162727458459685,0.4226984132242693,1.7426656047809002,0.3408285676601659,200,percentile
PREVENT-CVD,age_group,50-59,AUC,0.6930886440603296,0.5732926074003849,0.7960010612323097,0.05850334662091072,200,percentile
PREVENT-CVD,age_group,50-59,brier,0.01277695807346165,0.0098158082639577,0.01575725144709844,0.0016472255059025228,200,percentile
PREVENT-CVD,age_group,50-59,scaled_brier,-0.23104062716018658,-0.3967263685386397,-0.13205898367647792,0.07420959702809006,200,percentile
PREVENT-CVD,age_group,50-59,pct_flagged_7.5,0.1787931279410134,0.16534326634135502,0.1940394402766666,0.00739191094268791,200,percentile
PREVENT-CVD,age_group,50-59,TPR_7.5,0.4548587941883977,0.29116630203923327,0.6509627680031815,0.08972047160127598,200,percentile
PREVENT-CVD,age_group,50-59,FPR_7.5,0.1744768157748787,0.16002148047519177,0.19063115619370427,0.00775469740120382,200,percentile
PREVENT-CVD,age_group,50-59,pct_flagged_20,0.00920492121795041,0.005709705135991765,0.012297029323043622,0.0017901197650373026,200,percentile
PREVENT-CVD,age_group,50-59,TPR_20,0.13451828913821706,0.030887488550308206,0.25187629983951504,0.06322966556966013,200,percentile
PREVENT-CVD,age_group,50-59,FPR_20,0.008192584356684306,0.005131767981296749,0.010922116466527675,0.001541775783800943,200,percentile
PREVENT-CVD,age_group,50-59,rel_OE,0.6972118791815486,0.5111456199419275,0.9060955247622308,0.10666136997625822,200,percentile
PREVENT-CVD,age_group,60-69,n,3441.0,1635.9,1818.025,46.60562623745041,200,percentile
PREVENT-CVD,age_group,60-69,events,102.0,41.975,59.025000000000006,4.820055984995658,200,percentile
PREVENT-CVD,age_group,60-69,observed,0.02748240160978038,0.02009161283071983,0.03377440582077536,0.0034137971458165525,200,percentile
PREVENT-CVD,age_group,60-69,expected,0.1075646808709646,0.10547598461600212,0.10983311149092609,0.001103277036087522,200,percentile
PREVENT-CVD,age_group,60-69,OE,0.2554965197428371,0.1879768741419059,0.3148081715695016,0.031788593602842315,200,percentile
PREVENT-CVD,age_group,60-69,cal_intercept,-1.4792790059055936,-1.796769853421175,-1.2593084138968829,0.13207952954264124,200,percentile
PREVENT-CVD,age_group,60-69,cal_slope,1.024898508114912,0.4063012368640406,1.6467653960573057,0.30389723543440483,200,percentile
PREVENT-CVD,age_group,60-69,AUC,0.6424314408910503,0.5563539537560693,0.7312580459589173,0.04376497633948601,200,percentile
PREVENT-CVD,age_group,60-69,brier,0.034222987518011096,0.028908000479966837,0.03879065987921331,0.0025265833993994113,200,percentile
PREVENT-CVD,age_group,60-69,scaled_brier,-0.28045926862314907,-0.47080536396273265,-0.1751407741185159,0.07341917777256153,200,percentile
PREVENT-CVD,age_group,60-69,pct_flagged_7.5,0.6947854586798348,0.6777173182431164,0.7165640490650181,0.010412500142948493,200,percentile
PREVENT-CVD,age_group,60-69,TPR_7.5,0.8420432599627831,0.7367237833715864,0.9490269700550718,0.05177104042192047,200,percentile
PREVENT-CVD,age_group,60-69,FPR_7.5,0.700119006131933,0.6813781055031922,0.7219998963544594,0.010990609866118398,200,percentile
PREVENT-CVD,age_group,60-69,pct_flagged_20,0.06426283168464336,0.056231557586163015,0.07478115224468368,0.005009891229570998,200,percentile
PREVENT-CVD,age_group,60-69,TPR_20,0.17037879026492928,0.07450798953684065,0.26130816151351655,0.04909479947887014,200,percentile
PREVENT-CVD,age_group,60-69,FPR_20,0.060388788261281794,0.05224387597720867,0.07092472167163684,0.005089110881926135,200,percentile
PREVENT-CVD,age_group,60-69,rel_OE,0.9076906849032544,0.7130404208958091,1.073391302301412,0.09078751286653028,200,percentile
PREVENT-CVD,age_group,70-79,n,2199.0,1038.9,1179.05,34.74548378158054,200,percentile
PREVENT-CVD,age_group,70-79,events,180.0,77.975,101.025,6.3635089558478475,200,percentile
PREVENT-CVD,age_group,70-79,observed,0.07518562748041359,0.06098421247699379,0.0879326116707674,0.007149773191958585,200,percentile
PREVENT-CVD,age_group,70-79,expected,0.1942638980723143,0.19080865853293716,0.1973718409086476,0.0017214177758216485,200,percentile
PREVENT-CVD,age_group,70-79,OE,0.38702830647630626,0.31358196827710055,0.4504849812996951,0.03636459662432274,200,percentile
PREVENT-CVD,age_group,70-79,cal_intercept,-1.1081745089313881,-1.3330302272068693,-0.9418559762289284,0.10354722550064493,200,percentile
PREVENT-CVD,age_group,70-79,cal_slope,1.5616472509618542,1.2284570050353198,1.9507928329249717,0.19419222051336987,200,percentile
PREVENT-CVD,age_group,70-79,AUC,0.6758385203023365,0.6390423197177851,0.7204610286565362,0.02144401999188891,200,percentile
PREVENT-CVD,age_group,70-79,brier,0.08204018067975585,0.07396740996543393,0.09033206111315538,0.004190601285872583,200,percentile
PREVENT-CVD,age_group,70-79,scaled_brier,-0.17987828723428567,-0.3043047073163783,-0.10777400929020767,0.0490487769274718,200,percentile
PREVENT-CVD,age_group,70-79,pct_flagged_7.5,0.9913230529738254,0.9871258489497365,0.995637283366478,0.0023538129034914542,200,percentile
PREVENT-CVD,age_group,70-79,TPR_7.5,1.0,1.0,1.0,0.0,200,percentile
PREVENT-CVD,age_group,70-79,FPR_7.5,0.9908088689996859,0.9849518587408098,0.9957851495114693,0.0028051847256253017,200,percentile
PREVENT-CVD,age_group,70-79,pct_flagged_20,0.42510648756735886,0.39856791026581545,0.44836440537869704,0.01314342895213007,200,percentile
PREVENT-CVD,age_group,70-79,TPR_20,0.6776977198859445,0.606289954860756,0.7602927882620407,0.03912861231274941,200,percentile
PREVENT-CVD,age_group,70-79,FPR_20,0.4034782129349384,0.37447957161715806,0.43085862357194094,0.015531598162171043,200,percentile
PREVENT-CVD,age_group,70-79,rel_OE,1.3749775884854256,1.1492937651899875,1.5951527525483842,0.11479065394905083,200,percentile
PREVENT-CVD,income,PIR 1.3-3.5,n,4520.0,2170.925,2388.025,54.24898026042982,200,percentile
PREVENT-CVD,income,PIR 1.3-3.5,events,144.0,59.975,83.0,6.214246478575054,200,percentile
PREVENT-CVD,income,PIR 1.3-3.5,observed,0.024808312919204586,0.019594608039444846,0.029744718919790303,0.0028024703417131288,200,percentile
PREVENT-CVD,income,PIR 1.3-3.5,expected,0.08133851819011581,0.07836627300222807,0.08496773339465105,0.001549675820603231,200,percentile
PREVENT-CVD,income,PIR 1.3-3.5,OE,0.30500079754611603,0.23768414326562093,0.36177802977934365,0.033191334065214115,200,percentile
PREVENT-CVD,income,PIR 1.3-3.5,cal_intercept,-1.3105273863744067,-1.57265006129789,-1.1353411184754951,0.1153402350624475,200,percentile
PREVENT-CVD,income,PIR 1.3-3.5,cal_slope,1.4652088384313018,1.1882326737699906,1.869713281100952,0.18628404823477854,200,percentile
PREVENT-CVD,income,PIR 1.3-3.5,AUC,0.8311947231953356,0.7938164863229428,0.8732338971837041,0.021807204721311976,200,percentile
PREVENT-CVD,income,PIR 1.3-3.5,brier,0.02766657232376511,0.024168769797722176,0.03157328632916965,0.0020017878574607865,200,percentile
PREVENT-CVD,income,PIR 1.3-3.5,scaled_brier,-0.14358416981115618,-0.2952889382340639,-0.06228980168835372,0.05729663818859405,200,percentile
PREVENT-CVD,income,PIR 1.3-3.5,pct_flagged_7.5,0.3925530013349104,0.37503067580512,0.4118871398948891,0.009736108252331857,200,percentile
PREVENT-CVD,income,PIR 1.3-3.5,TPR_7.5,0.86212609712505,0.8020866537199697,0.9398722487344016,0.03727669461559874,200,percentile
PREVENT-CVD,income,PIR 1.3-3.5,FPR_7.5,0.3825369435135726,0.364157187197591,0.40402837599657926,0.01059725711308523,200,percentile
PREVENT-CVD,income,PIR 1.3-3.5,pct_flagged_20,0.0943047203921643,0.08305304024500544,0.10539041992964791,0.0052499176541069914,200,percentile
PREVENT-CVD,income,PIR 1.3-3.5,TPR_20,0.49490704263027296,0.40234122055693095,0.6235207191821898,0.055937650967817276,200,percentile
PREVENT-CVD,income,PIR 1.3-3.5,FPR_20,0.08332135477884324,0.07105390956313859,0.09495457307843147,0.00597896208137317,200,percentile
PREVENT-CVD,income,PIR 1.3-3.5,rel_OE,1.0835622461680687,0.8871004352700219,1.25353089664751,0.0943600491733231,200,percentile
PREVENT-CVD,income,PIR<1.3,n,3136.0,1472.825,1683.25,52.700346608569106,200,percentile
PREVENT-CVD,income,PIR<1.3,events,124.0,53.0,71.025,4.84949098504888,200,percentile
PREVENT-CVD,income,PIR<1.3,observed,0.033344338747349433,0.027683901798192287,0.0392704144507419,0.0033336722033804186,200,percentile
PREVENT-CVD,income,PIR<1.3,expected,0.0795002840186486,0.0763052169123083,0.08290504288526869,0.0017735223836613239,200,percentile
PREVENT-CVD,income,PIR<1.3,OE,0.41942414620214136,0.34820734762821853,0.49738934513251026,0.04110129697972933,200,percentile
PREVENT-CVD,income,PIR<1.3,cal_intercept,-0.9759871517267111,-1.1737743549920086,-0.7895158072653128,0.10456565941878136,200,percentile
PREVENT-CVD,income,PIR<1.3,cal_slope,1.0221672362431067,0.7187142678034776,1.3567354505548064,0.1686615815751847,200,percentile
PREVENT-CVD,income,PIR<1.3,AUC,0.7729539714671727,0.7074801331694245,0.8287326593260143,0.0323669308907436,200,percentile
PREVENT-CVD,income,PIR<1.3,brier,0.03450663086922609,0.030117940640015457,0.0397961798105717,0.0026493514717507304,200,percentile
PREVENT-CVD,income,PIR<1.3,scaled_brier,-0.0705541761991586,-0.1467119945468827,-0.0067234038001017194,0.03682010433790646,200,percentile
PREVENT-CVD,income,PIR<1.3,pct_flagged_7.5,0.3677308575616831,0.3458786051675307,0.3917258224875845,0.011207444950258183,200,percentile
PREVENT-CVD,income,PIR<1.3,TPR_7.5,0.7917143760846913,0.6790854966982731,0.8711725914481665,0.048898469712544905,200,percentile
PREVENT-CVD,income,PIR<1.3,FPR_7.5,0.35264159556848745,0.33149745378905676,0.37678009259959944,0.011770639184116452,200,percentile
PREVENT-CVD,income,PIR<1.3,pct_flagged_20,0.09549984808245013,0.0857284338197107,0.10539955044261921,0.005462403045064561,200,percentile
PREVENT-CVD,income,PIR<1.3,TPR_20,0.30351897712952763,0.21719593929840764,0.3816043653957274,0.047058085023434434,200,percentile
PREVENT-CVD,income,PIR<1.3,FPR_20,0.08869960849244811,0.0773376090293121,0.09956851964938111,0.00611429218659197,200,percentile
PREVENT-CVD,income,PIR<1.3,rel_OE,1.4900687919912758,1.2875743387751437,1.7500063683412779,0.12946139998948664,200,percentile
PREVENT-CVD,income,PIR>3.5,n,4696.0,2220.85,2496.075,77.13295820339081,200,percentile
PREVENT-CVD,income,PIR>3.5,events,60.0,20.975,39.0,4.404702831653446,200,percentile
PREVENT-CVD,income,PIR>3.5,observed,0.010632934308043336,0.007349050783852543,0.013720164086227985,0.0016739752586817243,200,percentile
PREVENT-CVD,income,PIR>3.5,expected,0.054246701249295,0.052364962336648696,0.0563953848043339,0.0010309880925567247,200,percentile
PREVENT-CVD,income,PIR>3.5,OE,0.1960107078065235,0.1349381223978565,0.2523232532695133,0.030660098657474717,200,percentile
PREVENT-CVD,income,PIR>3.5,cal_intercept,-1.7324168465164889,-2.1012451611022995,-1.467598413953045,0.164951420372288,200,percentile
PREVENT-CVD,income,PIR>3.5,cal_slope,1.0777791475486602,0.7640099441907163,1.5571956397807365,0.20548379136021516,200,percentile
PREVENT-CVD,income,PIR>3.5,AUC,0.7701622768915748,0.6989418760377379,0.860318480667619,0.04091655222077979,200,percentile
PREVENT-CVD,income,PIR>3.5,brier,0.01394998955818675,0.01124891818213184,0.016953308643567616,0.001397547132335858,200,percentile
PREVENT-CVD,income,PIR>3.5,scaled_brier,-0.32606038920721114,-0.548847211381624,-0.19024816376590836,0.09150169436852375,200,percentile
PREVENT-CVD,income,PIR>3.5,pct_flagged_7.5,0.22270553044427444,0.2088013923818314,0.23830852246478612,0.00776336512774915,200,percentile
PREVENT-CVD,income,PIR>3.5,TPR_7.5,0.6039859677345,0.43906832573277527,0.7942346064494232,0.08312952984373738,200,percentile
PREVENT-CVD,income,PIR>3.5,FPR_7.5,0.22024080538274696,0.20617649396891016,0.23704072603029563,0.008446395038941281,200,percentile
PREVENT-CVD,income,PIR>3.5,pct_flagged_20,0.03047491373299499,0.02586785390906721,0.03538293296171834,0.00258268476278224,200,percentile
PREVENT-CVD,income,PIR>3.5,TPR_20,0.21714745047605072,0.12322684120674124,0.31741270615881634,0.04987931241977404,200,percentile
PREVENT-CVD,income,PIR>3.5,FPR_20,0.028847697504846493,0.023211906277209145,0.03422410072312243,0.002898113967869291,200,percentile
PREVENT-CVD,income,PIR>3.5,rel_OE,0.6963581883477414,0.5129224896964042,0.845942121598291,0.08805116228446556,200,percentile
PREVENT-CVD,education,<HS,n,4127.0,1938.9,2184.225,65.42879362464113,200,percentile
PREVENT-CVD,education,<HS,events,151.0,66.0,86.025,5.802364792559121,200,percentile
PREVENT-CVD,education,<HS,observed,0.032376908726087124,0.026536536549414846,0.03914590677144912,0.0034712574463381797,200,percentile
PREVENT-CVD,education,<HS,expected,0.09184672296375025,0.087879567382751,0.09611205252085163,0.002044188074802987,200,percentile
PREVENT-CVD,education,<HS,OE,0.3525102222630799,0.28445384204527413,0.4270872278484872,0.03642605049320276,200,percentile
PREVENT-CVD,education,<HS,cal_intercept,-1.189235581155828,-1.3994896838728372,-0.9892311115529556,0.10827476988885858,200,percentile
PREVENT-CVD,education,<HS,cal_slope,1.064411101121977,0.7038569492202376,1.3963082526305641,0.2005927361530144,200,percentile
PREVENT-CVD,education,<HS,AUC,0.7727843474422785,0.7063039741233198,0.8173289389364253,0.03245015695670537,200,percentile
PREVENT-CVD,education,<HS,brier,0.036166177669560706,0.032330316053764525,0.04170107790840571,0.002365105329552819,200,percentile
PREVENT-CVD,education,<HS,scaled_brier,-0.15441246304109058,-0.2890722717414338,-0.05914007984260944,0.05675863349471213,200,percentile
PREVENT-CVD,education,<HS,pct_flagged_7.5,0.4410244573331521,0.4166666981735869,0.46440846897893423,0.011992314338884716,200,percentile
PREVENT-CVD,education,<HS,TPR_7.5,0.8694061696162483,0.7966565809640037,0.9324994166422534,0.03615770561061649,200,percentile
PREVENT-CVD,education,<HS,FPR_7.5,0.4359227478273087,0.4141232921423565,0.46184576704290636,0.013223363923567325,200,percentile
PREVENT-CVD,education,<HS,pct_flagged_20,0.11910109734862247,0.1052824418793134,0.13329277890732016,0.007190441731799341,200,percentile
PREVENT-CVD,education,<HS,TPR_20,0.4266837252573276,0.2994855460723679,0.5426512212641127,0.06249016639587366,200,percentile
PREVENT-CVD,education,<HS,FPR_20,0.11245674650271507,0.0984230229516855,0.12582810508470302,0.007320809858073325,200,percentile
PREVENT-CVD,education,<HS,rel_OE,1.2523467850107335,1.047457210487505,1.5064831832487056,0.12171969332333753,200,percentile
PREVENT-CVD,education,College+,n,2796.0,1304.975,1500.025,53.95514585115207,200,percentile
PREVENT-CVD,education,College+,events,48.0,16.975,31.0,3.678591466292416,200,percentile
PREVENT-CVD,education,College+,observed,0.011890496825387504,0.0074329945776317186,0.015442930003298673,0.001967586377508383,200,percentile
PREVENT-CVD,education,College+,expected,0.05355162618924476,0.05125580953580511,0.0561073173423265,0.0013605456213060356,200,percentile
PREVENT-CVD,education,College+,OE,0.22203801586469052,0.1414687345242834,0.29120720634316494,0.036656571801356695,200,percentile
PREVENT-CVD,education,College+,cal_intercept,-1.6087533282241662,-2.078837521596369,-1.331684257827242,0.17927143067967063,200,percentile
PREVENT-CVD,education,College+,cal_slope,1.4838994033623085,1.0492874222332993,2.202394518614903,0.2732536032208765,200,percentile
PREVENT-CVD,education,College+,AUC,0.8408088351039306,0.7714250012746147,0.9141149692241407,0.040304563163636106,200,percentile
PREVENT-CVD,education,College+,brier,0.014139403566850069,0.01107371610681291,0.0166763591449661,0.0014561720884444305,200,percentile
PREVENT-CVD,education,College+,scaled_brier,-0.2034443514500488,-0.5116035612480268,-0.08163351078395777,0.1017982484450707,200,percentile
PREVENT-CVD,education,College+,pct_flagged_7.5,0.2228755020735189,0.20591139850167084,0.24321226197555224,0.010658893463976239,200,percentile
PREVENT-CVD,education,College+,TPR_7.5,0.7213971688359372,0.5401072957993739,0.8824137260855611,0.08331106061184677,200,percentile
PREVENT-CVD,education,College+,FPR_7.5,0.21908891819392431,0.20091460282856471,0.23987903247690381,0.010760213133798192,200,percentile
PREVENT-CVD,education,College+,pct_flagged_20,0.0376149395579443,0.03198609641148385,0.043480968828750195,0.002983719331983536,200,percentile
PREVENT-CVD,education,College+,TPR_20,0.38252917144976434,0.2642789378562303,0.5302356712346243,0.06977292769373063,200,percentile
PREVENT-CVD,education,College+,FPR_20,0.032836526417641045,0.025688982577693694,0.0397691050049606,0.003772548698093203,200,percentile
PREVENT-CVD,education,College+,rel_OE,0.7888242035454609,0.5064397036781342,1.0239671328479978,0.12107941270551073,200,percentile
PREVENT-CVD,education,HS/GED,n,3138.0,1493.975,1683.2,48.626561542403756,200,percentile
PREVENT-CVD,education,HS/GED,events,90.0,34.975,53.025000000000006,4.906195447477018,200,percentile
PREVENT-CVD,education,HS/GED,observed,0.021187660395128236,0.01528445269397985,0.027484223685357502,0.0033549150451948192,200,percentile
PREVENT-CVD,education,HS/GED,expected,0.07388791093760648,0.0708157962235843,0.07696125261425729,0.001594248756445296,200,percentile
PREVENT-CVD,education,HS/GED,OE,0.2867540863757785,0.20658337845773023,0.368647369260506,0.04397955660780137,200,percentile
PREVENT-CVD,education,HS/GED,cal_intercept,-1.35912944921354,-1.7000732818502458,-1.0934208907869032,0.16512358223701828,200,percentile
PREVENT-CVD,education,HS/GED,cal_slope,1.3431687585407663,0.9726301815783698,1.8655736469310025,0.22462505754732803,200,percentile
PREVENT-CVD,education,HS/GED,AUC,0.8116068192644385,0.7467581089282838,0.8805902413973861,0.033628712814533904,200,percentile
PREVENT-CVD,education,HS/GED,brier,0.024078634276792618,0.01990560890779272,0.029272145176486467,0.002506130652259184,200,percentile
PREVENT-CVD,education,HS/GED,scaled_brier,-0.16104595941440647,-0.3441626010990617,-0.06313716483417788,0.07274739722392348,200,percentile
PREVENT-CVD,education,HS/GED,pct_flagged_7.5,0.3418148034354185,0.3204708965563777,0.36421498245562456,0.010742284383891064,200,percentile
PREVENT-CVD,education,HS/GED,TPR_7.5,0.8160358378546039,0.7054968982166978,0.932307801353202,0.05798036838225322,200,percentile
PREVENT-CVD,education,HS/GED,FPR_7.5,0.3305555585331839,0.31266843818815865,0.3498671619023797,0.010073401257743536,200,percentile
PREVENT-CVD,education,HS/GED,pct_flagged_20,0.07299857900226008,0.06382698096424967,0.08271517873314978,0.004966074727861553,200,percentile
PREVENT-CVD,education,HS/GED,TPR_20,0.4067388000976534,0.29242339858616806,0.5297189649214438,0.06108823187031715,200,percentile
PREVENT-CVD,education,HS/GED,FPR_20,0.06586217023327028,0.05642818361369725,0.07554474023200276,0.004824205207169882,200,percentile
PREVENT-CVD,education,HS/GED,rel_OE,1.0187379981661548,0.7588940484109185,1.235370468827077,0.11795759489746009,200,percentile
PREVENT-CVD,education,Some college,n,3390.0,1620.95,1784.05,43.63422196663034,200,percentile
PREVENT-CVD,education,Some college,events,71.0,27.0,44.0,4.342934538075615,200,percentile
PREVENT-CVD,education,Some college,observed,0.015960103181500224,0.01083857772862259,0.02083309756017719,0.0025254781547531103,200,percentile
PREVENT-CVD,education,Some college,expected,0.06087130297708913,0.058460571472582254,0.06284630368198582,0.0011907998797921495,200,percentile
PREVENT-CVD,education,Some college,OE,0.26219420976592733,0.18041274067181057,0.3467881491317719,0.0407399896818807,200,percentile
PREVENT-CVD,education,Some college,cal_intercept,-1.4417100200671715,-1.8258411365271232,-1.1533836750592763,0.16198242839922497,200,percentile
PREVENT-CVD,education,Some college,cal_slope,1.1067138001092756,0.8297412221704076,1.4483345258511846,0.15878926103235502,200,percentile
PREVENT-CVD,education,Some college,AUC,0.7775285629433609,0.7157899626504376,0.8456260424249247,0.032630760871486725,200,percentile
PREVENT-CVD,education,Some college,brier,0.018982980063639673,0.014961459766086978,0.023388440500001988,0.0021403093705917907,200,percentile
PREVENT-CVD,education,Some college,scaled_brier,-0.20869295317905423,-0.3678330544432513,-0.11281998744880652,0.06425261321308028,200,percentile
PREVENT-CVD,education,Some college,pct_flagged_7.5,0.26987880987285345,0.2527190029331952,0.28663702062811985,0.008953430714309785,200,percentile
PREVENT-CVD,education,Some college,TPR_7.5,0.6502024907569516,0.5140198227290743,0.8295495809906338,0.07724378533116634,200,percentile
PREVENT-CVD,education,Some college,FPR_7.5,0.2648538937647922,0.24624940337944975,0.2824541507789232,0.009304370778044952,200,percentile
PREVENT-CVD,education,Some college,pct_flagged_20,0.041715758227258565,0.03620549412515759,0.04802266219890711,0.0030823218398021877,200,percentile
PREVENT-CVD,education,Some college,TPR_20,0.22008979536315443,0.13265547801557015,0.3279263216169071,0.05011993215056698,200,percentile
PREVENT-CVD,education,Some college,FPR_20,0.03875374096831539,0.032004517738126556,0.04645469517297933,0.003742265510794674,200,percentile
PREVENT-CVD,education,Some college,rel_OE,0.9314852588976382,0.6892758855338915,1.191513090310261,0.1313856022785567,200,percentile
PREVENT-CVD,sex,GAP(max-min),OE,0.052764681917673195,0.0,0.1019505131794768,0.03222396112088898,200,basic
PREVENT-CVD,sex,GAP(max-min),AUC,0.023314587636003137,0.0,0.04473405512406052,0.019877540947756334,200,basic
PREVENT-CVD,sex,GAP(max-min),cal_slope,0.03513361451306585,0.0,0.05538842346249635,0.09572765148986158,200,basic
PREVENT-CVD,sex,GAP(max-min),TPR_7.5,0.005516743190038587,0.0,0.008072000896958965,0.032557752800681024,200,basic
PREVENT-CVD,sex,GAP(max-min),FPR_7.5,0.05185163854832803,0.034766793378686475,0.07202906534968707,0.009596287936142898,200,basic
PREVENT-CVD,sex,GAP(max-min),pct_flagged_7.5,0.05869482830058831,0.042762538201460976,0.07776715151962132,0.009339255074839202,200,basic
PREVENT-CVD,sex,GAP(max/min),OE,1.2079172777753242,1.0,1.4030222825147216,0.14038017779864168,200,basic
PREVENT-CVD,race,GAP(max-min),OE,0.10112151982190523,0.0,0.1828910489126491,0.04851275754664226,200,basic
PREVENT-CVD,race,GAP(max-min),AUC,0.12268180684178986,0.027431278016319532,0.22305168694270125,0.05308178320792542,200,basic
PREVENT-CVD,race,GAP(max-min),cal_slope,0.6216484013302004,0.13598487425489725,1.0511481426947813,0.23502004010844685,200,basic
PREVENT-CVD,race,GAP(max-min),TPR_7.5,0.21372185887704587,0.0,0.37743880749920283,0.11038587196449623,200,basic
PREVENT-CVD,race,GAP(max-min),FPR_7.5,0.08593947773289728,0.044160782373430685,0.1180218989550667,0.02036183519366499,200,basic
PREVENT-CVD,race,GAP(max-min),pct_flagged_7.5,0.06969411788491447,0.02124423510961808,0.0999712130444807,0.020300255676552078,200,basic
PREVENT-CVD,race,GAP(max/min),OE,1.4215972383320004,1.0,1.7659267221563506,0.2954311313157138,200,basic
PREVENT-CVD,age_group,GAP(max-min),OE,0.19077730201300114,0.09619873512917015,0.27273293308851687,0.047744553700762846,200,basic
PREVENT-CVD,age_group,GAP(max-min),AUC,0.1462466888765116,0.0,0.23001959194727828,0.06261849950156814,200,basic
PREVENT-CVD,age_group,GAP(max-min),cal_slope,0.5367487428469422,0.0,0.8102697214031024,0.2997446245850812,200,basic
PREVENT-CVD,age_group,GAP(max-min),TPR_7.5,0.6725555933429037,0.48397647091795604,0.8132967773419262,0.08477367196256003,200,basic
PREVENT-CVD,age_group,GAP(max-min),FPR_7.5,0.9571387276275203,0.949196067070452,0.9648425199817823,0.010762873501428662,200,basic
PREVENT-CVD,age_group,GAP(max-min),pct_flagged_7.5,0.9535493984212671,0.9455772367256452,0.9603919007894621,0.010491009533536934,200,basic
PREVENT-CVD,age_group,GAP(max/min),OE,1.972108665302004,1.0,2.481062646739978,0.4205138814755734,200,basic
PREVENT-CVD,income,GAP(max-min),OE,0.22341343839561786,0.13200859945933258,0.3015126863663022,0.04484910170487925,200,basic
PREVENT-CVD,income,GAP(max-min),AUC,0.06103244630376081,0.0,0.10439188341649235,0.03269220378399297,200,basic
PREVENT-CVD,income,GAP(max-min),cal_slope,0.4430416021881951,0.0,0.7746983695469111,0.22041112662404375,200,basic
PREVENT-CVD,income,GAP(max-min),TPR_7.5,0.25814012939055,0.09626726106538686,0.4248797309162474,0.0817870503888633,200,basic
PREVENT-CVD,income,GAP(max-min),FPR_7.5,0.16229613813082563,0.13696807375913247,0.1875574529352388,0.012912065131286014,200,basic
PREVENT-CVD,income,GAP(max-min),pct_flagged_7.5,0.16984747089063595,0.1459400038455172,0.1917310507849869,0.012164136648752056,200,basic
PREVENT-CVD,income,GAP(max/min),OE,2.1398022123165985,1.1893962387391248,2.6428662380718406,0.38180662242136004,200,basic
PREVENT-CVD,education,GAP(max-min),OE,0.13047220639838936,0.023127862965575313,0.1902256076579758,0.04614670125457942,200,basic
PREVENT-CVD,education,GAP(max-min),AUC,0.06802448766165203,0.0,0.09917644094539667,0.03563487666942671,200,basic
PREVENT-CVD,education,GAP(max-min),cal_slope,0.4194883022403315,0.0,0.65691579177068,0.24846705739215164,200,basic
PREVENT-CVD,education,GAP(max-min),TPR_7.5,0.2192036788592967,0.04175685736663709,0.3265622238746496,0.07166101557501925,200,basic
PREVENT-CVD,education,GAP(max-min),FPR_7.5,0.2168338296333844,0.18422988036393906,0.24604111325265493,0.016031396269709775,200,basic
PREVENT-CVD,education,GAP(max-min),pct_flagged_7.5,0.2181489552596332,0.18616679838648165,0.24977638452671527,0.016378585633438098,200,basic
PREVENT-CVD,education,GAP(max/min),OE,1.5876120172047423,1.0,1.8937759653768826,0.3430033884879152,200,basic
PREVENT-ASCVD,Overall,All,n,13466.0,6549.975,6986.575,116.30726406105006,200,percentile
PREVENT-ASCVD,Overall,All,events,362.0,165.95,199.025,9.038131116019047,200,percentile
PREVENT-ASCVD,Overall,All,observed,0.019019590401501755,0.0162500167797753,0.02226417794119519,0.0014553929407854836,200,percentile
PREVENT-ASCVD,Overall,All,expected,0.0424570989604824,0.04131410711827654,0.04354417354484061,0.0005900236519618223,200,percentile
PREVENT-ASCVD,Overall,All,OE,0.447971973290133,0.38948443890698753,0.5249450976228764,0.03233724996665905,200,percentile
PREVENT-ASCVD,Overall,All,cal_intercept,-0.8561801715748384,-0.9955938846390127,-0.6999950778206607,0.07221414469404844,200,percentile
PREVENT-ASCVD,Overall,All,cal_slope,1.3281472393395424,1.1148994214606518,1.6174784270638574,0.12674957780823085,200,percentile
PREVENT-ASCVD,Overall,All,AUC,0.8061447204797932,0.7715500966779251,0.8437112051677259,0.019358315712448778,200,percentile
PREVENT-ASCVD,Overall,All,brier,0.018743590770067247,0.016522240452064726,0.021564045189902015,0.0012622119752577633,200,percentile
PREVENT-ASCVD,Overall,All,scaled_brier,-0.004595663911324932,-0.030151602197473544,0.016385219094007357,0.012973542072365,200,percentile
PREVENT-ASCVD,Overall,All,pct_flagged_7.5,0.17821618554581956,0.17049687885509537,0.18764124279201813,0.004385591891486458,200,percentile
PREVENT-ASCVD,Overall,All,TPR_7.5,0.6307117351272159,0.5627338859720458,0.7123640148766572,0.04195436268644151,200,percentile
PREVENT-ASCVD,Overall,All,FPR_7.5,0.16923543080134207,0.1597939082650983,0.1795252473616517,0.005161965516240174,200,percentile
PREVENT-ASCVD,Overall,All,pct_flagged_20,0.004949756042563991,0.003921892705384573,0.006081224314025363,0.0005672594502620619,200,percentile
PREVENT-ASCVD,Overall,All,TPR_20,0.047331446201746584,0.02268746929875191,0.07422393093479532,0.013924467094241213,200,percentile
PREVENT-ASCVD,Overall,All,FPR_20,0.004034278695738124,0.0030580611044152993,0.0050084820499587315,0.0005156527406813534,200,percentile
PREVENT-ASCVD,Overall,All,rel_OE,1.0,1.0,1.0,0.0,200,percentile
PREVENT-ASCVD,sex,Female,n,6883.0,3348.95,3578.15,61.643712057118236,200,percentile
PREVENT-ASCVD,sex,Female,events,145.0,62.0,85.0,6.11168869408998,200,percentile
PREVENT-ASCVD,sex,Female,observed,0.01550122652400136,0.012528100855061624,0.01828931830786972,0.0015613007824584707,200,percentile
PREVENT-ASCVD,sex,Female,expected,0.03698749956124956,0.035575384861481624,0.03834639595976197,0.0007263958300064319,200,percentile
PREVENT-ASCVD,sex,Female,OE,0.4190936588814839,0.35027222280862874,0.49214747286273475,0.03855295540426261,200,percentile
PREVENT-ASCVD,sex,Female,cal_intercept,-0.926711840333845,-1.1161140573037578,-0.7694258670915748,0.09366878391002859,200,percentile
PREVENT-ASCVD,sex,Female,cal_slope,1.371360084742895,1.0351888741625392,1.7827477273232142,0.18696453188249962,200,percentile
PREVENT-ASCVD,sex,Female,AUC,0.8180962160124411,0.7588057144042466,0.8635861847827601,0.027521155917035377,200,percentile
PREVENT-ASCVD,sex,Female,brier,0.015291099768781522,0.012600569216146417,0.01791121206572187,0.0013627030496584313,200,percentile
PREVENT-ASCVD,sex,Female,scaled_brier,-0.001976370491766577,-0.04206914938900707,0.024233099786562143,0.016756203742250904,200,percentile
PREVENT-ASCVD,sex,Female,pct_flagged_7.5,0.15169364521615447,0.14212959960233526,0.1628493300530637,0.005215923399196015,200,percentile
PREVENT-ASCVD,sex,Female,TPR_7.5,0.6496231618493696,0.5308046352596524,0.7521435935520733,0.05763847411656116,200,percentile
PREVENT-ASCVD,sex,Female,FPR_7.5,0.1455946190481109,0.13538270703946068,0.1569997042949382,0.005879924874003458,200,percentile
PREVENT-ASCVD,sex,Female,pct_flagged_20,0.0026421680873624964,0.0017545961692201808,0.003873847358635525,0.0005494827657714607,200,percentile
PREVENT-ASCVD,sex,Female,TPR_20,0.04523618787134226,0.012204513643345119,0.08118015453819352,0.019792819112675854,200,percentile
PREVENT-ASCVD,sex,Female,FPR_20,0.0021273822163963337,0.001108428319378697,0.00311351805564301,0.0005022082478661938,200,percentile
PREVENT-ASCVD,sex,Female,rel_OE,0.935535443888259,0.8234005573927083,1.0635671003789906,0.06435986570793416,200,percentile
PREVENT-ASCVD,sex,Male,n,6583.0,3189.9,3428.1,62.9822163222629,200,percentile
PREVENT-ASCVD,sex,Male,events,217.0,95.0,122.025,7.3893580956214695,200,percentile
PREVENT-ASCVD,sex,Male,observed,0.022927328551733867,0.019565152887272143,0.02805681210964602,0.002226526655470356,200,percentile
PREVENT-ASCVD,sex,Male,expected,0.0485466729709643,0.04712756773491775,0.04975014991092651,0.0006902384548773902,200,percentile
PREVENT-ASCVD,sex,Male,OE,0.4722739406971652,0.4042995172490699,0.5786196241493811,0.045004298443866095,200,percentile
PREVENT-ASCVD,sex,Male,cal_intercept,-0.7994521292842675,-0.9590064511385625,-0.5936786359700182,0.0967005588885089,200,percentile
PREVENT-ASCVD,sex,Male,cal_slope,1.2861844831871465,1.0526719832214553,1.5568324680500691,0.13184529525829633,200,percentile
PREVENT-ASCVD,sex,Male,AUC,0.7872694798148526,0.7448900274851075,0.8280119951142006,0.022001921548051,200,percentile
PREVENT-ASCVD,sex,Male,brier,0.02257816595012002,0.019717381816810726,0.026773126131826905,0.0018808480332790554,200,percentile
PREVENT-ASCVD,sex,Male,scaled_brier,-0.007878868994235955,-0.04464692237005503,0.021945136039887406,0.016865244220609737,200,percentile
PREVENT-ASCVD,sex,Male,pct_flagged_7.5,0.20774503409479014,0.19677540019999096,0.21959850382035687,0.005750044961397143,200,percentile
PREVENT-ASCVD,sex,Male,TPR_7.5,0.6165106476009263,0.532522231663823,0.7089891471456131,0.046234928970740954,200,percentile
PREVENT-ASCVD,sex,Male,FPR_7.5,0.19569211415560805,0.184505051173294,0.2095620433912306,0.006629613488839079,200,percentile
PREVENT-ASCVD,sex,Male,pct_flagged_20,0.007518907202129181,0.005638358402489103,0.009148015494823707,0.000991235174111625,200,percentile
PREVENT-ASCVD,sex,Male,TPR_20,0.04890483076851764,0.01591901017022385,0.08357793148925911,0.017850129982420276,200,percentile
PREVENT-ASCVD,sex,Male,FPR_20,0.006168306785379116,0.00436308792712176,0.008062996175064454,0.0009510855822548931,200,percentile
PREVENT-ASCVD,sex,Male,rel_OE,1.0542488567500021,0.9451403631911784,1.1499430316364196,0.05445561637933278,200,percentile
PREVENT-ASCVD,race,Mexican American,n,2794.0,1145.85,1619.0,121.41411175256074,200,percentile
PREVENT-ASCVD,race,Mexican American,events,62.0,19.0,40.025000000000006,5.467124219933264,200,percentile
PREVENT-ASCVD,race,Mexican American,observed,0.016964214623544305,0.009631503203861877,0.023200238450520924,0.0035460752957624667,200,percentile
PREVENT-ASCVD,race,Mexican American,expected,0.04018674397918723,0.037369294422206385,0.04240271182537718,0.0014036932705115853,200,percentile
PREVENT-ASCVD,race,Mexican American,OE,0.4221345882694576,0.25416349788048903,0.574562419052365,0.08338500723605928,200,percentile
PREVENT-ASCVD,race,Mexican American,cal_intercept,-0.9189784556132177,-1.4089186101803297,-0.5973037601853819,0.21265032463840847,200,percentile
PREVENT-ASCVD,race,Mexican American,cal_slope,1.0574501414081912,0.7643311910296027,1.5123000814735752,0.19767970488658107,200,percentile
PREVENT-ASCVD,race,Mexican American,AUC,0.7850787485741765,0.7139468382661492,0.8630522399716298,0.03837578872634961,200,percentile
PREVENT-ASCVD,race,Mexican American,brier,0.01742667420334735,0.011088662152989145,0.022922166329868397,0.003175214947510411,200,percentile
PREVENT-ASCVD,race,Mexican American,scaled_brier,-0.04498829518898684,-0.12901832255908505,-0.0019282581145329742,0.03976854880937821,200,percentile
PREVENT-ASCVD,race,Mexican American,pct_flagged_7.5,0.15909602548034238,0.13775254203079973,0.17726081521685708,0.010438280883911839,200,percentile
PREVENT-ASCVD,race,Mexican American,TPR_7.5,0.5706678012772854,0.4271235545435689,0.737678348946391,0.08652977051416283,200,percentile
PREVENT-ASCVD,race,Mexican American,FPR_7.5,0.15392505560601438,0.13332061597078232,0.17222206423349865,0.010493117102872328,200,percentile
PREVENT-ASCVD,race,Mexican American,pct_flagged_20,0.006871990109268603,0.0031532777734046384,0.009650129350485724,0.0016537827451245284,200,percentile
PREVENT-ASCVD,race,Mexican American,TPR_20,0.058457158917485805,0.0,0.11436487809872635,0.030910257765622492,200,percentile
PREVENT-ASCVD,race,Mexican American,FPR_20,0.007651336677079049,0.0028958427247932077,0.012300255450267904,0.002546984280229565,200,percentile
PREVENT-ASCVD,race,Mexican American,rel_OE,0.9423236573687578,0.6020887570547326,1.3184966817999417,0.184880179776613,200,percentile
PREVENT-ASCVD,race,NH Black,n,2577.0,1128.725,1444.15,80.62646656373303,200,percentile
PREVENT-ASCVD,race,NH Black,events,85.0,32.0,55.025000000000006,5.648284303918265,200,percentile
PREVENT-ASCVD,race,NH Black,observed,0.025578082541956617,0.020286024190519617,0.03069837434964328,0.002788530360386717,200,percentile
PREVENT-ASCVD,race,NH Black,expected,0.045569274218911784,0.04335707971255224,0.04726693848501258,0.0010530482017922429,200,percentile
PREVENT-ASCVD,race,NH Black,OE,0.561301073593606,0.4496613368623153,0.6775246431625089,0.06058348150905451,200,percentile
PREVENT-ASCVD,race,NH Black,cal_intercept,-0.6463792087979365,-0.8904215827525289,-0.4471960382050346,0.11747946191476531,200,percentile
PREVENT-ASCVD,race,NH Black,cal_slope,1.143021716742284,0.8125107099394209,1.514736662061206,0.18145734144640596,200,percentile
PREVENT-ASCVD,race,NH Black,AUC,0.7828968181371934,0.71775986660537,0.8465743123495161,0.0330371325885991,200,percentile
PREVENT-ASCVD,race,NH Black,brier,0.024566947412662868,0.02027542567140807,0.028616746729951507,0.0022900135919879513,200,percentile
PREVENT-ASCVD,race,NH Black,scaled_brier,0.014319493389515547,-0.03381717409382941,0.04793212984002462,0.022619487435689395,200,percentile
PREVENT-ASCVD,race,NH Black,pct_flagged_7.5,0.20136117942053278,0.18292291835104468,0.21852216847309122,0.008985615748650727,200,percentile
PREVENT-ASCVD,race,NH Black,TPR_7.5,0.6424538979942566,0.5166321363312014,0.7458808171181899,0.05716363172704682,200,percentile
PREVENT-ASCVD,race,NH Black,FPR_7.5,0.195312620823769,0.17432790319235938,0.21554395601937015,0.010468006967878276,200,percentile
PREVENT-ASCVD,race,NH Black,pct_flagged_20,0.008854047055525184,0.00567627271058949,0.0115254944985315,0.001510317495745057,200,percentile
PREVENT-ASCVD,race,NH Black,TPR_20,0.05455403898208317,0.017999609480356463,0.09943218659046434,0.021505201917143415,200,percentile
PREVENT-ASCVD,race,NH Black,FPR_20,0.007205886701140929,0.004697257800405485,0.009550388380765787,0.0013508473484013948,200,percentile
PREVENT-ASCVD,race,NH Black,rel_OE,1.25298256824222,0.9818321336807152,1.5010319515906825,0.13743072182914667,200,percentile
PREVENT-ASCVD,race,NH White,n,6689.0,3072.275,3686.4,156.1562920208099,200,percentile
PREVENT-ASCVD,race,NH White,events,191.0,83.0,115.05000000000001,8.523274372572477,200,percentile
PREVENT-ASCVD,race,NH White,observed,0.01875577802761195,0.015678117134997872,0.023020887600896885,0.0018421529313167853,200,percentile
PREVENT-ASCVD,race,NH White,expected,0.04238493302958802,0.04107964509171939,0.04359851514316608,0.0006974246428005754,200,percentile
PREVENT-ASCVD,race,NH White,OE,0.4425105028364429,0.37225544543622197,0.5361389855259758,0.04072412663586831,200,percentile
PREVENT-ASCVD,race,NH White,cal_intercept,-0.8636683817680922,-1.0345787345307937,-0.6711369499261819,0.0924543557096183,200,percentile
PREVENT-ASCVD,race,NH White,cal_slope,1.5152826262850085,1.2451069562591839,1.8953311977270388,0.15442618268911285,200,percentile
PREVENT-ASCVD,race,NH White,AUC,0.8292689577315379,0.7866724684849727,0.8689928795728513,0.020006439243029056,200,percentile
PREVENT-ASCVD,race,NH White,brier,0.018334144472502062,0.015650595722308945,0.022005145404860624,0.0015735796814954656,200,percentile
PREVENT-ASCVD,race,NH White,scaled_brier,0.0037956069427582673,-0.02808784697374667,0.027843838955307027,0.015345502434803192,200,percentile
PREVENT-ASCVD,race,NH White,pct_flagged_7.5,0.1785538395056074,0.16997992361997366,0.18794580484903123,0.0049564976110780595,200,percentile
PREVENT-ASCVD,race,NH White,TPR_7.5,0.6599122625473797,0.5693259340204601,0.7605575907508192,0.04830794922569331,200,percentile
PREVENT-ASCVD,race,NH White,FPR_7.5,0.16736575145353777,0.15857751204453824,0.17937847621485306,0.005545266681677522,200,percentile
PREVENT-ASCVD,race,NH White,pct_flagged_20,0.0038807786128450088,0.0026888414569317827,0.005305122673605536,0.0006649032566231942,200,percentile
PREVENT-ASCVD,race,NH White,TPR_20,0.04538305853172324,0.012752396138658443,0.08087915597973873,0.018323133182193786,200,percentile
PREVENT-ASCVD,race,NH White,FPR_20,0.003026111864542038,0.0020218223753411557,0.004050701246549097,0.0005211807986508519,200,percentile
PREVENT-ASCVD,race,NH White,rel_OE,0.9878084550388759,0.9294743570793931,1.0442149158485028,0.030384147515557586,200,percentile
PREVENT-ASCVD,race,Other Hispanic,n,929.0,348.0,588.25,57.52556761691484,200,percentile
PREVENT-ASCVD,race,Other Hispanic,events,17.0,4.0,14.0,2.656891106492472,200,percentile
PREVENT-ASCVD,race,Other Hispanic,observed,0.016140591697789083,0.0056170432775479815,0.02772504920273109,0.006010455665013247,200,percentile
PREVENT-ASCVD,race,Other Hispanic,expected,0.04335564165166927,0.03840392473222064,0.047573695958112276,0.002418085373539613,200,percentile
PREVENT-ASCVD,race,Other Hispanic,OE,0.37228353872529163,0.12309058045702463,0.6764567151333196,0.143457673343737,200,percentile
PREVENT-ASCVD,race,Other Hispanic,cal_intercept,-1.0408952834119891,-2.1806733142906998,-0.4156609968187204,0.445264267109599,200,percentile
PREVENT-ASCVD,race,Other Hispanic,cal_slope,0.8445606652852813,0.39218641659122894,2.143400367763015,1.0375513687879911,200,percentile
PREVENT-ASCVD,race,Other Hispanic,AUC,0.7124688908906227,0.6116314170664628,0.8743586859673934,0.07325118806859189,200,percentile
PREVENT-ASCVD,race,Other Hispanic,brier,0.017059178191808463,0.008259670927331094,0.027666910779524958,0.005384129606123148,200,percentile
PREVENT-ASCVD,race,Other Hispanic,scaled_brier,-0.07425061550816658,-0.5160717416975855,0.018807908679132228,0.1448133121914497,200,percentile
PREVENT-ASCVD,race,Other Hispanic,pct_flagged_7.5,0.19280686994785934,0.1566155695818018,0.23507287518236408,0.021621076557916015,200,percentile
PREVENT-ASCVD,race,Other Hispanic,TPR_7.5,0.34248499253174536,0.15012460889179652,0.7845082855681201,0.16303210180071526,200,percentile
PREVENT-ASCVD,race,Other Hispanic,FPR_7.5,0.1885373315963711,0.14912234653325346,0.2332666853195134,0.022907210941787576,200,percentile
PREVENT-ASCVD,race,Other Hispanic,pct_flagged_20,0.010384333477747436,0.0031807566045980824,0.017597608683830753,0.004091769108493373,200,percentile
PREVENT-ASCVD,race,Other Hispanic,TPR_20,0.09370980003036061,0.0,0.23782109579699515,0.0939705809704616,200,percentile
PREVENT-ASCVD,race,Other Hispanic,FPR_20,0.007663154331185332,0.0012199058184217172,0.015437365998766694,0.00399223135058613,200,percentile
PREVENT-ASCVD,race,Other Hispanic,rel_OE,0.8310420314714173,0.2937139310071158,1.6188262078567497,0.33258525036942715,200,percentile
PREVENT-ASCVD,race,Other/Multiracial,n,477.0,198.9,278.05,19.951745178765496,200,percentile
PREVENT-ASCVD,race,Other/Multiracial,events,7.0,1.9750000000000005,6.0,1.1272660037524775,200,percentile
PREVENT-ASCVD,race,Other/Multiracial,observed,0.014600354490660186,0.002414736483115239,0.024508961940018215,0.0058584194057224965,200,percentile
PREVENT-ASCVD,race,Other/Multiracial,expected,0.03929839343742792,0.03560287796902511,0.04328443511273068,0.001955034158099194,200,percentile
PREVENT-ASCVD,race,Other/Multiracial,OE,0.3715254801422686,0.06050057912771389,0.656638799252197,0.1531352379676687,200,percentile
PREVENT-ASCVD,race,Other/Multiracial,cal_intercept,-1.0729814557825819,-2.904602592015783,-0.47101822834958856,0.5715582541112342,200,percentile
PREVENT-ASCVD,race,Other/Multiracial,cal_slope,-0.17327591909946916,-1.548457769250276,1.5654117864836736,0.8717628420154004,200,percentile
PREVENT-ASCVD,race,Other/Multiracial,AUC,0.482871942276459,0.196350012803458,0.8854180154970569,0.20739081880861038,200,percentile
PREVENT-ASCVD,race,Other/Multiracial,brier,0.016562710288040114,0.005465683786769336,0.025786571699275212,0.005442354472946684,200,percentile
PREVENT-ASCVD,race,Other/Multiracial,scaled_brier,-0.15121278267885585,-1.2260958279702532,-0.05855964954709366,0.2774595996737234,200,percentile
PREVENT-ASCVD,race,Other/Multiracial,pct_flagged_7.5,0.13599047227891983,0.09969343089074667,0.17096367476078286,0.0190374869010942,200,percentile
PREVENT-ASCVD,race,Other/Multiracial,TPR_7.5,0.29702917538238927,0.09608112084905168,1.0,0.24302551493153848,200,percentile
PREVENT-ASCVD,race,Other/Multiracial,FPR_7.5,0.145089355023634,0.09898530287674422,0.18950558027563758,0.02286541939178938,200,percentile
PREVENT-ASCVD,race,Other/Multiracial,pct_flagged_20,0.007073866695775391,0.0,0.015391231734934818,0.005221559692717591,200,percentile
PREVENT-ASCVD,race,Other/Multiracial,TPR_20,0.0,0.0,0.0,0.0,200,percentile
PREVENT-ASCVD,race,Other/Multiracial,FPR_20,0.007693657689064353,0.0,0.016992670742502606,0.005717118692400012,200,percentile
PREVENT-ASCVD,race,Other/Multiracial,rel_OE,0.8293498305565801,0.12809280665357553,1.4765575549689944,0.351421653032692,200,percentile
PREVENT-ASCVD,age_group,40-49,n,4420.0,2141.875,2304.125,41.88983368108711,200,percentile
PREVENT-ASCVD,age_group,40-49,events,35.0,12.975000000000001,24.025000000000006,3.018531540884836,200,percentile
PREVENT-ASCVD,age_group,40-49,observed,0.006351207120419218,0.0037984180696897544,0.009903914156898664,0.0015357245856730264,200,percentile
PREVENT-ASCVD,age_group,40-49,expected,0.01730716515088903,0.016581783236227644,0.01801007156634497,0.0003589289849581792,200,percentile
PREVENT-ASCVD,age_group,40-49,OE,0.36696981077186813,0.21696969691310358,0.5609130355513795,0.08602090446638483,200,percentile
PREVENT-ASCVD,age_group,40-49,cal_intercept,-1.0231419776854815,-1.5538468908303742,-0.5872283076383144,0.24177144575746873,200,percentile
PREVENT-ASCVD,age_group,40-49,cal_slope,1.294202029322028,0.86071023440434,1.6151850332946995,0.19611808910333545,200,percentile
PREVENT-ASCVD,age_group,40-49,AUC,0.7845115416374145,0.6980027894283266,0.8783327315123034,0.05001433870314546,200,percentile
PREVENT-ASCVD,age_group,40-49,brier,0.00639003776660046,0.003998385664854522,0.009631473383149916,0.0014031793810864446,200,percentile
PREVENT-ASCVD,age_group,40-49,scaled_brier,-0.012544781780151837,-0.0755608835133257,0.023177738320863974,0.028041767782722743,200,percentile
PREVENT-ASCVD,age_group,40-49,pct_flagged_7.5,0.014785459881383797,0.010455104126021927,0.018551122594672908,0.0021874335938176412,200,percentile
PREVENT-ASCVD,age_group,40-49,TPR_7.5,0.1352489000059681,0.030006780337758488,0.24545473288762812,0.0601624766708073,200,percentile
PREVENT-ASCVD,age_group,40-49,FPR_7.5,0.013701927755998123,0.009356507213762489,0.01748340500311725,0.002195244683947432,200,percentile
PREVENT-ASCVD,age_group,40-49,pct_flagged_20,0.0002249762499386677,0.0,0.0004657658064989295,0.0001603292266501751,200,percentile
PREVENT-ASCVD,age_group,40-49,TPR_20,0.020429637282359973,0.0,0.06428150786347994,0.02192794139627675,200,percentile
PREVENT-ASCVD,age_group,40-49,FPR_20,0.0,0.0,0.0,0.0,200,percentile
PREVENT-ASCVD,age_group,40-49,rel_OE,0.8191802895093102,0.5173935059639949,1.174844359740904,0.17373657313313037,200,percentile
PREVENT-ASCVD,age_group,50-59,n,3406.0,1627.95,1800.275,43.64096290431826,200,percentile
PREVENT-ASCVD,age_group,50-59,events,45.0,16.0,29.025000000000006,3.4105364378598635,200,percentile
PREVENT-ASCVD,age_group,50-59,observed,0.010489009079613369,0.00700583177926095,0.01403982484012365,0.001897770124377253,200,percentile
PREVENT-ASCVD,age_group,50-59,expected,0.034616128147068326,0.03368015297328274,0.03570135528509003,0.0005343280878430802,200,percentile
PREVENT-ASCVD,age_group,50-59,OE,0.3030093092748645,0.20426218768098814,0.4026741636503655,0.053473151047691736,200,percentile
PREVENT-ASCVD,age_group,50-59,cal_intercept,-1.2369380247457678,-1.6285229209001326,-0.943858790752434,0.1808127806849954,200,percentile
PREVENT-ASCVD,age_group,50-59,cal_slope,0.9688676988254503,0.26805586798943265,1.6182637553683739,0.3509134492768859,200,percentile
PREVENT-ASCVD,age_group,50-59,AUC,0.6718105877722824,0.5526243281921347,0.7749291906738281,0.058930110162424866,200,percentile
PREVENT-ASCVD,age_group,50-59,brier,0.011118697228452958,0.007908504864275643,0.014313063899240636,0.0017334934324158323,200,percentile
PREVENT-ASCVD,age_group,50-59,scaled_brier,-0.07126969742107003,-0.1432894491830334,-0.02949702293498088,0.031865275328521174,200,percentile
PREVENT-ASCVD,age_group,50-59,pct_flagged_7.5,0.06556336096125302,0.05561763554483962,0.0743182169265847,0.005208538362303375,200,percentile
PREVENT-ASCVD,age_group,50-59,TPR_7.5,0.26943470580076734,0.12085564343447368,0.4493518137021289,0.08131285744499235,200,percentile
PREVENT-ASCVD,age_group,50-59,FPR_7.5,0.06237434394052901,0.05179533338718113,0.07287009401685587,0.005644132168923181,200,percentile
PREVENT-ASCVD,age_group,50-59,pct_flagged_20,0.001535639674335738,0.00035659942836804506,0.0027709187698284955,0.0007708877662703873,200,percentile
PREVENT-ASCVD,age_group,50-59,TPR_20,0.007716797570981396,0.0,0.020489549400610218,0.00812920511063425,200,percentile
PREVENT-ASCVD,age_group,50-59,FPR_20,0.001708006839892293,0.00035225386769170794,0.0031261678887675665,0.0008160663565023058,200,percentile
PREVENT-ASCVD,age_group,50-59,rel_OE,0.6764023808217526,0.4948169804804778,0.878564250582271,0.10352388917015919,200,percentile
PREVENT-ASCVD,age_group,60-69,n,3441.0,1635.9,1818.025,46.60562623745041,200,percentile
PREVENT-ASCVD,age_group,60-69,events,102.0,41.975,59.025000000000006,4.820055984995658,200,percentile
PREVENT-ASCVD,age_group,60-69,observed,0.02748240160978038,0.02009161283071983,0.03377440582077536,0.0034137971458165525,200,percentile
PREVENT-ASCVD,age_group,60-69,expected,0.06672135010285586,0.06543357280014124,0.06826720821031083,0.0006848671419197389,200,percentile
PREVENT-ASCVD,age_group,60-69,OE,0.411898164042158,0.3033460168685405,0.5075571037573817,0.05128925446670707,200,percentile
PREVENT-ASCVD,age_group,60-69,cal_intercept,-0.9424356264806525,-1.258948377980391,-0.721608764798849,0.1316636959555761,200,percentile
PREVENT-ASCVD,age_group,60-69,cal_slope,1.1068950484894475,0.5629166149604732,1.7046244686391938,0.287707146499179,200,percentile
PREVENT-ASCVD,age_group,60-69,AUC,0.6525858236819185,0.5758527754291254,0.7374134302639436,0.04025996268930347,200,percentile
PREVENT-ASCVD,age_group,60-69,brier,0.028272979458627775,0.022429547563455676,0.0332220456777783,0.002841334400412797,200,percentile
PREVENT-ASCVD,age_group,60-69,scaled_brier,-0.05783864077731393,-0.12578997563916552,-0.018139298556687642,0.028495789250028682,200,percentile
PREVENT-ASCVD,age_group,60-69,pct_flagged_7.5,0.3241789893900937,0.3074424945705131,0.3391155663730917,0.009254718990265857,200,percentile
PREVENT-ASCVD,age_group,60-69,TPR_7.5,0.5648351964480941,0.43211684425746194,0.7022642002531604,0.07058688808226772,200,percentile
PREVENT-ASCVD,age_group,60-69,FPR_7.5,0.31223197614128323,0.29255182644562877,0.33235534984853055,0.010978415874025052,200,percentile
PREVENT-ASCVD,age_group,60-69,pct_flagged_20,0.005079662753454227,0.0029506052105301266,0.007251915091432601,0.0011344088705854591,200,percentile
PREVENT-ASCVD,age_group,60-69,TPR_20,0.04364278863158472,0.0,0.09723626567007058,0.03224174265291604,200,percentile
PREVENT-ASCVD,age_group,60-69,FPR_20,0.003615629788579195,0.002013769695818528,0.005445213865093151,0.0008711406814016887,200,percentile
PREVENT-ASCVD,age_group,60-69,rel_OE,0.9194730666228276,0.7231974474102282,1.089365531581307,0.09248773860546664,200,percentile
PREVENT-ASCVD,age_group,70-79,n,2199.0,1038.9,1179.05,34.74548378158054,200,percentile
PREVENT-ASCVD,age_group,70-79,events,180.0,77.975,101.025,6.3635089558478475,200,percentile
PREVENT-ASCVD,age_group,70-79,observed,0.07518562748041359,0.06098421247699379,0.0879326116707674,0.007149773191958585,200,percentile
PREVENT-ASCVD,age_group,70-79,expected,0.11640956162094604,0.1145691971421772,0.11816487680781798,0.0009872190990316792,200,percentile
PREVENT-ASCVD,age_group,70-79,OE,0.6458715799071022,0.5266195069744851,0.7531095001167029,0.06035963967240674,200,percentile
PREVENT-ASCVD,age_group,70-79,cal_intercept,-0.48836242946798664,-0.7098236313601929,-0.3215118905481202,0.10246614300630341,200,percentile
PREVENT-ASCVD,age_group,70-79,cal_slope,1.6309625845053373,1.2244153006729452,2.146933131057239,0.24709796957719257,200,percentile
PREVENT-ASCVD,age_group,70-79,AUC,0.6731956379528133,0.6301889279230015,0.7258504887132502,0.024733119179031905,200,percentile
PREVENT-ASCVD,age_group,70-79,brier,0.06937305379212519,0.058858775916930804,0.07944155125676099,0.005294609006086575,200,percentile
PREVENT-ASCVD,age_group,70-79,scaled_brier,0.002296689131228491,-0.033905810934546844,0.02356775437711234,0.014524446922425617,200,percentile
PREVENT-ASCVD,age_group,70-79,pct_flagged_7.5,0.8553787734326824,0.8431453707355357,0.8718050201249677,0.007470851026247778,200,percentile
PREVENT-ASCVD,age_group,70-79,TPR_7.5,0.9676558369935052,0.9403203394258626,0.9957791841479615,0.014503988811066081,200,percentile
PREVENT-ASCVD,age_group,70-79,FPR_7.5,0.8500889347331719,0.8355785661807628,0.8680347598061282,0.007997753936446937,200,percentile
PREVENT-ASCVD,age_group,70-79,pct_flagged_20,0.03186887606165422,0.023607453046288526,0.039639773416296833,0.0041139431268051455,200,percentile
PREVENT-ASCVD,age_group,70-79,TPR_20,0.07370147938624363,0.030548930605442826,0.11817784530360068,0.02404238372322738,200,percentile
PREVENT-ASCVD,age_group,70-79,FPR_20,0.027635451266975645,0.020186622452252872,0.03479467411120407,0.003731860898352188,200,percentile
PREVENT-ASCVD,age_group,70-79,rel_OE,1.4417678301691383,1.2052476156649716,1.6705663512387248,0.11947645952403603,200,percentile
PREVENT-ASCVD,income,PIR 1.3-3.5,n,4520.0,2170.925,2388.025,54.24898026042982,200,percentile
PREVENT-ASCVD,income,PIR 1.3-3.5,events,144.0,59.975,83.0,6.214246478575054,200,percentile
PREVENT-ASCVD,income,PIR 1.3-3.5,observed,0.024808312919204586,0.019594608039444846,0.029744718919790303,0.0028024703417131288,200,percentile
PREVENT-ASCVD,income,PIR 1.3-3.5,expected,0.05075123446200921,0.04871193394045082,0.052859287540954474,0.0009466827915312188,200,percentile
PREVENT-ASCVD,income,PIR 1.3-3.5,OE,0.48882186181649073,0.3822781146335779,0.579747743182033,0.05305044393013607,200,percentile
PREVENT-ASCVD,income,PIR 1.3-3.5,cal_intercept,-0.7679555323421263,-1.0323545193317374,-0.5911679880128824,0.1140596761645731,200,percentile
PREVENT-ASCVD,income,PIR 1.3-3.5,cal_slope,1.5307952971010095,1.2170276962590194,1.9629471717795646,0.21234715209910457,200,percentile
PREVENT-ASCVD,income,PIR 1.3-3.5,AUC,0.8230969734898868,0.7822283632874796,0.8671310001471508,0.023670464356523133,200,percentile
PREVENT-ASCVD,income,PIR 1.3-3.5,brier,0.023811282900098447,0.019777825742495092,0.028029990802568558,0.002267607272713272,200,percentile
PREVENT-ASCVD,income,PIR 1.3-3.5,scaled_brier,0.015772323770755436,-0.03905467741907669,0.04953092645156193,0.022322208594415586,200,percentile
PREVENT-ASCVD,income,PIR 1.3-3.5,pct_flagged_7.5,0.25016909795202547,0.2345028738946492,0.2668134938040151,0.0077429806122565085,200,percentile
PREVENT-ASCVD,income,PIR 1.3-3.5,TPR_7.5,0.7478220784127365,0.6550488116064406,0.8421543729728158,0.048976250766255905,200,percentile
PREVENT-ASCVD,income,PIR 1.3-3.5,FPR_7.5,0.23496462784462485,0.2184890886518768,0.25373505958909875,0.0092049464000955,200,percentile
PREVENT-ASCVD,income,PIR 1.3-3.5,pct_flagged_20,0.007461968951965104,0.004693846765530156,0.010033407619979754,0.001325546384470988,200,percentile
PREVENT-ASCVD,income,PIR 1.3-3.5,TPR_20,0.05366729179306799,0.007697264327965393,0.10208389733065912,0.026223447099147885,200,percentile
PREVENT-ASCVD,income,PIR 1.3-3.5,FPR_20,0.005891527268872276,0.003919583172885616,0.007751770530864412,0.0010403173285439356,200,percentile
PREVENT-ASCVD,income,PIR 1.3-3.5,rel_OE,1.0911884916065964,0.8955460232350346,1.2581691984133354,0.09458908525049683,200,percentile
PREVENT-ASCVD,income,PIR<1.3,n,3136.0,1472.825,1683.25,52.700346608569106,200,percentile
PREVENT-ASCVD,income,PIR<1.3,events,124.0,53.0,71.025,4.84949098504888,200,percentile
PREVENT-ASCVD,income,PIR<1.3,observed,0.033344338747349433,0.027683901798192287,0.0392704144507419,0.0033336722033804186,200,percentile
PREVENT-ASCVD,income,PIR<1.3,expected,0.049908409963652714,0.04779374775781513,0.051800955589399705,0.0010964914461292284,200,percentile
PREVENT-ASCVD,income,PIR<1.3,OE,0.6681106204672407,0.5539113489042216,0.7937933689545414,0.06537375978956457,200,percentile
PREVENT-ASCVD,income,PIR<1.3,cal_intercept,-0.4388710405048612,-0.6359952917024942,-0.2482290554861033,0.10337530669236715,200,percentile
PREVENT-ASCVD,income,PIR<1.3,cal_slope,1.090429161418058,0.7512826953445925,1.4843189777969998,0.19528197384835894,200,percentile
PREVENT-ASCVD,income,PIR<1.3,AUC,0.7721115536807182,0.7075767978465733,0.830162729210898,0.032691108511055965,200,percentile
PREVENT-ASCVD,income,PIR<1.3,brier,0.031180898440539773,0.02645446778645208,0.03660143964995123,0.0028365168348596,200,percentile
PREVENT-ASCVD,income,PIR<1.3,scaled_brier,0.032625318604152964,-0.0007838982058797721,0.06122330876008707,0.015975746221043658,200,percentile
PREVENT-ASCVD,income,PIR<1.3,pct_flagged_7.5,0.23056404448598417,0.21263670877689322,0.24800915014698527,0.009910870055699392,200,percentile
PREVENT-ASCVD,income,PIR<1.3,TPR_7.5,0.6448995648477734,0.5362012905293987,0.7411796823812798,0.05232662750855894,200,percentile
PREVENT-ASCVD,income,PIR<1.3,FPR_7.5,0.21820476214992482,0.19831372609011438,0.23803769811440825,0.010366151558297121,200,percentile
PREVENT-ASCVD,income,PIR<1.3,pct_flagged_20,0.010739101709934916,0.006587297681357295,0.014372267178326702,0.0019233594689138816,200,percentile
PREVENT-ASCVD,income,PIR<1.3,TPR_20,0.08944644398532797,0.03838350037086917,0.14642135361656716,0.03115163743896563,200,percentile
PREVENT-ASCVD,income,PIR<1.3,FPR_20,0.007840306487402204,0.004679856912980318,0.010757027795168767,0.0016441597787956823,200,percentile
PREVENT-ASCVD,income,PIR<1.3,rel_OE,1.4914116514037652,1.284486886059533,1.7551459272525736,0.13123603450604254,200,percentile
PREVENT-ASCVD,income,PIR>3.5,n,4696.0,2220.85,2496.075,77.13295820339081,200,percentile
PREVENT-ASCVD,income,PIR>3.5,events,60.0,20.975,39.0,4.404702831653446,200,percentile
PREVENT-ASCVD,income,PIR>3.5,observed,0.010632934308043336,0.007349050783852543,0.013720164086227985,0.0016739752586817243,200,percentile
PREVENT-ASCVD,income,PIR>3.5,expected,0.03433959504172734,0.03313866582766763,0.035657985941992265,0.0006361470058022099,200,percentile
PREVENT-ASCVD,income,PIR>3.5,OE,0.3096406435522276,0.21365005826741046,0.4004851969236261,0.04847329375744898,200,percentile
PREVENT-ASCVD,income,PIR>3.5,cal_intercept,-1.2281162336688107,-1.5960733923899442,-0.9661642374281492,0.16466184990841673,200,percentile
PREVENT-ASCVD,income,PIR>3.5,cal_slope,1.1268440414229066,0.8175254984060321,1.645213829741795,0.21981845508313433,200,percentile
PREVENT-ASCVD,income,PIR>3.5,AUC,0.767540545772846,0.6996844784122462,0.8553400052646513,0.04069000452799432,200,percentile
PREVENT-ASCVD,income,PIR>3.5,brier,0.011369158161824483,0.008552598679109357,0.014512942260311338,0.0014813629090835716,200,percentile
PREVENT-ASCVD,income,PIR>3.5,scaled_brier,-0.08073129618793429,-0.16580338315403004,-0.028808483024101144,0.0354669174063704,200,percentile
PREVENT-ASCVD,income,PIR>3.5,pct_flagged_7.5,0.11297904553196954,0.10409840951056717,0.1226393185397336,0.0049792294285206816,200,percentile
PREVENT-ASCVD,income,PIR>3.5,TPR_7.5,0.466478070372945,0.2873004092607735,0.6571111927647543,0.09207956710795352,200,percentile
PREVENT-ASCVD,income,PIR>3.5,FPR_7.5,0.10897919286885169,0.10032501444960691,0.12103332990793972,0.005494193168927396,200,percentile
PREVENT-ASCVD,income,PIR>3.5,pct_flagged_20,0.0015983704389400085,0.0006332931292946111,0.0026151902017804646,0.0005769395111080823,200,percentile
PREVENT-ASCVD,income,PIR>3.5,TPR_20,0.0,0.0,0.0,0.0,200,percentile
PREVENT-ASCVD,income,PIR>3.5,FPR_20,0.001642538593664314,0.0006115910928118248,0.0028424005999137655,0.0006102504557358553,200,percentile
PREVENT-ASCVD,income,PIR>3.5,rel_OE,0.6912053923330737,0.5097645054550933,0.8398142795213492,0.08715993132937126,200,percentile
PREVENT-ASCVD,education,<HS,n,4127.0,1938.9,2184.225,65.42879362464113,200,percentile
PREVENT-ASCVD,education,<HS,events,151.0,66.0,86.025,5.802364792559121,200,percentile
PREVENT-ASCVD,education,<HS,observed,0.032376908726087124,0.026536536549414846,0.03914590677144912,0.0034712574463381797,200,percentile
PREVENT-ASCVD,education,<HS,expected,0.05736503409024096,0.05476537151087209,0.05984250071280258,0.001279731238305928,200,percentile
PREVENT-ASCVD,education,<HS,OE,0.5644014553387172,0.45626061195658824,0.6838047401659845,0.058423388298118495,200,percentile
PREVENT-ASCVD,education,<HS,cal_intercept,-0.6396889697703737,-0.8466510518938504,-0.4372569539638857,0.10770052148670295,200,percentile
PREVENT-ASCVD,education,<HS,cal_slope,1.1040484521742244,0.7259061676797636,1.4963510554579362,0.22563503178212396,200,percentile
PREVENT-ASCVD,education,<HS,AUC,0.766075124149744,0.6986057944262652,0.8141547134201262,0.03289699168071292,200,percentile
PREVENT-ASCVD,education,<HS,brier,0.031213305123361682,0.026253172256373275,0.036918150490846374,0.002699634618199253,200,percentile
PREVENT-ASCVD,education,<HS,scaled_brier,0.003681595098719015,-0.04723340623889302,0.043184821009686875,0.024141067641482408,200,percentile
PREVENT-ASCVD,education,<HS,pct_flagged_7.5,0.28722981101536177,0.2717874890196155,0.30621760548584176,0.009546354275870689,200,percentile
PREVENT-ASCVD,education,<HS,TPR_7.5,0.7000166014173831,0.5914326073639747,0.788525068805158,0.054897876828653,200,percentile
PREVENT-ASCVD,education,<HS,FPR_7.5,0.2838046237278037,0.26652680963780734,0.3035582191314186,0.010205305202323506,200,percentile
PREVENT-ASCVD,education,<HS,pct_flagged_20,0.013545592198925996,0.009474323161537,0.01797808475085875,0.0022669260086413123,200,percentile
PREVENT-ASCVD,education,<HS,TPR_20,0.048147079821818026,0.014824603632552991,0.07976756566394196,0.016449489241452515,200,percentile
PREVENT-ASCVD,education,<HS,FPR_20,0.012428321432081996,0.007943269689590625,0.01735404166146749,0.0024534095168781333,200,percentile
PREVENT-ASCVD,education,<HS,rel_OE,1.2599034961796096,1.0556647091417433,1.5180519605478715,0.12277155125785226,200,percentile
PREVENT-ASCVD,education,College+,n,2796.0,1304.975,1500.025,53.95514585115207,200,percentile
PREVENT-ASCVD,education,College+,events,48.0,16.975,31.0,3.678591466292416,200,percentile
PREVENT-ASCVD,education,College+,observed,0.011890496825387504,0.0074329945776317186,0.015442930003298673,0.001967586377508383,200,percentile
PREVENT-ASCVD,education,College+,expected,0.03359558834769264,0.0321457536933041,0.03529906096006435,0.0008318113913824124,200,percentile
PREVENT-ASCVD,education,College+,OE,0.3539303048462358,0.226617818218982,0.4661183759778141,0.05853392413594754,200,percentile
PREVENT-ASCVD,education,College+,cal_intercept,-1.0901596591105582,-1.5552622751445124,-0.8097788507938851,0.17872464569591742,200,percentile
PREVENT-ASCVD,education,College+,cal_slope,1.5276515313000703,1.0624607284793244,2.2172552630210514,0.29367500323276535,200,percentile
PREVENT-ASCVD,education,College+,AUC,0.8346714110181258,0.7564086769890099,0.9104362367173949,0.0410367420196211,200,percentile
PREVENT-ASCVD,education,College+,brier,0.011942293672242664,0.008212862271067545,0.01485992690475043,0.0016275500369036537,200,percentile
PREVENT-ASCVD,education,College+,scaled_brier,-0.016442157214684894,-0.12038378663511629,0.03584495573344114,0.040613951361454896,200,percentile
PREVENT-ASCVD,education,College+,pct_flagged_7.5,0.1153567831570538,0.10432463121326993,0.1261725594828508,0.006119489503518891,200,percentile
PREVENT-ASCVD,education,College+,TPR_7.5,0.6317260720035232,0.4834506765730666,0.7880918155281219,0.0770400446391329,200,percentile
PREVENT-ASCVD,education,College+,FPR_7.5,0.10751942277095868,0.09592385154195318,0.12151774287995876,0.006950407249724451,200,percentile
PREVENT-ASCVD,education,College+,pct_flagged_20,0.0018286833090917479,0.0005373095799680257,0.0029817047846057384,0.0006291507909982753,200,percentile
PREVENT-ASCVD,education,College+,TPR_20,0.034467697270298296,0.0,0.0972484667329157,0.03679120918213793,200,percentile
PREVENT-ASCVD,education,College+,FPR_20,0.0014327696280745416,0.00040924065081024733,0.002485574317578833,0.0005957596132499552,200,percentile
PREVENT-ASCVD,education,College+,rel_OE,0.7900724285200086,0.5080717003418048,1.02658468580296,0.12145573846001546,200,percentile
PREVENT-ASCVD,education,HS/GED,n,3138.0,1493.975,1683.2,48.626561542403756,200,percentile
PREVENT-ASCVD,education,HS/GED,events,90.0,34.975,53.025000000000006,4.906195447477018,200,percentile
PREVENT-ASCVD,education,HS/GED,observed,0.021187660395128236,0.01528445269397985,0.027484223685357502,0.0033549150451948192,200,percentile
PREVENT-ASCVD,education,HS/GED,expected,0.0463345080916189,0.04465409060457418,0.04816155761883137,0.0009688924762963041,200,percentile
PREVENT-ASCVD,education,HS/GED,OE,0.45727604042397746,0.32896627587961796,0.5871036401392097,0.07030430086325422,200,percentile
PREVENT-ASCVD,education,HS/GED,cal_intercept,-0.8295971121895478,-1.171752527627392,-0.5651248279688397,0.16472753312551885,200,percentile
PREVENT-ASCVD,education,HS/GED,cal_slope,1.454755071269386,1.013244557173347,2.097022172373591,0.26295691624683554,200,percentile
PREVENT-ASCVD,education,HS/GED,AUC,0.8079081157266635,0.7383253110106153,0.8820729275737345,0.034782174714321226,200,percentile
PREVENT-ASCVD,education,HS/GED,brier,0.020601883074250333,0.015742618546550614,0.026038615656194884,0.00281349620399358,200,percentile
PREVENT-ASCVD,education,HS/GED,scaled_brier,0.006599260376630611,-0.07043872966703749,0.042177635136691614,0.025798978129401535,200,percentile
PREVENT-ASCVD,education,HS/GED,pct_flagged_7.5,0.20967112832765022,0.19059369612311247,0.22555154974668357,0.009721401689376895,200,percentile
PREVENT-ASCVD,education,HS/GED,TPR_7.5,0.6776909418167086,0.58876601045119,0.806307513512686,0.057861975993016936,200,percentile
PREVENT-ASCVD,education,HS/GED,FPR_7.5,0.19428719012438653,0.17478040089030164,0.21337908986689924,0.010349347691885741,200,percentile
PREVENT-ASCVD,education,HS/GED,pct_flagged_20,0.004488465955013821,0.0023494789540380746,0.006794402426965131,0.0011894840075783624,200,percentile
PREVENT-ASCVD,education,HS/GED,TPR_20,0.07809594279378064,0.01721032375922039,0.15683504956890018,0.037098211987686425,200,percentile
PREVENT-ASCVD,education,HS/GED,FPR_20,0.002500385505929638,0.0007590013251401865,0.003816830571269311,0.0008423063820328564,200,percentile
PREVENT-ASCVD,education,HS/GED,rel_OE,1.0207693063151042,0.7621642327834593,1.2419337623731626,0.11873203801354562,200,percentile
PREVENT-ASCVD,education,Some college,n,3390.0,1620.95,1784.05,43.63422196663034,200,percentile
PREVENT-ASCVD,education,Some college,events,71.0,27.0,44.0,4.342934538075615,200,percentile
PREVENT-ASCVD,education,Some college,observed,0.015960103181500224,0.01083857772862259,0.02083309756017719,0.0025254781547531103,200,percentile
PREVENT-ASCVD,education,Some college,expected,0.03858642740824655,0.037064045563505614,0.039878837214439085,0.0007588823659388956,200,percentile
PREVENT-ASCVD,education,Some college,OE,0.4136196132552373,0.28474419638725673,0.5469587369908728,0.06417541442570089,200,percentile
PREVENT-ASCVD,education,Some college,cal_intercept,-0.9330814806771093,-1.318022810867913,-0.6474175924125201,0.1615562787515831,200,percentile
PREVENT-ASCVD,education,Some college,cal_slope,1.1682035834296403,0.9072389205008666,1.5392932164191182,0.16962483636975145,200,percentile
PREVENT-ASCVD,education,Some college,AUC,0.7761504150458906,0.7197654729222134,0.8459031150617018,0.03224874023715611,200,percentile
PREVENT-ASCVD,education,Some college,brier,0.01620908030344944,0.011664839649964601,0.020688326534071953,0.0022547236326304195,200,percentile
PREVENT-ASCVD,education,Some college,scaled_brier,-0.032071944163246435,-0.09062988304379002,0.0054279374801746855,0.023247904533437,200,percentile
PREVENT-ASCVD,education,Some college,pct_flagged_7.5,0.14519681239715018,0.13171970139272715,0.15888821822103105,0.007117452130904806,200,percentile
PREVENT-ASCVD,education,Some college,TPR_7.5,0.4861028570581785,0.3506571441349741,0.6640085344840099,0.07997820749477251,200,percentile
PREVENT-ASCVD,education,Some college,FPR_7.5,0.14072162783271006,0.1249229281509964,0.1543485704907518,0.007761879803242595,200,percentile
PREVENT-ASCVD,education,Some college,pct_flagged_20,0.0031565979631111704,0.0017964131785908352,0.004615698006470881,0.0007488677278415318,200,percentile
PREVENT-ASCVD,education,Some college,TPR_20,0.01993174349941043,0.0,0.041793835997808504,0.012647256688241303,200,percentile
PREVENT-ASCVD,education,Some college,FPR_20,0.003015463612499192,0.0014022360810934953,0.004694965881251633,0.0008734150927854645,200,percentile
PREVENT-ASCVD,education,Some college,rel_OE,0.9233158275894034,0.682373067692601,1.1816548297549847,0.12995525763505095,200,percentile
PREVENT-ASCVD,sex,GAP(max-min),OE,0.053180281815681296,0.0,0.1037312397883413,0.043845338107361534,200,basic
PREVENT-ASCVD,sex,GAP(max-min),AUC,0.030826736197588467,0.0,0.06100783436448697,0.023133311341461796,200,basic
PREVENT-ASCVD,sex,GAP(max-min),cal_slope,0.08517560155574855,0.0,0.16262686575001195,0.11448331045030528,200,basic
PREVENT-ASCVD,sex,GAP(max-min),TPR_7.5,0.0331125142484433,0.0,0.06115661506677415,0.038359200461200484,200,basic
PREVENT-ASCVD,sex,GAP(max-min),FPR_7.5,0.05009749510749714,0.03701286468904019,0.06275216813869472,0.006981537847567799,200,basic
PREVENT-ASCVD,sex,GAP(max-min),pct_flagged_7.5,0.05605138887863567,0.043742873146548206,0.06820907613197343,0.006535614486806739,200,basic
PREVENT-ASCVD,sex,GAP(max/min),OE,1.126893549183287,1.0,1.2474869365205372,0.11536208161324159,200,basic
PREVENT-ASCVD,race,GAP(max-min),OE,0.1890175348683144,0.030205851986346677,0.34081824130709026,0.07979120758219568,200,basic
PREVENT-ASCVD,race,GAP(max-min),AUC,0.11680006684091515,0.02606992824347032,0.21124887996136885,0.04835390893523006,200,basic
PREVENT-ASCVD,race,GAP(max-min),cal_slope,0.6707219609997273,0.17220543242967468,1.1517500850868432,0.24636921896311073,200,basic
PREVENT-ASCVD,race,GAP(max-min),TPR_7.5,0.3174272700156343,0.16041469607157477,0.5946187951744722,0.12326247674873342,200,basic
PREVENT-ASCVD,race,GAP(max-min),FPR_7.5,0.04138756521775461,0.006282408553246979,0.06572045974263885,0.016171835857776543,200,basic
PREVENT-ASCVD,race,GAP(max-min),pct_flagged_7.5,0.0422651539401904,0.009428678955297157,0.06465505734905498,0.01518388729111779,200,basic
PREVENT-ASCVD,race,GAP(max/min),OE,1.5077246646884128,1.0,1.9297977970482487,0.3220829487263567,200,basic
PREVENT-ASCVD,age_group,GAP(max-min),OE,0.3428622706322377,0.18612385716527724,0.4820379024995235,0.08031630582975414,200,basic
PREVENT-ASCVD,age_group,GAP(max-min),AUC,0.131925717955496,0.0,0.2100717698974937,0.06007776404022496,200,basic
PREVENT-ASCVD,age_group,GAP(max-min),cal_slope,0.662094885679887,0.0,1.0574487808975797,0.34180252676786466,200,basic
PREVENT-ASCVD,age_group,GAP(max-min),TPR_7.5,0.8324069369875371,0.7117699450957167,0.9270997078543511,0.06500234456269335,200,basic
PREVENT-ASCVD,age_group,GAP(max-min),FPR_7.5,0.8363870069771738,0.8195318034924589,0.8521293293462956,0.008988463018242373,200,basic
PREVENT-ASCVD,age_group,GAP(max-min),pct_flagged_7.5,0.8405933135512986,0.8247305287832539,0.854165390261127,0.008658945641595658,200,basic
PREVENT-ASCVD,age_group,GAP(max/min),OE,2.131523884374199,1.0,2.746250549216306,0.47731050511088957,200,basic
PREVENT-ASCVD,income,GAP(max-min),OE,0.3584699769150131,0.2151498867206184,0.48029849841174405,0.07167481384527855,200,basic
PREVENT-ASCVD,income,GAP(max-min),AUC,0.055556427717040724,0.0,0.0988335567866745,0.03336055566914909,200,basic
PREVENT-ASCVD,income,GAP(max-min),cal_slope,0.4403661356829516,0.0,0.7748050874479665,0.24442798136024904,200,basic
PREVENT-ASCVD,income,GAP(max-min),TPR_7.5,0.28134400803979154,0.09715441414549547,0.44247114406734867,0.09191252163379994,200,basic
PREVENT-ASCVD,income,GAP(max-min),FPR_7.5,0.12598543497577316,0.10948282299143935,0.14237487555984538,0.008945695631238024,200,basic
PREVENT-ASCVD,income,GAP(max-min),pct_flagged_7.5,0.13719005242005594,0.11969306705880042,0.15404356920241424,0.008682121676935481,200,basic
PREVENT-ASCVD,income,GAP(max/min),OE,2.1576967829630203,1.2039121930890055,2.6697895849438664,0.3872024974953496,200,basic
PREVENT-ASCVD,education,GAP(max-min),OE,0.21047115049248144,0.039299058618529836,0.30661521165808825,0.07393876561753203,200,basic
PREVENT-ASCVD,education,GAP(max-min),AUC,0.06859628686838182,0.0,0.10175492331761322,0.03644023351121584,200,basic
PREVENT-ASCVD,education,GAP(max-min),cal_slope,0.4236030791258458,0.0,0.6415930038702677,0.2746863619779253,200,basic
PREVENT-ASCVD,education,GAP(max-min),TPR_7.5,0.21391374435920457,0.03905727180116081,0.33542982888063405,0.08063663499904815,200,basic
PREVENT-ASCVD,education,GAP(max-min),FPR_7.5,0.17628520095684502,0.15443135446605533,0.19742813605182816,0.011053489761501296,200,basic
PREVENT-ASCVD,education,GAP(max-min),pct_flagged_7.5,0.17187302785830796,0.1502618373429974,0.19216239914318003,0.011371000198066483,200,basic
PREVENT-ASCVD,education,GAP(max/min),OE,1.5946683502672092,1.0,1.8955030373902049,0.34475605770029477,200,basic
Framingham-office,Overall,All,n,13466.0,6549.975,6986.575,116.30726406105006,200,percentile
Framingham-office,Overall,All,events,362.0,165.95,199.025,9.038131116019047,200,percentile
Framingham-office,Overall,All,observed,0.019019590401501755,0.0162500167797753,0.02226417794119519,0.0014553929407854836,200,percentile
Framingham-office,Overall,All,expected,0.14914908978176492,0.14580087177890166,0.15254546359335722,0.0018301751717137175,200,percentile
Framingham-office,Overall,All,OE,0.12752066022884376,0.11056141704105024,0.14944738643557084,0.009213005112590796,200,percentile
Framingham-office,Overall,All,cal_intercept,-2.426206722679358,-2.558165059172983,-2.270467308790235,0.0730212797257935,200,percentile
Framingham-office,Overall,All,cal_slope,0.9725465020965418,0.846721301149987,1.1093321462608063,0.06969648577941169,200,percentile
Framingham-office,Overall,All,AUC,0.7945323238645872,0.7623453788232346,0.8271880287347096,0.017551278747219783,200,percentile
Framingham-office,Overall,All,brier,0.047443451945005134,0.04493800614391603,0.05059627805194877,0.0015095084251945975,200,percentile
Framingham-office,Overall,All,scaled_brier,-1.5428151248933015,-1.8211619249662394,-1.2482789239924543,0.1428350836184025,200,percentile
Framingham-office,Overall,All,pct_flagged_7.5,0.6340668420902046,0.6220812718500195,0.6465139170968736,0.006513727269369305,200,percentile
Framingham-office,Overall,All,TPR_7.5,0.9257934018108119,0.8838444142952219,0.9632000964646482,0.021012895465576564,200,percentile
Framingham-office,Overall,All,FPR_7.5,0.6322203881554322,0.6203830544579607,0.6452266251395236,0.006929011073394821,200,percentile
Framingham-office,Overall,All,pct_flagged_20,0.24281785492939714,0.23138806066838521,0.25245901137001675,0.005501692110442736,200,percentile
Framingham-office,Overall,All,TPR_20,0.6781812333745508,0.6012117646762968,0.7542101945674657,0.038957260534632526,200,percentile
Framingham-office,Overall,All,FPR_20,0.2357587061320975,0.22503484252167508,0.247686650253712,0.005936574324625409,200,percentile
Framingham-office,Overall,All,rel_OE,1.0,1.0,1.0,0.0,200,percentile
Framingham-office,sex,Female,n,6883.0,3348.95,3578.15,61.643712057118236,200,percentile
Framingham-office,sex,Female,events,145.0,62.0,85.0,6.11168869408998,200,percentile
Framingham-office,sex,Female,observed,0.01550122652400136,0.012528100855061624,0.01828931830786972,0.0015613007824584707,200,percentile
Framingham-office,sex,Female,expected,0.10944659050517364,0.10622336482402965,0.11324015119828479,0.0019836202092036325,200,percentile
Framingham-office,sex,Female,OE,0.1416327950688295,0.11719809665427816,0.16568702717240966,0.01316115664648659,200,percentile
Framingham-office,sex,Female,cal_intercept,-2.2380395117185063,-2.432250740113107,-2.0688111015632327,0.09422095752944432,200,percentile
Framingham-office,sex,Female,cal_slope,0.973209464152293,0.8218053860572136,1.1186266925225825,0.08236976077583233,200,percentile
Framingham-office,sex,Female,AUC,0.7993992433410342,0.7549381506903574,0.8376604762339391,0.02297733666465156,200,percentile
Framingham-office,sex,Female,brier,0.03183768518014091,0.029023421122282903,0.03527265938861526,0.0016217543286872187,200,percentile
Framingham-office,sex,Female,scaled_brier,-1.0862206593397374,-1.3858011016634546,-0.8732327008776185,0.1331056204004058,200,percentile
Framingham-office,sex,Female,pct_flagged_7.5,0.4731501134880771,0.45544782365253955,0.4902414611071373,0.009017180323582065,200,percentile
Framingham-office,sex,Female,TPR_7.5,0.8692391640258085,0.7980172362438276,0.9340234131355954,0.03740494371022728,200,percentile
Framingham-office,sex,Female,FPR_7.5,0.47159744064704673,0.4538065407724841,0.4922006812189594,0.009858887975347798,200,percentile
Framingham-office,sex,Female,pct_flagged_20,0.1492781882134271,0.13947391341619908,0.16305736005215843,0.006046382923647632,200,percentile
Framingham-office,sex,Female,TPR_20,0.5224754393162421,0.41687116197486274,0.6316709666687883,0.055246749037582,200,percentile
Framingham-office,sex,Female,FPR_20,0.142398231501227,0.13193843609155467,0.1559272587325472,0.006669584128351794,200,percentile
Framingham-office,sex,Female,rel_OE,1.1106654781637786,0.9747800880475284,1.2593815328216758,0.0761641679773521,200,percentile
Framingham-office,sex,Male,n,6583.0,3189.9,3428.1,62.9822163222629,200,percentile
Framingham-office,sex,Male,events,217.0,95.0,122.025,7.3893580956214695,200,percentile
Framingham-office,sex,Male,observed,0.022927328551733867,0.019565152887272143,0.02805681210964602,0.002226526655470356,200,percentile
Framingham-office,sex,Male,expected,0.19335183482737425,0.18867827334235363,0.19820981913302352,0.002463068372305049,200,percentile
Framingham-office,sex,Male,OE,0.11857828280866087,0.10200433931935161,0.1446531575050264,0.011224742879221077,200,percentile
Framingham-office,sex,Male,cal_intercept,-2.5500739903718768,-2.70619462045264,-2.3591998916506007,0.09836882629583783,200,percentile
Framingham-office,sex,Male,cal_slope,1.036346039625052,0.8853904546935444,1.2097064112637135,0.08439835533541269,200,percentile
Framingham-office,sex,Male,AUC,0.7919735254043794,0.7552209263811708,0.8306989373181486,0.020303151658824237,200,percentile
Framingham-office,sex,Male,brier,0.06477629535573542,0.06091811895447107,0.0687796861295568,0.0019269914218826834,200,percentile
Framingham-office,sex,Male,scaled_brier,-1.8915838179685336,-2.3246855657251313,-1.444430265370963,0.23446380311753906,200,percentile
Framingham-office,sex,Male,pct_flagged_7.5,0.8132233500576307,0.8006344826386582,0.8277945930520312,0.007434939175216427,200,percentile
Framingham-office,sex,Male,TPR_7.5,0.9682614658319458,0.9364452803144314,1.0,0.017767011969477754,200,percentile
Framingham-office,sex,Male,FPR_7.5,0.8119752335480579,0.795313717298828,0.8276196633828536,0.008111069977013847,200,percentile
Framingham-office,sex,Male,pct_flagged_20,0.3469601662406433,0.330534343894197,0.3609608131893395,0.008042713890265545,200,percentile
Framingham-office,sex,Male,TPR_20,0.7951048077964697,0.7252102040948002,0.8636808265250383,0.038320576073057035,200,percentile
Framingham-office,sex,Male,FPR_20,0.340239404210298,0.3238500505944136,0.3564113015904451,0.008537472674919161,200,percentile
Framingham-office,sex,Male,rel_OE,0.9298750696229517,0.8342439377632764,1.0167978831749624,0.048367441885039664,200,percentile
Framingham-office,race,Mexican American,n,2794.0,1145.85,1619.0,121.41411175256074,200,percentile
Framingham-office,race,Mexican American,events,62.0,19.0,40.025000000000006,5.467124219933264,200,percentile
Framingham-office,race,Mexican American,observed,0.016964214623544305,0.009631503203861877,0.023200238450520924,0.0035460752957624667,200,percentile
Framingham-office,race,Mexican American,expected,0.14159843684848522,0.1324018254703426,0.14824837012001288,0.0046282021426531685,200,percentile
Framingham-office,race,Mexican American,OE,0.11980509814311402,0.07258683795423683,0.16293195875549382,0.023602062791832877,200,percentile
Framingham-office,race,Mexican American,cal_intercept,-2.499672925364837,-2.988161434376206,-2.1959258287390804,0.20955456903838443,200,percentile
Framingham-office,race,Mexican American,cal_slope,0.7736466732564848,0.5157200783025649,1.0980447370094761,0.15890091527872158,200,percentile
Framingham-office,race,Mexican American,AUC,0.7459112170454345,0.6530452286009805,0.8444593558047654,0.04905096996964821,200,percentile
Framingham-office,race,Mexican American,brier,0.046287668330914085,0.03811573277741992,0.05239905152544467,0.003994453407305779,200,percentile
Framingham-office,race,Mexican American,scaled_brier,-1.7756341257647512,-3.009461260971544,-1.1858379744241878,0.4905099230278006,200,percentile
Framingham-office,race,Mexican American,pct_flagged_7.5,0.5729016068696117,0.543010206531019,0.5950620591092378,0.013233665743619519,200,percentile
Framingham-office,race,Mexican American,TPR_7.5,0.8218908905408764,0.6283085436125628,0.9832888241760944,0.08344328576842759,200,percentile
Framingham-office,race,Mexican American,FPR_7.5,0.5587490229669221,0.5297454037317408,0.5809587479435421,0.013719784390033657,200,percentile
Framingham-office,race,Mexican American,pct_flagged_20,0.22024687915981908,0.1925976428065803,0.23888741769296162,0.012705768895967902,200,percentile
Framingham-office,race,Mexican American,TPR_20,0.5486466737489256,0.37551943075421057,0.716260189366234,0.0962893175690569,200,percentile
Framingham-office,race,Mexican American,FPR_20,0.2090949589938254,0.1807526965256877,0.22930615444980496,0.012431289334023543,200,percentile
Framingham-office,race,Mexican American,rel_OE,0.9394955917583576,0.5940277016215328,1.299941088614744,0.18415094987964553,200,percentile
Framingham-office,race,NH Black,n,2577.0,1128.725,1444.15,80.62646656373303,200,percentile
Framingham-office,race,NH Black,events,85.0,32.0,55.025000000000006,5.648284303918265,200,percentile
Framingham-office,race,NH Black,observed,0.025578082541956617,0.020286024190519617,0.03069837434964328,0.002788530360386717,200,percentile
Framingham-office,race,NH Black,expected,0.17450686940855198,0.16820291146742622,0.18077703654439659,0.003421582723876176,200,percentile
Framingham-office,race,NH Black,OE,0.14657349953412852,0.11773635743039403,0.17560282908762118,0.01551592145884296,200,percentile
Framingham-office,race,NH Black,cal_intercept,-2.3593904502047467,-2.5888093868963544,-2.160937932736855,0.11480337521557309,200,percentile
Framingham-office,race,NH Black,cal_slope,0.9270802354814086,0.6916831542975255,1.154357402322106,0.11496086630515624,200,percentile
Framingham-office,race,NH Black,AUC,0.7721619265115558,0.6956731917932918,0.8409276588067447,0.03521458705529483,200,percentile
Framingham-office,race,NH Black,brier,0.06191960688591423,0.0570450976845176,0.06719874320351331,0.002623892312596358,200,percentile
Framingham-office,race,NH Black,scaled_brier,-1.4843521850407413,-1.9639385416252946,-1.1063795322195524,0.23757574916832014,200,percentile
Framingham-office,race,NH Black,pct_flagged_7.5,0.7007000330570748,0.6777298269730487,0.720053066310907,0.011371392445005263,200,percentile
Framingham-office,race,NH Black,TPR_7.5,0.941640764908434,0.8688170626757294,1.0,0.03499939200333577,200,percentile
Framingham-office,race,NH Black,FPR_7.5,0.7099060976588303,0.6824700287202972,0.7339888050045714,0.013489478316624448,200,percentile
Framingham-office,race,NH Black,pct_flagged_20,0.30083646690582233,0.2826645432929335,0.3201235838141625,0.009549670135966004,200,percentile
Framingham-office,race,NH Black,TPR_20,0.7142899808012653,0.5993927329683221,0.8343238546988833,0.055744812796312035,200,percentile
Framingham-office,race,NH Black,FPR_20,0.2976506836228842,0.28011011545528974,0.31586011167372585,0.009889052728225323,200,percentile
Framingham-office,race,NH Black,rel_OE,1.1494098232481957,0.9002757097222926,1.3822827970913822,0.12487317470569242,200,percentile
Framingham-office,race,NH White,n,6689.0,3072.275,3686.4,156.1562920208099,200,percentile
Framingham-office,race,NH White,events,191.0,83.0,115.05000000000001,8.523274372572477,200,percentile
Framingham-office,race,NH White,observed,0.01875577802761195,0.015678117134997872,0.023020887600896885,0.0018421529313167853,200,percentile
Framingham-office,race,NH White,expected,0.1477547027799228,0.1439433511458136,0.15174634989275387,0.002211977829732971,200,percentile
Framingham-office,race,NH White,OE,0.12693861971722312,0.1068131736847442,0.1540407706632301,0.011689710140605635,200,percentile
Framingham-office,race,NH White,cal_intercept,-2.420771501041721,-2.584496984381951,-2.231454940090456,0.09414257131103057,200,percentile
Framingham-office,race,NH White,cal_slope,1.0540908529896857,0.906043486397308,1.2360734804146627,0.08365542006112102,200,percentile
Framingham-office,race,NH White,AUC,0.8207779448711985,0.789764265217964,0.8558380867838761,0.017642618278531298,200,percentile
Framingham-office,race,NH White,brier,0.04596391779191613,0.04267996160289635,0.049688538065608925,0.0017397694573882704,200,percentile
Framingham-office,race,NH White,scaled_brier,-1.4974962368767608,-1.8612764108796787,-1.1483644616043527,0.1810209173911943,200,percentile
Framingham-office,race,NH White,pct_flagged_7.5,0.6335484417244073,0.6177195515647367,0.6501650705675743,0.00843012258219008,200,percentile
Framingham-office,race,NH White,TPR_7.5,0.9493813257481806,0.9129347080879708,0.9837679666629388,0.01927243964707163,200,percentile
Framingham-office,race,NH White,FPR_7.5,0.6299426753586715,0.6139542737290105,0.646536727187952,0.008987117215727753,200,percentile
Framingham-office,race,NH White,pct_flagged_20,0.24056925150058517,0.228361310429403,0.25329077611483664,0.006839545398254321,200,percentile
Framingham-office,race,NH White,TPR_20,0.7155874402355833,0.6272535431899181,0.8105867692865788,0.04550455445533225,200,percentile
Framingham-office,race,NH White,FPR_20,0.23196294427365147,0.21876518678114074,0.247024668310889,0.00723282527687069,200,percentile
Framingham-office,race,NH White,rel_OE,0.9954357159806408,0.9367042431501492,1.0514097763875718,0.03019093700674715,200,percentile
Framingham-office,race,Other Hispanic,n,929.0,348.0,588.25,57.52556761691484,200,percentile
Framingham-office,race,Other Hispanic,events,17.0,4.0,14.0,2.656891106492472,200,percentile
Framingham-office,race,Other Hispanic,observed,0.016140591697789083,0.0056170432775479815,0.02772504920273109,0.006010455665013247,200,percentile
Framingham-office,race,Other Hispanic,expected,0.14335835778254036,0.1298065593739657,0.1556157975139955,0.006552585785150253,200,percentile
Framingham-office,race,Other Hispanic,OE,0.11258912244427823,0.03841091286624997,0.20115014836578485,0.042796174349174605,200,percentile
Framingham-office,race,Other Hispanic,cal_intercept,-2.5452743061426184,-3.665368439086339,-1.9320025432276893,0.4473770543032899,200,percentile
Framingham-office,race,Other Hispanic,cal_slope,0.6369413606102131,0.2467665031412804,1.3692848034705993,0.32236789102989033,200,percentile
Framingham-office,race,Other Hispanic,AUC,0.6630691271026583,0.5334309276834273,0.8335325944834117,0.08587007947348671,200,percentile
Framingham-office,race,Other Hispanic,brier,0.04645670861759504,0.03725781885218169,0.05703146787474232,0.0054689176468477535,200,percentile
Framingham-office,race,Other Hispanic,scaled_brier,-1.9254719814638626,-6.5750314386733155,-0.9176840972891325,1.7447533613891089,200,percentile
Framingham-office,race,Other Hispanic,pct_flagged_7.5,0.6114204699884588,0.55940022395857,0.6564527918132669,0.023378829746034963,200,percentile
Framingham-office,race,Other Hispanic,TPR_7.5,0.8132588632920208,0.49563164594863046,1.0,0.14527578353736026,200,percentile
Framingham-office,race,Other Hispanic,FPR_7.5,0.6085518913068594,0.5605419019603772,0.6550919186035378,0.024429214881279065,200,percentile
Framingham-office,race,Other Hispanic,pct_flagged_20,0.2253128617887858,0.1820481825332981,0.25902215880970275,0.021778792335271073,200,percentile
Framingham-office,race,Other Hispanic,TPR_20,0.31867584005601934,0.14863172102432684,0.7088924264068931,0.15272686424391643,200,percentile
Framingham-office,race,Other Hispanic,FPR_20,0.22415446133398778,0.18116704972710979,0.2600064453988564,0.02289946869382205,200,percentile
Framingham-office,race,Other Hispanic,rel_OE,0.8829088732933945,0.32094427372472684,1.6925737252968447,0.3497346529711066,200,percentile
Framingham-office,race,Other/Multiracial,n,477.0,198.9,278.05,19.951745178765496,200,percentile
Framingham-office,race,Other/Multiracial,events,7.0,1.9750000000000005,6.0,1.1272660037524775,200,percentile
Framingham-office,race,Other/Multiracial,observed,0.014600354490660186,0.002414736483115239,0.024508961940018215,0.0058584194057224965,200,percentile
Framingham-office,race,Other/Multiracial,expected,0.13505326576138435,0.12272496473510752,0.14707678480712982,0.006314485827074356,200,percentile
Framingham-office,race,Other/Multiracial,OE,0.10810811873632493,0.01745563900656861,0.1913100073214491,0.044215775794752825,200,percentile
Framingham-office,race,Other/Multiracial,cal_intercept,-2.5481841693297866,-4.423620883233875,-1.9712120346509125,0.5724995904916861,200,percentile
Framingham-office,race,Other/Multiracial,cal_slope,-0.2263864702038089,-1.0692904438106678,1.4926581332614146,0.6455251602399755,200,percentile
Framingham-office,race,Other/Multiracial,AUC,0.4582273520307812,0.22935421573495576,0.939549565522602,0.18777363299711716,200,percentile
Framingham-office,race,Other/Multiracial,brier,0.04483968499025421,0.033752848559903945,0.05586092735846577,0.00591953724230876,200,percentile
Framingham-office,race,Other/Multiracial,scaled_brier,-2.1166407933457934,-14.124227319669503,-1.0764347665549379,2.952992930549443,200,percentile
Framingham-office,race,Other/Multiracial,pct_flagged_7.5,0.6036716764406598,0.5545533611833822,0.6398658819322619,0.022852200631907276,200,percentile
Framingham-office,race,Other/Multiracial,TPR_7.5,0.5752443505580668,0.1948401768133356,1.0,0.26270272940426137,200,percentile
Framingham-office,race,Other/Multiracial,FPR_7.5,0.6119847179134411,0.5587712711563538,0.6554899005391578,0.025261433258847537,200,percentile
Framingham-office,race,Other/Multiracial,pct_flagged_20,0.20567809990125901,0.1616902258877004,0.25292727552707023,0.02224302616865789,200,percentile
Framingham-office,race,Other/Multiracial,TPR_20,0.22926771702101922,0.0851868457676296,1.0,0.23790517184453477,200,percentile
Framingham-office,race,Other/Multiracial,FPR_20,0.21195205529617459,0.16181983577877085,0.26843492329504165,0.025423554085688832,200,percentile
Framingham-office,race,Other/Multiracial,rel_OE,0.8477694402014402,0.1291104320173983,1.5201117506651218,0.356397186709824,200,percentile
Framingham-office,age_group,40-49,n,4420.0,2141.875,2304.125,41.88983368108711,200,percentile
Framingham-office,age_group,40-49,events,35.0,12.975000000000001,24.025000000000006,3.018531540884836,200,percentile
Framingham-office,age_group,40-49,observed,0.006351207120419218,0.0037984180696897544,0.009903914156898664,0.0015357245856730264,200,percentile
Framingham-office,age_group,40-49,expected,0.0711463716943284,0.06863505738668955,0.0733207879693281,0.0011854607060714972,200,percentile
Framingham-office,age_group,40-49,OE,0.08926958563265032,0.05334118585717418,0.1352302738063038,0.020925353421713637,200,percentile
Framingham-office,age_group,40-49,cal_intercept,-2.5418977833261804,-3.053928602650534,-2.1173394109170434,0.23994150274368967,200,percentile
Framingham-office,age_group,40-49,cal_slope,1.3898986726162756,0.9622188740715272,1.7306901044374126,0.21112581471465056,200,percentile
Framingham-office,age_group,40-49,AUC,0.7869141483871369,0.6971721047175516,0.8794540988109413,0.048831093381117796,200,percentile
Framingham-office,age_group,40-49,brier,0.012562821763525965,0.010657794768862822,0.015151927074949514,0.0011372045104381023,200,percentile
Framingham-office,age_group,40-49,scaled_brier,-0.9906642316857046,-1.8329390859041443,-0.5565216490006101,0.3521365885479035,200,percentile
Framingham-office,age_group,40-49,pct_flagged_7.5,0.34460378492859955,0.329259515974271,0.3612258839231001,0.008909736038756375,200,percentile
Framingham-office,age_group,40-49,TPR_7.5,0.7717592747658993,0.6288368896700844,0.9411187230411988,0.08195691539453558,200,percentile
Framingham-office,age_group,40-49,FPR_7.5,0.3435571650624883,0.3286008807117151,0.3598401504217026,0.008764248345656003,200,percentile
Framingham-office,age_group,40-49,pct_flagged_20,0.03058547871724553,0.0244141463449795,0.03638410409235746,0.002934913906744563,200,percentile
Framingham-office,age_group,40-49,TPR_20,0.1947543676620199,0.05273015306217121,0.2863376715623805,0.06102926764363547,200,percentile
Framingham-office,age_group,40-49,FPR_20,0.029643164039516244,0.02375618714028544,0.03468286519957423,0.0028857015663038515,200,percentile
Framingham-office,age_group,40-49,rel_OE,0.7000401775873062,0.4499624152113576,1.0039400491128512,0.14856981931964008,200,percentile
Framingham-office,age_group,50-59,n,3406.0,1627.95,1800.275,43.64096290431826,200,percentile
Framingham-office,age_group,50-59,events,45.0,16.0,29.025000000000006,3.4105364378598635,200,percentile
Framingham-office,age_group,50-59,observed,0.010489009079613369,0.00700583177926095,0.01403982484012365,0.001897770124377253,200,percentile
Framingham-office,age_group,50-59,expected,0.136461418332477,0.13324605906632744,0.13979513650112907,0.0017968854144766657,200,percentile
Framingham-office,age_group,50-59,OE,0.0768642830170339,0.05175772029910961,0.1027986321054635,0.013555983739966986,200,percentile
Framingham-office,age_group,50-59,cal_intercept,-2.814012621968768,-3.2106087456680146,-2.516787415182404,0.181416640146487,200,percentile
Framingham-office,age_group,50-59,cal_slope,0.8500696897569099,0.2701051488693037,1.2369974806234356,0.24022348336335717,200,percentile
Framingham-office,age_group,50-59,AUC,0.6841794335049829,0.5607832743994285,0.7762578897163669,0.055763092321065966,200,percentile
Framingham-office,age_group,50-59,brier,0.03385682966872757,0.030617387965549518,0.03700575684620782,0.001705128289268928,200,percentile
Framingham-office,age_group,50-59,scaled_brier,-2.262054441237899,-3.4915125244229466,-1.6180712413868013,0.4829304580503611,200,percentile
Framingham-office,age_group,50-59,pct_flagged_7.5,0.7125342162432909,0.6968349227113865,0.7273697218477745,0.008188212871320476,200,percentile
Framingham-office,age_group,50-59,TPR_7.5,0.8004311765260383,0.6644778876520419,0.9406571430484808,0.07326133149373502,200,percentile
Framingham-office,age_group,50-59,FPR_7.5,0.7155244553520818,0.6989438768889377,0.7311264359948897,0.008911760768448976,200,percentile
Framingham-office,age_group,50-59,pct_flagged_20,0.18514459318719054,0.16930629469875655,0.19821894737491663,0.007942626876100992,200,percentile
Framingham-office,age_group,50-59,TPR_20,0.49378641231767567,0.27840995657791345,0.6682844309360007,0.09978814831609308,200,percentile
Framingham-office,age_group,50-59,FPR_20,0.1832055346241084,0.1661075495684764,0.1995403721058906,0.008846308088351339,200,percentile
Framingham-office,age_group,50-59,rel_OE,0.6027594499518443,0.4392054419931008,0.7830012344324221,0.09228960932108791,200,percentile
Framingham-office,age_group,60-69,n,3441.0,1635.9,1818.025,46.60562623745041,200,percentile
Framingham-office,age_group,60-69,events,102.0,41.975,59.025000000000006,4.820055984995658,200,percentile
Framingham-office,age_group,60-69,observed,0.02748240160978038,0.02009161283071983,0.03377440582077536,0.0034137971458165525,200,percentile
Framingham-office,age_group,60-69,expected,0.23237865778587427,0.2269909181862015,0.2379467080877116,0.0028584936803077382,200,percentile
Framingham-office,age_group,60-69,OE,0.11826560094474807,0.08673515534761794,0.14477017773975787,0.014620659789744094,200,percentile
Framingham-office,age_group,60-69,cal_intercept,-2.5450371848394178,-2.8609617073805125,-2.325488655197311,0.13439724464815261,200,percentile
Framingham-office,age_group,60-69,cal_slope,0.6873837779843494,0.2963866138452497,1.009755921233394,0.19317544730367142,200,percentile
Framingham-office,age_group,60-69,AUC,0.6562192040435408,0.5683341993923153,0.7352578090821138,0.045472752789690506,200,percentile
Framingham-office,age_group,60-69,brier,0.08335675680970867,0.07870635056848754,0.08831590798773442,0.002592831213502369,200,percentile
Framingham-office,age_group,60-69,scaled_brier,-2.1188081345377605,-3.085661269999332,-1.6068625202839633,0.3653204428176803,200,percentile
Framingham-office,age_group,60-69,pct_flagged_7.5,0.9197121168296225,0.9092580254613264,0.931244482310834,0.005919019576749895,200,percentile
Framingham-office,age_group,60-69,TPR_7.5,0.9634268542771974,0.9164668204914276,1.0,0.024803194027249485,200,percentile
Framingham-office,age_group,60-69,FPR_7.5,0.9208344395933932,0.9085971076395777,0.9336441748121102,0.006925316642200972,200,percentile
Framingham-office,age_group,60-69,pct_flagged_20,0.5017926124613447,0.4818380190627476,0.5239276956592289,0.010675032573716598,200,percentile
Framingham-office,age_group,60-69,TPR_20,0.7123063215747281,0.5792106316640748,0.8535513034601964,0.07378981418581819,200,percentile
Framingham-office,age_group,60-69,FPR_20,0.49705527993616094,0.47404481394636044,0.5217721155017397,0.012844418034607683,200,percentile
Framingham-office,age_group,60-69,rel_OE,0.9274230601732543,0.7288236950989812,1.0960273736713824,0.0928496940771384,200,percentile
Framingham-office,age_group,70-79,n,2199.0,1038.9,1179.05,34.74548378158054,200,percentile
Framingham-office,age_group,70-79,events,180.0,77.975,101.025,6.3635089558478475,200,percentile
Framingham-office,age_group,70-79,observed,0.07518562748041359,0.06098421247699379,0.0879326116707674,0.007149773191958585,200,percentile
Framingham-office,age_group,70-79,expected,0.33173648748030393,0.3235235851404493,0.3396529784482027,0.004277001235827273,200,percentile
Framingham-office,age_group,70-79,OE,0.22664262243651312,0.18326456473121341,0.26274326463130926,0.021034912829117968,200,percentile
Framingham-office,age_group,70-79,cal_intercept,-2.028969441934157,-2.2828800048671893,-1.8335082392931221,0.11049597829114578,200,percentile
Framingham-office,age_group,70-79,cal_slope,0.5711885928374926,0.40879085830145084,0.7599302087594527,0.09400945672732743,200,percentile
Framingham-office,age_group,70-79,AUC,0.6484088486934648,0.6046129789166276,0.6976383366527276,0.024513034751687018,200,percentile
Framingham-office,age_group,70-79,brier,0.1524387337809577,0.14308126830519607,0.16194941048896647,0.004783909695024484,200,percentile
Framingham-office,age_group,70-79,scaled_brier,-1.1923300342757712,-1.6097689435027618,-0.9232293324956415,0.17990808790185936,200,percentile
Framingham-office,age_group,70-79,pct_flagged_7.5,0.990859124531968,0.9866146637884443,0.9961076243578464,0.002573816188684167,200,percentile
Framingham-office,age_group,70-79,TPR_7.5,1.0,1.0,1.0,0.0,200,percentile
Framingham-office,age_group,70-79,FPR_7.5,0.989997193188773,0.9849193418770398,0.9961778015651449,0.0029072184204224243,200,percentile
Framingham-office,age_group,70-79,pct_flagged_20,0.7511766677662663,0.7314907025819672,0.7716352886643406,0.010051037285588524,200,percentile
Framingham-office,age_group,70-79,TPR_20,0.8790746885284534,0.8189683012580107,0.9480755234919036,0.034151657860209156,200,percentile
Framingham-office,age_group,70-79,FPR_20,0.7374523269864203,0.7161747153616219,0.7618615513625444,0.011486040602446124,200,percentile
Framingham-office,age_group,70-79,rel_OE,1.7773011998980308,1.4986244215644777,2.0501747566634134,0.14559293764489686,200,percentile
Framingham-office,income,PIR 1.3-3.5,n,4520.0,2170.925,2388.025,54.24898026042982,200,percentile
Framingham-office,income,PIR 1.3-3.5,events,144.0,59.975,83.0,6.214246478575054,200,percentile
Framingham-office,income,PIR 1.3-3.5,observed,0.024808312919204586,0.019594608039444846,0.029744718919790303,0.0028024703417131288,200,percentile
Framingham-office,income,PIR 1.3-3.5,expected,0.17008329269849995,0.16385334941131713,0.17634322644163747,0.003064541440755686,200,percentile
Framingham-office,income,PIR 1.3-3.5,OE,0.14585978743474423,0.11393075321326483,0.17372287987780924,0.015951887450076637,200,percentile
Framingham-office,income,PIR 1.3-3.5,cal_intercept,-2.3102613426786296,-2.583131374110999,-2.127578662334312,0.11818227325621324,200,percentile
Framingham-office,income,PIR 1.3-3.5,cal_slope,1.0700711014235451,0.8982932732670813,1.313930394902494,0.11105924583792748,200,percentile
Framingham-office,income,PIR 1.3-3.5,AUC,0.8171660018301634,0.7777103947262388,0.859016982071666,0.022319557203962687,200,percentile
Framingham-office,income,PIR 1.3-3.5,brier,0.05673171330582722,0.05198425588210744,0.06128928046522301,0.0023693702556244153,200,percentile
Framingham-office,income,PIR 1.3-3.5,scaled_brier,-1.3449774877634662,-1.9501342052612367,-1.0347750766795067,0.22984475746917446,200,percentile
Framingham-office,income,PIR 1.3-3.5,pct_flagged_7.5,0.6938950154670187,0.6759791944088607,0.7158930255299625,0.01036643867355827,200,percentile
Framingham-office,income,PIR 1.3-3.5,TPR_7.5,0.955831664886467,0.9139561756116028,0.9907688678413507,0.022685913124068417,200,percentile
Framingham-office,income,PIR 1.3-3.5,FPR_7.5,0.6927278131211051,0.6714685904876977,0.7136031735484887,0.011308595303758833,200,percentile
Framingham-office,income,PIR 1.3-3.5,pct_flagged_20,0.3036007085315235,0.2848305796441945,0.32090718263129364,0.009508642358677887,200,percentile
Framingham-office,income,PIR 1.3-3.5,TPR_20,0.7671276877104218,0.6593689899812458,0.8643314033730217,0.052962296136662014,200,percentile
Framingham-office,income,PIR 1.3-3.5,FPR_20,0.28885758185032084,0.2680725498319108,0.3099197329666531,0.011331887111867315,200,percentile
Framingham-office,income,PIR 1.3-3.5,rel_OE,1.143812988209046,0.940508045705985,1.3274937162228093,0.1003627014801251,200,percentile
Framingham-office,income,PIR<1.3,n,3136.0,1472.825,1683.25,52.700346608569106,200,percentile
Framingham-office,income,PIR<1.3,events,124.0,53.0,71.025,4.84949098504888,200,percentile
Framingham-office,income,PIR<1.3,observed,0.033344338747349433,0.027683901798192287,0.0392704144507419,0.0033336722033804186,200,percentile
Framingham-office,income,PIR<1.3,expected,0.16825358952730163,0.16323717048027642,0.17394527765617115,0.0028950941103587056,200,percentile
Framingham-office,income,PIR<1.3,OE,0.19817906316904355,0.16547648160383868,0.23602643161768153,0.019249590208820326,200,percentile
Framingham-office,income,PIR<1.3,cal_intercept,-2.001432014878685,-2.2090110349870526,-1.801788337378282,0.10653663427733824,200,percentile
Framingham-office,income,PIR<1.3,cal_slope,0.8069208307733597,0.603080916730367,1.0389294386831338,0.11682088925918584,200,percentile
Framingham-office,income,PIR<1.3,AUC,0.7493934835348636,0.684764099351852,0.8126349826054754,0.034092654915078284,200,percentile
Framingham-office,income,PIR<1.3,brier,0.06293987951359058,0.05788826660222777,0.06894695373453308,0.0028417821144323787,200,percentile
Framingham-office,income,PIR<1.3,scaled_brier,-0.9526841411468538,-1.264672928927155,-0.6953079698170437,0.15072536638977732,200,percentile
Framingham-office,income,PIR<1.3,pct_flagged_7.5,0.6807283801334608,0.6650031479488794,0.6973267506560419,0.008502145909093423,200,percentile
Framingham-office,income,PIR<1.3,TPR_7.5,0.9027842359641861,0.8284426759026543,0.9702508992004456,0.039573111000986545,200,percentile
Framingham-office,income,PIR<1.3,FPR_7.5,0.6769651878278926,0.6583701092975196,0.6962319158277144,0.009715720066621428,200,percentile
Framingham-office,income,PIR<1.3,pct_flagged_20,0.2967121423923187,0.2773397103706627,0.3188039863847867,0.010769880827829693,200,percentile
Framingham-office,income,PIR<1.3,TPR_20,0.674820006398459,0.5676680538609878,0.7824866585117008,0.060433071907878354,200,percentile
Framingham-office,income,PIR<1.3,FPR_20,0.2859464507494393,0.26628595799348737,0.3082116827402729,0.01183991004549788,200,percentile
Framingham-office,income,PIR<1.3,rel_OE,1.5540937665582886,1.3358359147310974,1.832915500464182,0.13677560629362456,200,percentile
Framingham-office,income,PIR>3.5,n,4696.0,2220.85,2496.075,77.13295820339081,200,percentile
Framingham-office,income,PIR>3.5,events,60.0,20.975,39.0,4.404702831653446,200,percentile
Framingham-office,income,PIR>3.5,observed,0.010632934308043336,0.007349050783852543,0.013720164086227985,0.0016739752586817243,200,percentile
Framingham-office,income,PIR>3.5,expected,0.12842768838191543,0.12470320926830401,0.13256705812530595,0.0021008545044197127,200,percentile
Framingham-office,income,PIR>3.5,OE,0.08279316121009163,0.05739466418469717,0.10594572407083773,0.012996442039871629,200,percentile
Framingham-office,income,PIR>3.5,cal_intercept,-2.8258396566729362,-3.189027345722592,-2.5580326565735905,0.16987825522807634,200,percentile
Framingham-office,income,PIR>3.5,cal_slope,0.8833614252621762,0.7226695921854984,1.1124176845527483,0.10910368907093164,200,percentile
Framingham-office,income,PIR>3.5,AUC,0.776384382685655,0.7223214378783216,0.8432450289503339,0.03254506876606474,200,percentile
Framingham-office,income,PIR>3.5,brier,0.03583326532162415,0.03292563035405942,0.03857969032847702,0.0014899358320800363,200,percentile
Framingham-office,income,PIR>3.5,scaled_brier,-2.4062443961524047,-3.6429593746243847,-1.7289072789693631,0.49920925436233604,200,percentile
Framingham-office,income,PIR>3.5,pct_flagged_7.5,0.5787353667592674,0.5617429632551906,0.5978165038683178,0.009774216943782735,200,percentile
Framingham-office,income,PIR>3.5,TPR_7.5,0.8951684015945888,0.8059159097182763,1.0,0.05140520144666446,200,percentile
Framingham-office,income,PIR>3.5,FPR_7.5,0.5779031375925368,0.5591162817977534,0.598451829510171,0.010127094345960168,200,percentile
Framingham-office,income,PIR>3.5,pct_flagged_20,0.1844927848359229,0.1714832012579934,0.19900759177280752,0.007409947544740388,200,percentile
Framingham-office,income,PIR>3.5,TPR_20,0.5614999668244598,0.42387395079427215,0.7273004141101185,0.07769186974169413,200,percentile
Framingham-office,income,PIR>3.5,FPR_20,0.18300009479888393,0.1671807075821696,0.1976179983284426,0.007980304758941504,200,percentile
Framingham-office,income,PIR>3.5,rel_OE,0.6492529215384719,0.48404296345212483,0.7910423732284488,0.08217872260890115,200,percentile
Framingham-office,education,<HS,n,4127.0,1938.9,2184.225,65.42879362464113,200,percentile
Framingham-office,education,<HS,events,151.0,66.0,86.025,5.802364792559121,200,percentile
Framingham-office,education,<HS,observed,0.032376908726087124,0.026536536549414846,0.03914590677144912,0.0034712574463381797,200,percentile
Framingham-office,education,<HS,expected,0.19457890768439468,0.1876387301587054,0.20315101221037724,0.003906758188289871,200,percentile
Framingham-office,education,<HS,OE,0.16639475013706106,0.13543744426117255,0.1999602117913129,0.017045310803868678,200,percentile
Framingham-office,education,<HS,cal_intercept,-2.244062499185243,-2.4456534893470554,-2.0412836001680708,0.10600257363586087,200,percentile
Framingham-office,education,<HS,cal_slope,0.8428865052600087,0.6070958423389898,1.0906246864831384,0.12152755313364946,200,percentile
Framingham-office,education,<HS,AUC,0.7553637808146412,0.6885208264399684,0.8128459079478823,0.032303537824852985,200,percentile
Framingham-office,education,<HS,brier,0.07360589037365445,0.06829039327751926,0.07978360998377339,0.0030812975718555956,200,percentile
Framingham-office,education,<HS,scaled_brier,-1.3494757443526941,-1.820788075192076,-0.9954942158360115,0.20367225247334647,200,percentile
Framingham-office,education,<HS,pct_flagged_7.5,0.7410554508386535,0.7231593456196569,0.7634669621287881,0.01040421380415875,200,percentile
Framingham-office,education,<HS,TPR_7.5,0.9320556199139789,0.8780749840307919,0.9837991963431599,0.03008848947638691,200,percentile
Framingham-office,education,<HS,FPR_7.5,0.7385979159872708,0.7167002833880642,0.7648412883187572,0.011766278868066865,200,percentile
Framingham-office,education,<HS,pct_flagged_20,0.3663939432202162,0.34880731722659575,0.3905229046981557,0.011198470690640002,200,percentile
Framingham-office,education,<HS,TPR_20,0.7435787342576604,0.6206811345429017,0.8592602271670962,0.0606407269300733,200,percentile
Framingham-office,education,<HS,FPR_20,0.36013411484236046,0.3404392907870047,0.387366233225988,0.01195614417682252,200,percentile
Framingham-office,education,<HS,rel_OE,1.3048454253487658,1.0948309684182642,1.5790591792172262,0.12720952300939845,200,percentile
Framingham-office,education,College+,n,2796.0,1304.975,1500.025,53.95514585115207,200,percentile
Framingham-office,education,College+,events,48.0,16.975,31.0,3.678591466292416,200,percentile
Framingham-office,education,College+,observed,0.011890496825387504,0.0074329945776317186,0.015442930003298673,0.001967586377508383,200,percentile
Framingham-office,education,College+,expected,0.12182631587666241,0.11679075769694777,0.1278097032457077,0.0027773689742748736,200,percentile
Framingham-office,education,College+,OE,0.09760203893406334,0.0635229798788189,0.12822885661967254,0.015893625817829056,200,percentile
Framingham-office,education,College+,cal_intercept,-2.653448610391999,-3.0724376338538217,-2.3812265511967303,0.17857495460511932,200,percentile
Framingham-office,education,College+,cal_slope,1.1424173120299703,0.8961426686375333,1.5217976472862096,0.16625195199815773,200,percentile
Framingham-office,education,College+,AUC,0.829429161811702,0.7614859677807462,0.9040685592391424,0.04010372064572873,200,percentile
Framingham-office,education,College+,brier,0.033185273442284356,0.02940028837771868,0.03642656637534094,0.0017994890503114109,200,percentile
Framingham-office,education,College+,scaled_brier,-1.8244918314004512,-3.055469288551188,-1.260197460251036,0.4636010643905979,200,percentile
Framingham-office,education,College+,pct_flagged_7.5,0.5366609212742661,0.5155626316041895,0.5593489559959708,0.011416953839413562,200,percentile
Framingham-office,education,College+,TPR_7.5,0.8800198911459581,0.7413138174459432,1.0,0.06575870150644314,200,percentile
Framingham-office,education,College+,FPR_7.5,0.5369523300018857,0.5114626255178096,0.5594491235604486,0.012312916968203847,200,percentile
Framingham-office,education,College+,pct_flagged_20,0.17519447108202127,0.15732189069958033,0.19633168721106012,0.009692665517850935,200,percentile
Framingham-office,education,College+,TPR_20,0.7259553323212019,0.5462909452829634,0.8797144012309005,0.09322748170695563,200,percentile
Framingham-office,education,College+,FPR_20,0.1727339789133216,0.15435179815550207,0.1931602742551471,0.01026772553262053,200,percentile
Framingham-office,education,College+,rel_OE,0.7653821644187727,0.49240588636186533,0.9774654181716169,0.11604760125734113,200,percentile
Framingham-office,education,HS/GED,n,3138.0,1493.975,1683.2,48.626561542403756,200,percentile
Framingham-office,education,HS/GED,events,90.0,34.975,53.025000000000006,4.906195447477018,200,percentile
Framingham-office,education,HS/GED,observed,0.021187660395128236,0.01528445269397985,0.027484223685357502,0.0033549150451948192,200,percentile
Framingham-office,education,HS/GED,expected,0.1605048289809794,0.15476836041486633,0.16620221789935308,0.0030999415264055335,200,percentile
Framingham-office,education,HS/GED,OE,0.13200637345085162,0.09435465582726808,0.16748671046258448,0.020306127197407747,200,percentile
Framingham-office,education,HS/GED,cal_intercept,-2.399826065788384,-2.7577677185646907,-2.1358363786916263,0.17183984113708806,200,percentile
Framingham-office,education,HS/GED,cal_slope,0.9459958291556338,0.7430258946834762,1.2031629749344208,0.11851124881076198,200,percentile
Framingham-office,education,HS/GED,AUC,0.7930149157427492,0.7260333039757604,0.8557935729167514,0.033867948428669616,200,percentile
Framingham-office,education,HS/GED,brier,0.051986101825454635,0.04746503829596693,0.0568482792351653,0.0024484558720265716,200,percentile
Framingham-office,education,HS/GED,scaled_brier,-1.5067141589639195,-2.444691223455172,-1.046379498761425,0.3599911026404383,200,percentile
Framingham-office,education,HS/GED,pct_flagged_7.5,0.678561340032898,0.6585348592420281,0.6979863186559776,0.010107268876537588,200,percentile
Framingham-office,education,HS/GED,TPR_7.5,0.9266798183332974,0.8451464530617911,1.0,0.04435590487207407,200,percentile
Framingham-office,education,HS/GED,FPR_7.5,0.682069416548759,0.6633369177105425,0.7015964403611669,0.009763064262218575,200,percentile
Framingham-office,education,HS/GED,pct_flagged_20,0.2691793139368012,0.24797046690732463,0.2902131483481426,0.011524778918246084,200,percentile
Framingham-office,education,HS/GED,TPR_20,0.7149783878735155,0.5991089889144319,0.8481837840950919,0.06267458908109559,200,percentile
Framingham-office,education,HS/GED,FPR_20,0.25501920379189874,0.23344772142380732,0.27725701842063816,0.011971818870187115,200,percentile
Framingham-office,education,HS/GED,rel_OE,1.03517636447269,0.7741771329827298,1.2551551282084716,0.12016776221784527,200,percentile
Framingham-office,education,Some college,n,3390.0,1620.95,1784.05,43.63422196663034,200,percentile
Framingham-office,education,Some college,events,71.0,27.0,44.0,4.342934538075615,200,percentile
Framingham-office,education,Some college,observed,0.015960103181500224,0.01083857772862259,0.02083309756017719,0.0025254781547531103,200,percentile
Framingham-office,education,Some college,expected,0.1381248154964718,0.1329703386632232,0.14250095651292632,0.0025098082845467135,200,percentile
Framingham-office,education,Some college,OE,0.11554841267395505,0.07860785142519809,0.15189567753734035,0.017891674976527057,200,percentile
Framingham-office,education,Some college,cal_intercept,-2.474228867350091,-2.880156914249867,-2.1924330593615693,0.16443471008815172,200,percentile
Framingham-office,education,Some college,cal_slope,0.9014778485836585,0.7226604427861767,1.0926479458776404,0.09607617733370853,200,percentile
Framingham-office,education,Some college,AUC,0.7660184170056052,0.7073280700391034,0.819470288711506,0.02742207868979401,200,percentile
Framingham-office,education,Some college,brier,0.04176336477974685,0.03823635480284315,0.04597217942038904,0.0021234759122109688,200,percentile
Framingham-office,education,Some college,scaled_brier,-1.659175985071745,-2.5869872782218466,-1.1794994431639267,0.34469242814716733,200,percentile
Framingham-office,education,Some college,pct_flagged_7.5,0.6254835751697518,0.605925386019375,0.6439113132163748,0.011018865246679778,200,percentile
Framingham-office,education,Some college,TPR_7.5,0.9498482691537758,0.8925430474429836,1.0,0.02834891885220734,200,percentile
Framingham-office,education,Some college,FPR_7.5,0.6203190805785506,0.5975572628167036,0.6411346496666531,0.011558607651165833,200,percentile
Framingham-office,education,Some college,pct_flagged_20,0.21015398426459853,0.19454730423053493,0.22323923195675724,0.0075614620073109875,200,percentile
Framingham-office,education,Some college,TPR_20,0.5166192601582772,0.3854068923493276,0.6599972652772841,0.07341041442626817,200,percentile
Framingham-office,education,Some college,FPR_20,0.2080430886904182,0.1926201564810151,0.22493201094642384,0.008263569667220406,200,percentile
Framingham-office,education,Some college,rel_OE,0.906115232359966,0.6673650383580301,1.161459095652025,0.12699051259714073,200,percentile
Framingham-office,sex,GAP(max-min),OE,0.023054512260168636,0.0,0.045638554501979595,0.01463700649143235,200,basic
Framingham-office,sex,GAP(max-min),AUC,0.007425717936654808,0.0,0.013018195952464413,0.015357560261862125,200,basic
Framingham-office,sex,GAP(max-min),cal_slope,0.06313657547275886,0.0,0.12129828082208821,0.06800601870479131,200,basic
Framingham-office,sex,GAP(max-min),TPR_7.5,0.09902230180613736,0.020804252105537713,0.1663248418029415,0.03776075475039327,200,basic
Framingham-office,sex,GAP(max-min),FPR_7.5,0.34037779290101117,0.3208437857489588,0.36574576238269346,0.011906357419261921,200,basic
Framingham-office,sex,GAP(max-min),pct_flagged_7.5,0.34007323656955357,0.32032272239763787,0.3603427875126448,0.010345956504871433,200,basic
Framingham-office,sex,GAP(max/min),OE,1.1944244065110103,1.0,1.385430637671091,0.1367132767394978,200,basic
Framingham-office,race,GAP(max-min),OE,0.03398437708985029,0.0,0.05846341050629725,0.022204212088976903,200,basic
Framingham-office,race,GAP(max-min),AUC,0.15770881776854018,0.05706426352013788,0.29158830874838976,0.06334958543273045,200,basic
Framingham-office,race,GAP(max-min),cal_slope,0.41714949237947263,0.07772018934262337,0.7393354332271388,0.1785103831506338,200,basic
Framingham-office,race,GAP(max-min),TPR_7.5,0.13612246245615978,0.0,0.23088200482351523,0.08725692195382889,200,basic
Framingham-office,race,GAP(max-min),FPR_7.5,0.1511570746919082,0.10933860003397652,0.1897266805992821,0.02015055431996932,200,basic
Framingham-office,race,GAP(max-min),pct_flagged_7.5,0.12779842618746318,0.0904387680051501,0.15749889200758552,0.017981534065659863,200,basic
Framingham-office,race,GAP(max/min),OE,1.30184423105944,1.0,1.5297104445500025,0.2894606522722247,200,basic
Framingham-office,age_group,GAP(max-min),OE,0.1497783394194792,0.10216754929312194,0.19938061925977849,0.02555133963673711,200,basic
Framingham-office,age_group,GAP(max-min),AUC,0.1385052996936721,0.0,0.20880288341661732,0.060555204949287005,200,basic
Framingham-office,age_group,GAP(max-min),cal_slope,0.8187100797787831,0.3355814319136585,1.282371233395392,0.25802990903997874,200,basic
Framingham-office,age_group,GAP(max-min),TPR_7.5,0.22824072523410066,0.06427623138892874,0.34002590275431066,0.06628123238314604,200,basic
Framingham-office,age_group,GAP(max-min),FPR_7.5,0.6464400281262848,0.6301111390713817,0.6657717460860008,0.028073011902647767,200,basic
Framingham-office,age_group,GAP(max-min),pct_flagged_7.5,0.6462553396033685,0.627793058452649,0.6640767748695888,0.0273057957097289,200,basic
Framingham-office,age_group,GAP(max/min),OE,2.9486077738640564,1.1133782384736675,3.787058938854112,0.6879313200997338,200,basic
Framingham-office,income,GAP(max-min),OE,0.11538590195895192,0.07181236624850651,0.15246142710850008,0.020638339453804718,200,basic
Framingham-office,income,GAP(max-min),AUC,0.06777251829529984,0.0,0.1132056228572293,0.034750441246395654,200,basic
Framingham-office,income,GAP(max-min),cal_slope,0.26315027065018537,0.0,0.44857967269941845,0.13459253829967394,200,basic
Framingham-office,income,GAP(max-min),TPR_7.5,0.06066326329187821,0.0,0.10462993815060542,0.039999271169105836,200,basic
Framingham-office,income,GAP(max-min),FPR_7.5,0.11482467552856834,0.08865682142170597,0.14210485500222617,0.013722463931057296,200,basic
Framingham-office,income,GAP(max-min),pct_flagged_7.5,0.1151596487077513,0.08796171301579328,0.1395256688944243,0.013377114400582105,200,basic
Framingham-office,income,GAP(max/min),OE,2.3936646490179863,1.3456186554093565,2.9879171053671425,0.4303778564157875,200,basic
Framingham-office,education,GAP(max-min),OE,0.06879271120299772,0.01702328985571995,0.09858085160392194,0.021258046983799246,200,basic
Framingham-office,education,GAP(max-min),AUC,0.07406538099706084,0.0,0.11113450139861442,0.03655155344769815,200,basic
Framingham-office,education,GAP(max-min),cal_slope,0.2995308067699616,0.0,0.4713071394575327,0.15496623374390053,200,basic
Framingham-office,education,GAP(max-min),TPR_7.5,0.06982837800781772,0.0,0.11084907155195367,0.051981261547591605,200,basic
Framingham-office,education,GAP(max-min),FPR_7.5,0.20164558598538507,0.17035494675567273,0.22707319749849433,0.014627723626985504,200,basic
Framingham-office,education,GAP(max-min),pct_flagged_7.5,0.20439452956438742,0.1768149024584885,0.23497794032884697,0.0143419980494468,200,basic
Framingham-office,education,GAP(max/min),OE,1.7048286281137197,1.0,2.0373874171716,0.3634128919719898,200,basic
PCE (recal),Overall,All,n,13466.0,6549.975,6986.575,116.30726406105006,200,percentile
PCE (recal),Overall,All,events,362.0,165.95,199.025,9.038131116019047,200,percentile
PCE (recal),Overall,All,observed,0.019019590401501755,0.0162500167797753,0.02226417794119519,0.0014553929407854836,200,percentile
PCE (recal),Overall,All,expected,0.019896183671940276,0.019212027517740534,0.020529111836388354,0.00035147767381184025,200,percentile
PCE (recal),Overall,All,OE,0.9559416376078802,0.8414195210451489,1.1213059826797673,0.06774141183655645,200,percentile
PCE (recal),Overall,All,cal_intercept,-0.0522780498793499,-0.18362938562979153,0.10650255210414661,0.07182475252660915,200,percentile
PCE (recal),Overall,All,cal_slope,1.0151767891483399,0.8470273587825906,1.2087833829679693,0.09036476444099246,200,percentile
PCE (recal),Overall,All,AUC,0.8021100039840887,0.7634057975542908,0.8376465655069735,0.019378050187503458,200,percentile
PCE (recal),Overall,All,brier,0.018031050616079708,0.015653381207650766,0.021005774216038282,0.001344604517688857,200,percentile
PCE (recal),Overall,All,scaled_brier,0.03359417697026934,0.020704062747745076,0.04522748525170184,0.006361692269462388,200,percentile
PCE (recal),Overall,All,pct_flagged_7.5,0.04329880554905221,0.03958096641964476,0.04713887668011438,0.0018836448331104791,200,percentile
PCE (recal),Overall,All,TPR_7.5,0.26009173179059936,0.20842203610919283,0.3129095308472335,0.02721669143736401,200,percentile
PCE (recal),Overall,All,FPR_7.5,0.03943217428494642,0.035568998387991,0.04340601825900487,0.002106347419578101,200,percentile
PCE (recal),Overall,All,pct_flagged_20,0.0020317324392383675,0.001337355119365366,0.0028431556393579624,0.00039168737125013946,200,percentile
PCE (recal),Overall,All,TPR_20,0.01340557526667265,0.004482195672392882,0.02293236533964251,0.005028993754565557,200,percentile
PCE (recal),Overall,All,FPR_20,0.0018082734970309617,0.0010671358526250585,0.0026240470403812964,0.0004048284918992548,200,percentile
PCE (recal),Overall,All,rel_OE,1.0,1.0,1.0,0.0,200,percentile
PCE (recal),sex,Female,n,6883.0,3348.95,3578.15,61.643712057118236,200,percentile
PCE (recal),sex,Female,events,145.0,62.0,85.0,6.11168869408998,200,percentile
PCE (recal),sex,Female,observed,0.01550122652400136,0.012528100855061624,0.01828931830786972,0.0015613007824584707,200,percentile
PCE (recal),sex,Female,expected,0.015636947123801252,0.014812830934858417,0.016437354117542515,0.0004154306187393429,200,percentile
PCE (recal),sex,Female,OE,0.9913205180828866,0.8261098931903014,1.1602037517327175,0.08848312098051288,200,percentile
PCE (recal),sex,Female,cal_intercept,-0.015998912792721583,-0.20691106603931397,0.14347688528405297,0.09211858442217642,200,percentile
PCE (recal),sex,Female,cal_slope,0.9893746087191382,0.7620106126027744,1.1837900352394564,0.10873288086054429,200,percentile
PCE (recal),sex,Female,AUC,0.8149145069102595,0.7557129172429489,0.8593343363947434,0.026974663358237026,200,percentile
PCE (recal),sex,Female,brier,0.014639666183800954,0.011769755410288432,0.017322890692297067,0.0014477530834257047,200,percentile
PCE (recal),sex,Female,scaled_brier,0.04070996789887493,0.02205549626997,0.05661836342966716,0.009094060337290958,200,percentile
PCE (recal),sex,Female,pct_flagged_7.5,0.033392966180276096,0.028998043171015873,0.038164056522761135,0.0022303495362224015,200,percentile
PCE (recal),sex,Female,TPR_7.5,0.24406820704420562,0.1707811847154127,0.30565471755078666,0.03480408776106085,200,percentile
PCE (recal),sex,Female,FPR_7.5,0.03039773873001409,0.026464801230486775,0.034766058020841914,0.0022096647976205387,200,percentile
PCE (recal),sex,Female,pct_flagged_20,0.001835433833827037,0.0009675070004696091,0.0027028476338756893,0.0004739415900527956,200,percentile
PCE (recal),sex,Female,TPR_20,0.02011987722181539,0.005339770716880825,0.0370549428015844,0.008877513057271903,200,percentile
PCE (recal),sex,Female,FPR_20,0.0014643331204509406,0.0006193752707303079,0.002335163969027794,0.0004478762599675445,200,percentile
PCE (recal),sex,Female,rel_OE,1.037009456522406,0.9151271932047459,1.1671862561775392,0.07022702484605016,200,percentile
PCE (recal),sex,Male,n,6583.0,3189.9,3428.1,62.9822163222629,200,percentile
PCE (recal),sex,Male,events,217.0,95.0,122.025,7.3893580956214695,200,percentile
PCE (recal),sex,Male,observed,0.022927328551733867,0.019565152887272143,0.02805681210964602,0.002226526655470356,200,percentile
PCE (recal),sex,Male,expected,0.02463820119367688,0.02380031198733819,0.025425184438575225,0.0004186956035601838,200,percentile
PCE (recal),sex,Male,OE,0.9305601643361007,0.7974093770343414,1.138101794929088,0.08797315624825879,200,percentile
PCE (recal),sex,Male,cal_intercept,-0.07870741086840963,-0.2398968286271894,0.12693830423763697,0.09735827230759461,200,percentile
PCE (recal),sex,Male,cal_slope,1.0498117863955383,0.8671226104234572,1.2575416106002277,0.10971627181325355,200,percentile
PCE (recal),sex,Male,AUC,0.7783469427149388,0.7350958964879861,0.8212397917644786,0.02349343902133708,200,percentile
PCE (recal),sex,Male,brier,0.021797756616237438,0.018724321041804753,0.02638377443673289,0.0020393283190356026,200,percentile
PCE (recal),sex,Male,scaled_brier,0.02695824215658993,0.012923183657622987,0.040819831311734694,0.007599818424680438,200,percentile
PCE (recal),sex,Male,pct_flagged_7.5,0.05432746369549131,0.04905991402364467,0.059608268536713596,0.002900758032464097,200,percentile
PCE (recal),sex,Male,TPR_7.5,0.272124217797413,0.2110282787532326,0.3467579486861189,0.03571027357801332,200,percentile
PCE (recal),sex,Male,FPR_7.5,0.04954270700507172,0.04328576449651999,0.056360890441582046,0.0033221160952311523,200,percentile
PCE (recal),sex,Male,pct_flagged_20,0.002250281330766757,0.0013884807410720194,0.0033566700760315625,0.0005088117760067858,200,percentile
PCE (recal),sex,Male,TPR_20,0.008363629402735315,0.0,0.017417830765703766,0.0057696494465571515,200,percentile
PCE (recal),sex,Male,FPR_20,0.002193180823010616,0.0011281435370743603,0.003306322369090319,0.000583600604903363,200,percentile
PCE (recal),sex,Male,rel_OE,0.9734487208494303,0.8798038090694346,1.057601436091154,0.049924178465060795,200,percentile
PCE (recal),race,Mexican American,n,2794.0,1145.85,1619.0,121.41411175256074,200,percentile
PCE (recal),race,Mexican American,events,62.0,19.0,40.025000000000006,5.467124219933264,200,percentile
PCE (recal),race,Mexican American,observed,0.016964214623544305,0.009631503203861877,0.023200238450520924,0.0035460752957624667,200,percentile
PCE (recal),race,Mexican American,expected,0.017956597229889164,0.01636499441678264,0.019178042017420207,0.0007367722617345108,200,percentile
PCE (recal),race,Mexican American,OE,0.9447343729081913,0.568813968250253,1.2912099161339432,0.18859470972290904,200,percentile
PCE (recal),race,Mexican American,cal_intercept,-0.06998285391081467,-0.5621390274557404,0.25536228855108817,0.21432366061516736,200,percentile
PCE (recal),race,Mexican American,cal_slope,0.8736460430548431,0.6294672382509255,1.2192471939905438,0.16111631923463424,200,percentile
PCE (recal),race,Mexican American,AUC,0.7849113746378554,0.715205274314273,0.8631487766775999,0.03927090498222612,200,percentile
PCE (recal),race,Mexican American,brier,0.016295259358106957,0.009744287174764596,0.02224142160456887,0.0033302541585488055,200,percentile
PCE (recal),race,Mexican American,scaled_brier,0.022856851652179766,-0.012043682473193958,0.052405798694403816,0.018359749687675543,200,percentile
PCE (recal),race,Mexican American,pct_flagged_7.5,0.03921660216992644,0.030469506176406102,0.04554562709952941,0.0037126048330307568,200,percentile
PCE (recal),race,Mexican American,TPR_7.5,0.23826322672278832,0.10316240802752707,0.3829276600043659,0.07668585992871901,200,percentile
PCE (recal),race,Mexican American,FPR_7.5,0.038640903265697905,0.030334324492359382,0.045217720019276986,0.0040485795792994175,200,percentile
PCE (recal),race,Mexican American,pct_flagged_20,0.0015481712257686133,0.0005636082447485076,0.002511451606026442,0.000521729935638693,200,percentile
PCE (recal),race,Mexican American,TPR_20,0.011731349571865153,0.0,0.03151944782639871,0.009495638630325851,200,percentile
PCE (recal),race,Mexican American,FPR_20,0.001618665960761664,0.0003897100270046557,0.0026775462075317707,0.0006068084723159436,200,percentile
PCE (recal),race,Mexican American,rel_OE,0.9882762040497225,0.634954823624199,1.3574403765145135,0.19545241160092813,200,percentile
PCE (recal),race,NH Black,n,2577.0,1128.725,1444.15,80.62646656373303,200,percentile
PCE (recal),race,NH Black,events,85.0,32.0,55.025000000000006,5.648284303918265,200,percentile
PCE (recal),race,NH Black,observed,0.025578082541956617,0.020286024190519617,0.03069837434964328,0.002788530360386717,200,percentile
PCE (recal),race,NH Black,expected,0.024676280081587423,0.0233834217782945,0.02592155248802354,0.0006819215706439375,200,percentile
PCE (recal),race,NH Black,OE,1.03654531628704,0.8339124044041192,1.2390123972637088,0.10956410600531125,200,percentile
PCE (recal),race,NH Black,cal_intercept,0.01880054088991142,-0.20540957749567904,0.2100347184575486,0.11374789999109071,200,percentile
PCE (recal),race,NH Black,cal_slope,0.9672231654812126,0.6353014682019819,1.320956328545276,0.17722721050862875,200,percentile
PCE (recal),race,NH Black,AUC,0.7632318289874924,0.6881777448021767,0.8432885174906755,0.03846035473041998,200,percentile
PCE (recal),race,NH Black,brier,0.023619022387357178,0.018793360367754117,0.028150967024663166,0.0025170506772368016,200,percentile
PCE (recal),race,NH Black,scaled_brier,0.0523523512565236,0.022470110324850565,0.07857976900323012,0.014452757055349675,200,percentile
PCE (recal),race,NH Black,pct_flagged_7.5,0.059677237017740935,0.051181594684671955,0.06773239816470963,0.004532363952034053,200,percentile
PCE (recal),race,NH Black,TPR_7.5,0.3288107364934425,0.24084404118980557,0.4244971322748294,0.048435828052789454,200,percentile
PCE (recal),race,NH Black,FPR_7.5,0.05186320401667692,0.0438541256798601,0.06012112479417001,0.004559811336766024,200,percentile
PCE (recal),race,NH Black,pct_flagged_20,0.0037011497973151834,0.0018060179136687902,0.005765336453538589,0.001112658523370659,200,percentile
PCE (recal),race,NH Black,TPR_20,0.0786037248912532,0.021988472842909147,0.14003549338932264,0.03061421740439083,200,percentile
PCE (recal),race,NH Black,FPR_20,0.0017019411418207244,0.0004547118899188593,0.0029971067052400172,0.0007432627450373759,200,percentile
PCE (recal),race,NH Black,rel_OE,1.084318618949228,0.858128804510538,1.3064442598926906,0.11781066294611708,200,percentile
PCE (recal),race,NH White,n,6689.0,3072.275,3686.4,156.1562920208099,200,percentile
PCE (recal),race,NH White,events,191.0,83.0,115.05000000000001,8.523274372572477,200,percentile
PCE (recal),race,NH White,observed,0.01875577802761195,0.015678117134997872,0.023020887600896885,0.0018421529313167853,200,percentile
PCE (recal),race,NH White,expected,0.019674026863732434,0.018843520155515554,0.020438356356695626,0.00042472986124205233,200,percentile
PCE (recal),race,NH White,OE,0.9533268485155317,0.8064615610615483,1.1505645193771772,0.085807352001075,200,percentile
PCE (recal),race,NH White,cal_intercept,-0.0502465757445328,-0.21129540843219763,0.14583510621958828,0.09234307238001065,200,percentile
PCE (recal),race,NH White,cal_slope,1.1163333966850877,0.9292367166015714,1.366250785481284,0.10312365722516176,200,percentile
PCE (recal),race,NH White,AUC,0.8262927967126268,0.7843671375632,0.8652202897671207,0.019962440102945955,200,percentile
PCE (recal),race,NH White,brier,0.017761113841782188,0.014879305937114286,0.021750347840705783,0.001695201481307028,200,percentile
PCE (recal),race,NH White,scaled_brier,0.03493180926382544,0.019917296292802648,0.04949075648386999,0.007175439361335805,200,percentile
PCE (recal),race,NH White,pct_flagged_7.5,0.04239625234371811,0.037779175974449256,0.04735769259223213,0.0023433693915234604,200,percentile
PCE (recal),race,NH White,TPR_7.5,0.26363841054049353,0.20001811809235268,0.33450379803068137,0.0335961491367234,200,percentile
PCE (recal),race,NH White,FPR_7.5,0.038489268586576315,0.03387759769053885,0.04302973516794312,0.00239109130470669,200,percentile
PCE (recal),race,NH White,pct_flagged_20,0.0019412642014591866,0.001062223447069677,0.002886191717984254,0.00048006533561222866,200,percentile
PCE (recal),race,NH White,TPR_20,0.003955162688753244,0.0,0.009097589093443634,0.003961594068525949,200,percentile
PCE (recal),race,NH White,FPR_20,0.0019038071727680577,0.0010263604784955817,0.0028031546702304987,0.00048620999974039494,200,percentile
PCE (recal),race,NH White,rel_OE,0.9972646979800026,0.9391287447668433,1.050589809287225,0.03005066639863354,200,percentile
PCE (recal),race,Other Hispanic,n,929.0,348.0,588.25,57.52556761691484,200,percentile
PCE (recal),race,Other Hispanic,events,17.0,4.0,14.0,2.656891106492472,200,percentile
PCE (recal),race,Other Hispanic,observed,0.016140591697789083,0.0056170432775479815,0.02772504920273109,0.006010455665013247,200,percentile
PCE (recal),race,Other Hispanic,expected,0.01865900072904525,0.016268393812799563,0.02071524312368343,0.0011792160258970539,200,percentile
PCE (recal),race,Other Hispanic,OE,0.8650298015511665,0.2837345626380376,1.569505056466582,0.3323025734266369,200,percentile
PCE (recal),race,Other Hispanic,cal_intercept,-0.1501026022109924,-1.3084907086765984,0.4723164526262676,0.44829113729879877,200,percentile
PCE (recal),race,Other Hispanic,cal_slope,0.7218328612478665,0.3942941334415822,1.4610223282818142,0.27105610966408433,200,percentile
PCE (recal),race,Other Hispanic,AUC,0.7241230522579363,0.6367085465389163,0.8590834663141806,0.05915121526146941,200,percentile
PCE (recal),race,Other Hispanic,brier,0.015694396973941,0.005929000081126813,0.026775598069500233,0.005707325737936207,200,percentile
PCE (recal),race,Other Hispanic,scaled_brier,0.01169239105659925,-0.08473621678388503,0.06808926709554065,0.03987654092212669,200,percentile
PCE (recal),race,Other Hispanic,pct_flagged_7.5,0.039058815704454616,0.023869651253299876,0.054177768524976744,0.008045539239308924,200,percentile
PCE (recal),race,Other Hispanic,TPR_7.5,0.207055077293493,0.059219938649564825,0.44880557833867024,0.10768865368298913,200,percentile
PCE (recal),race,Other Hispanic,FPR_7.5,0.03693331858885894,0.02207382402421068,0.05312335439983453,0.008199616879936476,200,percentile
PCE (recal),race,Other Hispanic,pct_flagged_20,0.0028112483731203963,0.0006512712334753598,0.005262147722629153,0.00118963335067064,200,percentile
PCE (recal),race,Other Hispanic,TPR_20,0.0,0.0,0.0,0.0,200,percentile
PCE (recal),race,Other Hispanic,FPR_20,0.0023498755876226783,0.0,0.00474836741050439,0.0011627813401572551,200,percentile
PCE (recal),race,Other Hispanic,rel_OE,0.9048981313501431,0.3304555776137474,1.7426751290898523,0.36177854064203147,200,percentile
PCE (recal),race,Other/Multiracial,n,477.0,198.9,278.05,19.951745178765496,200,percentile
PCE (recal),race,Other/Multiracial,events,7.0,1.9750000000000005,6.0,1.1272660037524775,200,percentile
PCE (recal),race,Other/Multiracial,observed,0.014600354490660186,0.002414736483115239,0.024508961940018215,0.0058584194057224965,200,percentile
PCE (recal),race,Other/Multiracial,expected,0.01734774117763497,0.015134829311135018,0.019643913339579027,0.0011738335964385155,200,percentile
PCE (recal),race,Other/Multiracial,OE,0.8416285636935392,0.1382106096650249,1.515075176338481,0.3516358894798759,200,percentile
PCE (recal),race,Other/Multiracial,cal_intercept,-0.2114865694117394,-2.05019120064363,0.4137006970706088,0.5773476966987936,200,percentile
PCE (recal),race,Other/Multiracial,cal_slope,-0.22105915566757808,-1.3978138673934861,1.331157959476507,0.7329585883733463,200,percentile
PCE (recal),race,Other/Multiracial,AUC,0.47235057227439514,0.19283875405962433,0.9037102138744152,0.20419496746003005,200,percentile
PCE (recal),race,Other/Multiracial,brier,0.014953456145350692,0.003074469536835904,0.024694678371850003,0.005720010283575366,200,percentile
PCE (recal),race,Other/Multiracial,scaled_brier,-0.03935947440836607,-0.2606978111842735,-0.011470889742952751,0.0702227535884907,200,percentile
PCE (recal),race,Other/Multiracial,pct_flagged_7.5,0.03370273793027403,0.015731475659727337,0.05150087715871381,0.00947253929949429,200,percentile
PCE (recal),race,Other/Multiracial,TPR_7.5,0.0,0.0,0.0,0.0,200,percentile
PCE (recal),race,Other/Multiracial,FPR_7.5,0.03286602307976777,0.01287441040180179,0.051427181257109274,0.010112784416994404,200,percentile
PCE (recal),race,Other/Multiracial,pct_flagged_20,0.0,0.0,0.0,0.0,200,percentile
PCE (recal),race,Other/Multiracial,TPR_20,0.0,0.0,0.0,0.0,200,percentile
PCE (recal),race,Other/Multiracial,FPR_20,0.0,0.0,0.0,0.0,200,percentile
PCE (recal),race,Other/Multiracial,rel_OE,0.8804183546179717,0.14198447959241742,1.594873465897206,0.37721540226427214,200,percentile
PCE (recal),age_group,40-49,n,4420.0,2141.875,2304.125,41.88983368108711,200,percentile
PCE (recal),age_group,40-49,events,35.0,12.975000000000001,24.025000000000006,3.018531540884836,200,percentile
PCE (recal),age_group,40-49,observed,0.006351207120419218,0.0037984180696897544,0.009903914156898664,0.0015357245856730264,200,percentile
PCE (recal),age_group,40-49,expected,0.006993215394675188,0.006715581233298604,0.007297045431806603,0.0001609809373990973,200,percentile
PCE (recal),age_group,40-49,OE,0.9081955526859917,0.5386255636603834,1.3877572538168776,0.21445750639475622,200,percentile
PCE (recal),age_group,40-49,cal_intercept,-0.10695816433689936,-0.6273667475646397,0.326118995243311,0.2447770888858195,200,percentile
PCE (recal),age_group,40-49,cal_slope,0.9686982619910584,0.571532904491511,1.3850230507497585,0.22043112351389063,200,percentile
PCE (recal),age_group,40-49,AUC,0.7722924755984267,0.681888561745464,0.877625740679827,0.05326067710429555,200,percentile
PCE (recal),age_group,40-49,brier,0.006268946807341465,0.003769274740245052,0.0097429023163943,0.0014895073350173768,200,percentile
PCE (recal),age_group,40-49,scaled_brier,0.006642901203399276,-0.0063279872010726925,0.013969360893118574,0.0052985758205579625,200,percentile
PCE (recal),age_group,40-49,pct_flagged_7.5,0.0009221347601801108,0.00022356313725497917,0.0015696870015322263,0.0003673370934102749,200,percentile
PCE (recal),age_group,40-49,TPR_7.5,0.017356772039853655,0.0,0.05229992888957054,0.01898032908419806,200,percentile
PCE (recal),age_group,40-49,FPR_7.5,0.0009065620981006344,0.0,0.0017780668182749253,0.0004572622292348441,200,percentile
PCE (recal),age_group,40-49,pct_flagged_20,0.0,0.0,0.0,0.0,200,percentile
PCE (recal),age_group,40-49,TPR_20,0.0,0.0,0.0,0.0,200,percentile
PCE (recal),age_group,40-49,FPR_20,0.0,0.0,0.0,0.0,200,percentile
PCE (recal),age_group,40-49,rel_OE,0.9500533473556326,0.5996175745982554,1.3750870909260058,0.20391929339923404,200,percentile
PCE (recal),age_group,50-59,n,3406.0,1627.95,1800.275,43.64096290431826,200,percentile
PCE (recal),age_group,50-59,events,45.0,16.0,29.025000000000006,3.4105364378598635,200,percentile
PCE (recal),age_group,50-59,observed,0.010489009079613369,0.00700583177926095,0.01403982484012365,0.001897770124377253,200,percentile
PCE (recal),age_group,50-59,expected,0.013896252348097663,0.013452752847712047,0.014374503174099598,0.00024741535545057654,200,percentile
PCE (recal),age_group,50-59,OE,0.7548084776288096,0.5108047189065364,1.011167193838902,0.13308586709057862,200,percentile
PCE (recal),age_group,50-59,cal_intercept,-0.28812335578137427,-0.6804847716927712,0.014123804635984087,0.181525619741319,200,percentile
PCE (recal),age_group,50-59,cal_slope,0.6692959936825469,0.1484914897134932,1.1851869904950094,0.26700352377645525,200,percentile
PCE (recal),age_group,50-59,AUC,0.6621702324227993,0.5451594325119645,0.7748187463002887,0.05877205199180142,200,percentile
PCE (recal),age_group,50-59,brier,0.010367984953628078,0.006994491854396141,0.013848865222040544,0.0018341494921643219,200,percentile
PCE (recal),age_group,50-59,scaled_brier,0.0010602972696686086,-0.01122509465228036,0.012329961146436409,0.006725453045140005,200,percentile
PCE (recal),age_group,50-59,pct_flagged_7.5,0.00761121116625345,0.005581423480288036,0.00970894996319351,0.0011829001050625782,200,percentile
PCE (recal),age_group,50-59,TPR_7.5,0.07177645014906169,0.017605149416834064,0.15017849610696288,0.035419534348355326,200,percentile
PCE (recal),age_group,50-59,FPR_7.5,0.006654175221099346,0.004477024813565648,0.00921231209437846,0.0011847305416650205,200,percentile
PCE (recal),age_group,50-59,pct_flagged_20,0.0,0.0,0.0,0.0,200,percentile
PCE (recal),age_group,50-59,TPR_20,0.0,0.0,0.0,0.0,200,percentile
PCE (recal),age_group,50-59,FPR_20,0.0,0.0,0.0,0.0,200,percentile
PCE (recal),age_group,50-59,rel_OE,0.7895968204896063,0.5794032017726785,1.0437389153520351,0.12364602810451976,200,percentile
PCE (recal),age_group,60-69,n,3441.0,1635.9,1818.025,46.60562623745041,200,percentile
PCE (recal),age_group,60-69,events,102.0,41.975,59.025000000000006,4.820055984995658,200,percentile
PCE (recal),age_group,60-69,observed,0.02748240160978038,0.02009161283071983,0.03377440582077536,0.0034137971458165525,200,percentile
PCE (recal),age_group,60-69,expected,0.029759273713074158,0.029049169415405227,0.03053465113425512,0.00040033926867913747,200,percentile
PCE (recal),age_group,60-69,OE,0.9234903336268762,0.6770224033679922,1.1306702678418867,0.11608833712483979,200,percentile
PCE (recal),age_group,60-69,cal_intercept,-0.08268912023115697,-0.40584768869200993,0.13452588333841545,0.13349974613735877,200,percentile
PCE (recal),age_group,60-69,cal_slope,0.8529700481800742,0.49079969914682464,1.2431929387993685,0.20413916815247937,200,percentile
PCE (recal),age_group,60-69,AUC,0.6695914846670284,0.5993690367853924,0.7525181741293345,0.03994506888447833,200,percentile
PCE (recal),age_group,60-69,brier,0.026601824548499745,0.01976431529821671,0.03226457182493657,0.003139331596311947,200,percentile
PCE (recal),age_group,60-69,scaled_brier,0.0046879224823183074,-0.011187916666211162,0.017162787786087666,0.007344762420005231,200,percentile
PCE (recal),age_group,60-69,pct_flagged_7.5,0.03938595742539652,0.03282753604460715,0.04713547272797113,0.0039722261656779095,200,percentile
PCE (recal),age_group,60-69,TPR_7.5,0.08307207885547105,0.013771849004752418,0.14531208843749555,0.0365941669065324,200,percentile
PCE (recal),age_group,60-69,FPR_7.5,0.03785143137440924,0.031598828523461124,0.04569729157857204,0.0037828471499153794,200,percentile
PCE (recal),age_group,60-69,pct_flagged_20,0.0008137480941801496,0.0001546809473409573,0.0014608410919948584,0.0003848315770968897,200,percentile
PCE (recal),age_group,60-69,TPR_20,0.0036948719208516542,0.0,0.00950602866925824,0.003882459729891968,200,percentile
PCE (recal),age_group,60-69,FPR_20,0.0007123841382772104,0.0,0.0013809858308632785,0.0003769942300908957,200,percentile
PCE (recal),age_group,60-69,rel_OE,0.9660530489474135,0.7573502569688567,1.1338901152654075,0.09563022469691984,200,percentile
PCE (recal),age_group,70-79,n,2199.0,1038.9,1179.05,34.74548378158054,200,percentile
PCE (recal),age_group,70-79,events,180.0,77.975,101.025,6.3635089558478475,200,percentile
PCE (recal),age_group,70-79,observed,0.07518562748041359,0.06098421247699379,0.0879326116707674,0.007149773191958585,200,percentile
PCE (recal),age_group,70-79,expected,0.06786104814675675,0.06513711798251956,0.07028034219714493,0.0013242419995495365,200,percentile
PCE (recal),age_group,70-79,OE,1.1079349572941557,0.9002850032455335,1.2900061400874916,0.10406171365144412,200,percentile
PCE (recal),age_group,70-79,cal_intercept,0.11337579247959437,-0.11915525515277413,0.2792459315977884,0.10521905892073165,200,percentile
PCE (recal),age_group,70-79,cal_slope,0.9169833271386353,0.667448947251456,1.2200600131379236,0.14052417629232736,200,percentile
PCE (recal),age_group,70-79,AUC,0.6636106771719731,0.6183975656084604,0.7108752619486982,0.024387814603135393,200,percentile
PCE (recal),age_group,70-79,brier,0.0682395995854374,0.05633609321188153,0.07951353480708045,0.005998750400963681,200,percentile
PCE (recal),age_group,70-79,scaled_brier,0.018597701598102256,0.003880878150551838,0.034143129526206045,0.008073134394502671,200,percentile
PCE (recal),age_group,70-79,pct_flagged_7.5,0.3078160784282089,0.2826019415017547,0.33083227343369637,0.012676555582860561,200,percentile
PCE (recal),age_group,70-79,TPR_7.5,0.5187869771733651,0.4309296713500718,0.6170551895349664,0.04856533676483333,200,percentile
PCE (recal),age_group,70-79,FPR_7.5,0.29296666033481866,0.267164047737397,0.31752955457719906,0.013065243836263864,200,percentile
PCE (recal),age_group,70-79,pct_flagged_20,0.01736939903975459,0.01121341568962651,0.02368342695396824,0.0033421525840076206,200,percentile
PCE (recal),age_group,70-79,TPR_20,0.028855439321822832,0.007899296138963523,0.05141751882104837,0.01172883047271501,200,percentile
PCE (recal),age_group,70-79,FPR_20,0.01634583600380391,0.009510290691447144,0.0229651568260893,0.0035002673925612726,200,percentile
PCE (recal),age_group,70-79,rel_OE,1.158998534750112,0.9602076495263746,1.3606046783828247,0.09873961479889339,200,percentile
PCE (recal),income,PIR 1.3-3.5,n,4520.0,2170.925,2388.025,54.24898026042982,200,percentile
PCE (recal),income,PIR 1.3-3.5,events,144.0,59.975,83.0,6.214246478575054,200,percentile
PCE (recal),income,PIR 1.3-3.5,observed,0.024808312919204586,0.019594608039444846,0.029744718919790303,0.0028024703417131288,200,percentile
PCE (recal),income,PIR 1.3-3.5,expected,0.024670077611002553,0.02353408251156194,0.026082855482935367,0.0006128117754529001,200,percentile
PCE (recal),income,PIR 1.3-3.5,OE,1.005603359275221,0.7901214943272633,1.1922718251063706,0.10813471410092032,200,percentile
PCE (recal),income,PIR 1.3-3.5,cal_intercept,0.006329807880090844,-0.2614147966812401,0.180175906822391,0.11512002369623008,200,percentile
PCE (recal),income,PIR 1.3-3.5,cal_slope,1.1292581169570497,0.9300451707173445,1.4145920282162816,0.13055431754252,200,percentile
PCE (recal),income,PIR 1.3-3.5,AUC,0.8250177303637737,0.7847032918338773,0.8709478075325188,0.02332930247361968,200,percentile
PCE (recal),income,PIR 1.3-3.5,brier,0.023193198803354003,0.018479278393783702,0.02760266184204118,0.002475101314266153,200,percentile
PCE (recal),income,PIR 1.3-3.5,scaled_brier,0.041320526142099356,0.019583536265239575,0.05892640849903333,0.01046546096168362,200,percentile
PCE (recal),income,PIR 1.3-3.5,pct_flagged_7.5,0.06391851914044568,0.05737392829654389,0.07197180764295116,0.0034238110938166586,200,percentile
PCE (recal),income,PIR 1.3-3.5,TPR_7.5,0.35052029463483647,0.26428036288842044,0.448307263799654,0.048718376206416704,200,percentile
PCE (recal),income,PIR 1.3-3.5,FPR_7.5,0.05560342234875187,0.04903833246775838,0.06277984802583002,0.003510847832175861,200,percentile
PCE (recal),income,PIR 1.3-3.5,pct_flagged_20,0.0035027634497435856,0.0018299168936605544,0.005156973457805493,0.0008904409258699523,200,percentile
PCE (recal),income,PIR 1.3-3.5,TPR_20,0.011392148603401254,0.0,0.02529577998436314,0.0070832613634806375,200,percentile
PCE (recal),income,PIR 1.3-3.5,FPR_20,0.003839210856339408,0.0018283702693798675,0.005840784933450017,0.0010727246250251488,200,percentile
PCE (recal),income,PIR 1.3-3.5,rel_OE,1.051950579108169,0.8618767271431999,1.2270692121100135,0.09230769201540674,200,percentile
PCE (recal),income,PIR<1.3,n,3136.0,1472.825,1683.25,52.700346608569106,200,percentile
PCE (recal),income,PIR<1.3,events,124.0,53.0,71.025,4.84949098504888,200,percentile
PCE (recal),income,PIR<1.3,observed,0.033344338747349433,0.027683901798192287,0.0392704144507419,0.0033336722033804186,200,percentile
PCE (recal),income,PIR<1.3,expected,0.024566287852552996,0.02337090810806634,0.026017306125574218,0.0007248504098080213,200,percentile
PCE (recal),income,PIR<1.3,OE,1.3573210143706835,1.1203960506646091,1.6153491073802673,0.1327304834176602,200,percentile
PCE (recal),income,PIR<1.3,cal_intercept,0.3199641711504999,0.11514483834257783,0.5087784997624154,0.104555208388444,200,percentile
PCE (recal),income,PIR<1.3,cal_slope,0.7766158770494253,0.5070852259750348,1.1364636998065736,0.16643246017158228,200,percentile
PCE (recal),income,PIR<1.3,AUC,0.7484514052562703,0.6786725792927236,0.8139978100346987,0.03502383675866814,200,percentile
PCE (recal),income,PIR<1.3,brier,0.031128934410589264,0.02567221122581487,0.037179548655135466,0.003096744537206185,200,percentile
PCE (recal),income,PIR<1.3,scaled_brier,0.034237481480513865,0.012069004719739828,0.06025711646213743,0.01212358878753553,200,percentile
PCE (recal),income,PIR<1.3,pct_flagged_7.5,0.06574367150081152,0.05591003616861717,0.07576092035389063,0.005384597452633337,200,percentile
PCE (recal),income,PIR<1.3,TPR_7.5,0.2442941148554583,0.15245771468158395,0.3356336404601494,0.04731438209586933,200,percentile
PCE (recal),income,PIR<1.3,FPR_7.5,0.060890261178128825,0.05040386480521867,0.07171760687996306,0.00571539451341742,200,percentile
PCE (recal),income,PIR<1.3,pct_flagged_20,0.0028050648048157157,0.0010529775982522204,0.004696493087692398,0.0010161102229344528,200,percentile
PCE (recal),income,PIR<1.3,TPR_20,0.017266836550215273,0.0,0.03759276804494161,0.010321714698396966,200,percentile
PCE (recal),income,PIR<1.3,FPR_20,0.00227041147107107,0.0005961046180929866,0.004039432841225418,0.0010008635654569253,200,percentile
PCE (recal),income,PIR<1.3,rel_OE,1.419878537529972,1.2149995280509363,1.6798638005094289,0.1245122474458296,200,percentile
PCE (recal),income,PIR>3.5,n,4696.0,2220.85,2496.075,77.13295820339081,200,percentile
PCE (recal),income,PIR>3.5,events,60.0,20.975,39.0,4.404702831653446,200,percentile
PCE (recal),income,PIR>3.5,observed,0.010632934308043336,0.007349050783852543,0.013720164086227985,0.0016739752586817243,200,percentile
PCE (recal),income,PIR>3.5,expected,0.015128074203250678,0.014544287541411434,0.01579254423740776,0.000322954592402003,200,percentile
PCE (recal),income,PIR>3.5,OE,0.7028610624978664,0.48806335814572244,0.9038560460510981,0.11076792419596043,200,percentile
PCE (recal),income,PIR>3.5,cal_intercept,-0.3722337256677797,-0.7391418482875113,-0.11454028188623523,0.1672990935440445,200,percentile
PCE (recal),income,PIR>3.5,cal_slope,0.8945308580758151,0.6714474677233313,1.261440023181066,0.15452129291080163,200,percentile
PCE (recal),income,PIR>3.5,AUC,0.7716966229507431,0.705209711176602,0.8562527796025872,0.038337349198336285,200,percentile
PCE (recal),income,PIR>3.5,brier,0.010500025617254128,0.007380024197233897,0.013631881082070094,0.0015907992349342142,200,percentile
PCE (recal),income,PIR>3.5,scaled_brier,0.0018868473969291255,-0.019456620777789885,0.020722944553925343,0.010585512077793171,200,percentile
PCE (recal),income,PIR>3.5,pct_flagged_7.5,0.022830148092500023,0.01981520431826725,0.02623602828048385,0.0015777435201052587,200,percentile
PCE (recal),income,PIR>3.5,TPR_7.5,0.12120614279775398,0.07188637734826117,0.19618417810184893,0.033222437009268115,200,percentile
PCE (recal),income,PIR>3.5,FPR_7.5,0.02244556380111887,0.018774181868863312,0.026720897400549982,0.0020778485330681046,200,percentile
PCE (recal),income,PIR>3.5,pct_flagged_20,0.0006852682587105458,8.861371961761123e-05,0.0013160620988187557,0.00030182713734794525,200,percentile
PCE (recal),income,PIR>3.5,TPR_20,0.0,0.0,0.0,0.0,200,percentile
PCE (recal),income,PIR>3.5,FPR_20,0.0003735077629579608,0.0,0.0007903204802222857,0.0002185630307141657,200,percentile
PCE (recal),income,PIR>3.5,rel_OE,0.7352552026676911,0.5430510804902289,0.9015558764598518,0.09310864391004445,200,percentile
PCE (recal),education,<HS,n,4127.0,1938.9,2184.225,65.42879362464113,200,percentile
PCE (recal),education,<HS,events,151.0,66.0,86.025,5.802364792559121,200,percentile
PCE (recal),education,<HS,observed,0.032376908726087124,0.026536536549414846,0.03914590677144912,0.0034712574463381797,200,percentile
PCE (recal),education,<HS,expected,0.028951927400566728,0.02731911042000797,0.030606293231022708,0.0008496472783956115,200,percentile
PCE (recal),education,<HS,OE,1.118298905566244,0.9032517519436878,1.3601364693730524,0.1156206927802872,200,percentile
PCE (recal),education,<HS,cal_intercept,0.1021179731946852,-0.0967458474635182,0.3069608485475444,0.10889304811797655,200,percentile
PCE (recal),education,<HS,cal_slope,0.8513441510352182,0.5625915074774581,1.1676355169668962,0.16811493437958477,200,percentile
PCE (recal),education,<HS,AUC,0.7593029598273611,0.6980610036401795,0.8119505917460005,0.03157910713127785,200,percentile
PCE (recal),education,<HS,brier,0.030139099071893015,0.024668331785063703,0.03636849130594636,0.003071678745601031,200,percentile
PCE (recal),education,<HS,scaled_brier,0.03796989797163508,0.010608541188420362,0.05852176466728917,0.012211046926368327,200,percentile
PCE (recal),education,<HS,pct_flagged_7.5,0.08399438786358972,0.07453467936550134,0.09597438413016647,0.005813362019659321,200,percentile
PCE (recal),education,<HS,TPR_7.5,0.3522537772160464,0.25458901189237576,0.43173270062232016,0.04696946715075762,200,percentile
PCE (recal),education,<HS,FPR_7.5,0.07729472069351967,0.06661099548581377,0.08869489808885818,0.005731264363960172,200,percentile
PCE (recal),education,<HS,pct_flagged_20,0.0055055531163801874,0.003580538958812953,0.007755088340014195,0.0011068285032106357,200,percentile
PCE (recal),education,<HS,TPR_20,0.0331727824814133,0.008313955798074738,0.061831380614218466,0.014213287511140746,200,percentile
PCE (recal),education,<HS,FPR_20,0.004588225766052937,0.002701833419369108,0.006888271160199885,0.0011661143956750027,200,percentile
PCE (recal),education,<HS,rel_OE,1.1698401466899608,0.9853228104274595,1.4070834034438757,0.11185035442967638,200,percentile
PCE (recal),education,College+,n,2796.0,1304.975,1500.025,53.95514585115207,200,percentile
PCE (recal),education,College+,events,48.0,16.975,31.0,3.678591466292416,200,percentile
PCE (recal),education,College+,observed,0.011890496825387504,0.0074329945776317186,0.015442930003298673,0.001967586377508383,200,percentile
PCE (recal),education,College+,expected,0.014796494551697289,0.013911955908941141,0.015819283944796383,0.0004918389355275861,200,percentile
PCE (recal),education,College+,OE,0.8036022845710816,0.5171379972256686,1.0673611591801067,0.13446162917020116,200,percentile
PCE (recal),education,College+,cal_intercept,-0.23221806721599533,-0.6958388123235123,0.06042372211273096,0.18268431929531115,200,percentile
PCE (recal),education,College+,cal_slope,1.1880732966529481,0.9107440748428465,1.6514499860208063,0.1981480940416228,200,percentile
PCE (recal),education,College+,AUC,0.8379605737179461,0.7718180928867961,0.9105741483408241,0.040170679002304685,200,percentile
PCE (recal),education,College+,brier,0.01134375818647206,0.007222253628296864,0.014534970427877441,0.001819590199775468,200,percentile
PCE (recal),education,College+,scaled_brier,0.03450087910841737,0.010807316152619819,0.054905831233536546,0.011469325328004442,200,percentile
PCE (recal),education,College+,pct_flagged_7.5,0.02513951240801067,0.02111772716984275,0.02947595815959363,0.0022905593512148326,200,percentile
PCE (recal),education,College+,TPR_7.5,0.2512883220563748,0.16148524473864004,0.37628845516405035,0.059690622705677404,200,percentile
PCE (recal),education,College+,FPR_7.5,0.023348544015736203,0.017534338125623973,0.02963704639203912,0.0030710414362351886,200,percentile
PCE (recal),education,College+,pct_flagged_20,0.0009635472492441695,0.0,0.0018244259049123583,0.0004540450281783024,200,percentile
PCE (recal),education,College+,TPR_20,0.0,0.0,0.0,0.0,200,percentile
PCE (recal),education,College+,FPR_20,0.0006774505226241423,0.0,0.0014986586336109091,0.0005069064911035343,200,percentile
PCE (recal),education,College+,rel_OE,0.8406394835797633,0.542077304876533,1.080084901132486,0.12881587939272696,200,percentile
PCE (recal),education,HS/GED,n,3138.0,1493.975,1683.2,48.626561542403756,200,percentile
PCE (recal),education,HS/GED,events,90.0,34.975,53.025000000000006,4.906195447477018,200,percentile
PCE (recal),education,HS/GED,observed,0.021187660395128236,0.01528445269397985,0.027484223685357502,0.0033549150451948192,200,percentile
PCE (recal),education,HS/GED,expected,0.02215274020663971,0.021137757075634433,0.02334869340612344,0.0005525554049277103,200,percentile
PCE (recal),education,HS/GED,OE,0.9564351948106982,0.6946671021958216,1.2175979190546309,0.14483883386525387,200,percentile
PCE (recal),education,HS/GED,cal_intercept,-0.04859667298963961,-0.38709117940965304,0.2084991340626287,0.165731510815476,200,percentile
PCE (recal),education,HS/GED,cal_slope,1.0970220279420602,0.7951421672094163,1.5263535730180269,0.17792685605700578,200,percentile
PCE (recal),education,HS/GED,AUC,0.8083007224644995,0.7399597680015382,0.8812038376832169,0.03607877509507062,200,percentile
PCE (recal),education,HS/GED,brier,0.019986981384561814,0.014766466635205448,0.02576692674126841,0.003032990311766849,200,percentile
PCE (recal),education,HS/GED,scaled_brier,0.03624916136532763,0.008980043010419124,0.05350360735367927,0.010935792733640648,200,percentile
PCE (recal),education,HS/GED,pct_flagged_7.5,0.050162336731301244,0.04479673769699772,0.05707579908816991,0.0035223894888032183,200,percentile
PCE (recal),education,HS/GED,TPR_7.5,0.2765225366403508,0.1839454458584688,0.3861730168937212,0.05160998333546015,200,percentile
PCE (recal),education,HS/GED,FPR_7.5,0.044902590588088716,0.03916739753996647,0.05182461774879119,0.003424272553619367,200,percentile
PCE (recal),education,HS/GED,pct_flagged_20,0.0016885250435533627,0.00035926328036498776,0.00295413555351492,0.0006837044149520114,200,percentile
PCE (recal),education,HS/GED,TPR_20,0.004974935558064782,0.0,0.013239545307797262,0.0052255261024194664,200,percentile
PCE (recal),education,HS/GED,FPR_20,0.0020236637701364284,0.000361158391455194,0.00357911478911019,0.0008447356275642747,200,percentile
PCE (recal),education,HS/GED,rel_OE,1.0005163047443493,0.7493374177446064,1.2187745081475552,0.11736223768419748,200,percentile
PCE (recal),education,Some college,n,3390.0,1620.95,1784.05,43.63422196663034,200,percentile
PCE (recal),education,Some college,events,71.0,27.0,44.0,4.342934538075615,200,percentile
PCE (recal),education,Some college,observed,0.015960103181500224,0.01083857772862259,0.02083309756017719,0.0025254781547531103,200,percentile
PCE (recal),education,Some college,expected,0.01733358500810968,0.016453997407736516,0.01815184519738271,0.0004526314333384577,200,percentile
PCE (recal),education,Some college,OE,0.9207618143640303,0.6271035779357744,1.2342779874906298,0.141274503535236,200,percentile
PCE (recal),education,Some college,cal_intercept,-0.08991849376586672,-0.49033343151403974,0.22070958326585394,0.16241343262063598,200,percentile
PCE (recal),education,Some college,cal_slope,0.8768991341437924,0.6680456927745734,1.1617966032591995,0.12129550883394045,200,percentile
PCE (recal),education,Some college,AUC,0.7665900389138018,0.6990768250152462,0.8418363609502302,0.033846480572171246,200,percentile
PCE (recal),education,Some college,brier,0.015509577588229911,0.01066851663619256,0.020162140974695708,0.002398506283117092,200,percentile
PCE (recal),education,Some college,scaled_brier,0.012467111337049586,-0.004307368897789787,0.026511609810526356,0.007943652264617209,200,percentile
PCE (recal),education,Some college,pct_flagged_7.5,0.029713078006451975,0.025812931164301986,0.034441899460403734,0.002340778687675525,200,percentile
PCE (recal),education,Some college,TPR_7.5,0.12693031299444213,0.06859966754972724,0.21070217034984962,0.03560623364107607,200,percentile
PCE (recal),education,Some college,FPR_7.5,0.0282194007306783,0.024144151909961727,0.0334052232405069,0.0024958939929291407,200,percentile
PCE (recal),education,Some college,pct_flagged_20,0.001255556655399662,0.00021415630141287755,0.002182052461538265,0.0005163277848883344,200,percentile
PCE (recal),education,Some college,TPR_20,0.009255148776843965,0.0,0.02226509525401521,0.007201830052052884,200,percentile
PCE (recal),education,Some college,FPR_20,0.0010976538559346147,6.61110140702384e-05,0.0019632351186028144,0.0004995849520654717,200,percentile
PCE (recal),education,Some college,rel_OE,0.9631987750508673,0.7091041978933302,1.2460686330148942,0.13583220126421333,200,percentile
PCE (recal),sex,GAP(max-min),OE,0.0607603537467859,0.0,0.11523447320910665,0.0734693944272505,200,basic
PCE (recal),sex,GAP(max-min),AUC,0.0365675641953207,0.0,0.07077063919305453,0.024555208158258887,200,basic
PCE (recal),sex,GAP(max-min),cal_slope,0.06043717767640011,0.0,0.1187241180327186,0.09270705700423829,200,basic
PCE (recal),sex,GAP(max-min),TPR_7.5,0.028056010753207405,0.0,0.0542844641954202,0.03524350223873789,200,basic
PCE (recal),sex,GAP(max-min),FPR_7.5,0.019144968275057628,0.012437618201473214,0.025970110489353344,0.00365772569596365,200,basic
PCE (recal),sex,GAP(max-min),pct_flagged_7.5,0.020934497515215214,0.013828539032758911,0.027751278739631263,0.0034915702917259492,200,basic
PCE (recal),sex,GAP(max/min),OE,1.0652943851192413,1.0,1.1238085790235344,0.08801710486299981,200,basic
PCE (recal),race,GAP(max-min),OE,0.17151551473587345,0.0,0.2794934195556408,0.15892408231715782,200,basic
PCE (recal),race,GAP(max-min),AUC,0.10216974445469051,0.015715694722861412,0.17834380423958196,0.04047370669487937,200,basic
PCE (recal),race,GAP(max-min),cal_slope,0.3945005354372212,0.021735509794429175,0.6677377573677844,0.16907524268130547,200,basic
PCE (recal),race,GAP(max-min),TPR_7.5,0.12175565919994949,0.0,0.2163443645807721,0.06818981073605104,200,basic
PCE (recal),race,GAP(max-min),FPR_7.5,0.01492988542781798,0.004518792883567414,0.024679717475482067,0.005606587280992563,200,basic
PCE (recal),race,GAP(max-min),pct_flagged_7.5,0.02061842131328632,0.009096827242890716,0.029821373448866734,0.005402428931074503,200,basic
PCE (recal),race,GAP(max/min),OE,1.1982770008944348,1.0,1.3329450267385605,0.25219840475686817,200,basic
PCE (recal),age_group,GAP(max-min),OE,0.35312647966534605,0.0,0.5634290059425766,0.15777839665741303,200,basic
PCE (recal),age_group,GAP(max-min),AUC,0.11012224317562747,0.0,0.16861541361523535,0.06077423282314483,200,basic
PCE (recal),age_group,GAP(max-min),cal_slope,0.29940226830851147,0.0,0.4829719706533119,0.2395779758967036,200,basic
PCE (recal),age_group,GAP(max-min),TPR_7.5,0.5014302051335114,0.40667565863436717,0.5998694616853177,0.05311921769314287,200,basic
PCE (recal),age_group,GAP(max-min),FPR_7.5,0.292060098236718,0.26713760439576734,0.3169944919738132,0.013068245178831298,200,basic
PCE (recal),age_group,GAP(max-min),pct_flagged_7.5,0.3068939436680288,0.28367446500228,0.33207805918824707,0.012686159428110725,200,basic
PCE (recal),age_group,GAP(max/min),OE,1.4678358684770922,1.0,1.7609941298121183,0.3252841024739298,200,basic
PCE (recal),income,GAP(max-min),OE,0.6544599518728171,0.32273091492423056,0.9042808390360311,0.1504223887313681,200,basic
PCE (recal),income,GAP(max-min),AUC,0.07656632510750339,0.0,0.1253119823237245,0.03591014531019419,200,basic
PCE (recal),income,GAP(max-min),cal_slope,0.35264223990762444,0.0,0.6106879676619231,0.17428464769084911,200,basic
PCE (recal),income,GAP(max-min),TPR_7.5,0.22931415183708248,0.11677499326049806,0.3587935754532409,0.061441390803517695,200,basic
PCE (recal),income,GAP(max-min),FPR_7.5,0.03844469737700995,0.027430779836623877,0.04781811423400163,0.005290704117174134,200,basic
PCE (recal),income,GAP(max-min),pct_flagged_7.5,0.0429135234083115,0.03224851493320697,0.0486369850970454,0.004408162264464248,200,basic
PCE (recal),income,GAP(max/min),OE,1.931137015254425,1.039348847721742,2.3750543294837403,0.3456782458303365,200,basic
PCE (recal),education,GAP(max-min),OE,0.3146966209951624,0.0,0.47672087625327786,0.15255606677277841,200,basic
PCE (recal),education,GAP(max-min),AUC,0.07865761389058501,0.0,0.11377006990503882,0.03595026022890082,200,basic
PCE (recal),education,GAP(max-min),cal_slope,0.33672914561772993,0.0,0.46582012180921795,0.18823022838993517,200,basic
PCE (recal),education,GAP(max-min),TPR_7.5,0.22532346422160426,0.10424635589692982,0.3204328978136831,0.0593734845426339,200,basic
PCE (recal),education,GAP(max-min),FPR_7.5,0.05394617667778347,0.040228344441170766,0.06452200102792699,0.006723024930023908,200,basic
PCE (recal),education,GAP(max-min),pct_flagged_7.5,0.05885487545557905,0.04470673489865823,0.06987385468260773,0.006659468744353678,200,basic
PCE (recal),education,GAP(max/min),OE,1.3916074245148893,1.0,1.6107792941542085,0.3065920338105998,200,basic
PCE-revised (recal),Overall,All,n,13466.0,6549.975,6986.575,116.30726406105006,200,percentile
PCE-revised (recal),Overall,All,events,362.0,165.95,199.025,9.038131116019047,200,percentile
PCE-revised (recal),Overall,All,observed,0.019019590401501755,0.0162500167797753,0.02226417794119519,0.0014553929407854836,200,percentile
PCE-revised (recal),Overall,All,expected,0.020195358516413523,0.01950246900036062,0.020802932100086408,0.0003396303474728549,200,percentile
PCE-revised (recal),Overall,All,OE,0.9417802801591179,0.8275756991453516,1.104061291015887,0.06642550892268771,200,percentile
PCE-revised (recal),Overall,All,cal_intercept,-0.06646247246305657,-0.19445847712129563,0.09004362699290061,0.07145894623153864,200,percentile
PCE-revised (recal),Overall,All,cal_slope,1.03372669808239,0.8684721687674937,1.2081004216598124,0.08481174301278963,200,percentile
PCE-revised (recal),Overall,All,AUC,0.7996111184776166,0.7622969893854874,0.8323896147367416,0.018118688032811962,200,percentile
PCE-revised (recal),Overall,All,brier,0.018069456665539135,0.015742187978942203,0.021120483603057023,0.0013483594524965217,200,percentile
PCE-revised (recal),Overall,All,scaled_brier,0.0315357373026407,0.019264800210943143,0.04486151428529433,0.00661279609612699,200,percentile
PCE-revised (recal),Overall,All,pct_flagged_7.5,0.042775949274207054,0.039371120666904506,0.04688435217695519,0.0019908260328352395,200,percentile
PCE-revised (recal),Overall,All,TPR_7.5,0.24009511966278183,0.183338868424359,0.289709777037093,0.027882098463826187,200,percentile
PCE-revised (recal),Overall,All,FPR_7.5,0.03889070329266579,0.03481716436359034,0.043366693697791496,0.0020816894939878925,200,percentile
PCE-revised (recal),Overall,All,pct_flagged_20,0.0017460537818002396,0.0010860157021790606,0.0023227271422565474,0.00033696192822039,200,percentile
PCE-revised (recal),Overall,All,TPR_20,0.01672550286907827,0.003085746666427123,0.02981290495407334,0.006862760569583326,200,percentile
PCE-revised (recal),Overall,All,FPR_20,0.0015413924183702347,0.0007917140341802719,0.002189340172674238,0.00038045177328928083,200,percentile
PCE-revised (recal),Overall,All,rel_OE,1.0,1.0,1.0,0.0,200,percentile
PCE-revised (recal),sex,Female,n,6883.0,3348.95,3578.15,61.643712057118236,200,percentile
PCE-revised (recal),sex,Female,events,145.0,62.0,85.0,6.11168869408998,200,percentile
PCE-revised (recal),sex,Female,observed,0.01550122652400136,0.012528100855061624,0.01828931830786972,0.0015613007824584707,200,percentile
PCE-revised (recal),sex,Female,expected,0.014485584617390931,0.013821005114909685,0.015195918945280263,0.00037938239255347106,200,percentile
PCE-revised (recal),sex,Female,OE,1.070113974232775,0.890298783176829,1.257073119924175,0.09627009217841163,200,percentile
PCE-revised (recal),sex,Female,cal_intercept,0.06557767778164082,-0.12603631276677016,0.22822892502823466,0.09284039842258895,200,percentile
PCE-revised (recal),sex,Female,cal_slope,1.0160244162800676,0.804559676741705,1.204279810342097,0.10257603285531182,200,percentile
PCE-revised (recal),sex,Female,AUC,0.814403495378169,0.759829126027477,0.8605872043102032,0.025546609813522927,200,percentile
PCE-revised (recal),sex,Female,brier,0.01466067381034635,0.011775798180591183,0.017316990109193454,0.0014590520982217547,200,percentile
PCE-revised (recal),sex,Female,scaled_brier,0.03933340599574908,0.019041806349146057,0.055722497406858855,0.009642785983273226,200,percentile
PCE-revised (recal),sex,Female,pct_flagged_7.5,0.02713253355452793,0.02327810872038089,0.03137807274194246,0.0021073692078169308,200,percentile
PCE-revised (recal),sex,Female,TPR_7.5,0.23995522064254665,0.15896360523915906,0.3177835868326676,0.042947084105780346,200,percentile
PCE-revised (recal),sex,Female,FPR_7.5,0.02368856830005535,0.01986271018907511,0.028212420437744305,0.002055530428394918,200,percentile
PCE-revised (recal),sex,Female,pct_flagged_20,0.0012239987585107451,0.0004370644702725998,0.0019277750822092328,0.00040853514090741125,200,percentile
PCE-revised (recal),sex,Female,TPR_20,0.015931598370243136,0.0,0.03380525865894356,0.012288737663212451,200,percentile
PCE-revised (recal),sex,Female,FPR_20,0.001053144072102138,0.0003569107047340124,0.0017389688447551161,0.00034659411377030983,200,percentile
PCE-revised (recal),sex,Female,rel_OE,1.1362671280948615,0.9967709182443549,1.2791582206945653,0.07655778992814352,200,percentile
PCE-revised (recal),sex,Male,n,6583.0,3189.9,3428.1,62.9822163222629,200,percentile
PCE-revised (recal),sex,Male,events,217.0,95.0,122.025,7.3893580956214695,200,percentile
PCE-revised (recal),sex,Male,observed,0.022927328551733867,0.019565152887272143,0.02805681210964602,0.002226526655470356,200,percentile
PCE-revised (recal),sex,Male,expected,0.026552330609487244,0.025688860558777015,0.027400268679297547,0.0004551686473767207,200,percentile
PCE-revised (recal),sex,Male,OE,0.8634770668131803,0.7408680382832036,1.0571246424085075,0.08062069400874526,200,percentile
PCE-revised (recal),sex,Male,cal_intercept,-0.15576450878894013,-0.31431130883820363,0.04516899285624467,0.0961231416234636,200,percentile
PCE-revised (recal),sex,Male,cal_slope,1.0907346062167855,0.9446318051304069,1.2750907733636283,0.09628055739500249,200,percentile
PCE-revised (recal),sex,Male,AUC,0.7790148157150558,0.7437143881355214,0.8168582366849676,0.02057755823516819,200,percentile
PCE-revised (recal),sex,Male,brier,0.021855486556954892,0.01882101991406903,0.02639363272482909,0.002021032094242561,200,percentile
PCE-revised (recal),sex,Male,scaled_brier,0.024381204345549135,0.008707135532975275,0.04086185049972932,0.007910484052224987,200,percentile
PCE-revised (recal),sex,Male,pct_flagged_7.5,0.060192533350745356,0.05389759847042101,0.06758832036831332,0.0034672915556193135,200,percentile
PCE-revised (recal),sex,Male,TPR_7.5,0.24020017351516373,0.1810356032999631,0.3083269418969833,0.03467884749160744,200,percentile
PCE-revised (recal),sex,Male,FPR_7.5,0.055903573916845146,0.04923486147832321,0.06360428878125123,0.00362274091946592,200,percentile
PCE-revised (recal),sex,Male,pct_flagged_20,0.0023272833143161186,0.0012854616346807185,0.003269677430026932,0.0005489614948159924,200,percentile
PCE-revised (recal),sex,Male,TPR_20,0.017321666629809516,0.0011084619613453898,0.03527046135042346,0.008297137520295993,200,percentile
PCE-revised (recal),sex,Male,FPR_20,0.0020877963248982535,0.0008643381703617868,0.003172367230084277,0.0006368643008521615,200,percentile
PCE-revised (recal),sex,Male,rel_OE,0.9168561765460751,0.8238269422005581,1.0012487698835995,0.04701406570606512,200,percentile
PCE-revised (recal),race,Mexican American,n,2794.0,1145.85,1619.0,121.41411175256074,200,percentile
PCE-revised (recal),race,Mexican American,events,62.0,19.0,40.025000000000006,5.467124219933264,200,percentile
PCE-revised (recal),race,Mexican American,observed,0.016964214623544305,0.009631503203861877,0.023200238450520924,0.0035460752957624667,200,percentile
PCE-revised (recal),race,Mexican American,expected,0.019498705245726625,0.01797338339110096,0.020833663277333485,0.0007496593259052391,200,percentile
PCE-revised (recal),race,Mexican American,OE,0.8700174914056007,0.518022799982545,1.1876440323544546,0.17531544614566635,200,percentile
PCE-revised (recal),race,Mexican American,cal_intercept,-0.15603703553487966,-0.6670508474042572,0.16778665217869795,0.2180681756423465,200,percentile
PCE-revised (recal),race,Mexican American,cal_slope,0.872398403209573,0.587913251087237,1.2274606978399165,0.16136597946350348,200,percentile
PCE-revised (recal),race,Mexican American,AUC,0.7749487907746996,0.6847260176597547,0.8642951913082406,0.0435790585064083,200,percentile
PCE-revised (recal),race,Mexican American,brier,0.016267342024309614,0.009764295166685727,0.022057347983334787,0.0032748796242147485,200,percentile
PCE-revised (recal),race,Mexican American,scaled_brier,0.024530911011452217,-0.013107659562646949,0.052600533577647504,0.018457469449106936,200,percentile
PCE-revised (recal),race,Mexican American,pct_flagged_7.5,0.05200851888596008,0.041458237768385135,0.06153835887638309,0.005346436384615477,200,percentile
PCE-revised (recal),race,Mexican American,TPR_7.5,0.20347569003219734,0.0958830514959871,0.3145072727347665,0.052832246416738865,200,percentile
PCE-revised (recal),race,Mexican American,FPR_7.5,0.05138969641435807,0.04069093876212245,0.06196534366033354,0.00550245115055539,200,percentile
PCE-revised (recal),race,Mexican American,pct_flagged_20,0.0017184122673275213,0.0005995352979793377,0.002772064202410408,0.0005749887057103518,200,percentile
PCE-revised (recal),race,Mexican American,TPR_20,0.050025493228631875,0.0,0.09870747453142766,0.030124039191075633,200,percentile
PCE-revised (recal),race,Mexican American,FPR_20,0.0011580797430981143,0.00017994183353141937,0.0020763195414953126,0.0005133142443078934,200,percentile
PCE-revised (recal),race,Mexican American,rel_OE,0.9238009222900776,0.5854424201582538,1.2708616849795074,0.18426190670135853,200,percentile
PCE-revised (recal),race,NH Black,n,2577.0,1128.725,1444.15,80.62646656373303,200,percentile
PCE-revised (recal),race,NH Black,events,85.0,32.0,55.025000000000006,5.648284303918265,200,percentile
PCE-revised (recal),race,NH Black,observed,0.025578082541956617,0.020286024190519617,0.03069837434964328,0.002788530360386717,200,percentile
PCE-revised (recal),race,NH Black,expected,0.025360081641773217,0.023959923610618054,0.026572361072259597,0.0006460492938696816,200,percentile
PCE-revised (recal),race,NH Black,OE,1.0085962223333031,0.8106744701226296,1.2105960494523629,0.10686466511275172,200,percentile
PCE-revised (recal),race,NH Black,cal_intercept,-0.008174662596493512,-0.23562671875022584,0.1869057145568561,0.11364672654486446,200,percentile
PCE-revised (recal),race,NH Black,cal_slope,1.0569315702195792,0.7289119918496385,1.4059005200981687,0.16708591401530296,200,percentile
PCE-revised (recal),race,NH Black,AUC,0.765305708640997,0.6904936777425464,0.8389958905953061,0.03660302073170008,200,percentile
PCE-revised (recal),race,NH Black,brier,0.023775479165289572,0.019061915853307604,0.028202331535638732,0.00249723169281948,200,percentile
PCE-revised (recal),race,NH Black,scaled_brier,0.046074957751152334,0.02090963789355376,0.0658388475454713,0.011935303982688486,200,percentile
PCE-revised (recal),race,NH Black,pct_flagged_7.5,0.05893819854257838,0.0502752470356775,0.06612349789128207,0.004372189793776122,200,percentile
PCE-revised (recal),race,NH Black,TPR_7.5,0.29855139730205865,0.2116526231726458,0.38240456377972243,0.04506984255145398,200,percentile
PCE-revised (recal),race,NH Black,FPR_7.5,0.05256763824080093,0.043547398382334346,0.06116311844664625,0.004641225614496063,200,percentile
PCE-revised (recal),race,NH Black,pct_flagged_20,0.0015091165988198004,0.00034417924624846537,0.003000827477646845,0.0006894543336916167,200,percentile
PCE-revised (recal),race,NH Black,TPR_20,0.024120946858145594,0.0,0.05615960894341233,0.018190449890970697,200,percentile
PCE-revised (recal),race,NH Black,FPR_20,0.0009020899892749999,0.0,0.0019040833550439747,0.0005616036614420581,200,percentile
PCE-revised (recal),race,NH Black,rel_OE,1.0709464230477372,0.8458367171478577,1.285940839492437,0.11740841808628043,200,percentile
PCE-revised (recal),race,NH White,n,6689.0,3072.275,3686.4,156.1562920208099,200,percentile
PCE-revised (recal),race,NH White,events,191.0,83.0,115.05000000000001,8.523274372572477,200,percentile
PCE-revised (recal),race,NH White,observed,0.01875577802761195,0.015678117134997872,0.023020887600896885,0.0018421529313167853,200,percentile
PCE-revised (recal),race,NH White,expected,0.019680276275381145,0.01891459116661101,0.020444162838436197,0.00040858101729591257,200,percentile
PCE-revised (recal),race,NH White,OE,0.9530241224852272,0.8054316341404205,1.1538524313267988,0.0857821489617803,200,percentile
PCE-revised (recal),race,NH White,cal_intercept,-0.05007326529447346,-0.2132331987554175,0.141996101236904,0.09262788753744766,200,percentile
PCE-revised (recal),race,NH White,cal_slope,1.1284334200972745,0.9685910341209616,1.3419688526357128,0.09435823995400211,200,percentile
PCE-revised (recal),race,NH White,AUC,0.8213887273297235,0.7853965387861652,0.8554243895369708,0.018276354660412657,200,percentile
PCE-revised (recal),race,NH White,brier,0.017769735883784537,0.014917708160858191,0.02168284334797917,0.0017017516092657729,200,percentile
PCE-revised (recal),race,NH White,scaled_brier,0.03446332183956924,0.019255378596944792,0.0505234062555225,0.0076769525103759385,200,percentile
PCE-revised (recal),race,NH White,pct_flagged_7.5,0.039563093281015226,0.03520489945689634,0.04470020224619772,0.0025298941789182634,200,percentile
PCE-revised (recal),race,NH White,TPR_7.5,0.2443897336329769,0.18437497072964207,0.31278840289003673,0.034660724374777914,200,percentile
PCE-revised (recal),race,NH White,FPR_7.5,0.03561017419218778,0.03156468560518598,0.040715061536273585,0.0024060732861427344,200,percentile
PCE-revised (recal),race,NH White,pct_flagged_20,0.0014993823015181727,0.0008356177132706412,0.002106501376669431,0.0003326927068546804,200,percentile
PCE-revised (recal),race,NH White,TPR_20,0.01510173352807189,0.0,0.03235836002351395,0.008257607254323935,200,percentile
PCE-revised (recal),race,NH White,FPR_20,0.0013691707819530326,0.0006193442658609897,0.0021583265328186494,0.000412488279110168,200,percentile
PCE-revised (recal),race,NH White,rel_OE,1.011938923083216,0.9525134414616944,1.0654420918389114,0.030591425321248873,200,percentile
PCE-revised (recal),race,Other Hispanic,n,929.0,348.0,588.25,57.52556761691484,200,percentile
PCE-revised (recal),race,Other Hispanic,events,17.0,4.0,14.0,2.656891106492472,200,percentile
PCE-revised (recal),race,Other Hispanic,observed,0.016140591697789083,0.0056170432775479815,0.02772504920273109,0.006010455665013247,200,percentile
PCE-revised (recal),race,Other Hispanic,expected,0.020456322000561387,0.017484713840306657,0.022459448572181483,0.0013150693575719522,200,percentile
PCE-revised (recal),race,Other Hispanic,OE,0.7890270644618389,0.2680858141476161,1.4686847688647493,0.3045783201114567,200,percentile
PCE-revised (recal),race,Other Hispanic,cal_intercept,-0.24543084797440143,-1.3699150940490514,0.39538769027780774,0.4513865183398798,200,percentile
PCE-revised (recal),race,Other Hispanic,cal_slope,0.6895025575674283,0.41676532921072695,1.3957257993996788,0.2384704154879623,200,percentile
PCE-revised (recal),race,Other Hispanic,AUC,0.7301471483389118,0.6534744674896285,0.8621147681606289,0.05650209676872471,200,percentile
PCE-revised (recal),race,Other Hispanic,brier,0.01600078010656447,0.006172068190696614,0.027211821342955588,0.005695640956508277,200,percentile
PCE-revised (recal),race,Other Hispanic,scaled_brier,-0.007601168404555159,-0.14198153467891256,0.03466252159932831,0.04897587181565229,200,percentile
PCE-revised (recal),race,Other Hispanic,pct_flagged_7.5,0.05252935845453758,0.03417822007584486,0.06886118113104775,0.009242087627454256,200,percentile
PCE-revised (recal),race,Other Hispanic,TPR_7.5,0.207055077293493,0.059219938649564825,0.44880557833867024,0.10768865368298913,200,percentile
PCE-revised (recal),race,Other Hispanic,FPR_7.5,0.049841911829857186,0.03150108904840124,0.06548543985459934,0.009339401000175728,200,percentile
PCE-revised (recal),race,Other Hispanic,pct_flagged_20,0.0034787059424900703,0.0,0.006502018555769389,0.0017257787109680697,200,percentile
PCE-revised (recal),race,Other Hispanic,TPR_20,0.0,0.0,0.0,0.0,200,percentile
PCE-revised (recal),race,Other Hispanic,FPR_20,0.002953517955227454,0.0,0.005856833795618605,0.0016927740365458032,200,percentile
PCE-revised (recal),race,Other Hispanic,rel_OE,0.8378037649381758,0.3016971672596854,1.620090608522498,0.3364071305093035,200,percentile
PCE-revised (recal),race,Other/Multiracial,n,477.0,198.9,278.05,19.951745178765496,200,percentile
PCE-revised (recal),race,Other/Multiracial,events,7.0,1.9750000000000005,6.0,1.1272660037524775,200,percentile
PCE-revised (recal),race,Other/Multiracial,observed,0.014600354490660186,0.002414736483115239,0.024508961940018215,0.0058584194057224965,200,percentile
PCE-revised (recal),race,Other/Multiracial,expected,0.018726205974717264,0.01599057169606587,0.021583406889435452,0.0013677810054352729,200,percentile
PCE-revised (recal),race,Other/Multiracial,OE,0.7796749918468536,0.12520655303630607,1.4084379618601908,0.3255176574077585,200,percentile
PCE-revised (recal),race,Other/Multiracial,cal_intercept,-0.29872704874062805,-2.1765877122370214,0.340292461520666,0.5771492828030865,200,percentile
PCE-revised (recal),race,Other/Multiracial,cal_slope,-0.08642433541630412,-1.1462953850865067,1.2683989648504694,0.6772250605542195,200,percentile
PCE-revised (recal),race,Other/Multiracial,AUC,0.5080990683624638,0.20657217351123383,0.8947481860026119,0.206397028955907,200,percentile
PCE-revised (recal),race,Other/Multiracial,brier,0.01508684378205301,0.003485626340316006,0.024705707333613276,0.00567702545141674,200,percentile
PCE-revised (recal),race,Other/Multiracial,scaled_brier,-0.04863075608585299,-0.38892199585327725,-0.00795931281958333,0.09665960551713083,200,percentile
PCE-revised (recal),race,Other/Multiracial,pct_flagged_7.5,0.041948338881307896,0.02056340904045357,0.062320266887735606,0.010701820049834356,200,percentile
PCE-revised (recal),race,Other/Multiracial,TPR_7.5,0.0,0.0,0.0,0.0,200,percentile
PCE-revised (recal),race,Other/Multiracial,FPR_7.5,0.04352802150533028,0.02046167636664278,0.0635523062894583,0.011752386176535092,200,percentile
PCE-revised (recal),race,Other/Multiracial,pct_flagged_20,0.004687534676627102,0.0,0.010898676284661745,0.004767108463945293,200,percentile
PCE-revised (recal),race,Other/Multiracial,TPR_20,0.0,0.0,0.0,0.0,200,percentile
PCE-revised (recal),race,Other/Multiracial,FPR_20,0.005094821233832322,0.0,0.011745695921921795,0.005185576771297417,200,percentile
PCE-revised (recal),race,Other/Multiracial,rel_OE,0.8278735584855569,0.12911214361739218,1.4947998341730404,0.3555138663083627,200,percentile
PCE-revised (recal),age_group,40-49,n,4420.0,2141.875,2304.125,41.88983368108711,200,percentile
PCE-revised (recal),age_group,40-49,events,35.0,12.975000000000001,24.025000000000006,3.018531540884836,200,percentile
PCE-revised (recal),age_group,40-49,observed,0.006351207120419218,0.0037984180696897544,0.009903914156898664,0.0015357245856730264,200,percentile
PCE-revised (recal),age_group,40-49,expected,0.008119896491708549,0.007756834075949187,0.008456486767812956,0.00017660456584159324,200,percentile
PCE-revised (recal),age_group,40-49,OE,0.7821783352662945,0.46474597780956894,1.1855184579464744,0.18354689269384067,200,percentile
PCE-revised (recal),age_group,40-49,cal_intercept,-0.2510270586437347,-0.770613017314715,0.182647860305284,0.24288935792388636,200,percentile
PCE-revised (recal),age_group,40-49,cal_slope,1.1084553062378926,0.7399328110373052,1.5834932538564566,0.22496020471020706,200,percentile
PCE-revised (recal),age_group,40-49,AUC,0.7912662664472181,0.7023472323858557,0.8909132135874654,0.05028876592610554,200,percentile
PCE-revised (recal),age_group,40-49,brier,0.006264249531210647,0.003755079724887819,0.009710198227720873,0.0014807601613867547,200,percentile
PCE-revised (recal),age_group,40-49,scaled_brier,0.007387216434163513,-0.007339838660875231,0.014646313720356286,0.0060469593614287465,200,percentile
PCE-revised (recal),age_group,40-49,pct_flagged_7.5,0.0019709380410601624,0.00043817215165287707,0.0034768365523673993,0.0008490332187458048,200,percentile
PCE-revised (recal),age_group,40-49,TPR_7.5,0.0,0.0,0.0,0.0,200,percentile
PCE-revised (recal),age_group,40-49,FPR_7.5,0.001977466210888533,0.00030985607854981293,0.003639507604625533,0.0009057215912587785,200,percentile
PCE-revised (recal),age_group,40-49,pct_flagged_20,0.0,0.0,0.0,0.0,200,percentile
PCE-revised (recal),age_group,40-49,TPR_20,0.0,0.0,0.0,0.0,200,percentile
PCE-revised (recal),age_group,40-49,FPR_20,0.0,0.0,0.0,0.0,200,percentile
PCE-revised (recal),age_group,40-49,rel_OE,0.8305316555727225,0.5269690385502953,1.1917290772979765,0.1768250173962521,200,percentile
PCE-revised (recal),age_group,50-59,n,3406.0,1627.95,1800.275,43.64096290431826,200,percentile
PCE-revised (recal),age_group,50-59,events,45.0,16.0,29.025000000000006,3.4105364378598635,200,percentile
PCE-revised (recal),age_group,50-59,observed,0.010489009079613369,0.00700583177926095,0.01403982484012365,0.001897770124377253,200,percentile
PCE-revised (recal),age_group,50-59,expected,0.01606975762533801,0.015443824235462653,0.01669392739511216,0.00032560597536746667,200,percentile
PCE-revised (recal),age_group,50-59,OE,0.6527173168483145,0.4449193161466968,0.874298073848569,0.1146603033157297,200,percentile
PCE-revised (recal),age_group,50-59,cal_intercept,-0.43999357933612304,-0.8304538724727242,-0.13486828122608582,0.18185412886270697,200,percentile
PCE-revised (recal),age_group,50-59,cal_slope,0.6637988144289769,0.20637920877902144,1.0813044836098598,0.22339066644355793,200,percentile
PCE-revised (recal),age_group,50-59,AUC,0.6711085153071439,0.5547871009608303,0.7729592435738122,0.0568761141110854,200,percentile
PCE-revised (recal),age_group,50-59,brier,0.010464346140821059,0.007146208718482248,0.01391917980991781,0.0018249065260255892,200,percentile
PCE-revised (recal),age_group,50-59,scaled_brier,-0.008223957686316341,-0.027176269337639863,0.009089745332308838,0.009711591431189541,200,percentile
PCE-revised (recal),age_group,50-59,pct_flagged_7.5,0.01515294859396053,0.011070488311782058,0.019529154770587726,0.002198518880544151,200,percentile
PCE-revised (recal),age_group,50-59,TPR_7.5,0.07177645014906169,0.017605149416834064,0.15017849610696288,0.035419534348355326,200,percentile
PCE-revised (recal),age_group,50-59,FPR_7.5,0.01439157712059977,0.009952327317312843,0.018963754708348792,0.0023034511338141943,200,percentile
PCE-revised (recal),age_group,50-59,pct_flagged_20,0.000829518912408523,0.0,0.0017051465426036441,0.0007027355386512883,200,percentile
PCE-revised (recal),age_group,50-59,TPR_20,0.0,0.0,0.0,0.0,200,percentile
PCE-revised (recal),age_group,50-59,FPR_20,0.0009574285923526769,0.0,0.001961477438479955,0.0007172240850897093,200,percentile
PCE-revised (recal),age_group,50-59,rel_OE,0.693067513303671,0.5056507352158864,0.9078087040695478,0.10756729324365356,200,percentile
PCE-revised (recal),age_group,60-69,n,3441.0,1635.9,1818.025,46.60562623745041,200,percentile
PCE-revised (recal),age_group,60-69,events,102.0,41.975,59.025000000000006,4.820055984995658,200,percentile
PCE-revised (recal),age_group,60-69,observed,0.02748240160978038,0.02009161283071983,0.03377440582077536,0.0034137971458165525,200,percentile
PCE-revised (recal),age_group,60-69,expected,0.031503841928788655,0.030615352645680664,0.03258106861152626,0.0004955623357315557,200,percentile
PCE-revised (recal),age_group,60-69,OE,0.8723507968298486,0.637303037462349,1.0750711784907419,0.10933557739866694,200,percentile
PCE-revised (recal),age_group,60-69,cal_intercept,-0.1463558405652063,-0.47213839838031335,0.08324150818073094,0.13412925902397765,200,percentile
PCE-revised (recal),age_group,60-69,cal_slope,0.7387454067032444,0.37079882322805996,1.0691619483349473,0.17947979429354372,200,percentile
PCE-revised (recal),age_group,60-69,AUC,0.6634660228519964,0.5859015909993079,0.7359122234807927,0.03916378278333985,200,percentile
PCE-revised (recal),age_group,60-69,brier,0.026625787870077636,0.020016223151450657,0.03212594796912248,0.003108426375770308,200,percentile
PCE-revised (recal),age_group,60-69,scaled_brier,0.0037913304707278828,-0.01900123644979268,0.02295544180533981,0.011397458245014489,200,percentile
PCE-revised (recal),age_group,60-69,pct_flagged_7.5,0.06938149295356172,0.06104051161361391,0.08005946065966754,0.005134380505661761,200,percentile
PCE-revised (recal),age_group,60-69,TPR_7.5,0.17670231201439007,0.07192385654809175,0.2529188593882765,0.04781982435557097,200,percentile
PCE-revised (recal),age_group,60-69,FPR_7.5,0.06713105810810104,0.05850425059463317,0.08010591434540217,0.005390886363471554,200,percentile
PCE-revised (recal),age_group,60-69,pct_flagged_20,0.0014118461281158342,0.00019114350210644449,0.002468485039715737,0.0005417536319508589,200,percentile
PCE-revised (recal),age_group,60-69,TPR_20,0.0015250929227858129,0.0,0.004089182478164303,0.0016026314881610298,200,percentile
PCE-revised (recal),age_group,60-69,FPR_20,0.0016156452977669484,0.00018286437054531432,0.0029446472535454913,0.0006835375974843211,200,percentile
PCE-revised (recal),age_group,60-69,rel_OE,0.9262784698384863,0.7286396338217643,1.0931919426255887,0.09251582654081993,200,percentile
PCE-revised (recal),age_group,70-79,n,2199.0,1038.9,1179.05,34.74548378158054,200,percentile
PCE-revised (recal),age_group,70-79,events,180.0,77.975,101.025,6.3635089558478475,200,percentile
PCE-revised (recal),age_group,70-79,observed,0.07518562748041359,0.06098421247699379,0.0879326116707674,0.007149773191958585,200,percentile
PCE-revised (recal),age_group,70-79,expected,0.057312993442488816,0.055281360651711735,0.05945748037850927,0.0011094312788809436,200,percentile
PCE-revised (recal),age_group,70-79,OE,1.31184262004844,1.0737776896832605,1.5198232172275936,0.12203921822192933,200,percentile
PCE-revised (recal),age_group,70-79,cal_intercept,0.30417993801940524,0.07140431007238285,0.47390174460490675,0.10535500333595614,200,percentile
PCE-revised (recal),age_group,70-79,cal_slope,0.8309293552068725,0.5760714005892824,1.1337027119803205,0.14297815425815352,200,percentile
PCE-revised (recal),age_group,70-79,AUC,0.6629104150797139,0.6071604277593368,0.7161390229431057,0.027278751289808792,200,percentile
PCE-revised (recal),age_group,70-79,brier,0.06829230411328419,0.056005667560505706,0.07954449049105511,0.006126104942279387,200,percentile
PCE-revised (recal),age_group,70-79,scaled_brier,0.017839720234213208,-0.0007473512129248072,0.03473712635960861,0.00952001131481893,200,percentile
PCE-revised (recal),age_group,70-79,pct_flagged_7.5,0.22698101124290396,0.20531516019537155,0.24680764633951918,0.011133106999661909,200,percentile
PCE-revised (recal),age_group,70-79,TPR_7.5,0.4200403160781108,0.3412402774314448,0.5018896674392703,0.045481294150826884,200,percentile
PCE-revised (recal),age_group,70-79,FPR_7.5,0.2079197415694679,0.18396072711264272,0.2303262371632759,0.012537205119749241,200,percentile
PCE-revised (recal),age_group,70-79,pct_flagged_20,0.011348696954196935,0.006588436625444357,0.015640746570112996,0.0023236920216651072,200,percentile
PCE-revised (recal),age_group,70-79,TPR_20,0.03790023820838752,0.007586135616082115,0.06866817287905498,0.015896715059753708,200,percentile
PCE-revised (recal),age_group,70-79,FPR_20,0.009208064732171211,0.004138873018388755,0.014281617647106525,0.002557068672701201,200,percentile
PCE-revised (recal),age_group,70-79,rel_OE,1.392939146938603,1.1575884102857092,1.6297158143136554,0.11824333852976249,200,percentile
PCE-revised (recal),income,PIR 1.3-3.5,n,4520.0,2170.925,2388.025,54.24898026042982,200,percentile
PCE-revised (recal),income,PIR 1.3-3.5,events,144.0,59.975,83.0,6.214246478575054,200,percentile
PCE-revised (recal),income,PIR 1.3-3.5,observed,0.024808312919204586,0.019594608039444846,0.029744718919790303,0.0028024703417131288,200,percentile
PCE-revised (recal),income,PIR 1.3-3.5,expected,0.024340568868981,0.023155704630490197,0.025544173429455464,0.0005992077264407762,200,percentile
PCE-revised (recal),income,PIR 1.3-3.5,OE,1.0192166441442405,0.7995878554387214,1.2103486711467237,0.10948627354347099,200,percentile
PCE-revised (recal),income,PIR 1.3-3.5,cal_intercept,0.02475597375793917,-0.24277853059288015,0.19566889506212082,0.11417417774791142,200,percentile
PCE-revised (recal),income,PIR 1.3-3.5,cal_slope,1.1522626125056252,0.9376906539458654,1.3989166563301934,0.12781896425064787,200,percentile
PCE-revised (recal),income,PIR 1.3-3.5,AUC,0.816459233421454,0.7768849083678838,0.8540889925358689,0.021570448441261558,200,percentile
PCE-revised (recal),income,PIR 1.3-3.5,brier,0.023177037635743577,0.018690070231174558,0.027756100015062783,0.0024858220943714286,200,percentile
PCE-revised (recal),income,PIR 1.3-3.5,scaled_brier,0.041988540062604884,0.020449632141496227,0.06456508496321413,0.010766912364494565,200,percentile
PCE-revised (recal),income,PIR 1.3-3.5,pct_flagged_7.5,0.05738025172071503,0.05025045782043203,0.06584190827384585,0.004212604435569476,200,percentile
PCE-revised (recal),income,PIR 1.3-3.5,TPR_7.5,0.2867058253128729,0.19658858846551253,0.40380235404913145,0.05079582691741443,200,percentile
PCE-revised (recal),income,PIR 1.3-3.5,FPR_7.5,0.0501593671900031,0.043039350887927354,0.05793664383406753,0.004219930011006486,200,percentile
PCE-revised (recal),income,PIR 1.3-3.5,pct_flagged_20,0.0017280997018050246,0.00041524483765319675,0.0030315871910565014,0.000668458693786813,200,percentile
PCE-revised (recal),income,PIR 1.3-3.5,TPR_20,0.014430802074306338,0.0,0.032811030146464554,0.012905704670461302,200,percentile
PCE-revised (recal),income,PIR 1.3-3.5,FPR_20,0.001105021993647715,0.00013503039253537518,0.0020379756777541874,0.0005183444831918407,200,percentile
PCE-revised (recal),income,PIR 1.3-3.5,rel_OE,1.0822233865122335,0.8883404382356563,1.259380319859747,0.09460464671386216,200,percentile
PCE-revised (recal),income,PIR<1.3,n,3136.0,1472.825,1683.25,52.700346608569106,200,percentile
PCE-revised (recal),income,PIR<1.3,events,124.0,53.0,71.025,4.84949098504888,200,percentile
PCE-revised (recal),income,PIR<1.3,observed,0.033344338747349433,0.027683901798192287,0.0392704144507419,0.0033336722033804186,200,percentile
PCE-revised (recal),income,PIR<1.3,expected,0.025252287445769597,0.02417818308157456,0.026416632546304268,0.0006527501088067133,200,percentile
PCE-revised (recal),income,PIR<1.3,OE,1.3204482492509986,1.0994646453517838,1.5886037621321967,0.13006731229687513,200,percentile
PCE-revised (recal),income,PIR<1.3,cal_intercept,0.2880882444402203,0.08975031562274798,0.4922623686620691,0.10681739520270693,200,percentile
PCE-revised (recal),income,PIR<1.3,cal_slope,0.7959193527493172,0.5636709148971877,1.0892965502178178,0.1427071426103564,200,percentile
PCE-revised (recal),income,PIR<1.3,AUC,0.7488449003705578,0.6894597965558396,0.8056548533129191,0.032481997823898684,200,percentile
PCE-revised (recal),income,PIR<1.3,brier,0.03123466956898339,0.02608016939961613,0.03696536938929819,0.003050877773784375,200,percentile
PCE-revised (recal),income,PIR<1.3,scaled_brier,0.03095709123265389,0.01046985267185766,0.05772813485588588,0.011540446269034754,200,percentile
PCE-revised (recal),income,PIR<1.3,pct_flagged_7.5,0.0672551357329051,0.05763797349182809,0.0763659626983114,0.004781805923017832,200,percentile
PCE-revised (recal),income,PIR<1.3,TPR_7.5,0.24384521690808192,0.1565686459285405,0.32282416259670704,0.0450723641553198,200,percentile
PCE-revised (recal),income,PIR<1.3,FPR_7.5,0.0633820406500262,0.05289936160163495,0.07371407637300915,0.005354164396243438,200,percentile
PCE-revised (recal),income,PIR<1.3,pct_flagged_20,0.004390237289406265,0.002046151016753232,0.006544557002049237,0.001221026574493198,200,percentile
PCE-revised (recal),income,PIR<1.3,TPR_20,0.03314314602692218,0.0025606295219769318,0.07512509399825229,0.01871688613631704,200,percentile
PCE-revised (recal),income,PIR<1.3,FPR_20,0.0039854198153102295,0.0015891702447720822,0.006216116031092505,0.0012690886061073384,200,percentile
PCE-revised (recal),income,PIR<1.3,rel_OE,1.4020767657482731,1.2012427458735602,1.6534321000391838,0.12648544482383678,200,percentile
PCE-revised (recal),income,PIR>3.5,n,4696.0,2220.85,2496.075,77.13295820339081,200,percentile
PCE-revised (recal),income,PIR>3.5,events,60.0,20.975,39.0,4.404702831653446,200,percentile
PCE-revised (recal),income,PIR>3.5,observed,0.010632934308043336,0.007349050783852543,0.013720164086227985,0.0016739752586817243,200,percentile
PCE-revised (recal),income,PIR>3.5,expected,0.015673085148163096,0.015066023991888586,0.016322615043100706,0.0003368671007054714,200,percentile
PCE-revised (recal),income,PIR>3.5,OE,0.6784199924601014,0.4707388182527988,0.8757967407217514,0.10693819158009742,200,percentile
PCE-revised (recal),income,PIR>3.5,cal_intercept,-0.40780458398279307,-0.770728913296985,-0.15297539588041179,0.16709834161966367,200,percentile
PCE-revised (recal),income,PIR>3.5,cal_slope,0.9262993255222619,0.7224020787414247,1.2479769155862428,0.13749887966541996,200,percentile
PCE-revised (recal),income,PIR>3.5,AUC,0.7734644539198497,0.7109755457249299,0.8514987258294159,0.034625180517649255,200,percentile
PCE-revised (recal),income,PIR>3.5,brier,0.0105038074232159,0.0074180298588007055,0.013497385346639355,0.0015745954273468827,200,percentile
PCE-revised (recal),income,PIR>3.5,scaled_brier,0.0015273558672289633,-0.023243994263708916,0.01828993348618025,0.011149390763696252,200,percentile
PCE-revised (recal),income,PIR>3.5,pct_flagged_7.5,0.024030153020553953,0.019924527253265604,0.028787999672398663,0.0022489147806857616,200,percentile
PCE-revised (recal),income,PIR>3.5,TPR_7.5,0.15084560231055177,0.09091159909570262,0.2389385952282181,0.04091494537321603,200,percentile
PCE-revised (recal),income,PIR>3.5,FPR_7.5,0.022496971412293447,0.017965044988818835,0.027804373604848324,0.0024951846552867924,200,percentile
PCE-revised (recal),income,PIR>3.5,pct_flagged_20,0.00103873320279505,0.00016051552661787148,0.0018193732710874446,0.0004886784877203377,200,percentile
PCE-revised (recal),income,PIR>3.5,TPR_20,0.010613017769593893,0.0,0.028201584300868006,0.010996605348801902,200,percentile
PCE-revised (recal),income,PIR>3.5,FPR_20,0.0011866294922218434,0.0,0.0020107637245097747,0.0005657220481487494,200,percentile
PCE-revised (recal),income,PIR>3.5,rel_OE,0.7203590972891039,0.5373327594366217,0.8832958547569619,0.09127650052274418,200,percentile
PCE-revised (recal),education,<HS,n,4127.0,1938.9,2184.225,65.42879362464113,200,percentile
PCE-revised (recal),education,<HS,events,151.0,66.0,86.025,5.802364792559121,200,percentile
PCE-revised (recal),education,<HS,observed,0.032376908726087124,0.026536536549414846,0.03914590677144912,0.0034712574463381797,200,percentile
PCE-revised (recal),education,<HS,expected,0.029687583230897405,0.02818228543879666,0.03149814013975532,0.0008168836221076077,200,percentile
PCE-revised (recal),education,<HS,OE,1.0905875521854806,0.8777107133098103,1.3231906660053638,0.11168322847255516,200,percentile
PCE-revised (recal),education,<HS,cal_intercept,0.07644523634613677,-0.1307773614892231,0.2896312721261448,0.10838339775440554,200,percentile
PCE-revised (recal),education,<HS,cal_slope,0.83785707252576,0.5788598913664597,1.1173571401129196,0.15252978221765803,200,percentile
PCE-revised (recal),education,<HS,AUC,0.7523710748532829,0.6928620696556167,0.8077695409901171,0.0315684347561238,200,percentile
PCE-revised (recal),education,<HS,brier,0.030383997195327,0.02511349159285725,0.03666051978612279,0.003042476647912315,200,percentile
PCE-revised (recal),education,<HS,scaled_brier,0.030152830642855233,0.006111037576210297,0.05085135541461342,0.011959860772957633,200,percentile
PCE-revised (recal),education,<HS,pct_flagged_7.5,0.08875256670491244,0.07899029405802763,0.10144254719710082,0.00523848111628029,200,percentile
PCE-revised (recal),education,<HS,TPR_7.5,0.31419068674288125,0.18608976397421195,0.42744902269906454,0.05804634476948335,200,percentile
PCE-revised (recal),education,<HS,FPR_7.5,0.0828027530529189,0.07364404205560734,0.0931047597964939,0.0049153441944756685,200,percentile
PCE-revised (recal),education,<HS,pct_flagged_20,0.005328473700049621,0.0022465503429430125,0.007999091120370125,0.0016046864136188544,200,percentile
PCE-revised (recal),education,<HS,TPR_20,0.025941106832750367,0.0019243405548462103,0.053208877831888775,0.01394927520956514,200,percentile
PCE-revised (recal),education,<HS,FPR_20,0.004499933879062502,0.0018018139730250737,0.0072035195840451875,0.0015785831627799921,200,percentile
PCE-revised (recal),education,<HS,rel_OE,1.1580063579173914,0.980512081687743,1.4074344874886393,0.11137284234755808,200,percentile
PCE-revised (recal),education,College+,n,2796.0,1304.975,1500.025,53.95514585115207,200,percentile
PCE-revised (recal),education,College+,events,48.0,16.975,31.0,3.678591466292416,200,percentile
PCE-revised (recal),education,College+,observed,0.011890496825387504,0.0074329945776317186,0.015442930003298673,0.001967586377508383,200,percentile
PCE-revised (recal),education,College+,expected,0.014749069713369757,0.013909359313424607,0.015559266307872755,0.0004523851033733075,200,percentile
PCE-revised (recal),education,College+,OE,0.8061862243832904,0.5269051074480142,1.067898540357815,0.13445615181784487,200,percentile
PCE-revised (recal),education,College+,cal_intercept,-0.2313556002131567,-0.6817733205297781,0.06027170118293477,0.18101121993825858,200,percentile
PCE-revised (recal),education,College+,cal_slope,1.1915757539021288,0.9245161164871591,1.629214334715735,0.1883486331200289,200,percentile
PCE-revised (recal),education,College+,AUC,0.8272507912734035,0.7589048004164806,0.9018714563582294,0.03972148601002817,200,percentile
PCE-revised (recal),education,College+,brier,0.011383085120292622,0.00727699339166117,0.014603829536125303,0.0017998026418831674,200,percentile
PCE-revised (recal),education,College+,scaled_brier,0.03115365331190878,0.0014440232394885158,0.05246381860118081,0.013259504229824465,200,percentile
PCE-revised (recal),education,College+,pct_flagged_7.5,0.022707364925849155,0.01678140354521613,0.028103855319832897,0.0030221056554921265,200,percentile
PCE-revised (recal),education,College+,TPR_7.5,0.1933918019179705,0.10021773331280587,0.31422747262717715,0.0529002685588012,200,percentile
PCE-revised (recal),education,College+,FPR_7.5,0.02156664245634937,0.015103292816149349,0.028127914499595254,0.0034568450654427186,200,percentile
PCE-revised (recal),education,College+,pct_flagged_20,0.0008096149680930353,7.341641948120048e-05,0.0016600122858517878,0.0004009154142752016,200,percentile
PCE-revised (recal),education,College+,TPR_20,0.01643892435027928,0.0,0.04260183275172903,0.017047543977191878,200,percentile
PCE-revised (recal),education,College+,FPR_20,0.00084729969860861,0.0,0.0017656936058255241,0.0005231479627765701,200,percentile
PCE-revised (recal),education,College+,rel_OE,0.8560236834084928,0.5562944561932902,1.1002280246919818,0.13097396350379276,200,percentile
PCE-revised (recal),education,HS/GED,n,3138.0,1493.975,1683.2,48.626561542403756,200,percentile
PCE-revised (recal),education,HS/GED,events,90.0,34.975,53.025000000000006,4.906195447477018,200,percentile
PCE-revised (recal),education,HS/GED,observed,0.021187660395128236,0.01528445269397985,0.027484223685357502,0.0033549150451948192,200,percentile
PCE-revised (recal),education,HS/GED,expected,0.02233836175398284,0.02131070066546356,0.02351914714083707,0.0005627242833840053,200,percentile
PCE-revised (recal),education,HS/GED,OE,0.948487656725792,0.685110606125468,1.20586777757084,0.14479599726598216,200,percentile
PCE-revised (recal),education,HS/GED,cal_intercept,-0.05357148338593404,-0.4010211243539177,0.2051201056354158,0.16813932825237088,200,percentile
PCE-revised (recal),education,HS/GED,cal_slope,1.1323595888379023,0.8611828347332074,1.5004663599747377,0.16060060081193356,200,percentile
PCE-revised (recal),education,HS/GED,AUC,0.8093536337955174,0.7460985950363984,0.8763971218272587,0.03311900659394021,200,percentile
PCE-revised (recal),education,HS/GED,brier,0.01995746164695334,0.014706411770803746,0.025882039792068535,0.003013106853022713,200,percentile
PCE-revised (recal),education,HS/GED,scaled_brier,0.037672571500607765,0.011427065903711803,0.05562193781395291,0.01155122444693237,200,percentile
PCE-revised (recal),education,HS/GED,pct_flagged_7.5,0.04806351950023006,0.042371127894224925,0.055830424870653504,0.0037020504336768983,200,percentile
PCE-revised (recal),education,HS/GED,TPR_7.5,0.27848522005646653,0.18309918270654552,0.38217597252374014,0.050752177984444126,200,percentile
PCE-revised (recal),education,HS/GED,FPR_7.5,0.04199989068267249,0.0362440103519902,0.04968693015408191,0.0038008740474227316,200,percentile
PCE-revised (recal),education,HS/GED,pct_flagged_20,0.001915783266602089,0.0007638765333216765,0.003114909074329147,0.0006328119067203559,200,percentile
PCE-revised (recal),education,HS/GED,TPR_20,0.021714642775348663,0.0,0.050585128372432564,0.018898351119661518,200,percentile
PCE-revised (recal),education,HS/GED,FPR_20,0.0017291736316020676,0.0,0.003348187928926463,0.0009600860363383737,200,percentile
PCE-revised (recal),education,HS/GED,rel_OE,1.0071220184877314,0.7554538930186119,1.2294813821126196,0.11850279076294065,200,percentile
PCE-revised (recal),education,Some college,n,3390.0,1620.95,1784.05,43.63422196663034,200,percentile
PCE-revised (recal),education,Some college,events,71.0,27.0,44.0,4.342934538075615,200,percentile
PCE-revised (recal),education,Some college,observed,0.015960103181500224,0.01083857772862259,0.02083309756017719,0.0025254781547531103,200,percentile
PCE-revised (recal),education,Some college,expected,0.01780296742061338,0.016786030341550955,0.01855078272493497,0.00045541751182536915,200,percentile
PCE-revised (recal),education,Some college,OE,0.8964855579649395,0.6098853373974006,1.1820729963419645,0.13683448946428836,200,percentile
PCE-revised (recal),education,Some college,cal_intercept,-0.11498219230969484,-0.5156961440154957,0.17937809925148085,0.16185677970395948,200,percentile
PCE-revised (recal),education,Some college,cal_slope,0.9217842279845176,0.7320826215078894,1.1864018287692664,0.11793108093485007,200,percentile
PCE-revised (recal),education,Some college,AUC,0.7674665502261491,0.7163512202004032,0.8352709008377643,0.030021666092187992,200,percentile
PCE-revised (recal),education,Some college,brier,0.015481757848383355,0.010574075753492672,0.020157358333744112,0.0023930349310060245,200,percentile
PCE-revised (recal),education,Some college,scaled_brier,0.014238462484186476,-0.003545686619869137,0.027880611408272974,0.008221423994794641,200,percentile
PCE-revised (recal),education,Some college,pct_flagged_7.5,0.02913971076739379,0.023713740666997656,0.03368561484208649,0.0025830007523175115,200,percentile
PCE-revised (recal),education,Some college,TPR_7.5,0.13054130686388546,0.0608056470686345,0.20292470487523226,0.03558225266649333,200,percentile
PCE-revised (recal),education,Some college,FPR_7.5,0.02734843838633001,0.02210281870584247,0.03220193577308435,0.002615402396145091,200,percentile
PCE-revised (recal),education,Some college,pct_flagged_20,0.0003199518696189837,0.0,0.0006646286961473643,0.0002279602301452896,200,percentile
PCE-revised (recal),education,Some college,TPR_20,0.0,0.0,0.0,0.0,200,percentile
PCE-revised (recal),education,Some college,FPR_20,0.0003179657559445749,0.0,0.0006778048352384764,0.00022600283708162837,200,percentile
PCE-revised (recal),education,Some college,rel_OE,0.9519052127673286,0.7070703732668381,1.2288368001364074,0.13371171268746251,200,percentile
PCE-revised (recal),sex,GAP(max-min),OE,0.20663690741959473,0.0,0.38505948919655114,0.11050729428582617,200,basic
PCE-revised (recal),sex,GAP(max-min),AUC,0.03538867966311321,0.0,0.06847319813908874,0.0225179004904208,200,basic
PCE-revised (recal),sex,GAP(max-min),cal_slope,0.07471018993671796,0.0,0.14317860124935627,0.08467132652363704,200,basic
PCE-revised (recal),sex,GAP(max-min),TPR_7.5,0.00024495287261708243,0.0,-0.0016018860540356296,0.03255718590599895,200,basic
PCE-revised (recal),sex,GAP(max-min),FPR_7.5,0.0322150056167898,0.02504926234649788,0.0401311839676335,0.004049596513839043,200,basic
PCE-revised (recal),sex,GAP(max-min),pct_flagged_7.5,0.033059999796217425,0.025748543403376872,0.040609412480047916,0.004015076159598923,200,basic
PCE-revised (recal),sex,GAP(max/min),OE,1.2393079276352132,1.0,1.4490079007637278,0.14354335642332414,200,basic
PCE-revised (recal),race,GAP(max-min),OE,0.21956915787146425,0.0,0.38807097427993964,0.15175714933453552,200,basic
PCE-revised (recal),race,GAP(max-min),AUC,0.09124157899081164,0.017918492607333303,0.1512484025191174,0.03633762431294492,200,basic
PCE-revised (recal),race,GAP(max-min),cal_slope,0.43893086252984626,0.1290901914192728,0.7930768825747337,0.17600302207385363,200,basic
PCE-revised (recal),race,GAP(max-min),TPR_7.5,0.09507570726986131,0.0,0.15249431720155143,0.057955305144772803,200,basic
PCE-revised (recal),race,GAP(max-min),FPR_7.5,0.016957464048613147,0.004465072495209742,0.0236114236299365,0.0051288845749347615,200,basic
PCE-revised (recal),race,GAP(max-min),pct_flagged_7.5,0.019375105261563157,0.008097442517152463,0.029778457072869635,0.0054561814277909685,200,basic
PCE-revised (recal),race,GAP(max/min),OE,1.2782783604783226,1.0,1.5081682141319237,0.2788496055619506,200,basic
PCE-revised (recal),age_group,GAP(max-min),OE,0.6591253032001256,0.32768592033452026,0.9496178697418263,0.1687701221537455,200,basic
PCE-revised (recal),age_group,GAP(max-min),AUC,0.12835585136750416,0.0,0.1914265792848863,0.06171975151820054,200,basic
PCE-revised (recal),age_group,GAP(max-min),cal_slope,0.44465649180891564,0.0,0.7285331238412244,0.2628815210654695,200,basic
PCE-revised (recal),age_group,GAP(max-min),TPR_7.5,0.4200403160781108,0.3381909647169513,0.49884035472477684,0.04841948883901691,200,basic
PCE-revised (recal),age_group,GAP(max-min),FPR_7.5,0.20594227535857937,0.18383252361810973,0.22923135133963005,0.012590570636500865,200,basic
PCE-revised (recal),age_group,GAP(max-min),pct_flagged_7.5,0.2250100732018438,0.204654091064135,0.24655549131176224,0.01128762224671239,200,basic
PCE-revised (recal),age_group,GAP(max/min),OE,2.009817399027733,1.0,2.561753635392109,0.4576571788474162,200,basic
PCE-revised (recal),income,GAP(max-min),OE,0.6420282567908971,0.32551089492964747,0.8856222626234651,0.14968780499358378,200,basic
PCE-revised (recal),income,GAP(max-min),AUC,0.06761433305089615,0.0,0.1127714001764491,0.03310038408545215,200,basic
PCE-revised (recal),income,GAP(max-min),cal_slope,0.356343259756308,0.0,0.6245231652901879,0.16405853911705218,200,basic
PCE-revised (recal),income,GAP(max-min),TPR_7.5,0.13586022300232115,0.0,0.2083052191131348,0.05651109773437201,200,basic
PCE-revised (recal),income,GAP(max-min),FPR_7.5,0.04088506923773275,0.030027866401361174,0.05123729460185663,0.0058123040753119345,200,basic
PCE-revised (recal),income,GAP(max-min),pct_flagged_7.5,0.04322498271235115,0.03330444177854385,0.051507392492170526,0.005045216912277466,200,basic
PCE-revised (recal),income,GAP(max/min),OE,1.9463581025417016,1.0355030111131085,2.3926448356559065,0.3574112992941314,200,basic
PCE-revised (recal),education,GAP(max-min),OE,0.2844013278021903,0.0,0.43601879035453367,0.1499216059651879,200,basic
PCE-revised (recal),education,GAP(max-min),AUC,0.07487971642012059,0.0,0.10989779556013815,0.036232820825551744,200,basic
PCE-revised (recal),education,GAP(max-min),cal_slope,0.35371868137636875,0.0,0.5519697976606228,0.18181114030166926,200,basic
PCE-revised (recal),education,GAP(max-min),TPR_7.5,0.1836493798789958,0.04744989200220889,0.27702695484221496,0.0573746398844706,200,basic
PCE-revised (recal),education,GAP(max-min),FPR_7.5,0.061236110596569526,0.048808267552966675,0.07362895471376343,0.0061792250830697655,200,basic
PCE-revised (recal),education,GAP(max-min),pct_flagged_7.5,0.06604520177906328,0.05294067611852428,0.07764975333735488,0.006441659636459492,200,basic
PCE-revised (recal),education,GAP(max/min),OE,1.352773737878924,1.0,1.5565543136452307,0.2999443505270382,200,basic
PREVENT-CVD (recal),Overall,All,n,13466.0,6549.975,6986.575,116.30726406105006,200,percentile
PREVENT-CVD (recal),Overall,All,events,362.0,165.95,199.025,9.038131116019047,200,percentile
PREVENT-CVD (recal),Overall,All,observed,0.019019590401501755,0.0162500167797753,0.02226417794119519,0.0014553929407854836,200,percentile
PREVENT-CVD (recal),Overall,All,expected,0.019649234510053182,0.018911271277157787,0.020307812363682117,0.00035246516382042125,200,percentile
PREVENT-CVD (recal),Overall,All,OE,0.9679557945003262,0.8464667599427368,1.1316053222869307,0.06944557574871546,200,percentile
PREVENT-CVD (recal),Overall,All,cal_intercept,-0.038262204873184436,-0.1765542013945807,0.11805156944859309,0.07298159937111727,200,percentile
PREVENT-CVD (recal),Overall,All,cal_slope,1.0453369528382879,0.8850324153688006,1.2628973243209027,0.09786766578451865,200,percentile
PREVENT-CVD (recal),Overall,All,AUC,0.8080962788161197,0.7725658061180511,0.8455794376055259,0.019417704642496245,200,percentile
PREVENT-CVD (recal),Overall,All,brier,0.01788432378432721,0.015497431516825812,0.02088075137589685,0.0013396278436583608,200,percentile
PREVENT-CVD (recal),Overall,All,scaled_brier,0.04145825919262547,0.02877872970354299,0.05715168048804369,0.006978601431961965,200,percentile
PREVENT-CVD (recal),Overall,All,pct_flagged_7.5,0.04902604500897709,0.045346049055596034,0.05298921043772687,0.0020729604704311424,200,percentile
PREVENT-CVD (recal),Overall,All,TPR_7.5,0.3004059645645598,0.24082526554602865,0.3657767761485285,0.0331296378448675,200,percentile
PREVENT-CVD (recal),Overall,All,FPR_7.5,0.04448955391271787,0.04031966246409016,0.049689842771665715,0.0024303936181486133,200,percentile
PREVENT-CVD (recal),Overall,All,pct_flagged_20,0.0009974639240120265,0.0005823523061915354,0.001421732562448726,0.00023992700554374715,200,percentile
PREVENT-CVD (recal),Overall,All,TPR_20,0.015223549916108749,0.0026800152843581833,0.028497213053784328,0.007393525240736546,200,percentile
PREVENT-CVD (recal),Overall,All,FPR_20,0.0007054225517733974,0.0003848912871513672,0.0010449015654042124,0.00017605563996416778,200,percentile
PREVENT-CVD (recal),Overall,All,rel_OE,1.0,1.0,1.0,0.0,200,percentile
PREVENT-CVD (recal),sex,Female,n,6883.0,3348.95,3578.15,61.643712057118236,200,percentile
PREVENT-CVD (recal),sex,Female,events,145.0,62.0,85.0,6.11168869408998,200,percentile
PREVENT-CVD (recal),sex,Female,observed,0.01550122652400136,0.012528100855061624,0.01828931830786972,0.0015613007824584707,200,percentile
PREVENT-CVD (recal),sex,Female,expected,0.01758245487305619,0.01671497083234543,0.018491690661886596,0.00044007415494761847,200,percentile
PREVENT-CVD (recal),sex,Female,OE,0.8816303886982153,0.7348403801477768,1.0351260102642228,0.07901668252096525,200,percentile
PREVENT-CVD (recal),sex,Female,cal_intercept,-0.14164049098081283,-0.3348276764061621,0.018658492321244523,0.09298558774111233,200,percentile
PREVENT-CVD (recal),sex,Female,cal_slope,1.0593154769181492,0.7913575443827405,1.3401955827009566,0.13813192747691666,200,percentile
PREVENT-CVD (recal),sex,Female,AUC,0.8174882558400246,0.756698595194202,0.8616189315477709,0.027515696023554154,200,percentile
PREVENT-CVD (recal),sex,Female,brier,0.014564912806873094,0.011685313521399397,0.017100600163930165,0.0014293436825149426,200,percentile
PREVENT-CVD (recal),sex,Female,scaled_brier,0.04560831520081987,0.02792401905319606,0.061430297701666255,0.008998414285665803,200,percentile
PREVENT-CVD (recal),sex,Female,pct_flagged_7.5,0.03983288936077735,0.03657597424109694,0.04511384151457556,0.002365576795870103,200,percentile
PREVENT-CVD (recal),sex,Female,TPR_7.5,0.3229287291217866,0.24369060980297005,0.410734779953698,0.04655408154255808,200,percentile
PREVENT-CVD (recal),sex,Female,FPR_7.5,0.035735997168024225,0.03179054188536613,0.04102837361225474,0.0023529096061341037,200,percentile
PREVENT-CVD (recal),sex,Female,pct_flagged_20,0.0007488469694773403,0.00021569229438598078,0.0013112113759457837,0.00030043187204924936,200,percentile
PREVENT-CVD (recal),sex,Female,TPR_20,0.01623355773843335,0.0,0.03222266308056259,0.008575974597992198,200,percentile
PREVENT-CVD (recal),sex,Female,FPR_20,0.00049822154914102,0.00010183658601232832,0.0008812814045167413,0.00023215282229149635,200,percentile
PREVENT-CVD (recal),sex,Female,rel_OE,0.9108167890593873,0.8031927199196567,1.0317005640900805,0.06166615727334758,200,percentile
PREVENT-CVD (recal),sex,Male,n,6583.0,3189.9,3428.1,62.9822163222629,200,percentile
PREVENT-CVD (recal),sex,Male,events,217.0,95.0,122.025,7.3893580956214695,200,percentile
PREVENT-CVD (recal),sex,Male,observed,0.022927328551733867,0.019565152887272143,0.02805681210964602,0.002226526655470356,200,percentile
PREVENT-CVD (recal),sex,Male,expected,0.02195028192581372,0.021142912466285548,0.022678386092431,0.0004123980022507964,200,percentile
PREVENT-CVD (recal),sex,Male,OE,1.044511803047556,0.8978995187522647,1.2731963621851767,0.09947081407095525,200,percentile
PREVENT-CVD (recal),sex,Male,cal_intercept,0.04725144159857937,-0.11368392670865252,0.25791336074694543,0.09857087328353227,200,percentile
PREVENT-CVD (recal),sex,Male,cal_slope,1.0284167757248657,0.8364171992684126,1.2486181907828477,0.1048133047237851,200,percentile
PREVENT-CVD (recal),sex,Male,AUC,0.7935091369233676,0.7477644051011889,0.8336765049191347,0.022104278444047533,200,percentile
PREVENT-CVD (recal),sex,Male,brier,0.02157109108996251,0.018501610835166774,0.026059034293860615,0.002031427403931504,200,percentile
PREVENT-CVD (recal),sex,Male,scaled_brier,0.03707648624987259,0.021176137913368143,0.05498303520312982,0.008475499657384743,200,percentile
PREVENT-CVD (recal),sex,Male,pct_flagged_7.5,0.05926123731893752,0.05291766736090168,0.06563005112597681,0.003255830578288902,200,percentile
PREVENT-CVD (recal),sex,Male,TPR_7.5,0.2834930285121731,0.22115825515989845,0.36586928050842493,0.03692772014207249,200,percentile
PREVENT-CVD (recal),sex,Male,FPR_7.5,0.0542857521750853,0.04732024397038567,0.06169231412486165,0.0039228557169560824,200,percentile
PREVENT-CVD (recal),sex,Male,pct_flagged_20,0.001274261406678113,0.0004926805414613162,0.0020769068840631004,0.0004188440396962762,200,percentile
PREVENT-CVD (recal),sex,Male,TPR_20,0.01446510848819331,0.0,0.03188041692949585,0.01288180791575342,200,percentile
PREVENT-CVD (recal),sex,Male,FPR_20,0.0009373033930301271,0.00028791245748542165,0.0015416992233830576,0.00032080367060474923,200,percentile
PREVENT-CVD (recal),sex,Male,rel_OE,1.0790903974976969,0.971860935669012,1.1717940252311956,0.05472296221763535,200,percentile
PREVENT-CVD (recal),race,Mexican American,n,2794.0,1145.85,1619.0,121.41411175256074,200,percentile
PREVENT-CVD (recal),race,Mexican American,events,62.0,19.0,40.025000000000006,5.467124219933264,200,percentile
PREVENT-CVD (recal),race,Mexican American,observed,0.016964214623544305,0.009631503203861877,0.023200238450520924,0.0035460752957624667,200,percentile
PREVENT-CVD (recal),race,Mexican American,expected,0.018011978819688804,0.016364821289609602,0.0193308571436331,0.0008523012046770808,200,percentile
PREVENT-CVD (recal),race,Mexican American,OE,0.9418295898172391,0.5769511645596115,1.2804345010674274,0.18327266997118752,200,percentile
PREVENT-CVD (recal),race,Mexican American,cal_intercept,-0.06874713678734484,-0.5496830844096176,0.2544418416136911,0.21339712504243075,200,percentile
PREVENT-CVD (recal),race,Mexican American,cal_slope,0.8006128044522886,0.5833086179731684,1.1064380640691158,0.1405332937795373,200,percentile
PREVENT-CVD (recal),race,Mexican American,AUC,0.7822451539522673,0.7180490532449106,0.8552620155276378,0.03660497177211328,200,percentile
PREVENT-CVD (recal),race,Mexican American,brier,0.01654057042720531,0.009794565047327907,0.02237737753087175,0.003354304695785889,200,percentile
PREVENT-CVD (recal),race,Mexican American,scaled_brier,0.008146804692167331,-0.021664566683512,0.028950008527458427,0.013883415688375545,200,percentile
PREVENT-CVD (recal),race,Mexican American,pct_flagged_7.5,0.04511150916395834,0.03423657227868068,0.05347301792796231,0.005022723761060489,200,percentile
PREVENT-CVD (recal),race,Mexican American,TPR_7.5,0.17678821759328223,0.051769937860729615,0.3299217556087999,0.08421998675688096,200,percentile
PREVENT-CVD (recal),race,Mexican American,FPR_7.5,0.044814492743948844,0.03491597455794643,0.05314851635812138,0.0048102805377925216,200,percentile
PREVENT-CVD (recal),race,Mexican American,pct_flagged_20,0.0011589231248346564,0.0003293129542497614,0.0019491162298414415,0.00042358994567236516,200,percentile
PREVENT-CVD (recal),race,Mexican American,TPR_20,0.005334476291768225,0.0,0.016987464515808695,0.006250416583003653,200,percentile
PREVENT-CVD (recal),race,Mexican American,FPR_20,0.0012711841309295056,0.0002112238862982239,0.002135471436833219,0.00047737090217809446,200,percentile
PREVENT-CVD (recal),race,Mexican American,rel_OE,0.9730088865302223,0.6319184334341192,1.3414980457975263,0.18875410162925862,200,percentile
PREVENT-CVD (recal),race,NH Black,n,2577.0,1128.725,1444.15,80.62646656373303,200,percentile
PREVENT-CVD (recal),race,NH Black,events,85.0,32.0,55.025000000000006,5.648284303918265,200,percentile
PREVENT-CVD (recal),race,NH Black,observed,0.025578082541956617,0.020286024190519617,0.03069837434964328,0.002788530360386717,200,percentile
PREVENT-CVD (recal),race,NH Black,expected,0.022871508296131358,0.021337416347965918,0.02419600228840061,0.0007188429905703466,200,percentile
PREVENT-CVD (recal),race,NH Black,OE,1.1183382490905975,0.886174485098411,1.3531001258323836,0.12306657975860576,200,percentile
PREVENT-CVD (recal),race,NH Black,cal_intercept,0.08711879869893412,-0.18026942947354957,0.3011289616307935,0.1243969508130131,200,percentile
PREVENT-CVD (recal),race,NH Black,cal_slope,0.905932626702097,0.6379465100141829,1.2127484481732376,0.13924546172461677,200,percentile
PREVENT-CVD (recal),race,NH Black,AUC,0.7875915265060898,0.720950551414769,0.8516403009953527,0.03294179050189085,200,percentile
PREVENT-CVD (recal),race,NH Black,brier,0.02377948677364762,0.019213874994501844,0.028163831146258488,0.0024617495683765178,200,percentile
PREVENT-CVD (recal),race,NH Black,scaled_brier,0.04591416360077205,0.01799502461634632,0.06795778551744137,0.013217647408295672,200,percentile
PREVENT-CVD (recal),race,NH Black,pct_flagged_7.5,0.07281744528540857,0.06146348839942452,0.08256664005718203,0.005470053558582266,200,percentile
PREVENT-CVD (recal),race,NH Black,TPR_7.5,0.3711744389467391,0.2618741967841364,0.469029458322163,0.05533099546671657,200,percentile
PREVENT-CVD (recal),race,NH Black,FPR_7.5,0.07065495258439634,0.05569653482613305,0.08433945051498627,0.007647958243485437,200,percentile
PREVENT-CVD (recal),race,NH Black,pct_flagged_20,0.0031303634064047074,0.0015437852520592155,0.004666197663563318,0.0008707511792270016,200,percentile
PREVENT-CVD (recal),race,NH Black,TPR_20,0.03876081553440163,0.017433290380167128,0.06833947374286665,0.015643637760743564,200,percentile
PREVENT-CVD (recal),race,NH Black,FPR_20,0.0021671256523166328,0.0005455602300127589,0.00350478821030001,0.0007991092406147802,200,percentile
PREVENT-CVD (recal),race,NH Black,rel_OE,1.1553608702429443,0.9098539327982733,1.399349201430102,0.12821359772891325,200,percentile
PREVENT-CVD (recal),race,NH White,n,6689.0,3072.275,3686.4,156.1562920208099,200,percentile
PREVENT-CVD (recal),race,NH White,events,191.0,83.0,115.05000000000001,8.523274372572477,200,percentile
PREVENT-CVD (recal),race,NH White,observed,0.01875577802761195,0.015678117134997872,0.023020887600896885,0.0018421529313167853,200,percentile
PREVENT-CVD (recal),race,NH White,expected,0.01951362466985681,0.018778353921941625,0.020303642493366764,0.000402156169068713,200,percentile
PREVENT-CVD (recal),race,NH White,OE,0.961163204936727,0.8139221853578505,1.1599901639918493,0.08761051658441878,200,percentile
PREVENT-CVD (recal),race,NH White,cal_intercept,-0.039681115865281134,-0.20755477351913956,0.14922763334394393,0.09279854526809947,200,percentile
PREVENT-CVD (recal),race,NH White,cal_slope,1.1839962333727714,0.9665859016861815,1.4598242491103806,0.12143841739267443,200,percentile
PREVENT-CVD (recal),race,NH White,AUC,0.8308252977252464,0.7869336894030277,0.8687905965836729,0.020291315184288963,200,percentile
PREVENT-CVD (recal),race,NH White,brier,0.01754787835931571,0.014695226103661396,0.0215295039960502,0.001683570763367231,200,percentile
PREVENT-CVD (recal),race,NH White,scaled_brier,0.04651817614925002,0.03143089353615794,0.06319461228272573,0.0080425447920531,200,percentile
PREVENT-CVD (recal),race,NH White,pct_flagged_7.5,0.04727335088438234,0.043079909096421516,0.05170550679651864,0.0023734643057784876,200,percentile
PREVENT-CVD (recal),race,NH White,TPR_7.5,0.3098215348529596,0.2469287009075491,0.40060617611176685,0.04020626925236617,200,percentile
PREVENT-CVD (recal),race,NH White,FPR_7.5,0.04176040896039858,0.0374002416632997,0.04700076592172802,0.0026318803272213655,200,percentile
PREVENT-CVD (recal),race,NH White,pct_flagged_20,0.0008080793473493088,0.00029186256172507546,0.0013399069598937056,0.00028027490254879753,200,percentile
PREVENT-CVD (recal),race,NH White,TPR_20,0.01152513461431037,0.0,0.02643832409681737,0.008982027367350884,200,percentile
PREVENT-CVD (recal),race,NH White,FPR_20,0.0005715077829067137,0.0001484370833143035,0.0009534023983528441,0.00021575482576084557,200,percentile
PREVENT-CVD (recal),race,NH White,rel_OE,0.9929825415559337,0.9358406608765727,1.047389726277526,0.03033521802687324,200,percentile
PREVENT-CVD (recal),race,Other Hispanic,n,929.0,348.0,588.25,57.52556761691484,200,percentile
PREVENT-CVD (recal),race,Other Hispanic,events,17.0,4.0,14.0,2.656891106492472,200,percentile
PREVENT-CVD (recal),race,Other Hispanic,observed,0.016140591697789083,0.0056170432775479815,0.02772504920273109,0.006010455665013247,200,percentile
PREVENT-CVD (recal),race,Other Hispanic,expected,0.01958650224005183,0.016761938823390197,0.02211996357965494,0.0014568039960220556,200,percentile
PREVENT-CVD (recal),race,Other Hispanic,OE,0.8240670794596335,0.2664318640855028,1.5295446737227516,0.32086969273070204,200,percentile
PREVENT-CVD (recal),race,Other Hispanic,cal_intercept,-0.19578492236802236,-1.366818093593876,0.46138447687227924,0.44903551640475464,200,percentile
PREVENT-CVD (recal),race,Other Hispanic,cal_slope,0.7053418403834891,0.3132941214053055,1.6368394607909846,0.4946363638279592,200,percentile
PREVENT-CVD (recal),race,Other Hispanic,AUC,0.720742634060394,0.6179058104398428,0.8638325693695931,0.07241711537432925,200,percentile
PREVENT-CVD (recal),race,Other Hispanic,brier,0.01548347657443137,0.0060569006290421175,0.026596760152031097,0.0056715512024807365,200,percentile
PREVENT-CVD (recal),race,Other Hispanic,scaled_brier,0.024974471028379464,-0.0485798531488346,0.0858336472274733,0.037646879842769224,200,percentile
PREVENT-CVD (recal),race,Other Hispanic,pct_flagged_7.5,0.041411893233388994,0.025662022474471705,0.05916391852964999,0.00859635053303452,200,percentile
PREVENT-CVD (recal),race,Other Hispanic,TPR_7.5,0.2760142974753073,0.1071682794502859,0.6342988266965606,0.13531595139250813,200,percentile
PREVENT-CVD (recal),race,Other Hispanic,FPR_7.5,0.036020932876157125,0.02062698870652076,0.05374912985130622,0.009134399725868337,200,percentile
PREVENT-CVD (recal),race,Other Hispanic,pct_flagged_20,0.0005124464450969621,0.0,0.0013737663514061585,0.0005422027676286534,200,percentile
PREVENT-CVD (recal),race,Other Hispanic,TPR_20,0.03754970828107303,0.0,0.10918341044566367,0.054789729289134746,200,percentile
PREVENT-CVD (recal),race,Other Hispanic,FPR_20,0.0,0.0,0.0,0.0,200,percentile
PREVENT-CVD (recal),race,Other Hispanic,rel_OE,0.8513478447484575,0.2979418121473644,1.6589854098007986,0.3439825600959872,200,percentile
PREVENT-CVD (recal),race,Other/Multiracial,n,477.0,198.9,278.05,19.951745178765496,200,percentile
PREVENT-CVD (recal),race,Other/Multiracial,events,7.0,1.9750000000000005,6.0,1.1272660037524775,200,percentile
PREVENT-CVD (recal),race,Other/Multiracial,observed,0.014600354490660186,0.002414736483115239,0.024508961940018215,0.0058584194057224965,200,percentile
PREVENT-CVD (recal),race,Other/Multiracial,expected,0.017400476708733025,0.015096962822861775,0.019889875892802084,0.0012017507817240287,200,percentile
PREVENT-CVD (recal),race,Other/Multiracial,OE,0.8390778445358625,0.1347530420485883,1.5255706510819798,0.35324943366730205,200,percentile
PREVENT-CVD (recal),race,Other/Multiracial,cal_intercept,-0.20928122001748706,-2.085607846928106,0.44780312458951815,0.5829179413891673,200,percentile
PREVENT-CVD (recal),race,Other/Multiracial,cal_slope,-0.13814461458211655,-1.2976222888582047,1.2012514517072197,0.6877240447124384,200,percentile
PREVENT-CVD (recal),race,Other/Multiracial,AUC,0.4829056031391518,0.19538841642850469,0.8891481117239074,0.20924735137553543,200,percentile
PREVENT-CVD (recal),race,Other/Multiracial,brier,0.014954119398814145,0.003174404064446744,0.02461538288849712,0.0056856661549931475,200,percentile
PREVENT-CVD (recal),race,Other/Multiracial,scaled_brier,-0.03940557470547956,-0.3344006056780646,-0.012968118539808875,0.07186667662566137,200,percentile
PREVENT-CVD (recal),race,Other/Multiracial,pct_flagged_7.5,0.0411245052188962,0.023853007536220674,0.06156910704854237,0.009700256822299663,200,percentile
PREVENT-CVD (recal),race,Other/Multiracial,TPR_7.5,0.0,0.0,0.0,0.0,200,percentile
PREVENT-CVD (recal),race,Other/Multiracial,FPR_7.5,0.04498180615381068,0.024701992740359245,0.06898595422641683,0.011131321359056812,200,percentile
PREVENT-CVD (recal),race,Other/Multiracial,pct_flagged_20,0.0,0.0,0.0,0.0,200,percentile
PREVENT-CVD (recal),race,Other/Multiracial,TPR_20,0.0,0.0,0.0,0.0,200,percentile
PREVENT-CVD (recal),race,Other/Multiracial,FPR_20,0.0,0.0,0.0,0.0,200,percentile
PREVENT-CVD (recal),race,Other/Multiracial,rel_OE,0.8668555416510602,0.132336902885888,1.5837820057363983,0.3753944695817686,200,percentile
PREVENT-CVD (recal),age_group,40-49,n,4420.0,2141.875,2304.125,41.88983368108711,200,percentile
PREVENT-CVD (recal),age_group,40-49,events,35.0,12.975000000000001,24.025000000000006,3.018531540884836,200,percentile
PREVENT-CVD (recal),age_group,40-49,observed,0.006351207120419218,0.0037984180696897544,0.009903914156898664,0.0015357245856730264,200,percentile
PREVENT-CVD (recal),age_group,40-49,expected,0.005636396024460564,0.00529891333481744,0.0059832895742913976,0.00017702739129763924,200,percentile
PREVENT-CVD (recal),age_group,40-49,OE,1.1268205947304892,0.6679261416827577,1.7263617627007832,0.2613163603391086,200,percentile
PREVENT-CVD (recal),age_group,40-49,cal_intercept,0.12712601846372615,-0.41203905173409844,0.5662315224406567,0.2415360227822922,200,percentile
PREVENT-CVD (recal),age_group,40-49,cal_slope,1.0522918494898343,0.7224227752689747,1.3189011891638114,0.1551325064428811,200,percentile
PREVENT-CVD (recal),age_group,40-49,AUC,0.7753673925052561,0.6787914115484959,0.883168305947754,0.055202581428400246,200,percentile
PREVENT-CVD (recal),age_group,40-49,brier,0.006198304220794132,0.0036868153868431963,0.009564492864404295,0.0014713624455489076,200,percentile
PREVENT-CVD (recal),age_group,40-49,scaled_brier,0.017836697702352966,-0.0022440227300862033,0.03520369231111219,0.0107791403111465,200,percentile
PREVENT-CVD (recal),age_group,40-49,pct_flagged_7.5,0.0036480117967695996,0.0016415470998417524,0.005954049997671297,0.001102910542419643,200,percentile
PREVENT-CVD (recal),age_group,40-49,TPR_7.5,0.020429637282359973,0.0,0.06428150786347994,0.02192794139627675,200,percentile
PREVENT-CVD (recal),age_group,40-49,FPR_7.5,0.003841059577181067,0.001685208803460752,0.006308408096530085,0.0011424958285212938,200,percentile
PREVENT-CVD (recal),age_group,40-49,pct_flagged_20,0.00013133178476201646,0.0,0.000276129794281006,0.00013117051374387297,200,percentile
PREVENT-CVD (recal),age_group,40-49,TPR_20,0.020429637282359973,0.0,0.06428150786347994,0.02192794139627675,200,percentile
PREVENT-CVD (recal),age_group,40-49,FPR_20,0.0,0.0,0.0,0.0,200,percentile
PREVENT-CVD (recal),age_group,40-49,rel_OE,1.1641240241886992,0.7170784700644791,1.674258250039625,0.24401632411257806,200,percentile
PREVENT-CVD (recal),age_group,50-59,n,3406.0,1627.95,1800.275,43.64096290431826,200,percentile
PREVENT-CVD (recal),age_group,50-59,events,45.0,16.0,29.025000000000006,3.4105364378598635,200,percentile
PREVENT-CVD (recal),age_group,50-59,observed,0.010489009079613369,0.00700583177926095,0.01403982484012365,0.001897770124377253,200,percentile
PREVENT-CVD (recal),age_group,50-59,expected,0.013377098218854366,0.012785818047760997,0.013914641508277134,0.0002735760599455646,200,percentile
PREVENT-CVD (recal),age_group,50-59,OE,0.7841019709961928,0.5321253255227832,1.0391719158793453,0.1377797386937764,200,percentile
PREVENT-CVD (recal),age_group,50-59,cal_intercept,-0.2518085195479656,-0.6385658934403616,0.04543267752593388,0.18073557874231308,200,percentile
PREVENT-CVD (recal),age_group,50-59,cal_slope,0.9118368815731962,0.3196975193623082,1.456093939757503,0.2944007904428176,200,percentile
PREVENT-CVD (recal),age_group,50-59,AUC,0.6878187400421483,0.5667804770429852,0.7982067993097283,0.059050854770969205,200,percentile
PREVENT-CVD (recal),age_group,50-59,brier,0.010230027176524051,0.00685323624239531,0.013649094873064217,0.0018123049203023485,200,percentile
PREVENT-CVD (recal),age_group,50-59,scaled_brier,0.014352320885251624,-0.009125892114611582,0.033621924151058184,0.01113132044969409,200,percentile
PREVENT-CVD (recal),age_group,50-59,pct_flagged_7.5,0.006716364723034014,0.004092352482718447,0.009198812623777444,0.001344236251986575,200,percentile
PREVENT-CVD (recal),age_group,50-59,TPR_7.5,0.1244650301539258,0.021259410466781262,0.23976132979784698,0.06314921303783814,200,percentile
PREVENT-CVD (recal),age_group,50-59,FPR_7.5,0.005848563037623227,0.0033673795296659485,0.00816777032820819,0.0012507320342638642,200,percentile
PREVENT-CVD (recal),age_group,50-59,pct_flagged_20,0.00019259971220756802,0.0,0.0004025802145165016,0.000141985188807085,200,percentile
PREVENT-CVD (recal),age_group,50-59,TPR_20,0.007716797570981396,0.0,0.020489549400610218,0.00812920511063425,200,percentile
PREVENT-CVD (recal),age_group,50-59,FPR_20,0.00012023391622660717,0.0,0.0002686900709282346,0.00012097685053249372,200,percentile
PREVENT-CVD (recal),age_group,50-59,rel_OE,0.810059690175168,0.5951191187325686,1.0606159570883005,0.1243888421548617,200,percentile
PREVENT-CVD (recal),age_group,60-69,n,3441.0,1635.9,1818.025,46.60562623745041,200,percentile
PREVENT-CVD (recal),age_group,60-69,events,102.0,41.975,59.025000000000006,4.820055984995658,200,percentile
PREVENT-CVD (recal),age_group,60-69,observed,0.02748240160978038,0.02009161283071983,0.03377440582077536,0.0034137971458165525,200,percentile
PREVENT-CVD (recal),age_group,60-69,expected,0.031798247050374095,0.030934177784087465,0.03268986115762892,0.00045299195292856144,200,percentile
PREVENT-CVD (recal),age_group,60-69,OE,0.864274108136947,0.6387167550878926,1.0625910945310792,0.10792904423744848,200,percentile
PREVENT-CVD (recal),age_group,60-69,cal_intercept,-0.15409085479041323,-0.4687368004484938,0.06630671749218423,0.13301948146255266,200,percentile
PREVENT-CVD (recal),age_group,60-69,cal_slope,0.8419873231491858,0.31958954952061674,1.379640633694467,0.25831711172390226,200,percentile
PREVENT-CVD (recal),age_group,60-69,AUC,0.6392491088044191,0.5508321338615296,0.7300582805824376,0.04432421437359663,200,percentile
PREVENT-CVD (recal),age_group,60-69,brier,0.026488917572550653,0.019953464112409655,0.031898760250319215,0.003105552754634098,200,percentile
PREVENT-CVD (recal),age_group,60-69,scaled_brier,0.00891235741133023,-0.015022711180715723,0.03024746461692123,0.012599515578034926,200,percentile
PREVENT-CVD (recal),age_group,60-69,pct_flagged_7.5,0.04792040013055188,0.039576540848940744,0.05808231429606801,0.00470619360113312,200,percentile
PREVENT-CVD (recal),age_group,60-69,TPR_7.5,0.10915165789589018,0.027242656255887232,0.18854383495173055,0.041004802590965915,200,percentile
PREVENT-CVD (recal),age_group,60-69,FPR_7.5,0.04685098248977728,0.038545075885245195,0.05694757662844351,0.0049096843135829045,200,percentile
PREVENT-CVD (recal),age_group,60-69,pct_flagged_20,0.0018343995974691135,0.00021228638544038003,0.0035111171705016135,0.0009550731161820918,200,percentile
PREVENT-CVD (recal),age_group,60-69,TPR_20,0.022995046328540977,0.0,0.05498486645087292,0.023304403514351042,200,percentile
PREVENT-CVD (recal),age_group,60-69,FPR_20,0.0011914563859013558,0.00013786579622401926,0.0022350707964149293,0.000661311194777662,200,percentile
PREVENT-CVD (recal),age_group,60-69,rel_OE,0.8928859283115287,0.7048634269901181,1.0435498009907969,0.08846947147399546,200,percentile
PREVENT-CVD (recal),age_group,70-79,n,2199.0,1038.9,1179.05,34.74548378158054,200,percentile
PREVENT-CVD (recal),age_group,70-79,events,180.0,77.975,101.025,6.3635089558478475,200,percentile
PREVENT-CVD (recal),age_group,70-79,observed,0.07518562748041359,0.06098421247699379,0.0879326116707674,0.007149773191958585,200,percentile
PREVENT-CVD (recal),age_group,70-79,expected,0.0686185400750489,0.06685752573663097,0.07027745404118899,0.0008892707598271106,200,percentile
PREVENT-CVD (recal),age_group,70-79,OE,1.095704271734464,0.8949592351039725,1.2753096061182472,0.10280836688716688,200,percentile
PREVENT-CVD (recal),age_group,70-79,cal_intercept,0.10052846220930776,-0.12582379781502473,0.26666702699307143,0.10396403842031465,200,percentile
PREVENT-CVD (recal),age_group,70-79,cal_slope,1.291275690783335,1.0105501958121637,1.6447553892008664,0.1684345890773892,200,percentile
PREVENT-CVD (recal),age_group,70-79,AUC,0.67547765059244,0.6372509767500877,0.7211408047073763,0.021849760458824245,200,percentile
PREVENT-CVD (recal),age_group,70-79,brier,0.06773487842435728,0.05580667859085059,0.07872354851077053,0.00598470223099773,200,percentile
PREVENT-CVD (recal),age_group,70-79,scaled_brier,0.02585645620020005,0.014766755556899961,0.038114043939335596,0.0062302003119524005,200,percentile
PREVENT-CVD (recal),age_group,70-79,pct_flagged_7.5,0.3388178432494465,0.3152335214330792,0.3602560343400062,0.011712993672396563,200,percentile
PREVENT-CVD (recal),age_group,70-79,TPR_7.5,0.5743155664899255,0.5015286220506826,0.6586978700168797,0.03928742285736592,200,percentile
PREVENT-CVD (recal),age_group,70-79,FPR_7.5,0.31731629088434465,0.29099530433710163,0.3449607204884296,0.014154640237550227,200,percentile
PREVENT-CVD (recal),age_group,70-79,pct_flagged_20,0.005075200339920599,0.0020120513637458893,0.007711850367637578,0.0014630585526540561,200,percentile
PREVENT-CVD (recal),age_group,70-79,TPR_20,0.011850958975006575,0.005082443706531274,0.021186702367942907,0.004851109781449366,200,percentile
PREVENT-CVD (recal),age_group,70-79,FPR_20,0.004389862509055477,0.0012895954387559933,0.007264820178275095,0.0015129008392825414,200,percentile
PREVENT-CVD (recal),age_group,70-79,rel_OE,1.1319775943901278,0.9401517290805095,1.3122366551581919,0.09556320723587619,200,percentile
PREVENT-CVD (recal),income,PIR 1.3-3.5,n,4520.0,2170.925,2388.025,54.24898026042982,200,percentile
PREVENT-CVD (recal),income,PIR 1.3-3.5,events,144.0,59.975,83.0,6.214246478575054,200,percentile
PREVENT-CVD (recal),income,PIR 1.3-3.5,observed,0.024808312919204586,0.019594608039444846,0.029744718919790303,0.0028024703417131288,200,percentile
PREVENT-CVD (recal),income,PIR 1.3-3.5,expected,0.02476445559410506,0.02358861348139749,0.026194423021630525,0.0005980256338517522,200,percentile
PREVENT-CVD (recal),income,PIR 1.3-3.5,OE,1.0017709787696671,0.790680836891487,1.1941425341680185,0.10887260599664325,200,percentile
PREVENT-CVD (recal),income,PIR 1.3-3.5,cal_intercept,0.002419537375379576,-0.2669818527499818,0.18021625500934865,0.11647949000070772,200,percentile
PREVENT-CVD (recal),income,PIR 1.3-3.5,cal_slope,1.214547501313834,0.9820834844127274,1.5504339673211385,0.15761207340441885,200,percentile
PREVENT-CVD (recal),income,PIR 1.3-3.5,AUC,0.828853118893705,0.7906087124512623,0.871876200518614,0.0223245832830368,200,percentile
PREVENT-CVD (recal),income,PIR 1.3-3.5,brier,0.022860398058612376,0.01830435163095822,0.02729729179308966,0.0024623892663488385,200,percentile
PREVENT-CVD (recal),income,PIR 1.3-3.5,scaled_brier,0.055076681365598845,0.03049258230425351,0.07594332172606247,0.011649190839679175,200,percentile
PREVENT-CVD (recal),income,PIR 1.3-3.5,pct_flagged_7.5,0.07562668488254863,0.06720029713377812,0.08470815012048957,0.004324336325558983,200,percentile
PREVENT-CVD (recal),income,PIR 1.3-3.5,TPR_7.5,0.3938166267002119,0.3127617822860354,0.49906756810406855,0.0480160467281192,200,percentile
PREVENT-CVD (recal),income,PIR 1.3-3.5,FPR_7.5,0.06729697627476693,0.05805256855345292,0.07721871754698607,0.005014661434726031,200,percentile
PREVENT-CVD (recal),income,PIR 1.3-3.5,pct_flagged_20,0.0014183956011790352,0.00035537053049919506,0.0025845323262392423,0.0005992213118339093,200,percentile
PREVENT-CVD (recal),income,PIR 1.3-3.5,TPR_20,0.01534016798219968,0.0,0.03709986385382291,0.01573876553317338,200,percentile
PREVENT-CVD (recal),income,PIR 1.3-3.5,FPR_20,0.0010310334362724622,0.00014575446797049726,0.0018386748424384445,0.00045250074383830177,200,percentile
PREVENT-CVD (recal),income,PIR 1.3-3.5,rel_OE,1.034934636954983,0.8521580017297132,1.2020720079053178,0.0907304008325481,200,percentile
PREVENT-CVD (recal),income,PIR<1.3,n,3136.0,1472.825,1683.25,52.700346608569106,200,percentile
PREVENT-CVD (recal),income,PIR<1.3,events,124.0,53.0,71.025,4.84949098504888,200,percentile
PREVENT-CVD (recal),income,PIR<1.3,observed,0.033344338747349433,0.027683901798192287,0.0392704144507419,0.0033336722033804186,200,percentile
PREVENT-CVD (recal),income,PIR<1.3,expected,0.024171871579609615,0.022939657898765203,0.025567612828967787,0.0006955009821151446,200,percentile
PREVENT-CVD (recal),income,PIR<1.3,OE,1.3794686372352454,1.135944386409686,1.6356592038285924,0.13642177419097262,200,percentile
PREVENT-CVD (recal),income,PIR<1.3,cal_intercept,0.34374701373369104,0.13833072654643647,0.5334695456423664,0.10713592515953983,200,percentile
PREVENT-CVD (recal),income,PIR<1.3,cal_slope,0.8482300147075573,0.5916770893045344,1.1273621700055743,0.1444397971701276,200,percentile
PREVENT-CVD (recal),income,PIR<1.3,AUC,0.7724143111439579,0.7070156669340388,0.8277190816190758,0.03247313106445611,200,percentile
PREVENT-CVD (recal),income,PIR<1.3,brier,0.030933115119573945,0.02563130339433399,0.036591833244219094,0.0030591742536130975,200,percentile
PREVENT-CVD (recal),income,PIR<1.3,scaled_brier,0.040312695272648136,0.02188583603653304,0.059197745215837226,0.009864431714462427,200,percentile
PREVENT-CVD (recal),income,PIR<1.3,pct_flagged_7.5,0.07425360054602842,0.06571614136718489,0.0837265560027105,0.004970667757939128,200,percentile
PREVENT-CVD (recal),income,PIR<1.3,TPR_7.5,0.26726490647791745,0.1916606225428137,0.35711967697799607,0.0432576231010534,200,percentile
PREVENT-CVD (recal),income,PIR<1.3,FPR_7.5,0.06876179415183219,0.05917322309093102,0.07771092324185774,0.005281075263201717,200,percentile
PREVENT-CVD (recal),income,PIR<1.3,pct_flagged_20,0.0020754798568524023,0.001031928253634055,0.003232264122207493,0.0005402807353018513,200,percentile
PREVENT-CVD (recal),income,PIR<1.3,TPR_20,0.03366346429952449,0.00934118386925198,0.0604710513402903,0.014365236055381465,200,percentile
PREVENT-CVD (recal),income,PIR<1.3,FPR_20,0.0009878317575096056,0.0005755180371026851,0.0014719698407533296,0.00025090050665029493,200,percentile
PREVENT-CVD (recal),income,PIR<1.3,rel_OE,1.4251359876897565,1.2277989307568642,1.6677809638973842,0.1235344651024598,200,percentile
PREVENT-CVD (recal),income,PIR>3.5,n,4696.0,2220.85,2496.075,77.13295820339081,200,percentile
PREVENT-CVD (recal),income,PIR>3.5,events,60.0,20.975,39.0,4.404702831653446,200,percentile
PREVENT-CVD (recal),income,PIR>3.5,observed,0.010632934308043336,0.007349050783852543,0.013720164086227985,0.0016739752586817243,200,percentile
PREVENT-CVD (recal),income,PIR>3.5,expected,0.014692681251742598,0.014074317690165157,0.01538833551492389,0.0003483579576228773,200,percentile
PREVENT-CVD (recal),income,PIR>3.5,OE,0.7236891705373542,0.5001404805207101,0.9378995689289819,0.11351148209550554,200,percentile
PREVENT-CVD (recal),income,PIR>3.5,cal_intercept,-0.3403873305525371,-0.7061805697766903,-0.06615767247217991,0.1663402054786449,200,percentile
PREVENT-CVD (recal),income,PIR>3.5,cal_slope,0.8911550207045725,0.6293681881373868,1.3257071048936473,0.17628019588993643,200,percentile
PREVENT-CVD (recal),income,PIR>3.5,AUC,0.7654726148370392,0.6892331547817115,0.8569806716451741,0.042057670254375824,200,percentile
PREVENT-CVD (recal),income,PIR>3.5,brier,0.010406758243674702,0.007389913509841613,0.013549446467216383,0.0015758491717165796,200,percentile
PREVENT-CVD (recal),income,PIR>3.5,scaled_brier,0.01075267265028823,-0.01672868269992398,0.029973511576322196,0.012079460892262002,200,percentile
PREVENT-CVD (recal),income,PIR>3.5,pct_flagged_7.5,0.02368731476452046,0.01928448338641779,0.028023351178237083,0.0022642694327587583,200,percentile
PREVENT-CVD (recal),income,PIR>3.5,TPR_7.5,0.1819966765209595,0.07095979241880956,0.2876871210973144,0.05325516924095474,200,percentile
PREVENT-CVD (recal),income,PIR>3.5,FPR_7.5,0.022010451899938673,0.016846652058100132,0.02707430393389685,0.0025376310318775317,200,percentile
PREVENT-CVD (recal),income,PIR>3.5,pct_flagged_20,0.00040601605921287016,0.0,0.0008328649378834393,0.00023322166125025123,200,percentile
PREVENT-CVD (recal),income,PIR>3.5,TPR_20,0.0,0.0,0.0,0.0,200,percentile
PREVENT-CVD (recal),income,PIR>3.5,FPR_20,0.00040048197116507555,0.0,0.0008364571017152274,0.00023201206530730698,200,percentile
PREVENT-CVD (recal),income,PIR>3.5,rel_OE,0.7476469221519911,0.5503113570918681,0.9106564733513078,0.0946038398342462,200,percentile
PREVENT-CVD (recal),education,<HS,n,4127.0,1938.9,2184.225,65.42879362464113,200,percentile
PREVENT-CVD (recal),education,<HS,events,151.0,66.0,86.025,5.802364792559121,200,percentile
PREVENT-CVD (recal),education,<HS,observed,0.032376908726087124,0.026536536549414846,0.03914590677144912,0.0034712574463381797,200,percentile
PREVENT-CVD (recal),education,<HS,expected,0.028827784638431626,0.02732647820648688,0.030526312031045427,0.0007990881044278542,200,percentile
PREVENT-CVD (recal),education,<HS,OE,1.1231147010486542,0.9081989798168341,1.356583352877718,0.11551907835701132,200,percentile
PREVENT-CVD (recal),education,<HS,cal_intercept,0.10200638883604976,-0.11235416664616836,0.30691652654706414,0.10944762647965461,200,percentile
PREVENT-CVD (recal),education,<HS,cal_slope,0.8825892463990499,0.574765975732768,1.1684998669930282,0.1720038926881575,200,percentile
PREVENT-CVD (recal),education,<HS,AUC,0.7718465719625741,0.7044415208744916,0.8165846045920384,0.03267402479097225,200,percentile
PREVENT-CVD (recal),education,<HS,brier,0.0301630754281131,0.02474902977871578,0.03619573844429277,0.002981972763666128,200,percentile
PREVENT-CVD (recal),education,<HS,scaled_brier,0.03720458058886733,0.010099478836231735,0.05790871170054937,0.012756949751069523,200,percentile
PREVENT-CVD (recal),education,<HS,pct_flagged_7.5,0.09913498212908235,0.08753620897886473,0.11019200138718367,0.0060073676291574445,200,percentile
PREVENT-CVD (recal),education,<HS,TPR_7.5,0.4089664421560231,0.2800416004608944,0.521050548690974,0.06281757422662278,200,percentile
PREVENT-CVD (recal),education,<HS,FPR_7.5,0.09250278445816282,0.08135703042562678,0.10184993641285885,0.005776609680498064,200,percentile
PREVENT-CVD (recal),education,<HS,pct_flagged_20,0.0026124621273684,0.0015480379908808003,0.004074365015254164,0.0006550886152214129,200,percentile
PREVENT-CVD (recal),education,<HS,TPR_20,0.01503060638997813,0.007072370869686246,0.023975291361435676,0.0061839174998321944,200,percentile
PREVENT-CVD (recal),education,<HS,FPR_20,0.0022009457240322375,0.0011439161948937524,0.00344717489729443,0.0006377210517772576,200,percentile
PREVENT-CVD (recal),education,<HS,rel_OE,1.160295446785794,0.9721531723516795,1.3943615320582743,0.11173598618070285,200,percentile
PREVENT-CVD (recal),education,College+,n,2796.0,1304.975,1500.025,53.95514585115207,200,percentile
PREVENT-CVD (recal),education,College+,events,48.0,16.975,31.0,3.678591466292416,200,percentile
PREVENT-CVD (recal),education,College+,observed,0.011890496825387504,0.0074329945776317186,0.015442930003298673,0.001967586377508383,200,percentile
PREVENT-CVD (recal),education,College+,expected,0.014694111654097376,0.01388200286395837,0.015578830663221764,0.0004618369586158627,200,percentile
PREVENT-CVD (recal),education,College+,OE,0.8092014750733094,0.5169005976057767,1.0717440454223015,0.13401205643439398,200,percentile
PREVENT-CVD (recal),education,College+,cal_intercept,-0.2240199271921978,-0.6955187672379335,0.056759441148425405,0.1815083021332264,200,percentile
PREVENT-CVD (recal),education,College+,cal_slope,1.2293671724168922,0.8598511922587783,1.8433680863412507,0.23318962327449422,200,percentile
PREVENT-CVD (recal),education,College+,AUC,0.837214600048471,0.7644258806327576,0.9105857180822923,0.04118826984591011,200,percentile
PREVENT-CVD (recal),education,College+,brier,0.011176150575390904,0.0071565989978541866,0.014335338677148394,0.0017688172546512005,200,percentile
PREVENT-CVD (recal),education,College+,scaled_brier,0.04876643365334565,0.009522657440380666,0.07677499740497411,0.017252883386784084,200,percentile
PREVENT-CVD (recal),education,College+,pct_flagged_7.5,0.025637167201709637,0.02051506664285395,0.030354681772967154,0.002422759471016889,200,percentile
PREVENT-CVD (recal),education,College+,TPR_7.5,0.2530060781626497,0.11650413654201214,0.39535276913780515,0.07218378628693983,200,percentile
PREVENT-CVD (recal),education,College+,FPR_7.5,0.022596202739585496,0.016618586027479062,0.028755489103435356,0.003233149876853719,200,percentile
PREVENT-CVD (recal),education,College+,pct_flagged_20,0.00041882240821162516,0.0,0.0008960749929278435,0.000420647053837748,200,percentile
PREVENT-CVD (recal),education,College+,TPR_20,0.034467697270298296,0.0,0.0972484667329157,0.03679120918213793,200,percentile
PREVENT-CVD (recal),education,College+,FPR_20,0.0,0.0,0.0,0.0,200,percentile
PREVENT-CVD (recal),education,College+,rel_OE,0.8359901140847364,0.5418608828667464,1.0852091807459243,0.1279745220878332,200,percentile
PREVENT-CVD (recal),education,HS/GED,n,3138.0,1493.975,1683.2,48.626561542403756,200,percentile
PREVENT-CVD (recal),education,HS/GED,events,90.0,34.975,53.025000000000006,4.906195447477018,200,percentile
PREVENT-CVD (recal),education,HS/GED,observed,0.021187660395128236,0.01528445269397985,0.027484223685357502,0.0033549150451948192,200,percentile
PREVENT-CVD (recal),education,HS/GED,expected,0.021755588518600398,0.020810909080299738,0.022880457189069132,0.0005640337313856466,200,percentile
PREVENT-CVD (recal),education,HS/GED,OE,0.9738950696283578,0.7053538429404381,1.2536747068156202,0.14957948904654939,200,percentile
PREVENT-CVD (recal),education,HS/GED,cal_intercept,-0.02224495339440661,-0.36353780463805463,0.24375003254406677,0.16722939028566544,200,percentile
PREVENT-CVD (recal),education,HS/GED,cal_slope,1.1152175699895008,0.8049754432588253,1.5872098801213015,0.194201116917512,200,percentile
PREVENT-CVD (recal),education,HS/GED,AUC,0.8096485439952481,0.7444319472412472,0.8811347887934747,0.034447207007026595,200,percentile
PREVENT-CVD (recal),education,HS/GED,brier,0.01980362270553674,0.014443324189907054,0.025555173611513996,0.0030433215315420455,200,percentile
PREVENT-CVD (recal),education,HS/GED,scaled_brier,0.045090520512129806,0.02146470715524469,0.061916518793839845,0.010085219999124071,200,percentile
PREVENT-CVD (recal),education,HS/GED,pct_flagged_7.5,0.05736566271925273,0.050417747913540714,0.06439081442763667,0.003847611672436682,200,percentile
PREVENT-CVD (recal),education,HS/GED,TPR_7.5,0.35513148142932,0.2628691942915103,0.4684856326579566,0.054358313372152,200,percentile
PREVENT-CVD (recal),education,HS/GED,FPR_7.5,0.050576927313703765,0.04315229026808641,0.058538380676988536,0.00413992506014406,200,percentile
PREVENT-CVD (recal),education,HS/GED,pct_flagged_20,0.0009026695326465235,0.0,0.0018064572201044328,0.000520682282158556,200,percentile
PREVENT-CVD (recal),education,HS/GED,TPR_20,0.0,0.0,0.0,0.0,200,percentile
PREVENT-CVD (recal),education,HS/GED,FPR_20,0.0008947197191432794,0.0,0.0017265357348052214,0.0005021248118774581,200,percentile
PREVENT-CVD (recal),education,HS/GED,rel_OE,1.006135895008612,0.7492614345470346,1.229813689909332,0.11734434456938245,200,percentile
PREVENT-CVD (recal),education,Some college,n,3390.0,1620.95,1784.05,43.63422196663034,200,percentile
PREVENT-CVD (recal),education,Some college,events,71.0,27.0,44.0,4.342934538075615,200,percentile
PREVENT-CVD (recal),education,Some college,observed,0.015960103181500224,0.01083857772862259,0.02083309756017719,0.0025254781547531103,200,percentile
PREVENT-CVD (recal),education,Some college,expected,0.01702123680087291,0.016215282770541285,0.01772590295380297,0.00042482724698603407,200,percentile
PREVENT-CVD (recal),education,Some college,OE,0.93765825411005,0.6486294279118329,1.2401550977475577,0.14540862305006003,200,percentile
PREVENT-CVD (recal),education,Some college,cal_intercept,-0.0713315839714582,-0.45502330781054195,0.2312443724265306,0.16275537567804532,200,percentile
PREVENT-CVD (recal),education,Some college,cal_slope,0.9191749500355081,0.6895364169331207,1.2027256766735928,0.13360730066745694,200,percentile
PREVENT-CVD (recal),education,Some college,AUC,0.7751570517034704,0.7141088389064258,0.8466375066917261,0.03319690836880268,200,percentile
PREVENT-CVD (recal),education,Some college,brier,0.015308537667442399,0.010460971546676377,0.020001859789467207,0.0023853126538083986,200,percentile
PREVENT-CVD (recal),education,Some college,scaled_brier,0.025267816745205063,0.007950315631988078,0.04192883919217551,0.00871596031843463,200,percentile
PREVENT-CVD (recal),education,Some college,pct_flagged_7.5,0.03395721971550122,0.029385782145411925,0.039366046156577135,0.0027853504821746928,200,percentile
PREVENT-CVD (recal),education,Some college,TPR_7.5,0.13868195435248626,0.07991457255472505,0.22112043638186393,0.036324320574607695,200,percentile
PREVENT-CVD (recal),education,Some college,FPR_7.5,0.032487281210433684,0.027081667277863344,0.03893605366182332,0.0032430768357025346,200,percentile
PREVENT-CVD (recal),education,Some college,pct_flagged_20,0.0006140180889962611,0.0,0.0011894803085382246,0.0003326149561373249,200,percentile
PREVENT-CVD (recal),education,Some college,TPR_20,0.016673074135302855,0.0,0.03764002943775197,0.012189804567480034,200,percentile
PREVENT-CVD (recal),education,Some college,FPR_20,0.00035330541508043996,0.0,0.0007530919092961696,0.0002767370933523098,200,percentile
PREVENT-CVD (recal),education,Some college,rel_OE,0.9686994586298062,0.7217118354753653,1.2432933987341412,0.13693688215482544,200,percentile
PREVENT-CVD (recal),sex,GAP(max-min),OE,0.16288141434934067,0.0,0.31674931631732883,0.10683354992352029,200,basic
PREVENT-CVD (recal),sex,GAP(max-min),AUC,0.02397911891665705,0.0,0.046818404315550205,0.02039253530195419,200,basic
PREVENT-CVD (recal),sex,GAP(max-min),cal_slope,0.03089870119328353,0.0,0.05440473588567322,0.08279958534859189,200,basic
PREVENT-CVD (recal),sex,GAP(max-min),TPR_7.5,0.03943570060961349,0.0,0.07542812763634266,0.03769333408914171,200,basic
PREVENT-CVD (recal),sex,GAP(max-min),FPR_7.5,0.018549755007061075,0.010713562423824905,0.02701440570839752,0.004102091301712049,200,basic
PREVENT-CVD (recal),sex,GAP(max-min),pct_flagged_7.5,0.019428347958160168,0.01237618762166607,0.027087690670140142,0.003799519212911967,200,basic
PREVENT-CVD (recal),sex,GAP(max/min),OE,1.184750226894794,1.0,1.3592842956726523,0.13339725032755978,200,basic
PREVENT-CVD (recal),race,GAP(max-min),OE,0.294271169630964,0.0,0.5156028897175967,0.16201586685368233,200,basic
PREVENT-CVD (recal),race,GAP(max-min),AUC,0.11008266366485242,0.016185209455551963,0.20060144597118534,0.04753464226693639,200,basic
PREVENT-CVD (recal),race,GAP(max-min),cal_slope,0.47865439298928225,0.06204413597528313,0.8078880377846853,0.18732998690651198,200,basic
PREVENT-CVD (recal),race,GAP(max-min),TPR_7.5,0.1943862213534569,0.0,0.32983158453724554,0.08776247308110188,200,basic
PREVENT-CVD (recal),race,GAP(max-min),FPR_7.5,0.03463401970823922,0.02045065986625435,0.05574019369250982,0.009221054745302259,200,basic
PREVENT-CVD (recal),race,GAP(max-min),pct_flagged_7.5,0.03140555205201957,0.01831478785552748,0.0478565844554147,0.007953388622107373,200,basic
PREVENT-CVD (recal),race,GAP(max/min),OE,1.3570961356979905,1.0,1.6399390237400067,0.27984404540871105,200,basic
PREVENT-CVD (recal),age_group,GAP(max-min),OE,0.3427186237342964,0.0,0.5150398445364742,0.19544059855992732,200,basic
PREVENT-CVD (recal),age_group,GAP(max-min),AUC,0.136118283700837,0.0,0.22371873864766254,0.06422637382178409,200,basic
PREVENT-CVD (recal),age_group,GAP(max-min),cal_slope,0.44928836763414914,0.0,0.6616215205935668,0.2572092708085119,200,basic
PREVENT-CVD (recal),age_group,GAP(max-min),TPR_7.5,0.5538859292075655,0.4725654260612753,0.6409280301443481,0.04464322701751675,200,basic
PREVENT-CVD (recal),age_group,GAP(max-min),FPR_7.5,0.3134752313071636,0.2852874149231959,0.339055176413438,0.01424828782538186,200,basic
PREVENT-CVD (recal),age_group,GAP(max-min),pct_flagged_7.5,0.3351698314526769,0.3132737120300592,0.3581000634459631,0.011939969052432966,200,basic
PREVENT-CVD (recal),age_group,GAP(max/min),OE,1.4370842523184533,1.0,1.673389515630779,0.328608908559027,200,basic
PREVENT-CVD (recal),income,GAP(max-min),OE,0.6557794666978912,0.3233662817357905,0.9103550269356914,0.1524012633225,200,basic
PREVENT-CVD (recal),income,GAP(max-min),AUC,0.06338050405666584,0.0,0.10773411583747138,0.033183721241781206,200,basic
PREVENT-CVD (recal),income,GAP(max-min),cal_slope,0.3663174866062767,0.0,0.632749725920491,0.18504969677437005,200,basic
PREVENT-CVD (recal),income,GAP(max-min),TPR_7.5,0.2118199501792524,0.07966919195600303,0.31274398827246785,0.05915404433532384,200,basic
PREVENT-CVD (recal),income,GAP(max-min),FPR_7.5,0.046751342251893514,0.03547082198239748,0.05313893207848331,0.004912404962415513,200,basic
PREVENT-CVD (recal),income,GAP(max-min),pct_flagged_7.5,0.05193937011802817,0.04100201006899942,0.05812974204443797,0.00456084280330432,200,basic
PREVENT-CVD (recal),income,GAP(max/min),OE,1.906161779664274,1.0287837754016773,2.347050736837619,0.3368944534064181,200,basic
PREVENT-CVD (recal),education,GAP(max-min),OE,0.31391322597534477,0.0,0.47897931685272166,0.1536196262557618,200,basic
PREVENT-CVD (recal),education,GAP(max-min),AUC,0.06536802808589692,0.0,0.09440567125945376,0.03581915141200348,200,basic
PREVENT-CVD (recal),education,GAP(max-min),cal_slope,0.3467779260178423,0.0,0.5564795956610403,0.21223153833386546,200,basic
PREVENT-CVD (recal),education,GAP(max-min),TPR_7.5,0.27028448780353687,0.13681973732500885,0.3897295703192807,0.06534786514327419,200,basic
PREVENT-CVD (recal),education,GAP(max-min),FPR_7.5,0.06990658171857732,0.0580851857070296,0.0821432929333933,0.006314865341689392,200,basic
PREVENT-CVD (recal),education,GAP(max-min),pct_flagged_7.5,0.07349781492737271,0.060474184837467096,0.08586345863122229,0.0066189288041562395,200,basic
PREVENT-CVD (recal),education,GAP(max/min),OE,1.3879296264838197,1.0,1.5982980583418913,0.3060849460182538,200,basic
PREVENT-ASCVD (recal),Overall,All,n,13466.0,6549.975,6986.575,116.30726406105006,200,percentile
PREVENT-ASCVD (recal),Overall,All,events,362.0,165.95,199.025,9.038131116019047,200,percentile
PREVENT-ASCVD (recal),Overall,All,observed,0.019019590401501755,0.0162500167797753,0.02226417794119519,0.0014553929407854836,200,percentile
PREVENT-ASCVD (recal),Overall,All,expected,0.01979235168117797,0.019117501000466774,0.020435388056776027,0.0003501711304350866,200,percentile
PREVENT-ASCVD (recal),Overall,All,OE,0.9609565708954589,0.8406034103837352,1.1267890436443122,0.06877930079498405,200,percentile
PREVENT-ASCVD (recal),Overall,All,cal_intercept,-0.046813274203758734,-0.18426123398766298,0.10910533651512719,0.07219674600231674,200,percentile
PREVENT-ASCVD (recal),Overall,All,cal_slope,1.026367812471755,0.8548800319675427,1.2594138747504846,0.10143885139626127,200,percentile
PREVENT-ASCVD (recal),Overall,All,AUC,0.8036652038778471,0.7677669246345312,0.8420741768077223,0.019832256786170132,200,percentile
PREVENT-ASCVD (recal),Overall,All,brier,0.017947224597937288,0.015557824983580314,0.020960442006338988,0.0013447145660858094,200,percentile
PREVENT-ASCVD (recal),Overall,All,scaled_brier,0.03808697962382013,0.026246204658163404,0.0524841176917202,0.006661519082836648,200,percentile
PREVENT-ASCVD (recal),Overall,All,pct_flagged_7.5,0.04695103110238408,0.042720528199958335,0.05048595208117802,0.002109413876669655,200,percentile
PREVENT-ASCVD (recal),Overall,All,TPR_7.5,0.2849216406494181,0.22673596261519616,0.34990808741020474,0.0324719436394745,200,percentile
PREVENT-ASCVD (recal),Overall,All,FPR_7.5,0.04262865490656444,0.03817378655963227,0.04751753930914321,0.002413251806666275,200,percentile
PREVENT-ASCVD (recal),Overall,All,pct_flagged_20,0.0006326314154104799,0.0003431350581555886,0.000980965315076335,0.0001671874930336974,200,percentile
PREVENT-ASCVD (recal),Overall,All,TPR_20,0.007971329708420656,0.0008210953866859617,0.015606388821177316,0.003967679976276123,200,percentile
PREVENT-ASCVD (recal),Overall,All,FPR_20,0.00048148512971208583,0.0002219375001009626,0.0007853419836573782,0.00015119896515295187,200,percentile
PREVENT-ASCVD (recal),Overall,All,rel_OE,1.0,1.0,1.0,0.0,200,percentile
PREVENT-ASCVD (recal),sex,Female,n,6883.0,3348.95,3578.15,61.643712057118236,200,percentile
PREVENT-ASCVD (recal),sex,Female,events,145.0,62.0,85.0,6.11168869408998,200,percentile
PREVENT-ASCVD (recal),sex,Female,observed,0.01550122652400136,0.012528100855061624,0.01828931830786972,0.0015613007824584707,200,percentile
PREVENT-ASCVD (recal),sex,Female,expected,0.016818347535084037,0.01603349394628826,0.017633193307950504,0.0004163201824373381,200,percentile
PREVENT-ASCVD (recal),sex,Female,OE,0.9216854683056651,0.7700066267998527,1.0824434801480067,0.08287131086782554,200,percentile
PREVENT-ASCVD (recal),sex,Female,cal_intercept,-0.09595193953257818,-0.2902533292210031,0.06615160661249431,0.09256451334408125,200,percentile
PREVENT-ASCVD (recal),sex,Female,cal_slope,1.0617959560691876,0.7948715872723753,1.3935155988937291,0.15065131076080465,200,percentile
PREVENT-ASCVD (recal),sex,Female,AUC,0.8157681032815621,0.7558626352998208,0.8613727365356175,0.028215760446589615,200,percentile
PREVENT-ASCVD (recal),sex,Female,brier,0.014579590634407951,0.011663857092225893,0.017147697496598273,0.0014389790443433625,200,percentile
PREVENT-ASCVD (recal),sex,Female,scaled_brier,0.044646524578662805,0.02666687873475689,0.059524862084826324,0.008160614423232359,200,percentile
PREVENT-ASCVD (recal),sex,Female,pct_flagged_7.5,0.03310778125711042,0.029461141216762084,0.03761691857117455,0.002123779585011107,200,percentile
PREVENT-ASCVD (recal),sex,Female,TPR_7.5,0.305654817630697,0.21331681853901055,0.3891594948969567,0.04600617012390664,200,percentile
PREVENT-ASCVD (recal),sex,Female,FPR_7.5,0.029266695966896975,0.025675570462064347,0.034449263046534805,0.0022062985421428083,200,percentile
PREVENT-ASCVD (recal),sex,Female,pct_flagged_20,0.0003945033174679524,8.386580584643369e-05,0.0007106109214552591,0.0001663424350952408,200,percentile
PREVENT-ASCVD (recal),sex,Female,TPR_20,0.013539708904550078,0.0,0.028449396575744926,0.008221595816291645,200,percentile
PREVENT-ASCVD (recal),sex,Female,FPR_20,0.00018743414477192353,2.662410435023932e-05,0.0003650463311936599,9.868865164847884e-05,200,percentile
PREVENT-ASCVD (recal),sex,Female,rel_OE,0.959133322171678,0.8463105211181681,1.081698342059097,0.0652274290833334,200,percentile
PREVENT-ASCVD (recal),sex,Male,n,6583.0,3189.9,3428.1,62.9822163222629,200,percentile
PREVENT-ASCVD (recal),sex,Male,events,217.0,95.0,122.025,7.3893580956214695,200,percentile
PREVENT-ASCVD (recal),sex,Male,observed,0.022927328551733867,0.019565152887272143,0.02805681210964602,0.002226526655470356,200,percentile
PREVENT-ASCVD (recal),sex,Male,expected,0.023103456760950228,0.022255443111077158,0.023810944078665415,0.000430652687889354,200,percentile
PREVENT-ASCVD (recal),sex,Male,OE,0.9923765429979269,0.8511661282895329,1.2169169590789535,0.094493885092026,200,percentile
PREVENT-ASCVD (recal),sex,Male,cal_intercept,-0.007941499020057174,-0.16863614635338742,0.2023979245855348,0.09787415194409148,200,percentile
PREVENT-ASCVD (recal),sex,Male,cal_slope,0.9920973890315578,0.8101187626294059,1.2114148991424079,0.10527679763689056,200,percentile
PREVENT-ASCVD (recal),sex,Male,AUC,0.7843182688750465,0.7415320359483913,0.8261917178357522,0.022567734144739348,200,percentile
PREVENT-ASCVD (recal),sex,Male,brier,0.02168755168560915,0.01861094381451181,0.026200311020452137,0.0020331656314705885,200,percentile
PREVENT-ASCVD (recal),sex,Male,scaled_brier,0.03187773920894632,0.015969907479487455,0.04891550820254032,0.008350323274230693,200,percentile
PREVENT-ASCVD (recal),sex,Male,pct_flagged_7.5,0.06236340197733518,0.055779369633978795,0.06807938170984673,0.0031668574530434148,200,percentile
PREVENT-ASCVD (recal),sex,Male,TPR_7.5,0.2693525529578864,0.20072539532121147,0.35724258765098016,0.03930554493045337,200,percentile
PREVENT-ASCVD (recal),sex,Male,FPR_7.5,0.057582164978449674,0.049557431346374706,0.0646413211103192,0.003703223555414793,200,percentile
PREVENT-ASCVD (recal),sex,Male,pct_flagged_20,0.0008977511381820775,0.00041728943201204224,0.0015083365663578852,0.0003037592719603672,200,percentile
PREVENT-ASCVD (recal),sex,Male,TPR_20,0.0037898873717001035,0.0,0.00748084606359714,0.002328734715449653,200,percentile
PREVENT-ASCVD (recal),sex,Male,FPR_20,0.000810560707986533,0.00032927388013781727,0.0014710829349114396,0.0003076336040794838,200,percentile
PREVENT-ASCVD (recal),sex,Male,rel_OE,1.032696557840475,0.9303875757601047,1.1211335327624732,0.05283557124431438,200,percentile
PREVENT-ASCVD (recal),race,Mexican American,n,2794.0,1145.85,1619.0,121.41411175256074,200,percentile
PREVENT-ASCVD (recal),race,Mexican American,events,62.0,19.0,40.025000000000006,5.467124219933264,200,percentile
PREVENT-ASCVD (recal),race,Mexican American,observed,0.016964214623544305,0.009631503203861877,0.023200238450520924,0.0035460752957624667,200,percentile
PREVENT-ASCVD (recal),race,Mexican American,expected,0.018758265326901606,0.01709394977285222,0.020107567802495535,0.0008497062184777728,200,percentile
PREVENT-ASCVD (recal),race,Mexican American,OE,0.9043594558402788,0.5526635639256244,1.2338303293336566,0.17698855936417318,200,percentile
PREVENT-ASCVD (recal),race,Mexican American,cal_intercept,-0.11479895993537707,-0.5967320543144664,0.203788575745185,0.2122646900337129,200,percentile
PREVENT-ASCVD (recal),race,Mexican American,cal_slope,0.825030680213774,0.588572390701356,1.1652134596621933,0.1548766932452984,200,percentile
PREVENT-ASCVD (recal),race,Mexican American,AUC,0.7825386580100478,0.7111223337370483,0.8608286974721541,0.03912828705155959,200,percentile
PREVENT-ASCVD (recal),race,Mexican American,brier,0.01643424832967587,0.00976585449927805,0.02226468946737056,0.003333311394649302,200,percentile
PREVENT-ASCVD (recal),race,Mexican American,scaled_brier,0.014522395705217184,-0.016696949712085785,0.03554590695696913,0.01519896724655999,200,percentile
PREVENT-ASCVD (recal),race,Mexican American,pct_flagged_7.5,0.04898829521560354,0.03799080605420891,0.05772903161694321,0.005299556105624943,200,percentile
PREVENT-ASCVD (recal),race,Mexican American,TPR_7.5,0.22146635112189905,0.1294043137315727,0.32968938708738504,0.055394353666238995,200,percentile
PREVENT-ASCVD (recal),race,Mexican American,FPR_7.5,0.048656550372485875,0.038636482068304244,0.05781877433681865,0.005129662053309092,200,percentile
PREVENT-ASCVD (recal),race,Mexican American,pct_flagged_20,0.0012885071307664503,0.0003221488765908394,0.002293877801583449,0.0004858145211207355,200,percentile
PREVENT-ASCVD (recal),race,Mexican American,TPR_20,0.021021555462508112,0.0,0.06111217532848634,0.015956260859286277,200,percentile
PREVENT-ASCVD (recal),race,Mexican American,FPR_20,0.0011529023833060765,0.00018103689032994538,0.0020324242232948337,0.00046815589087473785,200,percentile
PREVENT-ASCVD (recal),race,Mexican American,rel_OE,0.9411033580815825,0.6081527448951171,1.304227644976339,0.18333222901807678,200,percentile
PREVENT-ASCVD (recal),race,NH Black,n,2577.0,1128.725,1444.15,80.62646656373303,200,percentile
PREVENT-ASCVD (recal),race,NH Black,events,85.0,32.0,55.025000000000006,5.648284303918265,200,percentile
PREVENT-ASCVD (recal),race,NH Black,observed,0.025578082541956617,0.020286024190519617,0.03069837434964328,0.002788530360386717,200,percentile
PREVENT-ASCVD (recal),race,NH Black,expected,0.021937333944323144,0.02046093358550647,0.0230521199792383,0.0006742337971310118,200,percentile
PREVENT-ASCVD (recal),race,NH Black,OE,1.1659613062769467,0.928357272066833,1.4082024928012349,0.12660736392392816,200,percentile
PREVENT-ASCVD (recal),race,NH Black,cal_intercept,0.13464743531501552,-0.12219692999263486,0.344471060069088,0.12035775771121786,200,percentile
PREVENT-ASCVD (recal),race,NH Black,cal_slope,0.8802625921610833,0.6132326326084256,1.1898105026316526,0.14489724787502561,200,percentile
PREVENT-ASCVD (recal),race,NH Black,AUC,0.7803105579074215,0.7149478617462428,0.8441021008268844,0.03358386782356078,200,percentile
PREVENT-ASCVD (recal),race,NH Black,brier,0.02394053355763438,0.019327746723043573,0.028456015545663675,0.0025005500933122514,200,percentile
PREVENT-ASCVD (recal),race,NH Black,scaled_brier,0.039452608855625515,0.014325078474440126,0.05828753757487161,0.011442232476402286,200,percentile
PREVENT-ASCVD (recal),race,NH Black,pct_flagged_7.5,0.06205872937388462,0.051032525983513176,0.07008682074661107,0.004988660433077527,200,percentile
PREVENT-ASCVD (recal),race,NH Black,TPR_7.5,0.30928670034979167,0.21131093222654632,0.3865946405537547,0.04530528405634656,200,percentile
PREVENT-ASCVD (recal),race,NH Black,FPR_7.5,0.05896103059721418,0.04637555970063078,0.06919997554282985,0.005803126686689155,200,percentile
PREVENT-ASCVD (recal),race,NH Black,pct_flagged_20,0.002382271937255041,0.0007840632885294818,0.003946484095579844,0.000918743230822232,200,percentile
PREVENT-ASCVD (recal),race,NH Black,TPR_20,0.024120946858145594,0.0,0.05615960894341233,0.018190449890970697,200,percentile
PREVENT-ASCVD (recal),race,NH Black,FPR_20,0.0017903673062698224,0.0,0.0032692684197057616,0.0008448377561365474,200,percentile
PREVENT-ASCVD (recal),race,NH Black,rel_OE,1.2133340273540727,0.9626060884090447,1.4670475220292674,0.13320268102922794,200,percentile
PREVENT-ASCVD (recal),race,NH White,n,6689.0,3072.275,3686.4,156.1562920208099,200,percentile
PREVENT-ASCVD (recal),race,NH White,events,191.0,83.0,115.05000000000001,8.523274372572477,200,percentile
PREVENT-ASCVD (recal),race,NH White,observed,0.01875577802761195,0.015678117134997872,0.023020887600896885,0.0018421529313167853,200,percentile
PREVENT-ASCVD (recal),race,NH White,expected,0.01967573762998381,0.01893862612936914,0.020431484677830725,0.00040346508024666515,200,percentile
PREVENT-ASCVD (recal),race,NH White,OE,0.953243958642245,0.8049835707034746,1.1536639504198354,0.08690326021909785,200,percentile
PREVENT-ASCVD (recal),race,NH White,cal_intercept,-0.0497928696760105,-0.2180291429519862,0.14179500227072733,0.09244712286162256,200,percentile
PREVENT-ASCVD (recal),race,NH White,cal_slope,1.1699739103680347,0.9538308092547992,1.479828204043272,0.1234698307130879,200,percentile
PREVENT-ASCVD (recal),race,NH White,AUC,0.8260331587647978,0.7814650555978109,0.86658372381148,0.020756652533047395,200,percentile
PREVENT-ASCVD (recal),race,NH White,brier,0.017607025714607902,0.014764564908873281,0.021565320569057987,0.0016886856387166732,200,percentile
PREVENT-ASCVD (recal),race,NH White,scaled_brier,0.043304344422976926,0.029604135055366694,0.05879004613211354,0.007616877496860605,200,percentile
PREVENT-ASCVD (recal),race,NH White,pct_flagged_7.5,0.045115390759014426,0.04032800650877078,0.04944409141168442,0.0023995535578838463,200,percentile
PREVENT-ASCVD (recal),race,NH White,TPR_7.5,0.2986269486349021,0.23829106193601687,0.37888445337463766,0.03968624281664666,200,percentile
PREVENT-ASCVD (recal),race,NH White,FPR_7.5,0.03979885571518636,0.03514941498024479,0.0443462453232313,0.002503079640630458,200,percentile
PREVENT-ASCVD (recal),race,NH White,pct_flagged_20,0.0004105209296168993,0.00013085382534874817,0.0007600071108867678,0.00017665741561973048,200,percentile
PREVENT-ASCVD (recal),race,NH White,TPR_20,0.003533438297141632,0.0,0.008216240891762315,0.003630251805975934,200,percentile
PREVENT-ASCVD (recal),race,NH White,FPR_20,0.0003347127962261334,9.872534426146261e-05,0.0006390083310562863,0.00016185518854133817,200,percentile
PREVENT-ASCVD (recal),race,NH White,rel_OE,0.991974026208045,0.9341505984176783,1.047076303194089,0.030282761511683298,200,percentile
PREVENT-ASCVD (recal),race,Other Hispanic,n,929.0,348.0,588.25,57.52556761691484,200,percentile
PREVENT-ASCVD (recal),race,Other Hispanic,events,17.0,4.0,14.0,2.656891106492472,200,percentile
PREVENT-ASCVD (recal),race,Other Hispanic,observed,0.016140591697789083,0.0056170432775479815,0.02772504920273109,0.006010455665013247,200,percentile
PREVENT-ASCVD (recal),race,Other Hispanic,expected,0.020502863435120453,0.017448002682776593,0.023072542391171024,0.001470425725283541,200,percentile
PREVENT-ASCVD (recal),race,Other Hispanic,OE,0.7872359755438354,0.2568715692688837,1.4606390284897819,0.3075186712714752,200,percentile
PREVENT-ASCVD (recal),race,Other Hispanic,cal_intercept,-0.24425400403737618,-1.4024736332558383,0.4265106891542843,0.4505616160428535,200,percentile
PREVENT-ASCVD (recal),race,Other Hispanic,cal_slope,0.6876776458149317,0.3378811824515345,1.654779544946024,0.8375177102327486,200,percentile
PREVENT-ASCVD (recal),race,Other Hispanic,AUC,0.718827168313141,0.6247677080272565,0.8707691460997483,0.06678042536603428,200,percentile
PREVENT-ASCVD (recal),race,Other Hispanic,brier,0.01562464861846202,0.006177770057764117,0.026752639899856864,0.005673639797431209,200,percentile
PREVENT-ASCVD (recal),race,Other Hispanic,scaled_brier,0.016084584687588777,-0.07954089017891991,0.0661174958893736,0.041347904266491424,200,percentile
PREVENT-ASCVD (recal),race,Other Hispanic,pct_flagged_7.5,0.049878348135261194,0.03474118671484791,0.06509903735699256,0.008176088382010041,200,percentile
PREVENT-ASCVD (recal),race,Other Hispanic,TPR_7.5,0.24460478557456602,0.060439946205842913,0.5472762322642396,0.12443466749309179,200,percentile
PREVENT-ASCVD (recal),race,Other Hispanic,FPR_7.5,0.046170972398380514,0.030898950815592345,0.061888658687038044,0.008595901098833193,200,percentile
PREVENT-ASCVD (recal),race,Other Hispanic,pct_flagged_20,0.0005124464450969621,0.0,0.0013737663514061585,0.0005422027676286534,200,percentile
PREVENT-ASCVD (recal),race,Other Hispanic,TPR_20,0.03754970828107303,0.0,0.10918341044566367,0.054789729289134746,200,percentile
PREVENT-ASCVD (recal),race,Other Hispanic,FPR_20,0.0,0.0,0.0,0.0,200,percentile
PREVENT-ASCVD (recal),race,Other Hispanic,rel_OE,0.8192211795901,0.2862235899918862,1.5913523645957508,0.3320527470477436,200,percentile
PREVENT-ASCVD (recal),race,Other/Multiracial,n,477.0,198.9,278.05,19.951745178765496,200,percentile
PREVENT-ASCVD (recal),race,Other/Multiracial,events,7.0,1.9750000000000005,6.0,1.1272660037524775,200,percentile
PREVENT-ASCVD (recal),race,Other/Multiracial,observed,0.014600354490660186,0.002414736483115239,0.024508961940018215,0.0058584194057224965,200,percentile
PREVENT-ASCVD (recal),race,Other/Multiracial,expected,0.01796500831168724,0.015538768137224846,0.020692722139745445,0.0012685259648482431,200,percentile
PREVENT-ASCVD (recal),race,Other/Multiracial,OE,0.8127107005657126,0.13141419621971454,1.481984549373862,0.3411367432858623,200,percentile
PREVENT-ASCVD (recal),race,Other/Multiracial,cal_intercept,-0.256531797009831,-2.1205661734388013,0.39461017346254507,0.5831883049689806,200,percentile
PREVENT-ASCVD (recal),race,Other/Multiracial,cal_slope,-0.1595441401009799,-1.2480335683310224,1.2266240264270036,0.707539188767298,200,percentile
PREVENT-ASCVD (recal),race,Other/Multiracial,AUC,0.48673120809879,0.1934083839560782,0.8854180154970569,0.2103181422648138,200,percentile
PREVENT-ASCVD (recal),race,Other/Multiracial,brier,0.014986956258713423,0.003283922954732338,0.024618640381557498,0.005675540140559671,200,percentile
PREVENT-ASCVD (recal),race,Other/Multiracial,scaled_brier,-0.041687943484602474,-0.37002458401507693,-0.009223460730747616,0.08007501225325207,200,percentile
PREVENT-ASCVD (recal),race,Other/Multiracial,pct_flagged_7.5,0.040989688165311906,0.01973165965552258,0.060952421045508014,0.010291668222317293,200,percentile
PREVENT-ASCVD (recal),race,Other/Multiracial,TPR_7.5,0.0,0.0,0.0,0.0,200,percentile
PREVENT-ASCVD (recal),race,Other/Multiracial,FPR_7.5,0.04799908337926666,0.021447212084780693,0.07128909695758295,0.012914183588384432,200,percentile
PREVENT-ASCVD (recal),race,Other/Multiracial,pct_flagged_20,0.0,0.0,0.0,0.0,200,percentile
PREVENT-ASCVD (recal),race,Other/Multiracial,TPR_20,0.0,0.0,0.0,0.0,200,percentile
PREVENT-ASCVD (recal),race,Other/Multiracial,FPR_20,0.0,0.0,0.0,0.0,200,percentile
PREVENT-ASCVD (recal),race,Other/Multiracial,rel_OE,0.8457309364234799,0.13000834921561108,1.5532649687445679,0.3651058676331563,200,percentile
PREVENT-ASCVD (recal),age_group,40-49,n,4420.0,2141.875,2304.125,41.88983368108711,200,percentile
PREVENT-ASCVD (recal),age_group,40-49,events,35.0,12.975000000000001,24.025000000000006,3.018531540884836,200,percentile
PREVENT-ASCVD (recal),age_group,40-49,observed,0.006351207120419218,0.0037984180696897544,0.009903914156898664,0.0015357245856730264,200,percentile
PREVENT-ASCVD (recal),age_group,40-49,expected,0.005984999034032202,0.005624368963657323,0.006359608136165714,0.00018287904399279397,200,percentile
PREVENT-ASCVD (recal),age_group,40-49,OE,1.0611876600655514,0.624492212603602,1.6288998970033042,0.24747260949344355,200,percentile
PREVENT-ASCVD (recal),age_group,40-49,cal_intercept,0.06369728468981606,-0.47443433557083986,0.4996548326937001,0.24307410964947643,200,percentile
PREVENT-ASCVD (recal),age_group,40-49,cal_slope,0.9753078000526,0.620133473157306,1.2598404435316193,0.16582765893823803,200,percentile
PREVENT-ASCVD (recal),age_group,40-49,AUC,0.7719784138174356,0.6819126614857479,0.875464428141968,0.052994433083308756,200,percentile
PREVENT-ASCVD (recal),age_group,40-49,brier,0.006216005015320265,0.003709140576141032,0.009589681809744104,0.001470617752224715,200,percentile
PREVENT-ASCVD (recal),age_group,40-49,scaled_brier,0.015031886872520661,-0.005309798309553604,0.030856007077252737,0.010330917277719925,200,percentile
PREVENT-ASCVD (recal),age_group,40-49,pct_flagged_7.5,0.0035470638740313716,0.001562275372176869,0.005834714975592281,0.0011015476869883105,200,percentile
PREVENT-ASCVD (recal),age_group,40-49,TPR_7.5,0.020429637282359973,0.0,0.06428150786347994,0.02192794139627675,200,percentile
PREVENT-ASCVD (recal),age_group,40-49,FPR_7.5,0.003841059577181067,0.001685208803460752,0.006308408096530085,0.0011424958285212938,200,percentile
PREVENT-ASCVD (recal),age_group,40-49,pct_flagged_20,0.00013133178476201646,0.0,0.000276129794281006,0.00013117051374387297,200,percentile
PREVENT-ASCVD (recal),age_group,40-49,TPR_20,0.020429637282359973,0.0,0.06428150786347994,0.02192794139627675,200,percentile
PREVENT-ASCVD (recal),age_group,40-49,FPR_20,0.0,0.0,0.0,0.0,200,percentile
PREVENT-ASCVD (recal),age_group,40-49,rel_OE,1.104303453668768,0.6795495669762046,1.5849301303739571,0.23252137568064854,200,percentile
PREVENT-ASCVD (recal),age_group,50-59,n,3406.0,1627.95,1800.275,43.64096290431826,200,percentile
PREVENT-ASCVD (recal),age_group,50-59,events,45.0,16.0,29.025000000000006,3.4105364378598635,200,percentile
PREVENT-ASCVD (recal),age_group,50-59,observed,0.010489009079613369,0.00700583177926095,0.01403982484012365,0.001897770124377253,200,percentile
PREVENT-ASCVD (recal),age_group,50-59,expected,0.01405948797751644,0.01349523410186907,0.014628017313869387,0.00030152001054660363,200,percentile
PREVENT-ASCVD (recal),age_group,50-59,OE,0.7460448841655624,0.5065988446944663,0.98766614699547,0.13096232156588175,200,percentile
PREVENT-ASCVD (recal),age_group,50-59,cal_intercept,-0.3062021943562613,-0.6918118770074554,-0.011645920231554967,0.18069652450094328,200,percentile
PREVENT-ASCVD (recal),age_group,50-59,cal_slope,0.7332022308335039,0.1780574159160957,1.2726598971977658,0.2821749947807551,200,percentile
PREVENT-ASCVD (recal),age_group,50-59,AUC,0.6649492437995251,0.5453050488254421,0.7720764022770658,0.05962393579455013,200,percentile
PREVENT-ASCVD (recal),age_group,50-59,brier,0.010320137511031287,0.0069212621796908465,0.013732983511085017,0.0018176910790500998,200,percentile
PREVENT-ASCVD (recal),age_group,50-59,scaled_brier,0.005670326151637539,-0.01709431199228124,0.023232246476494342,0.010725368528269377,200,percentile
PREVENT-ASCVD (recal),age_group,50-59,pct_flagged_7.5,0.01061301532690464,0.006648476535661492,0.0142314062049991,0.002119808366491989,200,percentile
PREVENT-ASCVD (recal),age_group,50-59,TPR_7.5,0.10550726947237314,0.0,0.21888685986559858,0.06081414797814851,200,percentile
PREVENT-ASCVD (recal),age_group,50-59,FPR_7.5,0.010334761587616271,0.006346075578613253,0.014462499224194143,0.0022478708723734273,200,percentile
PREVENT-ASCVD (recal),age_group,50-59,pct_flagged_20,0.0003265286421214099,0.0,0.0006738706254930114,0.00019701804069233102,200,percentile
PREVENT-ASCVD (recal),age_group,50-59,TPR_20,0.007716797570981396,0.0,0.020489549400610218,0.00812920511063425,200,percentile
PREVENT-ASCVD (recal),age_group,50-59,FPR_20,0.0002521194511438706,0.0,0.0005618098306236175,0.00018070983193677303,200,percentile
PREVENT-ASCVD (recal),age_group,50-59,rel_OE,0.7763565043010914,0.5690064273692743,1.0123371571524902,0.1190908264582414,200,percentile
PREVENT-ASCVD (recal),age_group,60-69,n,3441.0,1635.9,1818.025,46.60562623745041,200,percentile
PREVENT-ASCVD (recal),age_group,60-69,events,102.0,41.975,59.025000000000006,4.820055984995658,200,percentile
PREVENT-ASCVD (recal),age_group,60-69,observed,0.02748240160978038,0.02009161283071983,0.03377440582077536,0.0034137971458165525,200,percentile
PREVENT-ASCVD (recal),age_group,60-69,expected,0.032186331329302535,0.031407563608338344,0.033263263440275706,0.0004521282801407958,200,percentile
PREVENT-ASCVD (recal),age_group,60-69,OE,0.8538531878207665,0.6309813737492747,1.0515905389408564,0.10667798069229067,200,percentile
PREVENT-ASCVD (recal),age_group,60-69,cal_intercept,-0.16748556683591354,-0.482906739034822,0.0553805969012905,0.1327469769240671,200,percentile
PREVENT-ASCVD (recal),age_group,60-69,cal_slope,0.8440983244026294,0.4071190827204829,1.3300192090633272,0.22821196986247788,200,percentile
PREVENT-ASCVD (recal),age_group,60-69,AUC,0.6484495054016148,0.5693752109867792,0.7349171945975841,0.04095907508940586,200,percentile
PREVENT-ASCVD (recal),age_group,60-69,brier,0.02651153991294437,0.01986090227349094,0.03192896559302762,0.0031102562111117176,200,percentile
PREVENT-ASCVD (recal),age_group,60-69,scaled_brier,0.008065938453317378,-0.01449323023254917,0.027006640954240175,0.01147635627658945,200,percentile
PREVENT-ASCVD (recal),age_group,60-69,pct_flagged_7.5,0.05083630929937663,0.04297025730659496,0.06075281482606229,0.00465578409146588,200,percentile
PREVENT-ASCVD (recal),age_group,60-69,TPR_7.5,0.13801310899579794,0.054097804776379564,0.21578721058092765,0.0416602066008568,200,percentile
PREVENT-ASCVD (recal),age_group,60-69,FPR_7.5,0.049788563569456046,0.04112271744238989,0.0610470385686371,0.004869041033249388,200,percentile
PREVENT-ASCVD (recal),age_group,60-69,pct_flagged_20,0.0012352744904021715,0.00024438104191579235,0.002239385878977237,0.0005783565965714584,200,percentile
PREVENT-ASCVD (recal),age_group,60-69,TPR_20,0.0015250929227858129,0.0,0.004089182478164303,0.0016026314881610298,200,percentile
PREVENT-ASCVD (recal),age_group,60-69,FPR_20,0.0011968060546186756,0.00020987986968752404,0.0022338066715769534,0.0005747796634763803,200,percentile
PREVENT-ASCVD (recal),age_group,60-69,rel_OE,0.8885450328156983,0.702048798409117,1.041956208382877,0.08871424155217919,200,percentile
PREVENT-ASCVD (recal),age_group,70-79,n,2199.0,1038.9,1179.05,34.74548378158054,200,percentile
PREVENT-ASCVD (recal),age_group,70-79,events,180.0,77.975,101.025,6.3635089558478475,200,percentile
PREVENT-ASCVD (recal),age_group,70-79,observed,0.07518562748041359,0.06098421247699379,0.0879326116707674,0.007149773191958585,200,percentile
PREVENT-ASCVD (recal),age_group,70-79,expected,0.06604842343985422,0.06456230015680815,0.06745627631021774,0.0007915947937962425,200,percentile
PREVENT-ASCVD (recal),age_group,70-79,OE,1.138340986274714,0.9310588397968123,1.3245998617279042,0.10584184828120059,200,percentile
PREVENT-ASCVD (recal),age_group,70-79,cal_intercept,0.1421895500215062,-0.07977067558065884,0.3071527225470329,0.10249017177917094,200,percentile
PREVENT-ASCVD (recal),age_group,70-79,cal_slope,1.2571333615664426,0.9399929186528411,1.6938755164393924,0.19861255910661915,200,percentile
PREVENT-ASCVD (recal),age_group,70-79,AUC,0.6728452537842908,0.6282150325599247,0.727260766492545,0.025315915607723873,200,percentile
PREVENT-ASCVD (recal),age_group,70-79,brier,0.06795141425638246,0.05601910821347495,0.07911518055235428,0.006036916500710458,200,percentile
PREVENT-ASCVD (recal),age_group,70-79,scaled_brier,0.022742300130602855,0.011329165434165029,0.035414137242186346,0.00629704855385619,200,percentile
PREVENT-ASCVD (recal),age_group,70-79,pct_flagged_7.5,0.3039656786594837,0.2789760583066634,0.3263404186877951,0.01244266729744466,200,percentile
PREVENT-ASCVD (recal),age_group,70-79,TPR_7.5,0.5281846692885188,0.45562072937164105,0.6190203864822695,0.04338274764534184,200,percentile
PREVENT-ASCVD (recal),age_group,70-79,FPR_7.5,0.2802204070263749,0.2549572447927045,0.30755684512222514,0.014290234857854802,200,percentile
PREVENT-ASCVD (recal),age_group,70-79,pct_flagged_20,0.0023356186803389955,0.0007046382918180152,0.0041030877713449515,0.0009074458197749957,200,percentile
PREVENT-ASCVD (recal),age_group,70-79,TPR_20,0.008224790612764273,0.0,0.017682992345635376,0.005266596742178246,200,percentile
PREVENT-ASCVD (recal),age_group,70-79,FPR_20,0.0017949515597641685,0.0004327329790046886,0.0033306722469436914,0.0008686002241274242,200,percentile
PREVENT-ASCVD (recal),age_group,70-79,rel_OE,1.1845915005440475,0.983311287537408,1.374842579107355,0.09892475147933238,200,percentile
PREVENT-ASCVD (recal),income,PIR 1.3-3.5,n,4520.0,2170.925,2388.025,54.24898026042982,200,percentile
PREVENT-ASCVD (recal),income,PIR 1.3-3.5,events,144.0,59.975,83.0,6.214246478575054,200,percentile
PREVENT-ASCVD (recal),income,PIR 1.3-3.5,observed,0.024808312919204586,0.019594608039444846,0.029744718919790303,0.0028024703417131288,200,percentile
PREVENT-ASCVD (recal),income,PIR 1.3-3.5,expected,0.02481281595033419,0.023512917773645545,0.026167395827099774,0.0005818808027742982,200,percentile
PREVENT-ASCVD (recal),income,PIR 1.3-3.5,OE,0.999818519947973,0.7891368464636574,1.1850891644020924,0.1078067669742457,200,percentile
PREVENT-ASCVD (recal),income,PIR 1.3-3.5,cal_intercept,0.00035576147982866477,-0.2577636283342285,0.17490366697264823,0.11472126917673507,200,percentile
PREVENT-ASCVD (recal),income,PIR 1.3-3.5,cal_slope,1.1807157483885473,0.9340730042877993,1.5316648071226562,0.16725937808887287,200,percentile
PREVENT-ASCVD (recal),income,PIR 1.3-3.5,AUC,0.8207625999865221,0.7788578528360428,0.8657922215443002,0.024097512886443868,200,percentile
PREVENT-ASCVD (recal),income,PIR 1.3-3.5,brier,0.022982099149874452,0.01841821311517785,0.0274382209718217,0.002482172281276516,200,percentile
PREVENT-ASCVD (recal),income,PIR 1.3-3.5,scaled_brier,0.05004622657028246,0.028857156723987473,0.06959455301746768,0.010906099958106806,200,percentile
PREVENT-ASCVD (recal),income,PIR 1.3-3.5,pct_flagged_7.5,0.068953546041638,0.0614215702711639,0.0775250280173726,0.004137176759299054,200,percentile
PREVENT-ASCVD (recal),income,PIR 1.3-3.5,TPR_7.5,0.3507952463894033,0.2668960239318703,0.4637551832309821,0.053721986974448584,200,percentile
PREVENT-ASCVD (recal),income,PIR 1.3-3.5,FPR_7.5,0.0616738309659,0.05267415168515497,0.07192692617534589,0.004939696124444863,200,percentile
PREVENT-ASCVD (recal),income,PIR 1.3-3.5,pct_flagged_20,0.0006454266175403552,0.0,0.0012842260167476812,0.00038063512602998234,200,percentile
PREVENT-ASCVD (recal),income,PIR 1.3-3.5,TPR_20,0.0017179435198827672,0.0,0.004078649771272659,0.0013325830894374497,200,percentile
PREVENT-ASCVD (recal),income,PIR 1.3-3.5,FPR_20,0.00060303493585379,0.0,0.0012958266091122718,0.0003778973991242508,200,percentile
PREVENT-ASCVD (recal),income,PIR 1.3-3.5,rel_OE,1.040440900483464,0.8574482339608853,1.2041333560229164,0.09072591022061707,200,percentile
PREVENT-ASCVD (recal),income,PIR<1.3,n,3136.0,1472.825,1683.25,52.700346608569106,200,percentile
PREVENT-ASCVD (recal),income,PIR<1.3,events,124.0,53.0,71.025,4.84949098504888,200,percentile
PREVENT-ASCVD (recal),income,PIR<1.3,observed,0.033344338747349433,0.027683901798192287,0.0392704144507419,0.0033336722033804186,200,percentile
PREVENT-ASCVD (recal),income,PIR<1.3,expected,0.02438469019436519,0.023055720899660497,0.025576259289255686,0.0006960721489394333,200,percentile
PREVENT-ASCVD (recal),income,PIR<1.3,OE,1.3674292550599898,1.1262810853594376,1.6347536451205626,0.13532328786468395,200,percentile
PREVENT-ASCVD (recal),income,PIR<1.3,cal_intercept,0.33532266907079444,0.12761760968730418,0.5327633624144856,0.10632204539309728,200,percentile
PREVENT-ASCVD (recal),income,PIR<1.3,cal_slope,0.8426045951939293,0.5775809268609708,1.1429590842055706,0.15667081834659766,200,percentile
PREVENT-ASCVD (recal),income,PIR<1.3,AUC,0.7714128165197333,0.7053519213701201,0.8276031216477338,0.032876721735983445,200,percentile
PREVENT-ASCVD (recal),income,PIR<1.3,brier,0.03094788607360526,0.025757303840817793,0.036633591151382525,0.003056307902202025,200,percentile
PREVENT-ASCVD (recal),income,PIR<1.3,scaled_brier,0.03985443243659781,0.022606812199175024,0.058155742237968065,0.009414082133068337,200,percentile
PREVENT-ASCVD (recal),income,PIR<1.3,pct_flagged_7.5,0.07265284909585007,0.063825967442111,0.08135218073290884,0.004643619935301352,200,percentile
PREVENT-ASCVD (recal),income,PIR<1.3,TPR_7.5,0.2993742253340678,0.21860738718487738,0.37856202447046694,0.04534709711101918,200,percentile
PREVENT-ASCVD (recal),income,PIR<1.3,FPR_7.5,0.06569100965962736,0.05607737991800579,0.07466169489249866,0.004868720324782457,200,percentile
PREVENT-ASCVD (recal),income,PIR<1.3,pct_flagged_20,0.0024480413093982472,0.0011598947503905603,0.00379428621526888,0.0007153176790929782,200,percentile
PREVENT-ASCVD (recal),income,PIR<1.3,TPR_20,0.028927440917372926,0.0,0.05766315527724348,0.015421620914289856,200,percentile
PREVENT-ASCVD (recal),income,PIR<1.3,FPR_20,0.0015318564488325677,0.0005568776328111161,0.002604270942394736,0.0005491504245537513,200,percentile
PREVENT-ASCVD (recal),income,PIR<1.3,rel_OE,1.4229875693401657,1.2230970632109515,1.6690174951490906,0.12569858898127867,200,percentile
PREVENT-ASCVD (recal),income,PIR>3.5,n,4696.0,2220.85,2496.075,77.13295820339081,200,percentile
PREVENT-ASCVD (recal),income,PIR>3.5,events,60.0,20.975,39.0,4.404702831653446,200,percentile
PREVENT-ASCVD (recal),income,PIR>3.5,observed,0.010632934308043336,0.007349050783852543,0.013720164086227985,0.0016739752586817243,200,percentile
PREVENT-ASCVD (recal),income,PIR>3.5,expected,0.014879427758827892,0.01422218153713472,0.015580237459112857,0.0003575902789436698,200,percentile
PREVENT-ASCVD (recal),income,PIR>3.5,OE,0.7146064002182387,0.49506338841523695,0.9269532305244343,0.11242033337270128,200,percentile
PREVENT-ASCVD (recal),income,PIR>3.5,cal_intercept,-0.35752790680730445,-0.7201050588246415,-0.08162044209500706,0.16661959365112025,200,percentile
PREVENT-ASCVD (recal),income,PIR>3.5,cal_slope,0.8656137860314462,0.6137796816708453,1.3064237619980084,0.17589458030834287,200,percentile
PREVENT-ASCVD (recal),income,PIR>3.5,AUC,0.7625166209013959,0.688447580465911,0.8515008916542226,0.04177372854285075,200,percentile
PREVENT-ASCVD (recal),income,PIR>3.5,brier,0.010440839860094933,0.007419518179358621,0.013580082585567307,0.0015751121812126565,200,percentile
PREVENT-ASCVD (recal),income,PIR>3.5,scaled_brier,0.007512936781919888,-0.016641588190948065,0.02843818620684465,0.011679752794071427,200,percentile
PREVENT-ASCVD (recal),income,PIR>3.5,pct_flagged_7.5,0.02384256875564857,0.02010604558004166,0.02804411968571324,0.002143172387663511,200,percentile
PREVENT-ASCVD (recal),income,PIR>3.5,TPR_7.5,0.16141447800020148,0.06751890082317367,0.25665751044271057,0.050431721764571745,200,percentile
PREVENT-ASCVD (recal),income,PIR>3.5,FPR_7.5,0.022575995063697094,0.018517833232791832,0.026973936337372894,0.0022775192282981694,200,percentile
PREVENT-ASCVD (recal),income,PIR>3.5,pct_flagged_20,0.0001134759186131073,0.0,0.000243807596496768,0.00011267461604881106,200,percentile
PREVENT-ASCVD (recal),income,PIR>3.5,TPR_20,0.0,0.0,0.0,0.0,200,percentile
PREVENT-ASCVD (recal),income,PIR>3.5,FPR_20,0.00011192921692321166,0.0,0.00024897835045698213,0.00011170434868799562,200,percentile
PREVENT-ASCVD (recal),income,PIR>3.5,rel_OE,0.7436406824840576,0.548773168598023,0.9066678654609659,0.0937437216765603,200,percentile
PREVENT-ASCVD (recal),education,<HS,n,4127.0,1938.9,2184.225,65.42879362464113,200,percentile
PREVENT-ASCVD (recal),education,<HS,events,151.0,66.0,86.025,5.802364792559121,200,percentile
PREVENT-ASCVD (recal),education,<HS,observed,0.032376908726087124,0.026536536549414846,0.03914590677144912,0.0034712574463381797,200,percentile
PREVENT-ASCVD (recal),education,<HS,expected,0.028943523208463603,0.02733437163637835,0.030511496900790004,0.0008105612942855739,200,percentile
PREVENT-ASCVD (recal),education,<HS,OE,1.1186236206592686,0.9017267149440545,1.352815181353728,0.11516532152107574,200,percentile
PREVENT-ASCVD (recal),education,<HS,cal_intercept,0.09830178511044815,-0.11558239203245411,0.3021202761621602,0.1087566871959309,200,percentile
PREVENT-ASCVD (recal),education,<HS,cal_slope,0.8515221816188813,0.5532895354379228,1.172218674941953,0.18070320946001364,200,percentile
PREVENT-ASCVD (recal),education,<HS,AUC,0.7651294065758345,0.6974553153018287,0.8138070647671138,0.03309568746673184,200,percentile
PREVENT-ASCVD (recal),education,<HS,brier,0.03026357363821058,0.024868602650817844,0.036303353851076914,0.0029961457558014474,200,percentile
PREVENT-ASCVD (recal),education,<HS,scaled_brier,0.03399671086843803,0.008648812504591576,0.05287612397304656,0.011777005248373284,200,percentile
PREVENT-ASCVD (recal),education,<HS,pct_flagged_7.5,0.10038281905816684,0.08742762829159645,0.1142916574593071,0.006833147259976813,200,percentile
PREVENT-ASCVD (recal),education,<HS,TPR_7.5,0.3677692256687018,0.24063859100126714,0.4728827124595391,0.05949662779959994,200,percentile
PREVENT-ASCVD (recal),education,<HS,FPR_7.5,0.09492283527678046,0.08293532398784326,0.10801030483488638,0.006911106020209104,200,percentile
PREVENT-ASCVD (recal),education,<HS,pct_flagged_20,0.0017612932117523526,0.0008304845650808465,0.0028451919360911737,0.000550870097259422,200,percentile
PREVENT-ASCVD (recal),education,<HS,TPR_20,0.013422554539670973,0.0,0.025439285838586276,0.007535303075712781,200,percentile
PREVENT-ASCVD (recal),education,<HS,FPR_20,0.0013737997768738716,0.00046800176415335334,0.002401680743555075,0.0005360531217115406,200,percentile
PREVENT-ASCVD (recal),education,<HS,rel_OE,1.1640730232136183,0.979625684290996,1.4005641705446188,0.11201220292076182,200,percentile
PREVENT-ASCVD (recal),education,College+,n,2796.0,1304.975,1500.025,53.95514585115207,200,percentile
PREVENT-ASCVD (recal),education,College+,events,48.0,16.975,31.0,3.678591466292416,200,percentile
PREVENT-ASCVD (recal),education,College+,observed,0.011890496825387504,0.0074329945776317186,0.015442930003298673,0.001967586377508383,200,percentile
PREVENT-ASCVD (recal),education,College+,expected,0.014684699659585982,0.013865857898149148,0.015576077677270187,0.00046088493668014415,200,percentile
PREVENT-ASCVD (recal),education,College+,OE,0.8097201237361052,0.5209591215118206,1.0737419415559406,0.13450302322416258,200,percentile
PREVENT-ASCVD (recal),education,College+,cal_intercept,-0.2238433154941243,-0.6894217589300942,0.06449101831910388,0.18125161769943074,200,percentile
PREVENT-ASCVD (recal),education,College+,cal_slope,1.179237324996349,0.809182966804633,1.7246282442465293,0.23337821077250354,200,percentile
PREVENT-ASCVD (recal),education,College+,AUC,0.8304874489577214,0.7486606778328235,0.9100715303755218,0.04180867200783662,200,percentile
PREVENT-ASCVD (recal),education,College+,brier,0.011261493672928587,0.007222496288537103,0.014439872036656878,0.0017771066371054427,200,percentile
PREVENT-ASCVD (recal),education,College+,scaled_brier,0.04150264291554051,0.006864625775924657,0.06627286235387635,0.015911576813369598,200,percentile
PREVENT-ASCVD (recal),education,College+,pct_flagged_7.5,0.024869716783267423,0.020079417405929268,0.0290081560793508,0.00247616978678051,200,percentile
PREVENT-ASCVD (recal),education,College+,TPR_7.5,0.24866040454853908,0.11381791535655107,0.3925128052153912,0.0726894592639458,200,percentile
PREVENT-ASCVD (recal),education,College+,FPR_7.5,0.021975112076278596,0.016885370144395697,0.027154618810121878,0.002990871099349664,200,percentile
PREVENT-ASCVD (recal),education,College+,pct_flagged_20,5.758650344274175e-05,0.0,0.00012432141760523367,5.82625611876087e-05,200,percentile
PREVENT-ASCVD (recal),education,College+,TPR_20,0.0,0.0,0.0,0.0,200,percentile
PREVENT-ASCVD (recal),education,College+,FPR_20,5.7029293979881426e-05,0.0,0.0001275215405734003,5.78321847102891e-05,200,percentile
PREVENT-ASCVD (recal),education,College+,rel_OE,0.8426188531928916,0.5477795553818978,1.096394486136839,0.12924346672730344,200,percentile
PREVENT-ASCVD (recal),education,HS/GED,n,3138.0,1493.975,1683.2,48.626561542403756,200,percentile
PREVENT-ASCVD (recal),education,HS/GED,events,90.0,34.975,53.025000000000006,4.906195447477018,200,percentile
PREVENT-ASCVD (recal),education,HS/GED,observed,0.021187660395128236,0.01528445269397985,0.027484223685357502,0.0033549150451948192,200,percentile
PREVENT-ASCVD (recal),education,HS/GED,expected,0.021881055234238483,0.02087441922495785,0.022997079479738388,0.0005700156435323923,200,percentile
PREVENT-ASCVD (recal),education,HS/GED,OE,0.9683107221435439,0.6994526731068893,1.2495075323923448,0.1487546809827725,200,percentile
PREVENT-ASCVD (recal),education,HS/GED,cal_intercept,-0.03027109155174493,-0.3729915521648602,0.24541023958905017,0.16684048427195522,200,percentile
PREVENT-ASCVD (recal),education,HS/GED,cal_slope,1.125632081151605,0.7743542781202296,1.6369713533648955,0.21178245130269988,200,percentile
PREVENT-ASCVD (recal),education,HS/GED,AUC,0.8059757426060524,0.734456598865184,0.8832764563854341,0.0357307738444702,200,percentile
PREVENT-ASCVD (recal),education,HS/GED,brier,0.019808365803187514,0.014387994463632831,0.025577249432495286,0.003059270264927634,200,percentile
PREVENT-ASCVD (recal),education,HS/GED,scaled_brier,0.04486181342271456,0.021751051954717653,0.06211857673215065,0.010145842282109352,200,percentile
PREVENT-ASCVD (recal),education,HS/GED,pct_flagged_7.5,0.05240149913729394,0.04466941945210028,0.05987706192751824,0.003867592856065605,200,percentile
PREVENT-ASCVD (recal),education,HS/GED,TPR_7.5,0.2967873885111004,0.20483436895255244,0.4210592983466776,0.05572489761993241,200,percentile
PREVENT-ASCVD (recal),education,HS/GED,FPR_7.5,0.04661464870672917,0.03909270888073687,0.05416154937916319,0.004066056728532297,200,percentile
PREVENT-ASCVD (recal),education,HS/GED,pct_flagged_20,0.00039149757242845493,0.0,0.0008021674872246405,0.00025285595523440917,200,percentile
PREVENT-ASCVD (recal),education,HS/GED,TPR_20,0.0,0.0,0.0,0.0,200,percentile
PREVENT-ASCVD (recal),education,HS/GED,FPR_20,0.0003880496520376403,0.0,0.0008007732291772665,0.00025284731690851104,200,percentile
PREVENT-ASCVD (recal),education,HS/GED,rel_OE,1.00765294860436,0.7540862132911907,1.2379640171644597,0.11812259398061847,200,percentile
PREVENT-ASCVD (recal),education,Some college,n,3390.0,1620.95,1784.05,43.63422196663034,200,percentile
PREVENT-ASCVD (recal),education,Some college,events,71.0,27.0,44.0,4.342934538075615,200,percentile
PREVENT-ASCVD (recal),education,Some college,observed,0.015960103181500224,0.01083857772862259,0.02083309756017719,0.0025254781547531103,200,percentile
PREVENT-ASCVD (recal),education,Some college,expected,0.01734206511636302,0.0164786136885482,0.018103862452703994,0.0004465844575380939,200,percentile
PREVENT-ASCVD (recal),education,Some college,OE,0.92031157041621,0.6359890012405337,1.2196337039476581,0.14231588239581455,200,percentile
PREVENT-ASCVD (recal),education,Some college,cal_intercept,-0.09293213558530837,-0.4790666443041117,0.2126911005545958,0.16241514869359897,200,percentile
PREVENT-ASCVD (recal),education,Some college,cal_slope,0.9005215564881432,0.6907070400168979,1.1938002007692523,0.13344059788236723,200,percentile
PREVENT-ASCVD (recal),education,Some college,AUC,0.7724084103914973,0.7145267616220993,0.8464274437095397,0.03315102390570695,200,percentile
PREVENT-ASCVD (recal),education,Some college,brier,0.01537221836039701,0.010508740043360304,0.02005092550535525,0.0023862090540546005,200,percentile
PREVENT-ASCVD (recal),education,Some college,scaled_brier,0.021213110657448686,0.0045776433177105585,0.03684676775478332,0.00805135758798619,200,percentile
PREVENT-ASCVD (recal),education,Some college,pct_flagged_7.5,0.03070892042453624,0.025644559345283358,0.03580429710511066,0.0027049773440054603,200,percentile
PREVENT-ASCVD (recal),education,Some college,TPR_7.5,0.19680975511179502,0.11539728018970621,0.29297121702612033,0.04588391614369133,200,percentile
PREVENT-ASCVD (recal),education,Some college,FPR_7.5,0.028658986968881653,0.023095808601736902,0.033761627887323765,0.0027508941064107806,200,percentile
PREVENT-ASCVD (recal),education,Some college,pct_flagged_20,0.0007190780058045375,0.0,0.0013929495987991913,0.00038283453858784145,200,percentile
PREVENT-ASCVD (recal),education,Some college,TPR_20,0.016673074135302855,0.0,0.03764002943775197,0.012189804567480034,200,percentile
PREVENT-ASCVD (recal),education,Some college,FPR_20,0.0004577131683690793,0.0,0.0009599320239768988,0.000328230425753087,200,percentile
PREVENT-ASCVD (recal),education,Some college,rel_OE,0.9577036031489183,0.7108567140037183,1.2296868480756533,0.13488668211287566,200,percentile
PREVENT-ASCVD (recal),sex,GAP(max-min),OE,0.07069107469226177,0.0,0.13824727257611324,0.08116718775458473,200,basic
PREVENT-ASCVD (recal),sex,GAP(max-min),AUC,0.03144983440651561,0.0,0.061827054206867946,0.023535449220003498,200,basic
PREVENT-ASCVD (recal),sex,GAP(max-min),cal_slope,0.06969856703762989,0.0,0.12781421202271182,0.09218915223124675,200,basic
PREVENT-ASCVD (recal),sex,GAP(max-min),TPR_7.5,0.036302264672810614,0.0,0.06913983896157608,0.03470597658708697,200,basic
PREVENT-ASCVD (recal),sex,GAP(max-min),FPR_7.5,0.0283154690115527,0.022449154044062072,0.035634293352188165,0.0035168271569449502,200,basic
PREVENT-ASCVD (recal),sex,GAP(max-min),pct_flagged_7.5,0.029255620720224758,0.02395187680390684,0.035924607667655775,0.003219742971228049,200,basic
PREVENT-ASCVD (recal),sex,GAP(max/min),OE,1.0766976122800473,1.0,1.1499746843503222,0.09677750180259724,200,basic
PREVENT-ASCVD (recal),race,GAP(max-min),OE,0.3787253307331113,0.058696686877699356,0.6788572708315331,0.16908942977071717,200,basic
PREVENT-ASCVD (recal),race,GAP(max-min),AUC,0.1072059904516568,0.020302867807118624,0.1912159025421995,0.043963892730786255,200,basic
PREVENT-ASCVD (recal),race,GAP(max-min),cal_slope,0.4822962645531029,0.09472407018548723,0.816838800021121,0.1841123518501668,200,basic
PREVENT-ASCVD (recal),race,GAP(max-min),TPR_7.5,0.08782034922789261,0.0,0.15049402302302312,0.0608782440067915,200,basic
PREVENT-ASCVD (recal),race,GAP(max-min),FPR_7.5,0.019162174882027816,0.007882454050328627,0.029236539195043567,0.005538155145798326,200,basic
PREVENT-ASCVD (recal),race,GAP(max-min),pct_flagged_7.5,0.01694333861487019,0.005412180727480648,0.026112446938113973,0.005471336646300116,200,basic
PREVENT-ASCVD (recal),race,GAP(max/min),OE,1.481082346969067,1.0,1.879217752592655,0.3153172094812318,200,basic
PREVENT-ASCVD (recal),age_group,GAP(max-min),OE,0.39229610210915167,0.0,0.5705783751169087,0.17242545359161204,200,basic
PREVENT-ASCVD (recal),age_group,GAP(max-min),AUC,0.12352890841582076,0.0,0.19982543907250153,0.06196356465921385,200,basic
PREVENT-ASCVD (recal),age_group,GAP(max-min),cal_slope,0.5239311307329387,0.0,0.8658089969416772,0.27520770172661957,200,basic
PREVENT-ASCVD (recal),age_group,GAP(max-min),TPR_7.5,0.5077550320061588,0.4219543624102603,0.5927049295547147,0.046607612159248524,200,basic
PREVENT-ASCVD (recal),age_group,GAP(max-min),FPR_7.5,0.27637934744919385,0.2499965669625256,0.3013547390908882,0.01445553589341089,200,basic
PREVENT-ASCVD (recal),age_group,GAP(max-min),pct_flagged_7.5,0.30041861478545234,0.27798410407853963,0.3254319479603648,0.012703186386839626,200,basic
PREVENT-ASCVD (recal),age_group,GAP(max/min),OE,1.525834451030286,1.0,1.7899604610431301,0.3259659629527256,200,basic
PREVENT-ASCVD (recal),income,GAP(max-min),OE,0.6528228548417511,0.32610535086016135,0.8995670921365015,0.1523735654103538,200,basic
PREVENT-ASCVD (recal),income,GAP(max-min),AUC,0.05824597908512619,0.0,0.1012185678553318,0.03376294558475149,200,basic
PREVENT-ASCVD (recal),income,GAP(max-min),cal_slope,0.33811115319461804,0.0,0.5895156068651564,0.19188735804226748,200,basic
PREVENT-ASCVD (recal),income,GAP(max-min),TPR_7.5,0.18938076838920181,0.046133533174159636,0.3086261915123338,0.0647842647571875,200,basic
PREVENT-ASCVD (recal),income,GAP(max-min),FPR_7.5,0.04311501459593027,0.03283643651442835,0.05145342930201147,0.004635927161008498,200,basic
PREVENT-ASCVD (recal),income,GAP(max-min),pct_flagged_7.5,0.0488102803402015,0.03964476049080335,0.05627811138236195,0.004438636703024814,200,basic
PREVENT-ASCVD (recal),income,GAP(max/min),OE,1.913541852749123,1.0453622876596533,2.351738727629296,0.34144920837020093,200,basic
PREVENT-ASCVD (recal),education,GAP(max-min),OE,0.3089034969231633,0.0,0.4691019077155214,0.15206967761011772,200,basic
PREVENT-ASCVD (recal),education,GAP(max-min),AUC,0.06535804238188692,0.0,0.0947459527112195,0.036449394494999635,200,basic
PREVENT-ASCVD (recal),education,GAP(max-min),cal_slope,0.32771514337746777,0.0,0.4989829571019347,0.21921011983877262,200,basic
PREVENT-ASCVD (recal),education,GAP(max-min),TPR_7.5,0.17095947055690677,0.014967697163325022,0.2647219634428102,0.06445428441634928,200,basic
PREVENT-ASCVD (recal),education,GAP(max-min),FPR_7.5,0.07294772320050186,0.05919559024490072,0.08615534463327411,0.006900463776053721,200,basic
PREVENT-ASCVD (recal),education,GAP(max-min),pct_flagged_7.5,0.07551310227489942,0.060948650265321966,0.08863426686043666,0.007539525991890185,200,basic
PREVENT-ASCVD (recal),education,GAP(max/min),OE,1.38149415812696,1.0,1.588695202433386,0.302950450344792,200,basic
Framingham-office (recal),Overall,All,n,13466.0,6549.975,6986.575,116.30726406105006,200,percentile
Framingham-office (recal),Overall,All,events,362.0,165.95,199.025,9.038131116019047,200,percentile
Framingham-office (recal),Overall,All,observed,0.019019590401501755,0.0162500167797753,0.02226417794119519,0.0014553929407854836,200,percentile
Framingham-office (recal),Overall,All,expected,0.020509848640812938,0.019901375095925683,0.021155037724308306,0.00032261906389742214,200,percentile
Framingham-office (recal),Overall,All,OE,0.9273393838535848,0.8098482550402709,1.0832763463413169,0.06588592170680574,200,percentile
Framingham-office (recal),Overall,All,cal_intercept,-0.08317208024259479,-0.21787992526557443,0.07350313486122387,0.07286496393947485,200,percentile
Framingham-office (recal),Overall,All,cal_slope,1.0675609385976381,0.9203682779931193,1.2258319982044064,0.07874823984085623,200,percentile
Framingham-office (recal),Overall,All,AUC,0.793096249213502,0.7604950766159558,0.8250123995535281,0.017787116726741267,200,percentile
Framingham-office (recal),Overall,All,brier,0.01812175196866635,0.01575019729675221,0.0211614404707713,0.0013474828156745222,200,percentile
Framingham-office (recal),Overall,All,scaled_brier,0.028732878693049968,0.014356180180566664,0.044453119030701975,0.007724690985482757,200,percentile
Framingham-office (recal),Overall,All,pct_flagged_7.5,0.035668384453156135,0.032562562067529284,0.03922580184267,0.001708114265472728,200,percentile
Framingham-office (recal),Overall,All,TPR_7.5,0.2297150447766918,0.17768106900401057,0.2850071371046471,0.026673101375998834,200,percentile
Framingham-office (recal),Overall,All,FPR_7.5,0.03195917283028231,0.028333809341870412,0.035763381427592326,0.0019126577214358472,200,percentile
Framingham-office (recal),Overall,All,pct_flagged_20,0.0025585151788980257,0.0019715629572138026,0.003191353091448599,0.00029123811867071223,200,percentile
Framingham-office (recal),Overall,All,TPR_20,0.015095544480073268,0.002421815679334916,0.025431285902246914,0.005797780637412938,200,percentile
Framingham-office (recal),Overall,All,FPR_20,0.002336320942954796,0.001711213847653099,0.002944589017046901,0.000323545834704525,200,percentile
Framingham-office (recal),Overall,All,rel_OE,1.0,1.0,1.0,0.0,200,percentile
Framingham-office (recal),sex,Female,n,6883.0,3348.95,3578.15,61.643712057118236,200,percentile
Framingham-office (recal),sex,Female,events,145.0,62.0,85.0,6.11168869408998,200,percentile
Framingham-office (recal),sex,Female,observed,0.01550122652400136,0.012528100855061624,0.01828931830786972,0.0015613007824584707,200,percentile
Framingham-office (recal),sex,Female,expected,0.014475430863733737,0.013939324128026722,0.015099748640779693,0.00032353047089351135,200,percentile
Framingham-office (recal),sex,Female,OE,1.0708646029209132,0.8893881146802859,1.2688881836416261,0.09780679266364074,200,percentile
Framingham-office (recal),sex,Female,cal_intercept,0.06954543023175307,-0.12899875169259759,0.2343372121447336,0.09403786498105839,200,percentile
Framingham-office (recal),sex,Female,cal_slope,1.0683321116743871,0.8934904654877419,1.2332630557339788,0.09418615122168941,200,percentile
Framingham-office (recal),sex,Female,AUC,0.7966694974236439,0.7506659166472278,0.8367879890436842,0.02361949009955876,200,percentile
Framingham-office (recal),sex,Female,brier,0.014878909102696103,0.011943335582756336,0.0176165655548826,0.0014848683588653399,200,percentile
Framingham-office (recal),sex,Female,scaled_brier,0.025033152289456018,0.009540848237801281,0.03762941589865852,0.007878358780979209,200,percentile
Framingham-office (recal),sex,Female,pct_flagged_7.5,0.017319959614168722,0.014550972904134138,0.020575322228435982,0.0017283885151336462,200,percentile
Framingham-office (recal),sex,Female,TPR_7.5,0.14110443270313247,0.07885531286275173,0.20022079366410775,0.032020313644439274,200,percentile
Framingham-office (recal),sex,Female,FPR_7.5,0.015848935543990725,0.012990674939069689,0.01888663507282515,0.0016660051886242114,200,percentile
Framingham-office (recal),sex,Female,pct_flagged_20,0.001192658247483416,0.0007562235709917643,0.0016558351920576714,0.00022942400231404107,200,percentile
Framingham-office (recal),sex,Female,TPR_20,0.0070805565323478845,0.0,0.016009967990674064,0.005330021888968278,200,percentile
Framingham-office (recal),sex,Female,FPR_20,0.0010349906498634315,0.0006361473776862299,0.001395270154441326,0.000201706847967034,200,percentile
Framingham-office (recal),sex,Female,rel_OE,1.1547709733527172,1.013840297956482,1.298775884364806,0.07843140880884716,200,percentile
Framingham-office (recal),sex,Male,n,6583.0,3189.9,3428.1,62.9822163222629,200,percentile
Framingham-office (recal),sex,Male,events,217.0,95.0,122.025,7.3893580956214695,200,percentile
Framingham-office (recal),sex,Male,observed,0.022927328551733867,0.019565152887272143,0.02805681210964602,0.002226526655470356,200,percentile
Framingham-office (recal),sex,Male,expected,0.027228262729575212,0.02632421973402905,0.028161830265947495,0.00047083146068673383,200,percentile
Framingham-office (recal),sex,Male,OE,0.8420415499675016,0.725415640805485,1.0229256699954887,0.07883356872007753,200,percentile
Framingham-office (recal),sex,Male,cal_intercept,-0.18618810362916455,-0.3408748728416026,0.004915220381842205,0.09780138454183275,200,percentile
Framingham-office (recal),sex,Male,cal_slope,1.137563797562149,0.9637401868255946,1.3365166866398197,0.09409445511801443,200,percentile
Framingham-office (recal),sex,Male,AUC,0.7912049331003055,0.7533123756192301,0.8295900363759519,0.02027948438044434,200,percentile
Framingham-office (recal),sex,Male,brier,0.021723477436460453,0.01886702647480932,0.02618128737488834,0.001988210881031087,200,percentile
Framingham-office (recal),sex,Male,scaled_brier,0.030274030333044988,0.009844941022173367,0.05176684309954155,0.010492600401316731,200,percentile
Framingham-office (recal),sex,Male,pct_flagged_7.5,0.05609658821675355,0.05012578446448723,0.0627758174868391,0.003123696461265698,200,percentile
Framingham-office (recal),sex,Male,TPR_7.5,0.2962550830457541,0.22528750537320377,0.3741262810483221,0.03805030514077742,200,percentile
Framingham-office (recal),sex,Male,FPR_7.5,0.04998831036982765,0.043691625477011206,0.05687728980411703,0.003532563426755493,200,percentile
Framingham-office (recal),sex,Male,pct_flagged_20,0.004079190874588937,0.0030634270565699177,0.005137764254190018,0.0005216091774462714,200,percentile
Framingham-office (recal),sex,Male,TPR_20,0.021114209652197242,0.003954986229079034,0.038266237755474865,0.008894913766859466,200,percentile
Framingham-office (recal),sex,Male,FPR_20,0.0037926534861436583,0.00254872848006352,0.005012119190591756,0.0006604466168910608,200,percentile
Framingham-office (recal),sex,Male,rel_OE,0.9080187519572115,0.8160938732374187,0.9910012841286306,0.04697069820871925,200,percentile
Framingham-office (recal),race,Mexican American,n,2794.0,1145.85,1619.0,121.41411175256074,200,percentile
Framingham-office (recal),race,Mexican American,events,62.0,19.0,40.025000000000006,5.467124219933264,200,percentile
Framingham-office (recal),race,Mexican American,observed,0.016964214623544305,0.009631503203861877,0.023200238450520924,0.0035460752957624667,200,percentile
Framingham-office (recal),race,Mexican American,expected,0.019569078541376274,0.017902735505160337,0.02083687497684142,0.0008332153758116884,200,percentile
Framingham-office (recal),race,Mexican American,OE,0.8668887800555186,0.5288512639435946,1.1744087501954452,0.16804440132996273,200,percentile
Framingham-office (recal),race,Mexican American,cal_intercept,-0.15046244779338602,-0.646406464121051,0.15606996356607813,0.21139832426654281,200,percentile
Framingham-office (recal),race,Mexican American,cal_slope,0.8531441930535046,0.5597332635126967,1.2256746911828114,0.17559057996569052,200,percentile
Framingham-office (recal),race,Mexican American,AUC,0.7444165975829952,0.6511944948499025,0.8411769880567385,0.04915263249912075,200,percentile
Framingham-office (recal),race,Mexican American,brier,0.01647727866828088,0.009777651901003697,0.02235809832228146,0.0033498707565005306,200,percentile
Framingham-office (recal),race,Mexican American,scaled_brier,0.01194208694087362,-0.028621076252300263,0.036539101729257034,0.017265561318961068,200,percentile
Framingham-office (recal),race,Mexican American,pct_flagged_7.5,0.03998181327466238,0.030365517357934673,0.0478405217441404,0.0044668773040138525,200,percentile
Framingham-office (recal),race,Mexican American,TPR_7.5,0.20814658030470207,0.07492134391841856,0.37715270895215347,0.08034864413661469,200,percentile
Framingham-office (recal),race,Mexican American,FPR_7.5,0.03776142141300661,0.02861693427965795,0.04597131996055303,0.0046877828687035515,200,percentile
Framingham-office (recal),race,Mexican American,pct_flagged_20,0.0028452149279134882,0.000981842590839643,0.004745402284562728,0.0011219979915723178,200,percentile
Framingham-office (recal),race,Mexican American,TPR_20,0.011858895600665078,0.0,0.028860747789713235,0.00843189778806591,200,percentile
Framingham-office (recal),race,Mexican American,FPR_20,0.0036020588784403365,0.0007859593712553063,0.007108054144611778,0.0021420136016673448,200,percentile
Framingham-office (recal),race,Mexican American,rel_OE,0.9348128583228483,0.6056288592132101,1.2829126707639533,0.1808966845298198,200,percentile
Framingham-office (recal),race,NH Black,n,2577.0,1128.725,1444.15,80.62646656373303,200,percentile
Framingham-office (recal),race,NH Black,events,85.0,32.0,55.025000000000006,5.648284303918265,200,percentile
Framingham-office (recal),race,NH Black,observed,0.025578082541956617,0.020286024190519617,0.03069837434964328,0.002788530360386717,200,percentile
Framingham-office (recal),race,NH Black,expected,0.025265016301967334,0.024024083806643216,0.026401486618692363,0.000678022488316895,200,percentile
Framingham-office (recal),race,NH Black,OE,1.0123912938051383,0.8140043603989418,1.2142764846396545,0.1062347843992798,200,percentile
Framingham-office (recal),race,NH Black,cal_intercept,0.004729181591257029,-0.22388897662259602,0.2010317107705123,0.11375780537283976,200,percentile
Framingham-office (recal),race,NH Black,cal_slope,1.0119966663170399,0.7544303536003987,1.2606482029791075,0.12654955938561738,200,percentile
Framingham-office (recal),race,NH Black,AUC,0.7707450732427837,0.6940817914125198,0.8408013588659651,0.035381720995396514,200,percentile
Framingham-office (recal),race,NH Black,brier,0.02369305285165074,0.019075923725465058,0.028162260916437303,0.0024867226628592512,200,percentile
Framingham-office (recal),race,NH Black,scaled_brier,0.04938208456755455,0.01819537182278834,0.07369389350850342,0.014689803942911785,200,percentile
Framingham-office (recal),race,NH Black,pct_flagged_7.5,0.061551827478054766,0.05370471191027232,0.06881692214554966,0.004380329412058696,200,percentile
Framingham-office (recal),race,NH Black,TPR_7.5,0.30215084621706667,0.217510531425325,0.3840378990356368,0.043803348654518945,200,percentile
Framingham-office (recal),race,NH Black,FPR_7.5,0.05467040020364604,0.046729219308515646,0.06387739650077388,0.004486581026795553,200,percentile
Framingham-office (recal),race,NH Black,pct_flagged_20,0.005672887745191231,0.0033414138673854774,0.008223980422873154,0.001234479304349497,200,percentile
Framingham-office (recal),race,NH Black,TPR_20,0.06076242032726922,0.008350303859043303,0.10424880416970206,0.025109621461939177,200,percentile
Framingham-office (recal),race,NH Black,FPR_20,0.0038412981060436465,0.0019618109572526713,0.005929092526075355,0.0009466262739200549,200,percentile
Framingham-office (recal),race,NH Black,rel_OE,1.0917160550198115,0.8789335340248718,1.3051170113358939,0.11732316795453276,200,percentile
Framingham-office (recal),race,NH White,n,6689.0,3072.275,3686.4,156.1562920208099,200,percentile
Framingham-office (recal),race,NH White,events,191.0,83.0,115.05000000000001,8.523274372572477,200,percentile
Framingham-office (recal),race,NH White,observed,0.01875577802761195,0.015678117134997872,0.023020887600896885,0.0018421529313167853,200,percentile
Framingham-office (recal),race,NH White,expected,0.0201909979294211,0.01948460925996582,0.02090104280593009,0.0003840799357400526,200,percentile
Framingham-office (recal),race,NH White,OE,0.9289178322524696,0.787316801988394,1.1231768027177078,0.08409923453628464,200,percentile
Framingham-office (recal),race,NH White,cal_intercept,-0.08003506633063129,-0.24518021565966275,0.10883011899195416,0.09381205558844534,200,percentile
Framingham-office (recal),race,NH White,cal_slope,1.1580218046888378,0.9937338450930697,1.3681645133612494,0.09522268560644538,200,percentile
Framingham-office (recal),race,NH White,AUC,0.8188802461812004,0.7862952947984306,0.8551949540632819,0.01800613132848731,200,percentile
Framingham-office (recal),race,NH White,brier,0.01786459059405648,0.014950989976650555,0.02181284214520269,0.0017023043050004272,200,percentile
Framingham-office (recal),race,NH White,scaled_brier,0.02930929465183718,0.012265974129100963,0.048313385911509875,0.00884979205452461,200,percentile
Framingham-office (recal),race,NH White,pct_flagged_7.5,0.03245893874915351,0.028275182021673024,0.03669992967658824,0.0020473573019833087,200,percentile
Framingham-office (recal),race,NH White,TPR_7.5,0.2281751429660017,0.15977869081161483,0.30386768823170934,0.03461490162650176,200,percentile
Framingham-office (recal),race,NH White,FPR_7.5,0.028955508291903194,0.025001937156180955,0.033207020414438675,0.0021829571977697642,200,percentile
Framingham-office (recal),race,NH White,pct_flagged_20,0.0022748018993186663,0.0015947032195217615,0.0029766578850103035,0.00035874422128209224,200,percentile
Framingham-office (recal),race,NH White,TPR_20,0.007871027208974654,0.0,0.019792026558588385,0.005800990921241847,200,percentile
Framingham-office (recal),race,NH White,FPR_20,0.002243670711268366,0.0015200425963306438,0.002871655410130393,0.00039637642071737347,200,percentile
Framingham-office (recal),race,NH White,rel_OE,1.001702125916755,0.9432421395820483,1.0547698700658383,0.029760776391902864,200,percentile
Framingham-office (recal),race,Other Hispanic,n,929.0,348.0,588.25,57.52556761691484,200,percentile
Framingham-office (recal),race,Other Hispanic,events,17.0,4.0,14.0,2.656891106492472,200,percentile
Framingham-office (recal),race,Other Hispanic,observed,0.016140591697789083,0.0056170432775479815,0.02772504920273109,0.006010455665013247,200,percentile
Framingham-office (recal),race,Other Hispanic,expected,0.019780889515594677,0.01740683094819264,0.021627641742136317,0.0011067222938389255,200,percentile
Framingham-office (recal),race,Other Hispanic,OE,0.815968952511681,0.27983631066583975,1.4552353272715122,0.30784688746977606,200,percentile
Framingham-office (recal),race,Other Hispanic,cal_intercept,-0.2082078813102028,-1.316305544963745,0.4048951150438849,0.4444674016479371,200,percentile
Framingham-office (recal),race,Other Hispanic,cal_slope,0.7164141991741565,0.30417146375085113,1.4976051016890555,0.33828019866791653,200,percentile
Framingham-office (recal),race,Other Hispanic,AUC,0.6691155279871966,0.5472566215729369,0.8317798042634595,0.08184183882178579,200,percentile
Framingham-office (recal),race,Other Hispanic,brier,0.015626795672833284,0.005926052304648268,0.026831962327926426,0.005735106563322239,200,percentile
Framingham-office (recal),race,Other Hispanic,scaled_brier,0.01594938037387994,-0.05411544419933018,0.07105614978573128,0.03592345634081361,200,percentile
Framingham-office (recal),race,Other Hispanic,pct_flagged_7.5,0.03240557775407851,0.02024526851509467,0.047333227133451554,0.006640670595600411,200,percentile
Framingham-office (recal),race,Other Hispanic,TPR_7.5,0.24460478557456602,0.060439946205842913,0.5472762322642396,0.12443466749309179,200,percentile
Framingham-office (recal),race,Other Hispanic,FPR_7.5,0.027888983968645618,0.016224252733478113,0.04314660129104115,0.006787816842626433,200,percentile
Framingham-office (recal),race,Other Hispanic,pct_flagged_20,0.0031099001572532413,0.0009369889553481823,0.005611582717710761,0.0011787781005666816,200,percentile
Framingham-office (recal),race,Other Hispanic,TPR_20,0.02653709296802048,0.0,0.09856215848826817,0.03748540666748256,200,percentile
Framingham-office (recal),race,Other Hispanic,FPR_20,0.0016234661301139943,0.0,0.003509747719134597,0.0010783873525043004,200,percentile
Framingham-office (recal),race,Other Hispanic,rel_OE,0.8799032659660146,0.3263564627105447,1.6635661828532617,0.34643224132424577,200,percentile
Framingham-office (recal),race,Other/Multiracial,n,477.0,198.9,278.05,19.951745178765496,200,percentile
Framingham-office (recal),race,Other/Multiracial,events,7.0,1.9750000000000005,6.0,1.1272660037524775,200,percentile
Framingham-office (recal),race,Other/Multiracial,observed,0.014600354490660186,0.002414736483115239,0.024508961940018215,0.0058584194057224965,200,percentile
Framingham-office (recal),race,Other/Multiracial,expected,0.01788622077324721,0.015674495336267323,0.019905957823768337,0.0010614627009770726,200,percentile
Framingham-office (recal),race,Other/Multiracial,OE,0.8162906337653082,0.12941968124735198,1.4431750135423886,0.3372549014686256,200,percentile
Framingham-office (recal),race,Other/Multiracial,cal_intercept,-0.22534795225576182,-2.0969180451760425,0.3524271789531288,0.5681960798607383,200,percentile
Framingham-office (recal),race,Other/Multiracial,cal_slope,-0.2570303565608322,-1.246427343786826,1.6380130753929494,0.741552629058808,200,percentile
Framingham-office (recal),race,Other/Multiracial,AUC,0.46113553632198667,0.21849264372884417,0.9425383027732425,0.19276518124434647,200,percentile
Framingham-office (recal),race,Other/Multiracial,brier,0.014899489783475738,0.0029581599583916726,0.024699957412638186,0.005736940483970151,200,percentile
Framingham-office (recal),race,Other/Multiracial,scaled_brier,-0.03560847203347195,-0.21219450217190425,-0.013998570066416725,0.051061188641660586,200,percentile
Framingham-office (recal),race,Other/Multiracial,pct_flagged_7.5,0.033086589826540475,0.015204543895474166,0.05027887717676881,0.008902206775859008,200,percentile
Framingham-office (recal),race,Other/Multiracial,TPR_7.5,0.0,0.0,0.0,0.0,200,percentile
Framingham-office (recal),race,Other/Multiracial,FPR_7.5,0.03434444478315022,0.015087355975056692,0.05279929758140071,0.009836222562348413,200,percentile
Framingham-office (recal),race,Other/Multiracial,pct_flagged_20,0.0,0.0,0.0,0.0,200,percentile
Framingham-office (recal),race,Other/Multiracial,TPR_20,0.0,0.0,0.0,0.0,200,percentile
Framingham-office (recal),race,Other/Multiracial,FPR_20,0.0,0.0,0.0,0.0,200,percentile
Framingham-office (recal),race,Other/Multiracial,rel_OE,0.880250152186128,0.13628625481115006,1.6022397545390827,0.3736924365097051,200,percentile
Framingham-office (recal),age_group,40-49,n,4420.0,2141.875,2304.125,41.88983368108711,200,percentile
Framingham-office (recal),age_group,40-49,events,35.0,12.975000000000001,24.025000000000006,3.018531540884836,200,percentile
Framingham-office (recal),age_group,40-49,observed,0.006351207120419218,0.0037984180696897544,0.009903914156898664,0.0015357245856730264,200,percentile
Framingham-office (recal),age_group,40-49,expected,0.0086482540922987,0.008309758762852669,0.00894401791015946,0.00015492460751649468,200,percentile
Framingham-office (recal),age_group,40-49,OE,0.7343918266780564,0.43896912425728535,1.1121559720628278,0.17203087209872564,200,percentile
Framingham-office (recal),age_group,40-49,cal_intercept,-0.31441324476521176,-0.8284135522510155,0.11056941159028313,0.24113129962679528,200,percentile
Framingham-office (recal),age_group,40-49,cal_slope,1.5184562900815386,1.0272319883871892,1.884388438290042,0.2384650588623495,200,percentile
Framingham-office (recal),age_group,40-49,AUC,0.7825909970147691,0.6891558917438269,0.8767490441838289,0.05029928020382917,200,percentile
Framingham-office (recal),age_group,40-49,brier,0.00620804441882224,0.0037654904918222845,0.009592702117718375,0.001451789513672015,200,percentile
Framingham-office (recal),age_group,40-49,scaled_brier,0.016293297327097722,-0.00272554857854858,0.028750842357994025,0.01045766682313769,200,percentile
Framingham-office (recal),age_group,40-49,pct_flagged_7.5,0.0013943535676544897,0.0,0.0027915451233689777,0.0007738926662008498,200,percentile
Framingham-office (recal),age_group,40-49,TPR_7.5,0.0678259924541344,0.0,0.1596186402123422,0.06114389194845725,200,percentile
Framingham-office (recal),age_group,40-49,FPR_7.5,0.0009528649681871952,0.0,0.0020137861196403845,0.0006115653988193086,200,percentile
Framingham-office (recal),age_group,40-49,pct_flagged_20,0.0,0.0,0.0,0.0,200,percentile
Framingham-office (recal),age_group,40-49,TPR_20,0.0,0.0,0.0,0.0,200,percentile
Framingham-office (recal),age_group,40-49,FPR_20,0.0,0.0,0.0,0.0,200,percentile
Framingham-office (recal),age_group,40-49,rel_OE,0.7919342577970435,0.5065426082924441,1.1350534461087987,0.16835159953753784,200,percentile
Framingham-office (recal),age_group,50-59,n,3406.0,1627.95,1800.275,43.64096290431826,200,percentile
Framingham-office (recal),age_group,50-59,events,45.0,16.0,29.025000000000006,3.4105364378598635,200,percentile
Framingham-office (recal),age_group,50-59,observed,0.010489009079613369,0.00700583177926095,0.01403982484012365,0.001897770124377253,200,percentile
Framingham-office (recal),age_group,50-59,expected,0.017220765197465345,0.01670475011119268,0.017689101579027172,0.00026018220849825753,200,percentile
Framingham-office (recal),age_group,50-59,OE,0.6090907668352161,0.41074529705199897,0.8148567939208284,0.10698524398364201,200,percentile
Framingham-office (recal),age_group,50-59,cal_intercept,-0.5113986953156157,-0.9108511066984024,-0.21432432678018062,0.18173834805534236,200,percentile
Framingham-office (recal),age_group,50-59,cal_slope,0.9234530761703541,0.2741536476150213,1.3669879639085052,0.2714552349530649,200,percentile
Framingham-office (recal),age_group,50-59,AUC,0.6813004545636547,0.5579363252826405,0.7730872137734947,0.056179886372624756,200,percentile
Framingham-office (recal),age_group,50-59,brier,0.010370418684615208,0.00703025773477601,0.01379433487850808,0.0018085507365759122,200,percentile
Framingham-office (recal),age_group,50-59,scaled_brier,0.0008258109620897791,-0.021802419520351946,0.016030649149782188,0.009763728113989291,200,percentile
Framingham-office (recal),age_group,50-59,pct_flagged_7.5,0.01032475690820448,0.007843812706733188,0.013550636952332131,0.0015485202765869858,200,percentile
Framingham-office (recal),age_group,50-59,TPR_7.5,0.09704285344398847,0.02386475963463716,0.18811500359539352,0.045075495311328706,200,percentile
Framingham-office (recal),age_group,50-59,FPR_7.5,0.008930128854979359,0.006200647901813419,0.012523557530409802,0.0016881986610164557,200,percentile
Framingham-office (recal),age_group,50-59,pct_flagged_20,0.00023935959079442792,0.0,0.0004991305857687138,0.00015998293633182178,200,percentile
Framingham-office (recal),age_group,50-59,TPR_20,0.0,0.0,0.0,0.0,200,percentile
Framingham-office (recal),age_group,50-59,FPR_20,0.0005009317442082325,0.0,0.001048203481044305,0.00033372534345779014,200,percentile
Framingham-office (recal),age_group,50-59,rel_OE,0.6568153768085664,0.47875202443143833,0.8646106995731585,0.10143504398677741,200,percentile
Framingham-office (recal),age_group,60-69,n,3441.0,1635.9,1818.025,46.60562623745041,200,percentile
Framingham-office (recal),age_group,60-69,events,102.0,41.975,59.025000000000006,4.820055984995658,200,percentile
Framingham-office (recal),age_group,60-69,observed,0.02748240160978038,0.02009161283071983,0.03377440582077536,0.0034137971458165525,200,percentile
Framingham-office (recal),age_group,60-69,expected,0.03255130746193159,0.03154008649679746,0.03374016226172635,0.0005675277861883434,200,percentile
Framingham-office (recal),age_group,60-69,OE,0.8442795006597126,0.6212241082983607,1.0269813594166386,0.10427711931894965,200,percentile
Framingham-office (recal),age_group,60-69,cal_intercept,-0.17449732446738808,-0.49118746967222926,0.0393786872929818,0.13313108919895433,200,percentile
Framingham-office (recal),age_group,60-69,cal_slope,0.7555851580276121,0.3249698001549032,1.130741968968005,0.21579963011507516,200,percentile
Framingham-office (recal),age_group,60-69,AUC,0.6544732722938674,0.5662921984982184,0.7328586198195959,0.04554626163311368,200,percentile
Framingham-office (recal),age_group,60-69,brier,0.026590446738939087,0.020236310216374162,0.03215337769974533,0.0030749523048904477,200,percentile
Framingham-office (recal),age_group,60-69,scaled_brier,0.005113625285175782,-0.025556707627275365,0.02961021995516671,0.015682875170271872,200,percentile
Framingham-office (recal),age_group,60-69,pct_flagged_7.5,0.06301426275267778,0.05577864282636885,0.07244725556633283,0.004143273125400293,200,percentile
Framingham-office (recal),age_group,60-69,TPR_7.5,0.18672408731465362,0.0847269943749912,0.2992595149876195,0.058033076837852776,200,percentile
Framingham-office (recal),age_group,60-69,FPR_7.5,0.059342791050509276,0.05106862471262431,0.06893477322843374,0.004346484123336864,200,percentile
Framingham-office (recal),age_group,60-69,pct_flagged_20,0.002578848711688625,0.0011480888525719642,0.004098083781892719,0.0007906047200996703,200,percentile
Framingham-office (recal),age_group,60-69,TPR_20,0.0020120385250427036,0.0,0.005131855108729778,0.002117912343954935,200,percentile
Framingham-office (recal),age_group,60-69,FPR_20,0.002361238734127261,0.0008872139156442226,0.0038962211080189827,0.0008377087187582778,200,percentile
Framingham-office (recal),age_group,60-69,rel_OE,0.9104320547147318,0.7143193363935761,1.0702413429889248,0.09032812726694572,200,percentile
Framingham-office (recal),age_group,70-79,n,2199.0,1038.9,1179.05,34.74548378158054,200,percentile
Framingham-office (recal),age_group,70-79,events,180.0,77.975,101.025,6.3635089558478475,200,percentile
Framingham-office (recal),age_group,70-79,observed,0.07518562748041359,0.06098421247699379,0.0879326116707674,0.007149773191958585,200,percentile
Framingham-office (recal),age_group,70-79,expected,0.05320912211454507,0.05057525763314024,0.05563429345216719,0.0012706116210661805,200,percentile
Framingham-office (recal),age_group,70-79,OE,1.413021386042772,1.1358825756747366,1.6670562761850407,0.13245239968396494,200,percentile
Framingham-office (recal),age_group,70-79,cal_intercept,0.38756978135338244,0.1326257100695193,0.5740042949012235,0.10874872896064218,200,percentile
Framingham-office (recal),age_group,70-79,cal_slope,0.6207376442515378,0.43934756791564794,0.8321468228920766,0.10536416262564952,200,percentile
Framingham-office (recal),age_group,70-79,AUC,0.6475977654765346,0.6027957181381185,0.6960449809010559,0.024785671810049145,200,percentile
Framingham-office (recal),age_group,70-79,brier,0.06930520482353313,0.05696248778370106,0.0808765248286186,0.006143374827605988,200,percentile
Framingham-office (recal),age_group,70-79,scaled_brier,0.0032724734870126504,-0.013904429677351133,0.02230515309043683,0.009505576603436575,200,percentile
Framingham-office (recal),age_group,70-79,pct_flagged_7.5,0.18810762759420654,0.16582082315114052,0.21101129751889208,0.011712514332937825,200,percentile
Framingham-office (recal),age_group,70-79,TPR_7.5,0.3588774490009207,0.2867801260554507,0.43330258537133043,0.03793006425137481,200,percentile
Framingham-office (recal),age_group,70-79,FPR_7.5,0.17497857774393039,0.14919408533136447,0.19906943977561983,0.013686595995648948,200,percentile
Framingham-office (recal),age_group,70-79,pct_flagged_20,0.01856810478940188,0.013209439832587568,0.023638743998332334,0.0026225308392579614,200,percentile
Framingham-office (recal),age_group,70-79,TPR_20,0.03381554229102547,0.005936477764755197,0.05521912143227007,0.012598179942917558,200,percentile
Framingham-office (recal),age_group,70-79,FPR_20,0.01702976257259081,0.011531378282121498,0.022616716255720447,0.0028565048633556853,200,percentile
Framingham-office (recal),age_group,70-79,rel_OE,1.5237370596414466,1.2722229787193857,1.7636182364104371,0.128274048708406,200,percentile
Framingham-office (recal),income,PIR 1.3-3.5,n,4520.0,2170.925,2388.025,54.24898026042982,200,percentile
Framingham-office (recal),income,PIR 1.3-3.5,events,144.0,59.975,83.0,6.214246478575054,200,percentile
Framingham-office (recal),income,PIR 1.3-3.5,observed,0.024808312919204586,0.019594608039444846,0.029744718919790303,0.0028024703417131288,200,percentile
Framingham-office (recal),income,PIR 1.3-3.5,expected,0.023887093599466624,0.022724577582250674,0.02510218472972368,0.0005745667690560703,200,percentile
Framingham-office (recal),income,PIR 1.3-3.5,OE,1.0385655674643706,0.815477898175542,1.2384993641013973,0.11375475052938185,200,percentile
Framingham-office (recal),income,PIR 1.3-3.5,cal_intercept,0.04472836876637726,-0.2262198191662293,0.2216567470046544,0.11706063453114716,200,percentile
Framingham-office (recal),income,PIR 1.3-3.5,cal_slope,1.1691637195965279,0.9805849733430592,1.4328424177349979,0.12373142621956862,200,percentile
Framingham-office (recal),income,PIR 1.3-3.5,AUC,0.8155543452677511,0.7760620182169898,0.8574381329278924,0.02263156364065174,200,percentile
Framingham-office (recal),income,PIR 1.3-3.5,brier,0.02323501940143292,0.01868894057556757,0.027658806012308895,0.0024874331446494455,200,percentile
Framingham-office (recal),income,PIR 1.3-3.5,scaled_brier,0.039591892273927565,0.017122464128023245,0.06416368997236034,0.01147988528064031,200,percentile
Framingham-office (recal),income,PIR 1.3-3.5,pct_flagged_7.5,0.04977225238077905,0.04277904203022069,0.05708455483558991,0.0036557177925991328,200,percentile
Framingham-office (recal),income,PIR 1.3-3.5,TPR_7.5,0.30714648196854516,0.22438316784563184,0.4064956241213424,0.04549551364186638,200,percentile
Framingham-office (recal),income,PIR 1.3-3.5,FPR_7.5,0.04149811562598737,0.03364538080326874,0.04909031972196107,0.004047611457311514,200,percentile
Framingham-office (recal),income,PIR 1.3-3.5,pct_flagged_20,0.002463701637677972,0.0010734549637282874,0.0039029982879558197,0.0007584828343560882,200,percentile
Framingham-office (recal),income,PIR 1.3-3.5,TPR_20,0.012792763734799385,0.0,0.029547727509951535,0.008679454190561726,200,percentile
Framingham-office (recal),income,PIR 1.3-3.5,FPR_20,0.0026119246984020574,0.000872285535342609,0.004147892378488286,0.0008832856608033139,200,percentile
Framingham-office (recal),income,PIR 1.3-3.5,rel_OE,1.119941183936977,0.9115566968718328,1.307062061724924,0.09996911282435075,200,percentile
Framingham-office (recal),income,PIR<1.3,n,3136.0,1472.825,1683.25,52.700346608569106,200,percentile
Framingham-office (recal),income,PIR<1.3,events,124.0,53.0,71.025,4.84949098504888,200,percentile
Framingham-office (recal),income,PIR<1.3,observed,0.033344338747349433,0.027683901798192287,0.0392704144507419,0.0033336722033804186,200,percentile
Framingham-office (recal),income,PIR<1.3,expected,0.023823749535470066,0.022794755018069858,0.024831491345060273,0.0005328181524050961,200,percentile
Framingham-office (recal),income,PIR<1.3,OE,1.3996259781737803,1.1605005965054942,1.6705780604031504,0.1354003008036273,200,percentile
Framingham-office (recal),income,PIR<1.3,cal_intercept,0.355764336819915,0.15231580423570706,0.5526557259791064,0.10554012598636356,200,percentile
Framingham-office (recal),income,PIR<1.3,cal_slope,0.882121928675706,0.657659020995246,1.1457178652067568,0.12912195191799153,200,percentile
Framingham-office (recal),income,PIR<1.3,AUC,0.7482657465915199,0.6825309342689034,0.8101126280616151,0.034165954316125194,200,percentile
Framingham-office (recal),income,PIR<1.3,brier,0.031148290438953622,0.02582178181903033,0.03683959726350959,0.003039065231259786,200,percentile
Framingham-office (recal),income,PIR<1.3,scaled_brier,0.03363696857971443,0.013754952653201164,0.056539183270104605,0.011158365676415352,200,percentile
Framingham-office (recal),income,PIR<1.3,pct_flagged_7.5,0.05343945794389271,0.04572518247952892,0.06141795351409289,0.004071480637405139,200,percentile
Framingham-office (recal),income,PIR<1.3,TPR_7.5,0.21729261456685767,0.11509949435718007,0.30662320398840476,0.048189916695023524,200,percentile
Framingham-office (recal),income,PIR<1.3,FPR_7.5,0.049480057631090035,0.04171886433650757,0.05782545438429137,0.004134507469715676,200,percentile
Framingham-office (recal),income,PIR<1.3,pct_flagged_20,0.0032827904038163825,0.0018456737335737453,0.004753245981595207,0.0007915107062778775,200,percentile
Framingham-office (recal),income,PIR<1.3,TPR_20,0.022330775537358526,0.0,0.04189136567571971,0.011446880975188378,200,percentile
Framingham-office (recal),income,PIR<1.3,FPR_20,0.0029071186849910203,0.0016195482059697907,0.004662909582374519,0.0008403056938192736,200,percentile
Framingham-office (recal),income,PIR<1.3,rel_OE,1.5092920699189927,1.3018743640114376,1.7735502080823302,0.1326656773508446,200,percentile
Framingham-office (recal),income,PIR>3.5,n,4696.0,2220.85,2496.075,77.13295820339081,200,percentile
Framingham-office (recal),income,PIR>3.5,events,60.0,20.975,39.0,4.404702831653446,200,percentile
Framingham-office (recal),income,PIR>3.5,observed,0.010632934308043336,0.007349050783852543,0.013720164086227985,0.0016739752586817243,200,percentile
Framingham-office (recal),income,PIR>3.5,expected,0.01708966029768411,0.016483100200350695,0.017721942109349825,0.00032095128093920315,200,percentile
Framingham-office (recal),income,PIR>3.5,OE,0.6221852349800218,0.43236762848656246,0.7981448082066621,0.09782396834839756,200,percentile
Framingham-office (recal),income,PIR>3.5,cal_intercept,-0.5004845323719989,-0.8615593812815544,-0.2399527101828514,0.1676425432333395,200,percentile
Framingham-office (recal),income,PIR>3.5,cal_slope,0.9742322441417638,0.8037062826889565,1.2459539881337534,0.12500409892912348,200,percentile
Framingham-office (recal),income,PIR>3.5,AUC,0.7742186792129132,0.7171422409710709,0.8428033928491573,0.033259442788561966,200,percentile
Framingham-office (recal),income,PIR>3.5,brier,0.0105965099580948,0.00749993826058732,0.013683867791714103,0.0015688794829404754,200,percentile
Framingham-office (recal),income,PIR>3.5,scaled_brier,-0.007284776856545383,-0.04013333189230046,0.015027656485898953,0.014668338257377525,200,percentile
Framingham-office (recal),income,PIR>3.5,pct_flagged_7.5,0.02061245214030514,0.017112317206167606,0.023583501807182033,0.0016479340116174461,200,percentile
Framingham-office (recal),income,PIR>3.5,TPR_7.5,0.13058186738653285,0.0485052912223589,0.21031638456611687,0.04457733824710906,200,percentile
Framingham-office (recal),income,PIR>3.5,FPR_7.5,0.01976242966034027,0.015249783464707586,0.02350901465261582,0.002152673099325137,200,percentile
Framingham-office (recal),income,PIR>3.5,pct_flagged_20,0.001962178446263638,0.0011715577849911812,0.0027402454848818665,0.00043476074397316884,200,percentile
Framingham-office (recal),income,PIR>3.5,TPR_20,0.0,0.0,0.0,0.0,200,percentile
Framingham-office (recal),income,PIR>3.5,FPR_20,0.0018196081275257338,0.0009543385185048839,0.00270128860746678,0.00047504828498869394,200,percentile
Framingham-office (recal),income,PIR>3.5,rel_OE,0.6709358470191502,0.5011394083850281,0.8212657602671918,0.08510387342875887,200,percentile
Framingham-office (recal),education,<HS,n,4127.0,1938.9,2184.225,65.42879362464113,200,percentile
Framingham-office (recal),education,<HS,events,151.0,66.0,86.025,5.802364792559121,200,percentile
Framingham-office (recal),education,<HS,observed,0.032376908726087124,0.026536536549414846,0.03914590677144912,0.0034712574463381797,200,percentile
Framingham-office (recal),education,<HS,expected,0.02837732231412457,0.027028966519186192,0.029864211648057096,0.0007684465882788503,200,percentile
Framingham-office (recal),education,<HS,OE,1.1409430519091575,0.9373586771209074,1.3659016867689604,0.11280495000059258,200,percentile
Framingham-office (recal),education,<HS,cal_intercept,0.13055481908238195,-0.0728506464012024,0.3319771819765804,0.10580024238338791,200,percentile
Framingham-office (recal),education,<HS,cal_slope,0.9239430237170247,0.6652099279284497,1.196454934676227,0.13588214617092717,200,percentile
Framingham-office (recal),education,<HS,AUC,0.7539738819209064,0.68584469458362,0.8119571682778277,0.03258896242184103,200,percentile
Framingham-office (recal),education,<HS,brier,0.03009075424052691,0.02472135332603105,0.0363300223318957,0.003057933101916276,200,percentile
Framingham-office (recal),education,<HS,scaled_brier,0.03951304904395925,0.01397759338072819,0.06029195661060162,0.01256034001126494,200,percentile
Framingham-office (recal),education,<HS,pct_flagged_7.5,0.07170094871172124,0.0621859424189367,0.08345068886436136,0.005433631413806432,200,percentile
Framingham-office (recal),education,<HS,TPR_7.5,0.2905827616730474,0.18968829291248038,0.3775018817835184,0.05135363128868804,200,percentile
Framingham-office (recal),education,<HS,FPR_7.5,0.06642548573429319,0.05688344436849752,0.07567638220041657,0.005235364071504352,200,percentile
Framingham-office (recal),education,<HS,pct_flagged_20,0.005774577300947454,0.0035305174481899456,0.00811033818353737,0.0012614752891253421,200,percentile
Framingham-office (recal),education,<HS,TPR_20,0.024330779223698168,0.006102198295855845,0.04251914978158708,0.009699972598626394,200,percentile
Framingham-office (recal),education,<HS,FPR_20,0.005535744104376508,0.0029386406326053667,0.008293371202629829,0.0015078408953480861,200,percentile
Framingham-office (recal),education,<HS,rel_OE,1.2303403390115242,1.0405484402615672,1.4746224952396731,0.11497998195521295,200,percentile
Framingham-office (recal),education,College+,n,2796.0,1304.975,1500.025,53.95514585115207,200,percentile
Framingham-office (recal),education,College+,events,48.0,16.975,31.0,3.678591466292416,200,percentile
Framingham-office (recal),education,College+,observed,0.011890496825387504,0.0074329945776317186,0.015442930003298673,0.001967586377508383,200,percentile
Framingham-office (recal),education,College+,expected,0.016194991436218133,0.015308684647413666,0.01703063353158038,0.0004694632916249331,200,percentile
Framingham-office (recal),education,College+,OE,0.7342082811353546,0.4861233858725757,0.9609043540726092,0.11957603744596833,200,percentile
Framingham-office (recal),education,College+,cal_intercept,-0.3326350135020353,-0.7584846282980872,-0.060011259486532784,0.17718068953582614,200,percentile
Framingham-office (recal),education,College+,cal_slope,1.2482073130014697,0.9684541914349644,1.6859237519195798,0.18712386495504746,200,percentile
Framingham-office (recal),education,College+,AUC,0.827481472768628,0.7579341936316334,0.9034822898051373,0.040987060898939824,200,percentile
Framingham-office (recal),education,College+,brier,0.011391674374775436,0.0073330432110518635,0.014630731023457808,0.001780788613976387,200,percentile
Framingham-office (recal),education,College+,scaled_brier,0.030422597737914003,-0.009462062886304218,0.060150866060505695,0.01808126034139554,200,percentile
Framingham-office (recal),education,College+,pct_flagged_7.5,0.019180112530704837,0.013830364941919901,0.024270637061823665,0.0026434141219660793,200,percentile
Framingham-office (recal),education,College+,TPR_7.5,0.27848170974430175,0.11818994476933854,0.4282071507884818,0.07550964574090122,200,percentile
Framingham-office (recal),education,College+,FPR_7.5,0.017172412603300997,0.011515295315078285,0.02224410065015927,0.0029773524973536977,200,percentile
Framingham-office (recal),education,College+,pct_flagged_20,0.0018590345915675641,0.0005790576280844399,0.003138221712758285,0.0006603495007971014,200,percentile
Framingham-office (recal),education,College+,TPR_20,0.015316636781394978,0.0,0.04580822497830696,0.016696054453301294,200,percentile
Framingham-office (recal),education,College+,FPR_20,0.0013755714822847873,9.631665517972935e-05,0.002686579185977856,0.0006672738295925069,200,percentile
Framingham-office (recal),education,College+,rel_OE,0.7917363307533986,0.5166135569543695,1.010310183501709,0.11924999467898191,200,percentile
Framingham-office (recal),education,HS/GED,n,3138.0,1493.975,1683.2,48.626561542403756,200,percentile
Framingham-office (recal),education,HS/GED,events,90.0,34.975,53.025000000000006,4.906195447477018,200,percentile
Framingham-office (recal),education,HS/GED,observed,0.021187660395128236,0.01528445269397985,0.027484223685357502,0.0033549150451948192,200,percentile
Framingham-office (recal),education,HS/GED,expected,0.022295638656361808,0.021342627173789132,0.02349941580525093,0.0005472663242373508,200,percentile
Framingham-office (recal),education,HS/GED,OE,0.9503051570618533,0.6799711748276925,1.2118404777598515,0.1459534461230914,200,percentile
Framingham-office (recal),education,HS/GED,cal_intercept,-0.050322519031318375,-0.4007096782541356,0.20586523141925492,0.16996580641945616,200,percentile
Framingham-office (recal),education,HS/GED,cal_slope,1.036039712749299,0.8056510203468422,1.336437763607306,0.1338998352781116,200,percentile
Framingham-office (recal),education,HS/GED,AUC,0.7905197891013729,0.7228125921602125,0.8549016487009342,0.03454621460789016,200,percentile
Framingham-office (recal),education,HS/GED,brier,0.02032282630198249,0.014929432029085095,0.025993141037653062,0.0030503780362992903,200,percentile
Framingham-office (recal),education,HS/GED,scaled_brier,0.02005507909808857,-0.012303128848521194,0.043419848625345286,0.01318184271315713,200,percentile
Framingham-office (recal),education,HS/GED,pct_flagged_7.5,0.04115627884073215,0.03492850018547364,0.04926435292699074,0.0034572118165234547,200,percentile
Framingham-office (recal),education,HS/GED,TPR_7.5,0.24613423379490115,0.1591052770194164,0.3423819527662111,0.049849704234841946,200,percentile
Framingham-office (recal),education,HS/GED,FPR_7.5,0.03519563223915105,0.029382173334661286,0.0418781891465495,0.0035371591189406453,200,percentile
Framingham-office (recal),education,HS/GED,pct_flagged_20,0.0028476037011500427,0.0013370938028151693,0.004376885830753846,0.0007907528502683383,200,percentile
Framingham-office (recal),education,HS/GED,TPR_20,0.011552961696573702,0.0,0.03712789663653814,0.011734878832101133,200,percentile
Framingham-office (recal),education,HS/GED,FPR_20,0.0029853210232400414,0.0013131061365556924,0.004640971187406142,0.0008978669510880396,200,percentile
Framingham-office (recal),education,HS/GED,rel_OE,1.024765230085272,0.7669472482290302,1.245369573680639,0.1201920609720074,200,percentile
Framingham-office (recal),education,Some college,n,3390.0,1620.95,1784.05,43.63422196663034,200,percentile
Framingham-office (recal),education,Some college,events,71.0,27.0,44.0,4.342934538075615,200,percentile
Framingham-office (recal),education,Some college,observed,0.015960103181500224,0.01083857772862259,0.02083309756017719,0.0025254781547531103,200,percentile
Framingham-office (recal),education,Some college,expected,0.018343140701891632,0.01744741726835228,0.0190563309404226,0.0004102138081008603,200,percentile
Framingham-office (recal),education,Some college,OE,0.8700856326013103,0.5885578742579339,1.13463018919805,0.13369103412303684,200,percentile
Framingham-office (recal),education,Some college,cal_intercept,-0.14869000128935433,-0.5484200348886836,0.12700088119650135,0.16328250758717783,200,percentile
Framingham-office (recal),education,Some college,cal_slope,0.9960031434530278,0.7966446488554058,1.2050649926724102,0.10591635682747495,200,percentile
Framingham-office (recal),education,Some college,AUC,0.7667877733390068,0.7078183338657299,0.8192849798610651,0.027179731923718232,200,percentile
Framingham-office (recal),education,Some college,brier,0.015505162919953009,0.010624405649358072,0.020162271456486306,0.002394893976418396,200,percentile
Framingham-office (recal),education,Some college,scaled_brier,0.012748204106415861,-0.0023604098353895986,0.026757420766879914,0.007355272740387432,200,percentile
Framingham-office (recal),education,Some college,pct_flagged_7.5,0.02494510837701595,0.020906240128863742,0.02883673634965746,0.0020954225231743177,200,percentile
Framingham-office (recal),education,Some college,TPR_7.5,0.10011727822325414,0.05233423736144146,0.1700585997478074,0.02834000454791057,200,percentile
Framingham-office (recal),education,Some college,FPR_7.5,0.023428946039344697,0.018970771317900485,0.027689592610244868,0.002235929936561897,200,percentile
Framingham-office (recal),education,Some college,pct_flagged_20,0.0009751089667732381,0.0003254859438277315,0.001599706786581782,0.0003434545941561546,200,percentile
Framingham-office (recal),education,Some college,TPR_20,0.005198575872577851,0.0,0.014392371743175472,0.005421308214766648,200,percentile
Framingham-office (recal),education,Some college,FPR_20,0.0008277848017826036,0.00016947427676018307,0.0014290496688641014,0.00034178255119729554,200,percentile
Framingham-office (recal),education,Some college,rel_OE,0.9382601965912901,0.6988776776223286,1.2015647372116296,0.13173025551357684,200,percentile
Framingham-office (recal),sex,GAP(max-min),OE,0.22882305295341165,0.024272736506492865,0.42534028240307986,0.1131791828047938,200,basic
Framingham-office (recal),sex,GAP(max-min),AUC,0.005464564323338417,0.0,0.010075975805575404,0.015457101576241658,200,basic
Framingham-office (recal),sex,GAP(max-min),cal_slope,0.06923168588776196,0.0,0.13234131392528894,0.07540511735122839,200,basic
Framingham-office (recal),sex,GAP(max-min),TPR_7.5,0.15515065034262163,0.0525063661533508,0.23987334704703506,0.04764631675791273,200,basic
Framingham-office (recal),sex,GAP(max-min),FPR_7.5,0.03413937482583693,0.026291232829998908,0.04135157122390283,0.0038261776902738295,200,basic
Framingham-office (recal),sex,GAP(max-min),pct_flagged_7.5,0.03877662860258482,0.03126673289565941,0.04564327433822906,0.0035736787772438733,200,basic
Framingham-office (recal),sex,GAP(max/min),OE,1.2717479356716341,1.0,1.5052562218290182,0.15078053498711058,200,basic
Framingham-office (recal),race,GAP(max-min),OE,0.19642234129345726,0.0,0.331522769214767,0.154979988137797,200,basic
Framingham-office (recal),race,GAP(max-min),AUC,0.14976471819400372,0.04897936086132165,0.27714382579209534,0.06012003837688521,200,basic
Framingham-office (recal),race,GAP(max-min),cal_slope,0.44160760551468126,0.0760366949238459,0.783666056858201,0.1915870925444749,200,basic
Framingham-office (recal),race,GAP(max-min),TPR_7.5,0.0940042659123646,0.0,0.15730437661720403,0.07211051632323272,200,basic
Framingham-office (recal),race,GAP(max-min),FPR_7.5,0.02678141623500042,0.017425662270497792,0.03630469976858032,0.0050330832469740365,200,basic
Framingham-office (recal),race,GAP(max-min),pct_flagged_7.5,0.029146249723976253,0.019947076658683324,0.03943078751330818,0.004782726170573814,200,basic
Framingham-office (recal),race,GAP(max/min),OE,1.240722812661975,1.0,1.418415646864303,0.27363569295155743,200,basic
Framingham-office (recal),age_group,GAP(max-min),OE,0.8039306192075559,0.4778572172493878,1.1176625504047577,0.17528438297480128,200,basic
Framingham-office (recal),age_group,GAP(max-min),AUC,0.1349932315382345,0.0,0.2041536229392355,0.06131641510147132,200,basic
Framingham-office (recal),age_group,GAP(max-min),cal_slope,0.8977186458300008,0.3604822359434736,1.4068626282485577,0.2872203330329732,200,basic
Framingham-office (recal),age_group,GAP(max-min),TPR_7.5,0.2910514565467863,0.1580296370681477,0.37393420650080655,0.06355226250346782,200,basic
Framingham-office (recal),age_group,GAP(max-min),FPR_7.5,0.1740257127757432,0.1491094391542203,0.19925721009781414,0.013557679415546545,200,basic
Framingham-office (recal),age_group,GAP(max-min),pct_flagged_7.5,0.18671327402655205,0.1626482737026301,0.20763540534889066,0.011605028469397125,200,basic
Framingham-office (recal),age_group,GAP(max/min),OE,2.319886399501196,1.0326134841039663,2.9765403431703534,0.5298347167634372,200,basic
Framingham-office (recal),income,GAP(max-min),OE,0.7774407431937586,0.46765790386418615,1.037416194936025,0.14718504626715237,200,basic
Framingham-office (recal),income,GAP(max-min),AUC,0.06728859867623116,0.0,0.11244042761735737,0.03486965058292214,200,basic
Framingham-office (recal),income,GAP(max-min),cal_slope,0.2870417909208218,0.0,0.5013360603763679,0.14965308875337052,200,basic
Framingham-office (recal),income,GAP(max-min),TPR_7.5,0.1765646145820123,0.058108907540984356,0.26552018357961976,0.057311431022697486,200,basic
Framingham-office (recal),income,GAP(max-min),FPR_7.5,0.029717627970749765,0.020183223470909888,0.036618336619519895,0.004216251662744128,200,basic
Framingham-office (recal),income,GAP(max-min),pct_flagged_7.5,0.03282700580358757,0.024000674123639043,0.03845243587418121,0.003591060823700226,200,basic
Framingham-office (recal),income,GAP(max/min),OE,2.24953261422014,1.2438413608564396,2.798974759403404,0.40229844680990823,200,basic
Framingham-office (recal),education,GAP(max-min),OE,0.4067347707738028,0.04275594495782731,0.5909353331006675,0.14579905333942897,200,basic
Framingham-office (recal),education,GAP(max-min),AUC,0.07350759084772163,0.0,0.11170211488364193,0.03723327146094381,200,basic
Framingham-office (recal),education,GAP(max-min),cal_slope,0.32426428928444495,0.0,0.5201955862381509,0.17384185848464842,200,basic
Framingham-office (recal),education,GAP(max-min),TPR_7.5,0.19046548344979328,0.03204764681588218,0.2566047915796824,0.05743022274714639,200,basic
Framingham-office (recal),education,GAP(max-min),FPR_7.5,0.04925307313099219,0.036075971216380356,0.062281304864529895,0.0062513543884757695,200,basic
Framingham-office (recal),education,GAP(max-min),pct_flagged_7.5,0.0525208361810164,0.038124311117992235,0.06537617567864103,0.0063919183843106,200,basic
Framingham-office (recal),education,GAP(max/min),OE,1.5539773674914727,1.0,1.8411042676375882,0.32959902430736765,200,basic
ML-GAM,Overall,All,n,13466.0,6549.975,6986.575,116.30726406105006,200,percentile
ML-GAM,Overall,All,events,362.0,165.95,199.025,9.038131116019047,200,percentile
ML-GAM,Overall,All,observed,0.019019590401501755,0.0162500167797753,0.02226417794119519,0.0014553929407854836,200,percentile
ML-GAM,Overall,All,expected,0.02014380359718815,0.019476627550220015,0.02082018122656519,0.0003504087815042066,200,percentile
ML-GAM,Overall,All,OE,0.9441906196978944,0.8276034158240602,1.101700776724171,0.06748276210679811,200,percentile
ML-GAM,Overall,All,cal_intercept,-0.06336201803741554,-0.2008674046811147,0.09252974100879088,0.07303802164001387,200,percentile
ML-GAM,Overall,All,cal_slope,1.1238813792831321,0.9915302474299702,1.261072882504666,0.07628419019354767,200,percentile
ML-GAM,Overall,All,AUC,0.8182956172087412,0.78425922984136,0.850121227237203,0.018244953544124077,200,percentile
ML-GAM,Overall,All,brier,0.017884691010157234,0.015497325008926883,0.02092920829177943,0.0013422749263677241,200,percentile
ML-GAM,Overall,All,scaled_brier,0.04143857707936116,0.026029908878569114,0.05760624777198744,0.007921362825551333,200,percentile
ML-GAM,Overall,All,pct_flagged_7.5,0.0434536409634096,0.03968719006420941,0.047698533571662524,0.002022886691421222,200,percentile
ML-GAM,Overall,All,TPR_7.5,0.29149687509615196,0.21800062263861217,0.3644858536410014,0.03722100089763155,200,percentile
ML-GAM,Overall,All,FPR_7.5,0.03815038195291907,0.0340048312058178,0.04256426838972427,0.0021988966831376243,200,percentile
ML-GAM,Overall,All,pct_flagged_20,0.0034593424712988244,0.002449333361545189,0.004380722851218065,0.000528009169824237,200,percentile
ML-GAM,Overall,All,TPR_20,0.041567982040346244,0.022232140446722105,0.06471639790371478,0.011361083120766629,200,percentile
ML-GAM,Overall,All,FPR_20,0.002687215729564924,0.0018068871351124638,0.0036447853630844776,0.0004697825886083159,200,percentile
ML-GAM,Overall,All,rel_OE,1.0,1.0,1.0,0.0,200,percentile
ML-GAM,sex,Female,n,6883.0,3348.95,3578.15,61.643712057118236,200,percentile
ML-GAM,sex,Female,events,145.0,62.0,85.0,6.11168869408998,200,percentile
ML-GAM,sex,Female,observed,0.01550122652400136,0.012528100855061624,0.01828931830786972,0.0015613007824584707,200,percentile
ML-GAM,sex,Female,expected,0.016860723119528714,0.016183171943644565,0.017551329106201302,0.0003833747043124045,200,percentile
ML-GAM,sex,Female,OE,0.9193690219636704,0.7603329864573072,1.0729703258583998,0.08370383403526693,200,percentile
ML-GAM,sex,Female,cal_intercept,-0.09360360252966032,-0.29212615767945627,0.06111474811427063,0.09380545078432088,200,percentile
ML-GAM,sex,Female,cal_slope,1.1651353602672294,0.9557915178121567,1.3779254171821584,0.1042291300946573,200,percentile
ML-GAM,sex,Female,AUC,0.8265649375157739,0.7751160435731219,0.8717224725054624,0.02571375365760701,200,percentile
ML-GAM,sex,Female,brier,0.014584208370922164,0.01172769891226117,0.01720376644808567,0.0014440813150637215,200,percentile
ML-GAM,sex,Female,scaled_brier,0.04434393922232083,0.026983889247836505,0.059779460601563104,0.00948556843704676,200,percentile
ML-GAM,sex,Female,pct_flagged_7.5,0.03440749432131953,0.030429352179018845,0.03912867596802252,0.002332686435480812,200,percentile
ML-GAM,sex,Female,TPR_7.5,0.28084042694138855,0.19211662726682405,0.3925916991719892,0.05173102906476905,200,percentile
ML-GAM,sex,Female,FPR_7.5,0.030082402304529084,0.025967539204195363,0.034704135627177154,0.002274590988244797,200,percentile
ML-GAM,sex,Female,pct_flagged_20,0.0020279254776135185,0.0011322205359816416,0.0029178021756241434,0.0004496342691025362,200,percentile
ML-GAM,sex,Female,TPR_20,0.03520583239272999,0.004556135532143416,0.06506715374179017,0.018064004444568047,200,percentile
ML-GAM,sex,Female,FPR_20,0.0014760915751471772,0.0008043368263568456,0.00223341911455241,0.0004026050654526585,200,percentile
ML-GAM,sex,Female,rel_OE,0.9737112430303894,0.8534226866835011,1.104260054891397,0.06599696483303014,200,percentile
ML-GAM,sex,Male,n,6583.0,3189.9,3428.1,62.9822163222629,200,percentile
ML-GAM,sex,Male,events,217.0,95.0,122.025,7.3893580956214695,200,percentile
ML-GAM,sex,Male,observed,0.022927328551733867,0.019565152887272143,0.02805681210964602,0.002226526655470356,200,percentile
ML-GAM,sex,Male,expected,0.023799018557515896,0.023061723585890294,0.024649443034141825,0.0004455110112205891,200,percentile
ML-GAM,sex,Male,OE,0.9633728591086482,0.8265372899751777,1.1667329645635378,0.09055885754839318,200,percentile
ML-GAM,sex,Male,cal_intercept,-0.03972920844566674,-0.20350283532056723,0.15671830081756666,0.09811613468461826,200,percentile
ML-GAM,sex,Male,cal_slope,1.0878415913460873,0.9516168463232602,1.2483794293535935,0.08608191027987416,200,percentile
ML-GAM,sex,Male,AUC,0.8032754400462819,0.7674363221756645,0.8448083718446308,0.020527022154127186,200,percentile
ML-GAM,sex,Male,brier,0.021550435194832226,0.018471624621905297,0.025985083679651095,0.0020246777576576687,200,percentile
ML-GAM,sex,Male,scaled_brier,0.03799855583993439,0.01712051937147596,0.05977896901221672,0.01058057931899001,200,percentile
ML-GAM,sex,Male,pct_flagged_7.5,0.05352516091684648,0.04846368090993887,0.05924796786837612,0.0027804114191668284,200,percentile
ML-GAM,sex,Male,TPR_7.5,0.2994990821844136,0.2186696915752271,0.376105202050473,0.039645536028920125,200,percentile
ML-GAM,sex,Male,FPR_7.5,0.04717934361016596,0.041720884663927905,0.053011904200251786,0.0030130820962253773,200,percentile
ML-GAM,sex,Male,pct_flagged_20,0.0050530094086125125,0.003378354836459592,0.006601567963218777,0.0008678520625929594,200,percentile
ML-GAM,sex,Male,TPR_20,0.04634548747811996,0.019449920237063517,0.0751321250706406,0.015852982264637938,200,percentile
ML-GAM,sex,Male,FPR_20,0.004042597625525156,0.0027174677690370553,0.005580378154541744,0.000771136740742835,200,percentile
ML-GAM,sex,Male,rel_OE,1.0203160664918398,0.9178256523775757,1.1146667808556419,0.052046353051968856,200,percentile
ML-GAM,race,Mexican American,n,2794.0,1145.85,1619.0,121.41411175256074,200,percentile
ML-GAM,race,Mexican American,events,62.0,19.0,40.025000000000006,5.467124219933264,200,percentile
ML-GAM,race,Mexican American,observed,0.016964214623544305,0.009631503203861877,0.023200238450520924,0.0035460752957624667,200,percentile
ML-GAM,race,Mexican American,expected,0.017535025343312256,0.01602143992641726,0.018655454501088253,0.0007122633844465891,200,percentile
ML-GAM,race,Mexican American,OE,0.9674473969331527,0.5917461208455166,1.3148900453435262,0.1910553126767075,200,percentile
ML-GAM,race,Mexican American,cal_intercept,-0.05210627172522596,-0.5441939643067766,0.2594772544741029,0.21435179505685237,200,percentile
ML-GAM,race,Mexican American,cal_slope,0.9341462437841368,0.6606932682655082,1.2266688633909626,0.1461747664692941,200,percentile
ML-GAM,race,Mexican American,AUC,0.7650363671944189,0.6985142904956815,0.8454294016037768,0.03943943820443024,200,percentile
ML-GAM,race,Mexican American,brier,0.016227655302882907,0.00969511711390413,0.02206818632170945,0.0032902898826274937,200,percentile
ML-GAM,race,Mexican American,scaled_brier,0.02691072019830032,-0.007409244642350604,0.05243847375289729,0.01600928687974282,200,percentile
ML-GAM,race,Mexican American,pct_flagged_7.5,0.03611814829592439,0.02522397969404443,0.04351016839126799,0.0046094569167705,200,percentile
ML-GAM,race,Mexican American,TPR_7.5,0.2907153279390935,0.13114518312189385,0.4626330401240803,0.08104065078321927,200,percentile
ML-GAM,race,Mexican American,FPR_7.5,0.03566322802775078,0.02518586036596567,0.0441855231290665,0.005176879001500726,200,percentile
ML-GAM,race,Mexican American,pct_flagged_20,0.0018740432033060683,0.0006149097648841226,0.0030435752791654292,0.0006462100632982108,200,percentile
ML-GAM,race,Mexican American,TPR_20,0.018255768880762004,0.0,0.03865324795557496,0.010785556605068313,200,percentile
ML-GAM,race,Mexican American,FPR_20,0.0018893974138556651,0.0003381558769543359,0.0033306742959659,0.0007695443353977438,200,percentile
ML-GAM,race,Mexican American,rel_OE,1.024631442793511,0.6509402256058269,1.4137056349986388,0.20163831275150598,200,percentile
ML-GAM,race,NH Black,n,2577.0,1128.725,1444.15,80.62646656373303,200,percentile
ML-GAM,race,NH Black,events,85.0,32.0,55.025000000000006,5.648284303918265,200,percentile
ML-GAM,race,NH Black,observed,0.025578082541956617,0.020286024190519617,0.03069837434964328,0.002788530360386717,200,percentile
ML-GAM,race,NH Black,expected,0.024132777601223992,0.02245498448999646,0.025457402154232787,0.0007877506113503368,200,percentile
ML-GAM,race,NH Black,OE,1.0598897053880496,0.8427574005579858,1.2691350184313719,0.11554019314432079,200,percentile
ML-GAM,race,NH Black,cal_intercept,0.04509349301993458,-0.20096390617879192,0.24017697876122296,0.12002030658438127,200,percentile
ML-GAM,race,NH Black,cal_slope,0.9567968852450824,0.7274430581251432,1.1702643998848818,0.11163047694429344,200,percentile
ML-GAM,race,NH Black,AUC,0.7801010937281153,0.7034297038328985,0.8462391045535205,0.03450282152221332,200,percentile
ML-GAM,race,NH Black,brier,0.023670540373634367,0.019185758782992376,0.02816587549275738,0.002495382437347625,200,percentile
ML-GAM,race,NH Black,scaled_brier,0.05028533519790346,0.012442409402771904,0.08198345308101743,0.01711479137047819,200,percentile
ML-GAM,race,NH Black,pct_flagged_7.5,0.061617176354390124,0.05141707597320099,0.06954352178293434,0.004581147030668658,200,percentile
ML-GAM,race,NH Black,TPR_7.5,0.2988461318038521,0.20314707340490276,0.3842332581315841,0.048528837278227044,200,percentile
ML-GAM,race,NH Black,FPR_7.5,0.055431677941784455,0.04549799979528755,0.06319176596340716,0.004580265473341882,200,percentile
ML-GAM,race,NH Black,pct_flagged_20,0.006898740195164922,0.0038148593297525593,0.009177733440693538,0.0013783776534629219,200,percentile
ML-GAM,race,NH Black,TPR_20,0.06594404913441582,0.02481000028040973,0.11455577625526057,0.023258157626012074,200,percentile
ML-GAM,race,NH Black,FPR_20,0.00528721996621754,0.0026921762850103006,0.007210624324023945,0.0012102041548682724,200,percentile
ML-GAM,race,NH Black,rel_OE,1.122537846994471,0.8910218050769956,1.3455010596677357,0.12346372062692883,200,percentile
ML-GAM,race,NH White,n,6689.0,3072.275,3686.4,156.1562920208099,200,percentile
ML-GAM,race,NH White,events,191.0,83.0,115.05000000000001,8.523274372572477,200,percentile
ML-GAM,race,NH White,observed,0.01875577802761195,0.015678117134997872,0.023020887600896885,0.0018421529313167853,200,percentile
ML-GAM,race,NH White,expected,0.02013944521642805,0.01939990931886717,0.020939008476669286,0.00041145318482569137,200,percentile
ML-GAM,race,NH White,OE,0.9312956651016672,0.7870668386810197,1.121306252230469,0.08408495294912272,200,percentile
ML-GAM,race,NH White,cal_intercept,-0.07154942775967835,-0.24179563231423704,0.11242576749349714,0.09280960994439563,200,percentile
ML-GAM,race,NH White,cal_slope,1.22280693282426,1.0568146046791584,1.4105291746577573,0.09029787467857059,200,percentile
ML-GAM,race,NH White,AUC,0.8446375802015665,0.8109127239111132,0.8809485661793491,0.017884774811505633,200,percentile
ML-GAM,race,NH White,brier,0.017582535264097487,0.014728031404088418,0.02152799444712008,0.0016904819400940033,200,percentile
ML-GAM,race,NH White,scaled_brier,0.04463505796802503,0.02654174547452895,0.06461801308521974,0.008966864613967406,200,percentile
ML-GAM,race,NH White,pct_flagged_7.5,0.043295825994284456,0.039259198701333896,0.047902624084603836,0.0022769520246969646,200,percentile
ML-GAM,race,NH White,TPR_7.5,0.30808932751568247,0.22491365934418428,0.3969512758105191,0.046262153502729546,200,percentile
ML-GAM,race,NH White,FPR_7.5,0.03705836628348887,0.032879051613195466,0.04165408490976862,0.0023363322719312193,200,percentile
ML-GAM,race,NH White,pct_flagged_20,0.0032450390835998357,0.0020270113233675302,0.004726601234604291,0.0007025156445639118,200,percentile
ML-GAM,race,NH White,TPR_20,0.04136321390858511,0.015279620863903543,0.07080775577540344,0.014764472228101497,200,percentile
ML-GAM,race,NH White,FPR_20,0.002468630397564112,0.0014246083516645425,0.00365177321385663,0.0006082955336981905,200,percentile
ML-GAM,race,NH White,rel_OE,0.9863428482266079,0.9261747448332691,1.0418841372978054,0.030019752274640616,200,percentile
ML-GAM,race,Other Hispanic,n,929.0,348.0,588.25,57.52556761691484,200,percentile
ML-GAM,race,Other Hispanic,events,17.0,4.0,14.0,2.656891106492472,200,percentile
ML-GAM,race,Other Hispanic,observed,0.016140591697789083,0.0056170432775479815,0.02772504920273109,0.006010455665013247,200,percentile
ML-GAM,race,Other Hispanic,expected,0.018263837232771335,0.015756959838654976,0.020400876519910602,0.001228449524562073,200,percentile
ML-GAM,race,Other Hispanic,OE,0.8837459232733168,0.2884917946920665,1.6323159243920542,0.3438995856521957,200,percentile
ML-GAM,race,Other Hispanic,cal_intercept,-0.12724492580850547,-1.296485949300137,0.5085243419186736,0.44978716286114084,200,percentile
ML-GAM,race,Other Hispanic,cal_slope,0.7734181659900637,0.36126186190300347,1.6072242594627963,0.30831570221628735,200,percentile
ML-GAM,race,Other Hispanic,AUC,0.7195181842234193,0.6010888681901322,0.8683816016355264,0.06851264236724891,200,percentile
ML-GAM,race,Other Hispanic,brier,0.015585894736416531,0.005997012477946762,0.026772780546758367,0.0057224518740563324,200,percentile
ML-GAM,race,Other Hispanic,scaled_brier,0.018524994253196647,-0.06712877437444346,0.08186312780070276,0.03888277295923705,200,percentile
ML-GAM,race,Other Hispanic,pct_flagged_7.5,0.03294525725895452,0.017443360416955267,0.04604594985440042,0.007463428071617429,200,percentile
ML-GAM,race,Other Hispanic,TPR_7.5,0.17849711888197717,0.0,0.43003878209093355,0.10447124072206483,200,percentile
ML-GAM,race,Other Hispanic,FPR_7.5,0.032127709641513444,0.017240486130313624,0.045822721089411614,0.007603886058238856,200,percentile
ML-GAM,race,Other Hispanic,pct_flagged_20,0.0034257359863916724,0.0,0.006497431189970002,0.0016636261959331676,200,percentile
ML-GAM,race,Other Hispanic,TPR_20,0.02653709296802048,0.0,0.09856215848826817,0.03748540666748256,200,percentile
ML-GAM,race,Other Hispanic,FPR_20,0.0024618897126244747,0.0,0.004917848454040911,0.0015369371121150565,200,percentile
ML-GAM,race,Other Hispanic,rel_OE,0.9359825281425507,0.3335655685085678,1.852613455859175,0.3798700106610058,200,percentile
ML-GAM,race,Other/Multiracial,n,477.0,198.9,278.05,19.951745178765496,200,percentile
ML-GAM,race,Other/Multiracial,events,7.0,1.9750000000000005,6.0,1.1272660037524775,200,percentile
ML-GAM,race,Other/Multiracial,observed,0.014600354490660186,0.002414736483115239,0.024508961940018215,0.0058584194057224965,200,percentile
ML-GAM,race,Other/Multiracial,expected,0.017070309210819326,0.015085411508430239,0.018922913178486597,0.0010715560061386699,200,percentile
ML-GAM,race,Other/Multiracial,OE,0.8553069724950466,0.14125746003884881,1.5164580545478834,0.3562330557501482,200,percentile
ML-GAM,race,Other/Multiracial,cal_intercept,-0.19025337848605786,-2.027080284352597,0.40402875788114506,0.5737940396859262,200,percentile
ML-GAM,race,Other/Multiracial,cal_slope,0.029761790779011102,-1.4579950637230592,1.320403064102024,0.7665347158246835,200,percentile
ML-GAM,race,Other/Multiracial,AUC,0.5234202993745242,0.22218502254152425,0.9153815774355692,0.20682951974951191,200,percentile
ML-GAM,race,Other/Multiracial,brier,0.014830618338754546,0.0030123543001628,0.024421716388861772,0.00568665424326319,200,percentile
ML-GAM,race,Other/Multiracial,scaled_brier,-0.030821472433421704,-0.23671546015907405,-0.005905956721358673,0.058899834347144145,200,percentile
ML-GAM,race,Other/Multiracial,pct_flagged_7.5,0.027880629782848297,0.013044830309100103,0.04070864824982584,0.007091649360677524,200,percentile
ML-GAM,race,Other/Multiracial,TPR_7.5,0.0,0.0,0.0,0.0,200,percentile
ML-GAM,race,Other/Multiracial,FPR_7.5,0.029145739974109984,0.012950428824271418,0.04364715263522172,0.007943901357325594,200,percentile
ML-GAM,race,Other/Multiracial,pct_flagged_20,0.0019606498535786297,0.0,0.004687087050678631,0.0016854161592947294,200,percentile
ML-GAM,race,Other/Multiracial,TPR_20,0.0,0.0,0.0,0.0,200,percentile
ML-GAM,race,Other/Multiracial,FPR_20,0.0021310051434777436,0.0,0.004832355268631691,0.0018179912695650005,200,percentile
ML-GAM,race,Other/Multiracial,rel_OE,0.9058626030077621,0.14530518588584684,1.609676542433951,0.38609465632020445,200,percentile
ML-GAM,age_group,40-49,n,4420.0,2141.875,2304.125,41.88983368108711,200,percentile
ML-GAM,age_group,40-49,events,35.0,12.975000000000001,24.025000000000006,3.018531540884836,200,percentile
ML-GAM,age_group,40-49,observed,0.006351207120419218,0.0037984180696897544,0.009903914156898664,0.0015357245856730264,200,percentile
ML-GAM,age_group,40-49,expected,0.00833141878412188,0.008055435693323865,0.008622260887782184,0.00013968402679940322,200,percentile
ML-GAM,age_group,40-49,OE,0.7623199943475926,0.44902955949363305,1.1684043606484589,0.17989144324451306,200,percentile
ML-GAM,age_group,40-49,cal_intercept,-0.2805638083197952,-0.8092893862254591,0.15525381113357037,0.24189675166008132,200,percentile
ML-GAM,age_group,40-49,cal_slope,1.574108065688172,1.0123728297433812,2.0501784661076137,0.27236376190943495,200,percentile
ML-GAM,age_group,40-49,AUC,0.7782174906616988,0.6680393689969977,0.8940596703972435,0.05845806940529481,200,percentile
ML-GAM,age_group,40-49,brier,0.006223520667415194,0.0037709306006964397,0.009650006888904933,0.0014666582186561134,200,percentile
ML-GAM,age_group,40-49,scaled_brier,0.013840980873471409,-0.002750104542447251,0.02281248840438284,0.007168293986968501,200,percentile
ML-GAM,age_group,40-49,pct_flagged_7.5,0.0010285973659301857,0.0,0.0021152965866633273,0.0006789165537287798,200,percentile
ML-GAM,age_group,40-49,TPR_7.5,0.020429637282359973,0.0,0.06428150786347994,0.02192794139627675,200,percentile
ML-GAM,age_group,40-49,FPR_7.5,0.0008921444641831068,0.0,0.0018999799172213158,0.0006374409816444602,200,percentile
ML-GAM,age_group,40-49,pct_flagged_20,0.0,0.0,0.0,0.0,200,percentile
ML-GAM,age_group,40-49,TPR_20,0.0,0.0,0.0,0.0,200,percentile
ML-GAM,age_group,40-49,FPR_20,0.0,0.0,0.0,0.0,200,percentile
ML-GAM,age_group,40-49,rel_OE,0.8073793346850939,0.5141657262265737,1.1712953440345029,0.1720572342802337,200,percentile
ML-GAM,age_group,50-59,n,3406.0,1627.95,1800.275,43.64096290431826,200,percentile
ML-GAM,age_group,50-59,events,45.0,16.0,29.025000000000006,3.4105364378598635,200,percentile
ML-GAM,age_group,50-59,observed,0.010489009079613369,0.00700583177926095,0.01403982484012365,0.001897770124377253,200,percentile
ML-GAM,age_group,50-59,expected,0.013127355740872794,0.012797930455159885,0.013497141880871292,0.00019033280298712634,200,percentile
ML-GAM,age_group,50-59,OE,0.7990191845685435,0.5386926330983788,1.059906047685632,0.14004775047470508,200,percentile
ML-GAM,age_group,50-59,cal_intercept,-0.2256074625717257,-0.6255068972738851,0.06912849548716947,0.18116354910369092,200,percentile
ML-GAM,age_group,50-59,cal_slope,1.3507971633879305,0.7946205660660852,1.903792115575518,0.27272278046744375,200,percentile
ML-GAM,age_group,50-59,AUC,0.7362891123539377,0.6249898988061343,0.8312864904955475,0.052465850380588014,200,percentile
ML-GAM,age_group,50-59,brier,0.010250669953840028,0.006879530936246275,0.013653877184679196,0.0018234807245780694,200,percentile
ML-GAM,age_group,50-59,scaled_brier,0.0123634204453128,0.0010383033745703294,0.020941755251526604,0.005099623952994913,200,percentile
ML-GAM,age_group,50-59,pct_flagged_7.5,0.0023136720311053207,0.000814225095271193,0.0038592212330118675,0.0009112847762034416,200,percentile
ML-GAM,age_group,50-59,TPR_7.5,0.0,0.0,0.0,0.0,200,percentile
ML-GAM,age_group,50-59,FPR_7.5,0.001870625269635326,0.0006441482866886404,0.003214146551229494,0.0006989717590649436,200,percentile
ML-GAM,age_group,50-59,pct_flagged_20,0.0,0.0,0.0,0.0,200,percentile
ML-GAM,age_group,50-59,TPR_20,0.0,0.0,0.0,0.0,200,percentile
ML-GAM,age_group,50-59,FPR_20,0.0,0.0,0.0,0.0,200,percentile
ML-GAM,age_group,50-59,rel_OE,0.8462477469053862,0.6217619542034368,1.109293272984521,0.1299962076050751,200,percentile
ML-GAM,age_group,60-69,n,3441.0,1635.9,1818.025,46.60562623745041,200,percentile
ML-GAM,age_group,60-69,events,102.0,41.975,59.025000000000006,4.820055984995658,200,percentile
ML-GAM,age_group,60-69,observed,0.02748240160978038,0.02009161283071983,0.03377440582077536,0.0034137971458165525,200,percentile
ML-GAM,age_group,60-69,expected,0.026981376631364996,0.026232816857258277,0.027770585673274204,0.0004154940217760417,200,percentile
ML-GAM,age_group,60-69,OE,1.0185692889306825,0.7494949156274648,1.2506704545198992,0.1280147611725853,200,percentile
ML-GAM,age_group,60-69,cal_intercept,0.02093769559616035,-0.29303108580169734,0.24431752541274354,0.13388015788065102,200,percentile
ML-GAM,age_group,60-69,cal_slope,0.8865860064345348,0.437382409682185,1.2685890840234668,0.22986528290067768,200,percentile
ML-GAM,age_group,60-69,AUC,0.6602458973853896,0.5849147634774736,0.7240495594755264,0.03996262130895992,200,percentile
ML-GAM,age_group,60-69,brier,0.026361850285922965,0.01972737811389381,0.03190327326645064,0.0031528590578613425,200,percentile
ML-GAM,age_group,60-69,scaled_brier,0.013666602925857196,-0.007991482253734954,0.032559114955702,0.011987043760858912,200,percentile
ML-GAM,age_group,60-69,pct_flagged_7.5,0.02944890985050204,0.02283457230829018,0.03612563136459216,0.0032952477048754725,200,percentile
ML-GAM,age_group,60-69,TPR_7.5,0.10764069500673605,0.025304491433858642,0.18296342173569694,0.04431796699222768,200,percentile
ML-GAM,age_group,60-69,FPR_7.5,0.027289271356116942,0.02042241427169176,0.034330562092755174,0.003475320711414687,200,percentile
ML-GAM,age_group,60-69,pct_flagged_20,0.0019577922403745266,0.00023931519097276972,0.0036153382311496273,0.0008871273492851448,200,percentile
ML-GAM,age_group,60-69,TPR_20,0.022995046328540977,0.0,0.05498486645087292,0.023304403514351042,200,percentile
ML-GAM,age_group,60-69,FPR_20,0.0013153114443334444,0.00023574829316805963,0.002592076849699783,0.0006547239307216992,200,percentile
ML-GAM,age_group,60-69,rel_OE,1.0787750563086367,0.8500969658407252,1.2619667309550135,0.10730462522236464,200,percentile
ML-GAM,age_group,70-79,n,2199.0,1038.9,1179.05,34.74548378158054,200,percentile
ML-GAM,age_group,70-79,events,180.0,77.975,101.025,6.3635089558478475,200,percentile
ML-GAM,age_group,70-79,observed,0.07518562748041359,0.06098421247699379,0.0879326116707674,0.007149773191958585,200,percentile
ML-GAM,age_group,70-79,expected,0.07211541355218831,0.06928207897165023,0.0749509598874825,0.0014709194923821303,200,percentile
ML-GAM,age_group,70-79,OE,1.0425736160550951,0.8471108332752768,1.2167900709082673,0.09613888036666528,200,percentile
ML-GAM,age_group,70-79,cal_intercept,0.04824750954431306,-0.19154159200341175,0.22304088473589345,0.10477655705699614,200,percentile
ML-GAM,age_group,70-79,cal_slope,0.9170954488475204,0.716830919178566,1.1953224926735966,0.1251031437728988,200,percentile
ML-GAM,age_group,70-79,AUC,0.6842623119836112,0.6411535602052567,0.7377888138710692,0.02572425631734948,200,percentile
ML-GAM,age_group,70-79,brier,0.06780153567844265,0.056555976516447955,0.07906857758504184,0.005845803623870232,200,percentile
ML-GAM,age_group,70-79,scaled_brier,0.02489781073976438,0.007916028151796877,0.04402544478801741,0.0106519343517353,200,percentile
ML-GAM,age_group,70-79,pct_flagged_7.5,0.3407826049739047,0.3153514454762543,0.3666316282644249,0.01373407474056419,200,percentile
ML-GAM,age_group,70-79,TPR_7.5,0.6043866221463974,0.4971957335422678,0.7012922585562053,0.05422821426725447,200,percentile
ML-GAM,age_group,70-79,FPR_7.5,0.3139319337526099,0.2797072097270561,0.3458814313249743,0.016058519747212393,200,percentile
ML-GAM,age_group,70-79,pct_flagged_20,0.02860987230589625,0.02030866729617769,0.03632749977379004,0.004219208357923294,200,percentile
ML-GAM,age_group,70-79,TPR_20,0.08237340236657273,0.03713630751641839,0.12759024352571688,0.022915349092951082,200,percentile
ML-GAM,age_group,70-79,FPR_20,0.02383654260884453,0.015615731509617887,0.031268834876702414,0.004146960304266601,200,percentile
ML-GAM,age_group,70-79,rel_OE,1.1041982352977406,0.9189549323211866,1.2755529188657393,0.09223159464959514,200,percentile
ML-GAM,income,PIR 1.3-3.5,n,4520.0,2170.925,2388.025,54.24898026042982,200,percentile
ML-GAM,income,PIR 1.3-3.5,events,144.0,59.975,83.0,6.214246478575054,200,percentile
ML-GAM,income,PIR 1.3-3.5,observed,0.024808312919204586,0.019594608039444846,0.029744718919790303,0.0028024703417131288,200,percentile
ML-GAM,income,PIR 1.3-3.5,expected,0.02502915284473015,0.023672483207078314,0.02654426411185258,0.0006661200933031495,200,percentile
ML-GAM,income,PIR 1.3-3.5,OE,0.9911766919601491,0.7824793888730179,1.1710784209506113,0.10748080286327825,200,percentile
ML-GAM,income,PIR 1.3-3.5,cal_intercept,-0.005940388169398327,-0.2725282942739774,0.18071644848993698,0.11695023323817753,200,percentile
ML-GAM,income,PIR 1.3-3.5,cal_slope,1.2208052765815,1.0497224048933889,1.4463524622657198,0.10745767511524827,200,percentile
ML-GAM,income,PIR 1.3-3.5,AUC,0.8342809448615622,0.8005149586849937,0.8769145331466952,0.021142699841790104,200,percentile
ML-GAM,income,PIR 1.3-3.5,brier,0.022809437178276836,0.01844000525337129,0.0272094693014109,0.002446415418304072,200,percentile
ML-GAM,income,PIR 1.3-3.5,scaled_brier,0.0571831243087062,0.03289736378466715,0.07884490704409006,0.012629164116954939,200,percentile
ML-GAM,income,PIR 1.3-3.5,pct_flagged_7.5,0.06680637286364553,0.05929242289153123,0.07436352345000563,0.003950389761336032,200,percentile
ML-GAM,income,PIR 1.3-3.5,TPR_7.5,0.39258275046439345,0.2543393222394442,0.5342595478006282,0.06414797107172969,200,percentile
ML-GAM,income,PIR 1.3-3.5,FPR_7.5,0.057252463066445464,0.04959620676584823,0.06586152999354086,0.004199563310868366,200,percentile
ML-GAM,income,PIR 1.3-3.5,pct_flagged_20,0.004938587189409042,0.0027379815331558775,0.0070190257769182016,0.0011157339586093324,200,percentile
ML-GAM,income,PIR 1.3-3.5,TPR_20,0.05452382317406004,0.006604922692339851,0.0993670761558884,0.024659422994880845,200,percentile
ML-GAM,income,PIR 1.3-3.5,FPR_20,0.003520507796898665,0.0017575825354218086,0.0055650281457715264,0.0009462552811303757,200,percentile
ML-GAM,income,PIR 1.3-3.5,rel_OE,1.0497633330410425,0.8608400410211626,1.2153426127589904,0.09201651817268111,200,percentile
ML-GAM,income,PIR<1.3,n,3136.0,1472.825,1683.25,52.700346608569106,200,percentile
ML-GAM,income,PIR<1.3,events,124.0,53.0,71.025,4.84949098504888,200,percentile
ML-GAM,income,PIR<1.3,observed,0.033344338747349433,0.027683901798192287,0.0392704144507419,0.0033336722033804186,200,percentile
ML-GAM,income,PIR<1.3,expected,0.02539540126735846,0.024137712789844078,0.026892634723955,0.0007117324637757843,200,percentile
ML-GAM,income,PIR<1.3,OE,1.3130069651708163,1.0915660992734375,1.5688971912799385,0.13107868150292398,200,percentile
ML-GAM,income,PIR<1.3,cal_intercept,0.28959486054209727,0.09337261167483965,0.4917959609783866,0.10768132850146717,200,percentile
ML-GAM,income,PIR<1.3,cal_slope,0.8815002405020268,0.6495295976373563,1.12025540468055,0.1188124006671646,200,percentile
ML-GAM,income,PIR<1.3,AUC,0.7667273517407438,0.7039754846061962,0.8242741962615101,0.0335993779547894,200,percentile
ML-GAM,income,PIR<1.3,brier,0.031072870546172675,0.025660476727516673,0.03678879843196254,0.003071980772998872,200,percentile
ML-GAM,income,PIR<1.3,scaled_brier,0.03597684005227664,0.01246925532995192,0.06318522990804895,0.013283748952900102,200,percentile
ML-GAM,income,PIR<1.3,pct_flagged_7.5,0.06629150247469665,0.0561885037764668,0.07609178117937374,0.005302096685642332,200,percentile
ML-GAM,income,PIR<1.3,TPR_7.5,0.2652634736251728,0.19294402577954067,0.3589530360152956,0.042453561494477106,200,percentile
ML-GAM,income,PIR<1.3,FPR_7.5,0.06016054370262552,0.04766014248789406,0.06994534745089862,0.005748725472237413,200,percentile
ML-GAM,income,PIR<1.3,pct_flagged_20,0.008020898533102509,0.005175651055275301,0.010913163414527124,0.00158257719307422,200,percentile
ML-GAM,income,PIR<1.3,TPR_20,0.05625237739608649,0.009707946653990385,0.11061123935019519,0.028561234941910582,200,percentile
ML-GAM,income,PIR<1.3,FPR_20,0.006254804788884798,0.00389327867212938,0.008578986854057705,0.0012034062313388794,200,percentile
ML-GAM,income,PIR<1.3,rel_OE,1.3906164049701417,1.1996505684005276,1.645998460421609,0.12190498306962029,200,percentile
ML-GAM,income,PIR>3.5,n,4696.0,2220.85,2496.075,77.13295820339081,200,percentile
ML-GAM,income,PIR>3.5,events,60.0,20.975,39.0,4.404702831653446,200,percentile
ML-GAM,income,PIR>3.5,observed,0.010632934308043336,0.007349050783852543,0.013720164086227985,0.0016739752586817243,200,percentile
ML-GAM,income,PIR>3.5,expected,0.015206155478136463,0.014708129499967925,0.015816330665632143,0.00030163486682281915,200,percentile
ML-GAM,income,PIR>3.5,OE,0.6992519788010492,0.4906285248700934,0.8939334000671303,0.10872399322248792,200,percentile
ML-GAM,income,PIR>3.5,cal_intercept,-0.3750765440882595,-0.7446070617960094,-0.11905954808740717,0.16551775612982667,200,percentile
ML-GAM,income,PIR>3.5,cal_slope,1.0740307343892335,0.8487742697080589,1.3592712146748593,0.13839199226231946,200,percentile
ML-GAM,income,PIR>3.5,AUC,0.7999787471214619,0.7337391720453122,0.8675264581854661,0.035741252951416815,200,percentile
ML-GAM,income,PIR>3.5,brier,0.010444246490675359,0.0073468225817345766,0.013567351835819398,0.0015855290877228396,200,percentile
ML-GAM,income,PIR>3.5,scaled_brier,0.007189108734986793,-0.017656911144194834,0.026558152057765485,0.012095947304027632,200,percentile
ML-GAM,income,PIR>3.5,pct_flagged_7.5,0.020712748083511427,0.016911697607096387,0.024766007673547887,0.0019595710189061707,200,percentile
ML-GAM,income,PIR>3.5,TPR_7.5,0.13576266738777729,0.07407379777409906,0.2054569604724403,0.038272119162665444,200,percentile
ML-GAM,income,PIR>3.5,FPR_7.5,0.018966966376893126,0.014794943515302972,0.02292260535320787,0.0020050503058652294,200,percentile
ML-GAM,income,PIR>3.5,pct_flagged_20,0.0010268453039273843,0.00028836060299036016,0.0018268372893148121,0.0003892505597950424,200,percentile
ML-GAM,income,PIR>3.5,TPR_20,0.010613017769593893,0.0,0.028201584300868006,0.010996605348801902,200,percentile
ML-GAM,income,PIR>3.5,FPR_20,0.0009039446978997397,0.00018755887691490202,0.001765214232027329,0.00042350001888525175,200,percentile
ML-GAM,income,PIR>3.5,rel_OE,0.7405834841112736,0.5437140338442479,0.9008734308334948,0.09305242589702593,200,percentile
ML-GAM,education,<HS,n,4127.0,1938.9,2184.225,65.42879362464113,200,percentile
ML-GAM,education,<HS,events,151.0,66.0,86.025,5.802364792559121,200,percentile
ML-GAM,education,<HS,observed,0.032376908726087124,0.026536536549414846,0.03914590677144912,0.0034712574463381797,200,percentile
ML-GAM,education,<HS,expected,0.02925133472826693,0.027688826094483168,0.031055956180699697,0.0008497095998835094,200,percentile
ML-GAM,education,<HS,OE,1.106852354836301,0.9034978101269125,1.3237508007773913,0.11287170754093404,200,percentile
ML-GAM,education,<HS,cal_intercept,0.0922044877547711,-0.11418979202945495,0.288300582437617,0.10919054420056776,200,percentile
ML-GAM,education,<HS,cal_slope,0.8818292109837889,0.6082531791881494,1.0941478741180068,0.12888467734250264,200,percentile
ML-GAM,education,<HS,AUC,0.7627670086003203,0.6824299465103572,0.8135193792762839,0.033510433138769,200,percentile
ML-GAM,education,<HS,brier,0.03027803336242818,0.024741172557172238,0.03640613955247766,0.002995115052923602,200,percentile
ML-GAM,education,<HS,scaled_brier,0.033535161240455524,0.0013540448167904645,0.05468486044657145,0.014342564606868212,200,percentile
ML-GAM,education,<HS,pct_flagged_7.5,0.08610438590992697,0.07361395844159244,0.09729966604205925,0.006538231943067598,200,percentile
ML-GAM,education,<HS,TPR_7.5,0.34496702590362327,0.22279186995550102,0.4585033905240634,0.058989027434000925,200,percentile
ML-GAM,education,<HS,FPR_7.5,0.07839631891602207,0.06638992879088199,0.08925741683609816,0.006120310513527977,200,percentile
ML-GAM,education,<HS,pct_flagged_20,0.007836361789543117,0.005337738413879775,0.010260061494952878,0.0012775390561451541,200,percentile
ML-GAM,education,<HS,TPR_20,0.035793378999545634,0.011723510282130882,0.06284542561640351,0.013479678973336764,200,percentile
ML-GAM,education,<HS,FPR_20,0.007154159732594568,0.004889588974647968,0.009746278058254034,0.001312029730648879,200,percentile
ML-GAM,education,<HS,rel_OE,1.1722763727418222,0.9793178977017003,1.408352265958725,0.11155973019454801,200,percentile
ML-GAM,education,College+,n,2796.0,1304.975,1500.025,53.95514585115207,200,percentile
ML-GAM,education,College+,events,48.0,16.975,31.0,3.678591466292416,200,percentile
ML-GAM,education,College+,observed,0.011890496825387504,0.0074329945776317186,0.015442930003298673,0.001967586377508383,200,percentile
ML-GAM,education,College+,expected,0.015102051179192326,0.01424283316822825,0.01595451780450787,0.00046913061014855674,200,percentile
ML-GAM,education,College+,OE,0.78734316844127,0.5131277374705655,1.0337057684055635,0.12916032032299246,200,percentile
ML-GAM,education,College+,cal_intercept,-0.25554718751046085,-0.7020764047487248,0.020329132164513465,0.1804378965358359,200,percentile
ML-GAM,education,College+,cal_slope,1.3505517539831202,1.0726929019391742,1.691086347335975,0.16259231116934691,200,percentile
ML-GAM,education,College+,AUC,0.8559979578632034,0.7824570058784859,0.9277432730441064,0.0398679522661256,200,percentile
ML-GAM,education,College+,brier,0.011190904860402183,0.0071592515285864135,0.014384128397900521,0.0017730705359873032,200,percentile
ML-GAM,education,College+,scaled_brier,0.04751065501511964,0.008593615472129435,0.07641232238009797,0.01796143814658044,200,percentile
ML-GAM,education,College+,pct_flagged_7.5,0.023349207065745357,0.019019382939164747,0.027369517366814537,0.002299615594551517,200,percentile
ML-GAM,education,College+,TPR_7.5,0.2804603373255766,0.16030714892888193,0.4067496352262521,0.06973861292253936,200,percentile
ML-GAM,education,College+,FPR_7.5,0.019472506772120025,0.014342028018304302,0.024877826676031414,0.002701600996902003,200,percentile
ML-GAM,education,College+,pct_flagged_20,0.0020570275390456956,0.00046130097443017884,0.0033612183172742685,0.0007654639899804535,200,percentile
ML-GAM,education,College+,TPR_20,0.05090662162057757,0.0,0.12701303297291805,0.039627182444286355,200,percentile
ML-GAM,education,College+,FPR_20,0.0016842662364978849,0.0,0.0034026466674844215,0.000837201959509794,200,percentile
ML-GAM,education,College+,rel_OE,0.8338815828240173,0.5465433539411463,1.0657296262448728,0.12613534756302683,200,percentile
ML-GAM,education,HS/GED,n,3138.0,1493.975,1683.2,48.626561542403756,200,percentile
ML-GAM,education,HS/GED,events,90.0,34.975,53.025000000000006,4.906195447477018,200,percentile
ML-GAM,education,HS/GED,observed,0.021187660395128236,0.01528445269397985,0.027484223685357502,0.0033549150451948192,200,percentile
ML-GAM,education,HS/GED,expected,0.022467334689302062,0.021485445303561765,0.023580397728723914,0.0005349101283128039,200,percentile
ML-GAM,education,HS/GED,OE,0.9430428970827969,0.6928777784800702,1.2088766724012405,0.142555780859449,200,percentile
ML-GAM,education,HS/GED,cal_intercept,-0.05232830697949212,-0.37848754820157515,0.207341080524426,0.16528505224585696,200,percentile
ML-GAM,education,HS/GED,cal_slope,1.229860575914752,0.9941455206813895,1.5644582424574265,0.14441947397347263,200,percentile
ML-GAM,education,HS/GED,AUC,0.8242632079383201,0.7663809314995622,0.8955022889659695,0.033331064312808335,200,percentile
ML-GAM,education,HS/GED,brier,0.019618777525161613,0.014178056022204134,0.0254517719816965,0.003016617240838204,200,percentile
ML-GAM,education,HS/GED,scaled_brier,0.054003557162161764,0.025294300701515192,0.07782090394121018,0.013120925109503611,200,percentile
ML-GAM,education,HS/GED,pct_flagged_7.5,0.05221561968153605,0.04474408764857277,0.05943028788049538,0.004054622994333067,200,percentile
ML-GAM,education,HS/GED,TPR_7.5,0.31758435554641684,0.20403819130973552,0.4745073491106259,0.06530314682058486,200,percentile
ML-GAM,education,HS/GED,FPR_7.5,0.045402723150312484,0.037640497161064046,0.05315830442745257,0.0038473063179191745,200,percentile
ML-GAM,education,HS/GED,pct_flagged_20,0.004175177199461445,0.0021849586438722614,0.006235595593204467,0.0010132841376199817,200,percentile
ML-GAM,education,HS/GED,TPR_20,0.05966399238059757,0.0,0.12518237817225739,0.031788814609897326,200,percentile
ML-GAM,education,HS/GED,FPR_20,0.0025392737562010643,0.0012302070889931064,0.003954771251932026,0.000735915665580613,200,percentile
ML-GAM,education,HS/GED,rel_OE,0.9987844376006777,0.750892900658482,1.201105307528416,0.1147373769361965,200,percentile
ML-GAM,education,Some college,n,3390.0,1620.95,1784.05,43.63422196663034,200,percentile
ML-GAM,education,Some college,events,71.0,27.0,44.0,4.342934538075615,200,percentile
ML-GAM,education,Some college,observed,0.015960103181500224,0.01083857772862259,0.02083309756017719,0.0025254781547531103,200,percentile
ML-GAM,education,Some college,expected,0.017422754688131942,0.016550827919311357,0.018128386101110727,0.0004091104973296663,200,percentile
ML-GAM,education,Some college,OE,0.9160493542603771,0.6247191651873298,1.2140437706206757,0.14059296881707878,200,percentile
ML-GAM,education,Some college,cal_intercept,-0.09768089108786625,-0.4925855438418919,0.2132355575080213,0.16268695494699947,200,percentile
ML-GAM,education,Some college,cal_slope,1.0257292301048995,0.8214289915146606,1.2676892170625569,0.1090247571773824,200,percentile
ML-GAM,education,Some college,AUC,0.7932026316173888,0.7366736017667154,0.848858374791981,0.027994396017761894,200,percentile
ML-GAM,education,Some college,brier,0.01541453758558241,0.01057846167669454,0.020210017089948525,0.0023889524914783807,200,percentile
ML-GAM,education,Some college,scaled_brier,0.018518541675439093,-0.0015772852497117629,0.03545643994931274,0.00910838353725351,200,percentile
ML-GAM,education,Some college,pct_flagged_7.5,0.028832219342491996,0.024632518265831935,0.03303487077753583,0.002343934554147195,200,percentile
ML-GAM,education,Some college,TPR_7.5,0.19602096960847112,0.09806148154867744,0.3099693285046479,0.04951122063680927,200,percentile
ML-GAM,education,Some college,FPR_7.5,0.02643998002559166,0.022315374056576156,0.03126492430839719,0.002434126920656363,200,percentile
ML-GAM,education,Some college,pct_flagged_20,0.0014794345955019333,0.00045182073511521384,0.0024764183968025225,0.0005295154796486178,200,percentile
ML-GAM,education,Some college,TPR_20,0.01799741348590377,0.0,0.04130443469267267,0.014647481749973974,200,percentile
ML-GAM,education,Some college,FPR_20,0.0011783516282184848,0.00021625628585344284,0.0020189939991180172,0.00045735128645600404,200,percentile
ML-GAM,education,Some college,rel_OE,0.9701953558418941,0.7152600555911707,1.2298836657099115,0.13565633737255547,200,percentile
ML-GAM,sex,GAP(max-min),OE,0.0440038371449778,0.0,0.08408045174010954,0.07209334921855806,200,basic
ML-GAM,sex,GAP(max-min),AUC,0.023289497469491938,0.0,0.04438717481765385,0.01932874987873496,200,basic
ML-GAM,sex,GAP(max-min),cal_slope,0.07729376892114215,0.0,0.14622454240164867,0.07348982166332883,200,basic
ML-GAM,sex,GAP(max-min),TPR_7.5,0.01865865524302507,0.0,0.0356689320296344,0.03338714110734756,200,basic
ML-GAM,sex,GAP(max-min),FPR_7.5,0.017096941305636874,0.011382334488668811,0.022441233952562128,0.0029190760129388714,200,basic
ML-GAM,sex,GAP(max-min),pct_flagged_7.5,0.019117666595526953,0.01284905923743182,0.02540607197480674,0.003096163620183396,200,basic
ML-GAM,sex,GAP(max/min),OE,1.0478630844565444,1.0,1.0914102678029232,0.08653001328181655,200,basic
ML-GAM,race,GAP(max-min),OE,0.1761437821147328,0.0,0.2836864849872007,0.16584309709076328,200,basic
ML-GAM,race,GAP(max-min),AUC,0.12511939597814725,0.04067688495359259,0.21578337411752033,0.04345418834734975,200,basic
ML-GAM,race,GAP(max-min),cal_slope,0.44938876683419615,0.1119667997639916,0.7776820337990965,0.17063824625010668,200,basic
ML-GAM,race,GAP(max-min),TPR_7.5,0.1295922086337053,0.0,0.23925560293475065,0.07379490926701318,200,basic
ML-GAM,race,GAP(max-min),FPR_7.5,0.02330396830027101,0.01141010293346676,0.037152801230927346,0.006943265890320374,200,basic
ML-GAM,race,GAP(max-min),pct_flagged_7.5,0.0286719190954356,0.017203342991642195,0.0413780913707269,0.007114703872895364,200,basic
ML-GAM,race,GAP(max/min),OE,1.199314958605197,1.0,1.3251391030909938,0.25518363859839,200,basic
ML-GAM,age_group,GAP(max-min),OE,0.28025362170750256,0.0,0.3954237919271595,0.14075513032928857,200,basic
ML-GAM,age_group,GAP(max-min),AUC,0.11797159327630913,0.0,0.1906988679684756,0.05878111420510586,200,basic
ML-GAM,age_group,GAP(max-min),cal_slope,0.6875220592536373,0.0,1.0658169632005958,0.2951845491849529,200,basic
ML-GAM,age_group,GAP(max-min),TPR_7.5,0.6043866221463974,0.5074809857365895,0.7115775107505269,0.05422821426725447,200,basic
ML-GAM,age_group,GAP(max-min),FPR_7.5,0.3130397892884268,0.28118118195802505,0.3467676241307681,0.01590254951154003,200,basic
ML-GAM,age_group,GAP(max-min),pct_flagged_7.5,0.33975400760797453,0.3148825411539595,0.364206306770608,0.013621153311965615,200,basic
ML-GAM,age_group,GAP(max/min),OE,1.3676325214942693,1.0,1.5460219694113968,0.34140607617421875,200,basic
ML-GAM,income,GAP(max-min),OE,0.6137549863697671,0.29553156034474637,0.8655978865782843,0.14575573580074686,200,basic
ML-GAM,income,GAP(max-min),AUC,0.06755359312081843,0.0,0.11405025525431023,0.03441840837046081,200,basic
ML-GAM,income,GAP(max-min),cal_slope,0.33930503607947327,0.0,0.5507507882775795,0.1462904625548884,200,basic
ML-GAM,income,GAP(max-min),TPR_7.5,0.2568200830766162,0.10784899922060359,0.3825533156885462,0.07037025452533542,200,basic
ML-GAM,income,GAP(max-min),FPR_7.5,0.041193577325732395,0.03074320953122485,0.04819526288023398,0.0045566332874745884,200,basic
ML-GAM,income,GAP(max-min),pct_flagged_7.5,0.04609362478013411,0.035721611754540285,0.05194758819179326,0.004225004403199923,200,basic
ML-GAM,income,GAP(max/min),OE,1.877730782288415,1.02551641356429,2.2886988736982796,0.3283792843291849,200,basic
ML-GAM,education,GAP(max-min),OE,0.319509186395031,0.0,0.490464079653929,0.14985566942125594,200,basic
ML-GAM,education,GAP(max-min),AUC,0.09323094926288311,0.0,0.14465191338476652,0.039889079894025556,200,basic
ML-GAM,education,GAP(max-min),cal_slope,0.46872254299933136,0.05216103340358669,0.6745908238876905,0.16223150590383964,200,basic
ML-GAM,education,GAP(max-min),TPR_7.5,0.14894605629515215,0.0,0.22279922808267172,0.06372584141071375,200,basic
ML-GAM,education,GAP(max-min),FPR_7.5,0.05892381214390205,0.046241221613996825,0.07158635920290579,0.006512544003392983,200,basic
ML-GAM,education,GAP(max-min),pct_flagged_7.5,0.06275517884418161,0.0503690147902638,0.07544130986431498,0.00703119682708776,200,basic
ML-GAM,education,GAP(max/min),OE,1.4058067678768005,1.0,1.6337174097427674,0.30797659510352027,200,basic
ML-GBM,Overall,All,n,13466.0,6549.975,6986.575,116.30726406105006,200,percentile
ML-GBM,Overall,All,events,362.0,165.95,199.025,9.038131116019047,200,percentile
ML-GBM,Overall,All,observed,0.019019590401501755,0.0162500167797753,0.02226417794119519,0.0014553929407854836,200,percentile
ML-GBM,Overall,All,expected,0.019458565085426167,0.018484589649272395,0.020455347714743655,0.00047614242742968066,200,percentile
ML-GBM,Overall,All,OE,0.9774405418900498,0.8567751260771733,1.1365432935181559,0.07170830321243642,200,percentile
ML-GBM,Overall,All,cal_intercept,-0.03629247484813164,-0.17652807219476258,0.12204167987188647,0.07774169117975012,200,percentile
ML-GBM,Overall,All,cal_slope,0.79324954786659,0.6783189303158024,0.8981150839674094,0.0550316761293174,200,percentile
ML-GBM,Overall,All,AUC,0.7880769907592139,0.7470017161103413,0.8262919594979211,0.020808549157825165,200,percentile
ML-GBM,Overall,All,brier,0.018152296492042825,0.01576298100997086,0.021140316711634858,0.0013212742768247754,200,percentile
ML-GBM,Overall,All,scaled_brier,0.0270957913218699,0.004656112029019475,0.045554755070328405,0.01132809397962419,200,percentile
ML-GBM,Overall,All,pct_flagged_7.5,0.05261937495907334,0.04760869419776919,0.056955268542171304,0.0022934983744723456,200,percentile
ML-GBM,Overall,All,TPR_7.5,0.3353511424109221,0.2732326311791819,0.3985320956266325,0.03370685443681902,200,percentile
ML-GBM,Overall,All,FPR_7.5,0.04761722203659946,0.04334094957025122,0.05142449249850143,0.00216898722810927,200,percentile
ML-GBM,Overall,All,pct_flagged_20,0.009189907758601807,0.007590177623557119,0.011071048256686004,0.0008708369358040501,200,percentile
ML-GBM,Overall,All,TPR_20,0.08313988965586756,0.05068546803584241,0.12070319553629386,0.01790848048072494,200,percentile
ML-GBM,Overall,All,FPR_20,0.008032736974870539,0.006575870478326351,0.009879943753541781,0.0008487286305157628,200,percentile
ML-GBM,Overall,All,rel_OE,1.0,1.0,1.0,0.0,200,percentile
ML-GBM,sex,Female,n,6883.0,3348.95,3578.15,61.643712057118236,200,percentile
ML-GBM,sex,Female,events,145.0,62.0,85.0,6.11168869408998,200,percentile
ML-GBM,sex,Female,observed,0.01550122652400136,0.012528100855061624,0.01828931830786972,0.0015613007824584707,200,percentile
ML-GBM,sex,Female,expected,0.016719488854640727,0.015645507742855263,0.017803699562224738,0.0005542000600026529,200,percentile
ML-GBM,sex,Female,OE,0.9271351928739603,0.7582058524341876,1.09516367272715,0.08518145914251586,200,percentile
ML-GBM,sex,Female,cal_intercept,-0.0997285245390568,-0.3213381879673106,0.08602436382741986,0.10056181753492459,200,percentile
ML-GBM,sex,Female,cal_slope,0.7982706082492769,0.6486500253029138,0.9295889835042133,0.07529897228169627,200,percentile
ML-GBM,sex,Female,AUC,0.7938002599445666,0.7389862974030927,0.8420638053153028,0.028840216566969272,200,percentile
ML-GBM,sex,Female,brier,0.014850639267380917,0.012088680409261402,0.017681633981673075,0.0014506604687793286,200,percentile
ML-GBM,sex,Female,scaled_brier,0.02688558327295787,-0.005890181110838039,0.06091495470419097,0.017271573218119424,200,percentile
ML-GBM,sex,Female,pct_flagged_7.5,0.04355380000195893,0.03844517055351433,0.04809457958071428,0.0024169118875018688,200,percentile
ML-GBM,sex,Female,TPR_7.5,0.3323382847998072,0.2410174147420964,0.42863117150221236,0.049137321929953244,200,percentile
ML-GBM,sex,Female,FPR_7.5,0.039524584944246814,0.0346117613098804,0.04443016682121592,0.0025211536763615153,200,percentile
ML-GBM,sex,Female,pct_flagged_20,0.007086251633377148,0.005205144802933015,0.009160370574121907,0.0009566583467267663,200,percentile
ML-GBM,sex,Female,TPR_20,0.08459262665823374,0.03617735610956035,0.1424844326639504,0.02882628005267872,200,percentile
ML-GBM,sex,Female,FPR_20,0.0062284195202636115,0.004240360076164605,0.008517093468485662,0.0011030581793797331,200,percentile
ML-GBM,sex,Female,rel_OE,0.9485335968172391,0.8274835597645066,1.069724313753005,0.06347644968624397,200,percentile
ML-GBM,sex,Male,n,6583.0,3189.9,3428.1,62.9822163222629,200,percentile
ML-GBM,sex,Male,events,217.0,95.0,122.025,7.3893580956214695,200,percentile
ML-GBM,sex,Male,observed,0.022927328551733867,0.019565152887272143,0.02805681210964602,0.002226526655470356,200,percentile
ML-GBM,sex,Male,expected,0.022508113363140857,0.02151965659532511,0.02360920025740572,0.0005613026952676072,200,percentile
ML-GBM,sex,Male,OE,1.0186250700727104,0.8708392121786193,1.236553845981497,0.0969654798808868,200,percentile
ML-GBM,sex,Male,cal_intercept,0.013678856660771326,-0.15327637924785076,0.2195237701914234,0.10247870959574548,200,percentile
ML-GBM,sex,Male,cal_slope,0.7822612450182076,0.6618671895631048,0.9280369266709373,0.0702232780119081,200,percentile
ML-GBM,sex,Male,AUC,0.7755515177699185,0.7272734549629297,0.8206341277430721,0.024731842371833533,200,percentile
ML-GBM,sex,Male,brier,0.021819345252493086,0.018880581123832504,0.026339742595776774,0.001975674500399493,200,percentile
ML-GBM,sex,Male,scaled_brier,0.02599453543477115,-0.00355900503229059,0.056373251578088146,0.015099472889774512,200,percentile
ML-GBM,sex,Male,pct_flagged_7.5,0.06271252541112705,0.05678760284475546,0.06928534599455845,0.003356313571666397,200,percentile
ML-GBM,sex,Male,TPR_7.5,0.33761357640219614,0.27059147694425856,0.4114719757394976,0.037590496312720184,200,percentile
ML-GBM,sex,Male,FPR_7.5,0.056673778101096625,0.050417390506541176,0.06273434477889614,0.0032434216427386347,200,percentile
ML-GBM,sex,Male,pct_flagged_20,0.011532011582321686,0.009145435614169724,0.014334326680646676,0.0013440427923493508,200,percentile
ML-GBM,sex,Male,TPR_20,0.0820489912468589,0.04263906409358084,0.12675418514456868,0.0231285018768932,200,percentile
ML-GBM,sex,Male,FPR_20,0.01005196778916718,0.007799268573165941,0.012449293227740764,0.0012812431887218234,200,percentile
ML-GBM,sex,Male,rel_OE,1.0421350725876617,0.9419963297029601,1.1425551494836335,0.05222346007258906,200,percentile
ML-GBM,race,Mexican American,n,2794.0,1145.85,1619.0,121.41411175256074,200,percentile
ML-GBM,race,Mexican American,events,62.0,19.0,40.025000000000006,5.467124219933264,200,percentile
ML-GBM,race,Mexican American,observed,0.016964214623544305,0.009631503203861877,0.023200238450520924,0.0035460752957624667,200,percentile
ML-GBM,race,Mexican American,expected,0.014816978020925877,0.013164444785797084,0.016069454402602983,0.000779064652832847,200,percentile
ML-GBM,race,Mexican American,OE,1.1449173103709749,0.7131967649926313,1.5349745919391762,0.21265159780571605,200,percentile
ML-GBM,race,Mexican American,cal_intercept,0.1238888374225896,-0.3629173828887475,0.4487995651517227,0.21220970025543515,200,percentile
ML-GBM,race,Mexican American,cal_slope,0.6133098649699943,0.4006355671761582,0.8563218639197963,0.12034968538640547,200,percentile
ML-GBM,race,Mexican American,AUC,0.7163899850146827,0.6282699113302987,0.8054002809726069,0.048037465158702046,200,percentile
ML-GBM,race,Mexican American,brier,0.016601185125283465,0.009877712911620436,0.022745871924975482,0.0034215779777824968,200,percentile
ML-GBM,race,Mexican American,scaled_brier,0.004512052055550053,-0.03914846655316722,0.03321526504942665,0.018358048413659733,200,percentile
ML-GBM,race,Mexican American,pct_flagged_7.5,0.035426235516295035,0.02711146236895697,0.042430301137704234,0.003982744503549204,200,percentile
ML-GBM,race,Mexican American,TPR_7.5,0.2200480719618364,0.09276615592350426,0.34063755048749966,0.06392552053796458,200,percentile
ML-GBM,race,Mexican American,FPR_7.5,0.034587238946190244,0.025836357111231827,0.04236972478444675,0.00426581185416227,200,percentile
ML-GBM,race,Mexican American,pct_flagged_20,0.005557258462800126,0.003380520704427263,0.007740075336160718,0.001162841371011419,200,percentile
ML-GBM,race,Mexican American,TPR_20,0.02194443075531683,0.0,0.052816411050802085,0.01364771380683237,200,percentile
ML-GBM,race,Mexican American,FPR_20,0.005881860742637445,0.003683331511487549,0.00813086604367028,0.0012623130500168998,200,percentile
ML-GBM,race,Mexican American,rel_OE,1.1713421546410177,0.7666653373953246,1.5754222124874908,0.21922318923286466,200,percentile
ML-GBM,race,NH Black,n,2577.0,1128.725,1444.15,80.62646656373303,200,percentile
ML-GBM,race,NH Black,events,85.0,32.0,55.025000000000006,5.648284303918265,200,percentile
ML-GBM,race,NH Black,observed,0.025578082541956617,0.020286024190519617,0.03069837434964328,0.002788530360386717,200,percentile
ML-GBM,race,NH Black,expected,0.02424385967485839,0.021968985340865103,0.026153655445507806,0.0010902278834329256,200,percentile
ML-GBM,race,NH Black,OE,1.0550334346507482,0.8325629916571659,1.2933997415281648,0.12041679492805467,200,percentile
ML-GBM,race,NH Black,cal_intercept,0.041132773194248656,-0.23276700021539098,0.2694262925927238,0.13230046409516338,200,percentile
ML-GBM,race,NH Black,cal_slope,0.7078261426656758,0.521192685146931,0.8907519042810712,0.09272904194281559,200,percentile
ML-GBM,race,NH Black,AUC,0.7549770269967704,0.6731611646960356,0.8235296037315033,0.03672582912307091,200,percentile
ML-GBM,race,NH Black,brier,0.02398391235347863,0.019510071288512242,0.028152288390463954,0.0025163312226978538,200,percentile
ML-GBM,race,NH Black,scaled_brier,0.03771215519869797,-0.01471950717167933,0.0886045367717361,0.027052048660400663,200,percentile
ML-GBM,race,NH Black,pct_flagged_7.5,0.06845208479043528,0.05832693498634361,0.07772490573328408,0.005350479860989144,200,percentile
ML-GBM,race,NH Black,TPR_7.5,0.35087783660265065,0.24702213317301447,0.45707796120288907,0.05510163437396851,200,percentile
ML-GBM,race,NH Black,FPR_7.5,0.06280275751392705,0.05141889803662716,0.0729202417263493,0.0057010046915632155,200,percentile
ML-GBM,race,NH Black,pct_flagged_20,0.016530271587377156,0.01167621978063019,0.02133910233077371,0.002546627269277382,200,percentile
ML-GBM,race,NH Black,TPR_20,0.14271537825094097,0.06815650194030591,0.22463550819502767,0.03879212409703715,200,percentile
ML-GBM,race,NH Black,FPR_20,0.012777948647453968,0.008079148920936174,0.017692462361128498,0.0025662758561285004,200,percentile
ML-GBM,race,NH Black,rel_OE,1.0793837470775043,0.8447921317090858,1.322927380365229,0.12689478743476382,200,percentile
ML-GBM,race,NH White,n,6689.0,3072.275,3686.4,156.1562920208099,200,percentile
ML-GBM,race,NH White,events,191.0,83.0,115.05000000000001,8.523274372572477,200,percentile
ML-GBM,race,NH White,observed,0.01875577802761195,0.015678117134997872,0.023020887600896885,0.0018421529313167853,200,percentile
ML-GBM,race,NH White,expected,0.019675385460254,0.018706965946539506,0.02082601565083142,0.0005564803876113751,200,percentile
ML-GBM,race,NH White,OE,0.9532610207561251,0.795825324142127,1.1475422657230883,0.08872365267413275,200,percentile
ML-GBM,race,NH White,cal_intercept,-0.054929549333982544,-0.24582312720389637,0.1409352284723609,0.09922284291811533,200,percentile
ML-GBM,race,NH White,cal_slope,0.8554200235920588,0.7337330325802405,0.980966979161721,0.061560916277271525,200,percentile
ML-GBM,race,NH White,AUC,0.809915978098237,0.7637306448279764,0.8482474119118294,0.022185846074047,200,percentile
ML-GBM,race,NH White,brier,0.017826783043305056,0.015001341676006062,0.021811580750455983,0.0016519232935984164,200,percentile
ML-GBM,race,NH White,scaled_brier,0.031363606387287635,0.0069534410762316,0.055827863685664066,0.013524421681001831,200,percentile
ML-GBM,race,NH White,pct_flagged_7.5,0.05381014198113212,0.04894651822036179,0.05927598615256929,0.002709545527176649,200,percentile
ML-GBM,race,NH White,TPR_7.5,0.35910657308206034,0.28711616713748517,0.44303378376317315,0.040940855254129625,200,percentile
ML-GBM,race,NH White,FPR_7.5,0.0474714055876528,0.042906573420439534,0.05248058533329812,0.0025133530353686796,200,percentile
ML-GBM,race,NH White,pct_flagged_20,0.009166100419616349,0.007206190063959508,0.01150418913216182,0.0010604088471530273,200,percentile
ML-GBM,race,NH White,TPR_20,0.08301127760106157,0.04755779426385157,0.12509967689817722,0.021369161595612064,200,percentile
ML-GBM,race,NH White,FPR_20,0.008008369104481272,0.006270532688595647,0.010101059366864382,0.000999518593410891,200,percentile
ML-GBM,race,NH White,rel_OE,0.9752624122924455,0.916395642170842,1.033380419707753,0.0311478317725535,200,percentile
ML-GBM,race,Other Hispanic,n,929.0,348.0,588.25,57.52556761691484,200,percentile
ML-GBM,race,Other Hispanic,events,17.0,4.0,14.0,2.656891106492472,200,percentile
ML-GBM,race,Other Hispanic,observed,0.016140591697789083,0.0056170432775479815,0.02772504920273109,0.006010455665013247,200,percentile
ML-GBM,race,Other Hispanic,expected,0.015882598980322665,0.013037908174198035,0.018020201860878635,0.0013061703362688747,200,percentile
ML-GBM,race,Other Hispanic,OE,1.01624373427712,0.3224976996221602,1.9399003790335614,0.40004103217437004,200,percentile
ML-GBM,race,Other Hispanic,cal_intercept,0.017887048755540997,-1.2185008633983472,0.7161120662598107,0.4759536856698399,200,percentile
ML-GBM,race,Other Hispanic,cal_slope,0.586968620909248,0.2993108339793698,0.9694675480083778,0.17483800089724755,200,percentile
ML-GBM,race,Other Hispanic,AUC,0.7577618359204938,0.6404134272450875,0.8904625836763984,0.06514811449891118,200,percentile
ML-GBM,race,Other Hispanic,brier,0.01649558554273332,0.00652505870018659,0.02783740286344845,0.005759233467200216,200,percentile
ML-GBM,race,Other Hispanic,scaled_brier,-0.03876005767721713,-0.22770068178285854,0.02399517728977735,0.0672504187304429,200,percentile
ML-GBM,race,Other Hispanic,pct_flagged_7.5,0.03313705446121409,0.022138806164195272,0.04247094389858846,0.005491648928416419,200,percentile
ML-GBM,race,Other Hispanic,TPR_7.5,0.0794073980147924,0.0,0.22099156661901087,0.06763290421717855,200,percentile
ML-GBM,race,Other Hispanic,FPR_7.5,0.0317901875852392,0.021331031017014085,0.04131854612967594,0.005680474952859558,200,percentile
ML-GBM,race,Other Hispanic,pct_flagged_20,0.006153367754452488,0.0010799732714853497,0.011284379127291147,0.0029003012912837477,200,percentile
ML-GBM,race,Other Hispanic,TPR_20,0.02653709296802048,0.0,0.09856215848826817,0.03748540666748256,200,percentile
ML-GBM,race,Other Hispanic,FPR_20,0.006510972639527038,0.0010213373189641023,0.012064620021834224,0.0030520555206800496,200,percentile
ML-GBM,race,Other Hispanic,rel_OE,1.0396987752442082,0.3658914856399952,2.0751011140721545,0.42747626247283943,200,percentile
ML-GBM,race,Other/Multiracial,n,477.0,198.9,278.05,19.951745178765496,200,percentile
ML-GBM,race,Other/Multiracial,events,7.0,1.9750000000000005,6.0,1.1272660037524775,200,percentile
ML-GBM,race,Other/Multiracial,observed,0.014600354490660186,0.002414736483115239,0.024508961940018215,0.0058584194057224965,200,percentile
ML-GBM,race,Other/Multiracial,expected,0.015235635837430695,0.012819077053785882,0.01770234772370452,0.0012523220906187976,200,percentile
ML-GBM,race,Other/Multiracial,OE,0.9583029317877394,0.16677497669108127,1.6903904811175672,0.40641878223083455,200,percentile
ML-GBM,race,Other/Multiracial,cal_intercept,-0.12385757588469709,-1.9264513176068236,0.5109303518551562,0.5902843857740778,200,percentile
ML-GBM,race,Other/Multiracial,cal_slope,0.08344649548383587,-1.1816891002683345,2.2910743504821864,0.9016546159469742,200,percentile
ML-GBM,race,Other/Multiracial,AUC,0.5416911749934523,0.19523619735202274,0.9686439743741766,0.22683694533038765,200,percentile
ML-GBM,race,Other/Multiracial,brier,0.014671639790695896,0.003275456880565906,0.02430714218142681,0.005609584985387462,200,percentile
ML-GBM,race,Other/Multiracial,scaled_brier,-0.019771461081777186,-0.33698021786985805,0.05920291102379316,0.09822577885833705,200,percentile
ML-GBM,race,Other/Multiracial,pct_flagged_7.5,0.0402284996989911,0.022234974973148667,0.05962974752439741,0.010137585990624278,200,percentile
ML-GBM,race,Other/Multiracial,TPR_7.5,0.15253649018905105,0.0,0.8640820225410936,0.22383315707706802,200,percentile
ML-GBM,race,Other/Multiracial,FPR_7.5,0.04768410442981658,0.025470685819800786,0.07418879593998584,0.01323366625145031,200,percentile
ML-GBM,race,Other/Multiracial,pct_flagged_20,0.001960287526091867,0.0,0.0047071013627049425,0.0016739523849312822,200,percentile
ML-GBM,race,Other/Multiracial,TPR_20,0.0,0.0,0.0,0.0,200,percentile
ML-GBM,race,Other/Multiracial,FPR_20,0.0021306113343860767,0.0,0.004903356401102503,0.0018105882419793037,200,percentile
ML-GBM,race,Other/Multiracial,rel_OE,0.9804206913033252,0.16300948460248457,1.7839050345077094,0.42387885530080927,200,percentile
ML-GBM,age_group,40-49,n,4420.0,2141.875,2304.125,41.88983368108711,200,percentile
ML-GBM,age_group,40-49,events,35.0,12.975000000000001,24.025000000000006,3.018531540884836,200,percentile
ML-GBM,age_group,40-49,observed,0.006351207120419218,0.0037984180696897544,0.009903914156898664,0.0015357245856730264,200,percentile
ML-GBM,age_group,40-49,expected,0.006281373824269016,0.0058732447183038215,0.0066757928339966285,0.00022629391591943396,200,percentile
ML-GBM,age_group,40-49,OE,1.0111175195273987,0.6016550078081799,1.6066596067804948,0.24197222432004,200,percentile
ML-GBM,age_group,40-49,cal_intercept,-0.006647367645283848,-0.5231637062822249,0.46553860533832986,0.24869933069294436,200,percentile
ML-GBM,age_group,40-49,cal_slope,0.7492202889094989,0.19627186283480605,1.1262533416654965,0.24057275664703345,200,percentile
ML-GBM,age_group,40-49,AUC,0.6627549809793633,0.5386286256059434,0.8070284194412369,0.06667431204497284,200,percentile
ML-GBM,age_group,40-49,brier,0.006219460045765902,0.0038109112246625335,0.00948486528112695,0.0014291654330267824,200,percentile
ML-GBM,age_group,40-49,scaled_brier,0.014484413887790204,-0.026320670548573583,0.04002883654498067,0.017590380670024507,200,percentile
ML-GBM,age_group,40-49,pct_flagged_7.5,0.004518144994588854,0.0022911276102155122,0.0066259109776555915,0.001177609053404895,200,percentile
ML-GBM,age_group,40-49,TPR_7.5,0.10600049960945865,0.0,0.2016442818741976,0.06249456402924091,200,percentile
ML-GBM,age_group,40-49,FPR_7.5,0.004642302726189667,0.0016897547528478417,0.007195852580450289,0.0014036633902967865,200,percentile
ML-GBM,age_group,40-49,pct_flagged_20,0.0006412014437522831,0.0,0.0013219072725504902,0.0005421679247412872,200,percentile
ML-GBM,age_group,40-49,TPR_20,0.0,0.0,0.0,0.0,200,percentile
ML-GBM,age_group,40-49,FPR_20,0.0006375418053204029,0.0,0.0013501761527891646,0.0005430989746327239,200,percentile
ML-GBM,age_group,40-49,rel_OE,1.0344542467741604,0.6443413082453595,1.4672598221030106,0.22269686150465787,200,percentile
ML-GBM,age_group,50-59,n,3406.0,1627.95,1800.275,43.64096290431826,200,percentile
ML-GBM,age_group,50-59,events,45.0,16.0,29.025000000000006,3.4105364378598635,200,percentile
ML-GBM,age_group,50-59,observed,0.010489009079613369,0.00700583177926095,0.01403982484012365,0.001897770124377253,200,percentile
ML-GBM,age_group,50-59,expected,0.011064295192705664,0.010504943194686114,0.011690936847516624,0.00031261959214519343,200,percentile
ML-GBM,age_group,50-59,OE,0.9480051731201493,0.6533985578431649,1.2524080160989786,0.1636497903924173,200,percentile
ML-GBM,age_group,50-59,cal_intercept,-0.06927406263426795,-0.4442180046551081,0.22394655934343147,0.18029397482970785,200,percentile
ML-GBM,age_group,50-59,cal_slope,0.7489588277382081,0.3300813284924016,1.1056282907384687,0.201457389145872,200,percentile
ML-GBM,age_group,50-59,AUC,0.6866337086551239,0.5678470095238819,0.7958002697039638,0.05760511253204719,200,percentile
ML-GBM,age_group,50-59,brier,0.010270879494169157,0.006980634576857202,0.01368056137100993,0.0018067175235061024,200,percentile
ML-GBM,age_group,50-59,scaled_brier,0.0104162617352076,-0.01552795418041975,0.02986572334843807,0.011784851978659873,200,percentile
ML-GBM,age_group,50-59,pct_flagged_7.5,0.01084049335415743,0.007472401062868671,0.014370419953778822,0.001825847393396794,200,percentile
ML-GBM,age_group,50-59,TPR_7.5,0.11765250943012236,0.01637602745126278,0.20895521021901295,0.05339732005849738,200,percentile
ML-GBM,age_group,50-59,FPR_7.5,0.009100038259432503,0.006258575049669945,0.011859929223633351,0.0015723681305188488,200,percentile
ML-GBM,age_group,50-59,pct_flagged_20,0.00039109521320565793,0.0,0.0008036934973785801,0.0002337382255688297,200,percentile
ML-GBM,age_group,50-59,TPR_20,0.0,0.0,0.0,0.0,200,percentile
ML-GBM,age_group,50-59,FPR_20,0.000385128152897147,0.0,0.0008019315873928742,0.0002303110415509744,200,percentile
ML-GBM,age_group,50-59,rel_OE,0.9698852589918338,0.7185137371108874,1.270787621621365,0.14446332527474523,200,percentile
ML-GBM,age_group,60-69,n,3441.0,1635.9,1818.025,46.60562623745041,200,percentile
ML-GBM,age_group,60-69,events,102.0,41.975,59.025000000000006,4.820055984995658,200,percentile
ML-GBM,age_group,60-69,observed,0.02748240160978038,0.02009161283071983,0.03377440582077536,0.0034137971458165525,200,percentile
ML-GBM,age_group,60-69,expected,0.029542030711557775,0.028018506845432212,0.031134207239200417,0.0008441247198579134,200,percentile
ML-GBM,age_group,60-69,OE,0.9302813973119457,0.7130403386681414,1.1357352815178479,0.11901498834919584,200,percentile
ML-GBM,age_group,60-69,cal_intercept,-0.07281566646502581,-0.35306840028021513,0.14072484414189904,0.14000321209958355,200,percentile
ML-GBM,age_group,60-69,cal_slope,0.5622345214537577,0.2773837268414671,0.8347195797331769,0.1496933228272207,200,percentile
ML-GBM,age_group,60-69,AUC,0.635524126514873,0.561877448100171,0.7096988261524448,0.0396639947409791,200,percentile
ML-GBM,age_group,60-69,brier,0.026661816892567396,0.02042312081023771,0.03215977037495587,0.003062276065240365,200,percentile
ML-GBM,age_group,60-69,scaled_brier,0.0024432980769408807,-0.044615667690877436,0.050618515459041356,0.02509729207777643,200,percentile
ML-GBM,age_group,60-69,pct_flagged_7.5,0.06874080273698749,0.05779099881474408,0.07993945640147665,0.0058029956618084145,200,percentile
ML-GBM,age_group,60-69,TPR_7.5,0.21794713535618904,0.11908434879986927,0.32763698252258106,0.05325794738965249,200,percentile
ML-GBM,age_group,60-69,FPR_7.5,0.06379104859449033,0.05309484385903811,0.07666204180790588,0.006102348226865855,200,percentile
ML-GBM,age_group,60-69,pct_flagged_20,0.013629505821102492,0.009540722029334637,0.017779348587323166,0.0022966202300150717,200,percentile
ML-GBM,age_group,60-69,TPR_20,0.07402746161275002,0.0,0.14861607196311202,0.038162750712853126,200,percentile
ML-GBM,age_group,60-69,FPR_20,0.0124155621845322,0.008131094607743196,0.017726943669261384,0.0024394436800223777,200,percentile
ML-GBM,age_group,60-69,rel_OE,0.9517524160733974,0.756445165576538,1.1135746326041698,0.09516210145066116,200,percentile
ML-GBM,age_group,70-79,n,2199.0,1038.9,1179.05,34.74548378158054,200,percentile
ML-GBM,age_group,70-79,events,180.0,77.975,101.025,6.3635089558478475,200,percentile
ML-GBM,age_group,70-79,observed,0.07518562748041359,0.06098421247699379,0.0879326116707674,0.007149773191958585,200,percentile
ML-GBM,age_group,70-79,expected,0.07492258990063833,0.06999383402109527,0.07958084868714309,0.0023682055955358563,200,percentile
ML-GBM,age_group,70-79,OE,1.003510791339756,0.8221180081037597,1.188749626905614,0.09139111514137666,200,percentile
ML-GBM,age_group,70-79,cal_intercept,-0.005637135427359679,-0.240609762518468,0.1947859333183433,0.10896467927288452,200,percentile
ML-GBM,age_group,70-79,cal_slope,0.5756926560272159,0.4016109948837843,0.7570447820856246,0.09359887295928798,200,percentile
ML-GBM,age_group,70-79,AUC,0.6654305893936064,0.6089751088997172,0.7165283873272439,0.028616714566376995,200,percentile
ML-GBM,age_group,70-79,brier,0.06970966912103825,0.05825675476195802,0.08039099673994751,0.005755907923954348,200,percentile
ML-GBM,age_group,70-79,scaled_brier,-0.0025444157328025074,-0.046823134500910905,0.036217592808899864,0.021963447751615905,200,percentile
ML-GBM,age_group,70-79,pct_flagged_7.5,0.3218629618493282,0.29608230767111887,0.34608575325677615,0.013255742096137176,200,percentile
ML-GBM,age_group,70-79,TPR_7.5,0.5650175996971463,0.46844900944615614,0.6517065977373812,0.05109010270537661,200,percentile
ML-GBM,age_group,70-79,FPR_7.5,0.3046698897820554,0.27589452550144594,0.3360342729674496,0.01485869267408169,200,percentile
ML-GBM,age_group,70-79,pct_flagged_20,0.058325673023614966,0.04484100749573872,0.07205824807074844,0.007050448835512039,200,percentile
ML-GBM,age_group,70-79,TPR_20,0.1474992775528343,0.08481839953774771,0.21222861868014442,0.03299912775900942,200,percentile
ML-GBM,age_group,70-79,FPR_20,0.05256473690352353,0.039084512102579454,0.06592576922470332,0.0074079608558544245,200,percentile
ML-GBM,age_group,70-79,rel_OE,1.0266719542851117,0.8684152416996146,1.1763643971760605,0.08365025387784109,200,percentile
ML-GBM,income,PIR 1.3-3.5,n,4520.0,2170.925,2388.025,54.24898026042982,200,percentile
ML-GBM,income,PIR 1.3-3.5,events,144.0,59.975,83.0,6.214246478575054,200,percentile
ML-GBM,income,PIR 1.3-3.5,observed,0.024808312919204586,0.019594608039444846,0.029744718919790303,0.0028024703417131288,200,percentile
ML-GBM,income,PIR 1.3-3.5,expected,0.024684651475535765,0.022759276894733317,0.026600679590950686,0.0009205263899120605,200,percentile
ML-GBM,income,PIR 1.3-3.5,OE,1.0050096491656517,0.7889701704100258,1.2041065716203336,0.10724226808885648,200,percentile
ML-GBM,income,PIR 1.3-3.5,cal_intercept,-0.002304311588193107,-0.28864228988691526,0.2003445308649036,0.12042682910540067,200,percentile
ML-GBM,income,PIR 1.3-3.5,cal_slope,0.8802102235076166,0.7407387848185133,1.0634394947394759,0.08062511670982024,200,percentile
ML-GBM,income,PIR 1.3-3.5,AUC,0.8218624362568328,0.7764459554159261,0.8690862888723022,0.02512296796428434,200,percentile
ML-GBM,income,PIR 1.3-3.5,brier,0.023302663764040134,0.018912908956754213,0.027790933868614597,0.002375661556559316,200,percentile
ML-GBM,income,PIR 1.3-3.5,scaled_brier,0.03679584579049211,-0.007449564169693645,0.07235788574423822,0.020030738716147353,200,percentile
ML-GBM,income,PIR 1.3-3.5,pct_flagged_7.5,0.07494411415302583,0.06468625896829505,0.0848390141222805,0.004916373428529148,200,percentile
ML-GBM,income,PIR 1.3-3.5,TPR_7.5,0.44321927660653776,0.33513297332245995,0.5597394393073521,0.05676048308894949,200,percentile
ML-GBM,income,PIR 1.3-3.5,FPR_7.5,0.06484795346775142,0.05563112441379066,0.07361089433750251,0.004842081464459624,200,percentile
ML-GBM,income,PIR 1.3-3.5,pct_flagged_20,0.01327235897358977,0.0095848984674903,0.01726031638743579,0.0018188758942864287,200,percentile
ML-GBM,income,PIR 1.3-3.5,TPR_20,0.09491412212302602,0.04660806391793224,0.1519387436398113,0.029167391133530268,200,percentile
ML-GBM,income,PIR 1.3-3.5,FPR_20,0.011574118106787521,0.008419870384826616,0.015155312518116847,0.0016404074157644235,200,percentile
ML-GBM,income,PIR 1.3-3.5,rel_OE,1.028205405949596,0.8447936613583698,1.1921270643127786,0.09041408175228055,200,percentile
ML-GBM,income,PIR<1.3,n,3136.0,1472.825,1683.25,52.700346608569106,200,percentile
ML-GBM,income,PIR<1.3,events,124.0,53.0,71.025,4.84949098504888,200,percentile
ML-GBM,income,PIR<1.3,observed,0.033344338747349433,0.027683901798192287,0.0392704144507419,0.0033336722033804186,200,percentile
ML-GBM,income,PIR<1.3,expected,0.025468841464925854,0.02325538056906095,0.027557561751201096,0.0010770949568939636,200,percentile
ML-GBM,income,PIR<1.3,OE,1.3092208686943707,1.0966532289513025,1.5790774170844755,0.13010340042286744,200,percentile
ML-GBM,income,PIR<1.3,cal_intercept,0.29990822119610977,0.10868410895715949,0.5203253533401516,0.11316970438739644,200,percentile
ML-GBM,income,PIR<1.3,cal_slope,0.5643422678848571,0.4020700152203389,0.7351845212156397,0.08986166020848982,200,percentile
ML-GBM,income,PIR<1.3,AUC,0.7246749819906959,0.6573406369989705,0.7804215657324188,0.0318787744449544,200,percentile
ML-GBM,income,PIR<1.3,brier,0.031699088269090965,0.02644223681225241,0.03741917417111678,0.0029839040351645244,200,percentile
ML-GBM,income,PIR<1.3,scaled_brier,0.016548690111449438,-0.02902110153210981,0.06146325951443041,0.0249905729979392,200,percentile
ML-GBM,income,PIR<1.3,pct_flagged_7.5,0.07953160966990382,0.06606434797946281,0.09118287454811105,0.006507615738033615,200,percentile
ML-GBM,income,PIR<1.3,TPR_7.5,0.2719768163886704,0.17124714391226548,0.3628794790922672,0.051420901594247344,200,percentile
ML-GBM,income,PIR<1.3,FPR_7.5,0.07585875154751356,0.0609987972315607,0.08943958849998555,0.00737272209708785,200,percentile
ML-GBM,income,PIR<1.3,pct_flagged_20,0.01664238296314594,0.012581880742227975,0.020332858243788412,0.002152036400332658,200,percentile
ML-GBM,income,PIR<1.3,TPR_20,0.09132306681903252,0.028571193806241107,0.15507418261920172,0.03459512486898109,200,percentile
ML-GBM,income,PIR<1.3,FPR_20,0.014645599196442115,0.010013949401159258,0.020283126085658614,0.002678556581722796,200,percentile
ML-GBM,income,PIR<1.3,rel_OE,1.3394378610107234,1.1559533114849565,1.581880207157436,0.11642795742302657,200,percentile
ML-GBM,income,PIR>3.5,n,4696.0,2220.85,2496.075,77.13295820339081,200,percentile
ML-GBM,income,PIR>3.5,events,60.0,20.975,39.0,4.404702831653446,200,percentile
ML-GBM,income,PIR>3.5,observed,0.010632934308043336,0.007349050783852543,0.013720164086227985,0.0016739752586817243,200,percentile
ML-GBM,income,PIR>3.5,expected,0.013951994920775297,0.013334473665055817,0.01492888899813896,0.00041693795066784364,200,percentile
ML-GBM,income,PIR>3.5,OE,0.7621085277353639,0.519517444064788,0.9896508203540817,0.12086788791497642,200,percentile
ML-GBM,income,PIR>3.5,cal_intercept,-0.2980466929330371,-0.697841469726032,-0.028752056970964453,0.1742005128971761,200,percentile
ML-GBM,income,PIR>3.5,cal_slope,0.7545236155364211,0.5461804820743048,1.0185517088373264,0.12143717776042207,200,percentile
ML-GBM,income,PIR>3.5,AUC,0.7496850734070748,0.6681262850322369,0.84494237934756,0.04883571488327659,200,percentile
ML-GBM,income,PIR>3.5,brier,0.01051039231641762,0.007401192078426308,0.013676914406001115,0.0015707011522160161,200,percentile
ML-GBM,income,PIR>3.5,scaled_brier,0.0009014080121758639,-0.04236194805518211,0.03362466591439743,0.021436363751462826,200,percentile
ML-GBM,income,PIR>3.5,pct_flagged_7.5,0.027458554365758704,0.023697531630577282,0.03269066416439412,0.002396725633520684,200,percentile
ML-GBM,income,PIR>3.5,TPR_7.5,0.20112267729343403,0.11021548494859913,0.3070892603486028,0.052469647498742895,200,percentile
ML-GBM,income,PIR>3.5,FPR_7.5,0.02631795543845038,0.021570531615018606,0.031952322469105676,0.0026123833024566654,200,percentile
ML-GBM,income,PIR>3.5,pct_flagged_20,0.004616803793172256,0.002851735258970185,0.006597101117543423,0.00098942260113273,200,percentile
ML-GBM,income,PIR>3.5,TPR_20,0.048826467102694115,0.0,0.11563523359643975,0.032839834551523006,200,percentile
ML-GBM,income,PIR>3.5,FPR_20,0.004119293400836686,0.002178969028895489,0.006170611172230258,0.000997171091464701,200,percentile
ML-GBM,income,PIR>3.5,rel_OE,0.7796980942305664,0.5741279917500435,0.9505435810743149,0.09549950277248513,200,percentile
ML-GBM,education,<HS,n,4127.0,1938.9,2184.225,65.42879362464113,200,percentile
ML-GBM,education,<HS,events,151.0,66.0,86.025,5.802364792559121,200,percentile
ML-GBM,education,<HS,observed,0.032376908726087124,0.026536536549414846,0.03914590677144912,0.0034712574463381797,200,percentile
ML-GBM,education,<HS,expected,0.028709502547144484,0.026653424329920756,0.030774331319705427,0.0011049634267156563,200,percentile
ML-GBM,education,<HS,OE,1.1277418921808315,0.9351995793931497,1.3556297497439775,0.11090001440239906,200,percentile
ML-GBM,education,<HS,cal_intercept,0.10227300932975143,-0.11595325922082157,0.3073129918923276,0.11060034458629348,200,percentile
ML-GBM,education,<HS,cal_slope,0.632190996777975,0.415888724573139,0.7923773567073373,0.09940726524706546,200,percentile
ML-GBM,education,<HS,AUC,0.7562771015737058,0.6862228617895852,0.8021946349964288,0.03254419069009467,200,percentile
ML-GBM,education,<HS,brier,0.031049030026475202,0.0258972496290731,0.03760788035968414,0.0029417993717922152,200,percentile
ML-GBM,education,<HS,scaled_brier,0.00892520201083813,-0.03756576691364419,0.045399187636563934,0.023258700111198027,200,percentile
ML-GBM,education,<HS,pct_flagged_7.5,0.08925075859045524,0.07843192633527615,0.1016519757511222,0.005931125265062145,200,percentile
ML-GBM,education,<HS,TPR_7.5,0.34682848354009743,0.2299304448730988,0.44570535361680963,0.057906219407812334,200,percentile
ML-GBM,education,<HS,FPR_7.5,0.0836492447994678,0.07234449929834456,0.09462535606019357,0.005897042582558743,200,percentile
ML-GBM,education,<HS,pct_flagged_20,0.01791345675201685,0.012484701681252932,0.022782767867582144,0.002503567486593649,200,percentile
ML-GBM,education,<HS,TPR_20,0.08939901203736154,0.03824354594129862,0.1354733749294317,0.025652256534659502,200,percentile
ML-GBM,education,<HS,FPR_20,0.017558357635292496,0.01202944521420311,0.021953468967196566,0.00276444450306506,200,percentile
ML-GBM,education,<HS,rel_OE,1.1537703255076244,0.9725269220022599,1.3910594026693197,0.1055974706919135,200,percentile
ML-GBM,education,College+,n,2796.0,1304.975,1500.025,53.95514585115207,200,percentile
ML-GBM,education,College+,events,48.0,16.975,31.0,3.678591466292416,200,percentile
ML-GBM,education,College+,observed,0.011890496825387504,0.0074329945776317186,0.015442930003298673,0.001967586377508383,200,percentile
ML-GBM,education,College+,expected,0.014261946731466062,0.012923273617009382,0.015629067441031878,0.0006673103266845532,200,percentile
ML-GBM,education,College+,OE,0.8337218648526824,0.5437084302383638,1.0835257631102913,0.1360452233769569,200,percentile
ML-GBM,education,College+,cal_intercept,-0.22144553944102144,-0.6627605048388662,0.06898616966000806,0.18548676491794283,200,percentile
ML-GBM,education,College+,cal_slope,1.0196779882255498,0.8065043926777354,1.31174029142329,0.13864331544578856,200,percentile
ML-GBM,education,College+,AUC,0.8307032972219861,0.7324337504545098,0.9167991069157361,0.04717043256317156,200,percentile
ML-GBM,education,College+,brier,0.011061977225544405,0.007003882121328775,0.014274547179357472,0.0017415504507682126,200,percentile
ML-GBM,education,College+,scaled_brier,0.058484048141769995,0.013779511700359117,0.1076668530677777,0.026713887502074228,200,percentile
ML-GBM,education,College+,pct_flagged_7.5,0.03252312835720016,0.025246112555902984,0.039365822241117135,0.0034231550548163305,200,percentile
ML-GBM,education,College+,TPR_7.5,0.46248831226740494,0.3208778992822176,0.5936791546140058,0.07417287355461696,200,percentile
ML-GBM,education,College+,FPR_7.5,0.02862637362730807,0.021359265585114206,0.034873889118442726,0.0033585160876229425,200,percentile
ML-GBM,education,College+,pct_flagged_20,0.004315034652854307,0.0023757691608228652,0.0064266375886902725,0.0011054785071934739,200,percentile
ML-GBM,education,College+,TPR_20,0.0700408658346395,0.0,0.16901181151642003,0.04288181864387347,200,percentile
ML-GBM,education,College+,FPR_20,0.0034143371589110613,0.0015396227764937704,0.005428536005730116,0.0010681794829954306,200,percentile
ML-GBM,education,College+,rel_OE,0.8529642767226919,0.5707242126729904,1.0824828628098069,0.12576638143527175,200,percentile
ML-GBM,education,HS/GED,n,3138.0,1493.975,1683.2,48.626561542403756,200,percentile
ML-GBM,education,HS/GED,events,90.0,34.975,53.025000000000006,4.906195447477018,200,percentile
ML-GBM,education,HS/GED,observed,0.021187660395128236,0.01528445269397985,0.027484223685357502,0.0033549150451948192,200,percentile
ML-GBM,education,HS/GED,expected,0.022171457672471025,0.020404873097993225,0.024163106285505838,0.000966144438676661,200,percentile
ML-GBM,education,HS/GED,OE,0.9556277583605018,0.6944489486220136,1.2094622214783692,0.1414379927487337,200,percentile
ML-GBM,education,HS/GED,cal_intercept,-0.040211356268317115,-0.388517381250825,0.2163126988413915,0.16862377701454268,200,percentile
ML-GBM,education,HS/GED,cal_slope,0.855672992663534,0.6557115414248665,1.1067297334431185,0.11822232485373421,200,percentile
ML-GBM,education,HS/GED,AUC,0.798378851910793,0.7188709925784397,0.8757730613217897,0.039085050984618314,200,percentile
ML-GBM,education,HS/GED,brier,0.01979067108740751,0.014595505275351814,0.02546436696743721,0.002911831595991751,200,percentile
ML-GBM,education,HS/GED,scaled_brier,0.04571503366864682,-0.010123474146169322,0.09471798514139951,0.025621399440269463,200,percentile
ML-GBM,education,HS/GED,pct_flagged_7.5,0.06628163297362505,0.05678031725216043,0.07780667537003806,0.00533694479625512,200,percentile
ML-GBM,education,HS/GED,TPR_7.5,0.38839174425222733,0.2787930550095308,0.5033065467784562,0.05851387355031081,200,percentile
ML-GBM,education,HS/GED,FPR_7.5,0.05776449563345948,0.048010148157034305,0.06785721734039278,0.005120385842781953,200,percentile
ML-GBM,education,HS/GED,pct_flagged_20,0.012122995557291079,0.008468153747532967,0.01609154810701369,0.0021166779484926763,200,percentile
ML-GBM,education,HS/GED,TPR_20,0.11551185166269752,0.05624448695619055,0.20293967582553096,0.0410723237094176,200,percentile
ML-GBM,education,HS/GED,FPR_20,0.009630285543340241,0.00518851156320438,0.013933021297052374,0.0020986212743714554,200,percentile
ML-GBM,education,HS/GED,rel_OE,0.9776837745164845,0.7296395973826025,1.17082667691401,0.11053194778557075,200,percentile
ML-GBM,education,Some college,n,3390.0,1620.95,1784.05,43.63422196663034,200,percentile
ML-GBM,education,Some college,events,71.0,27.0,44.0,4.342934538075615,200,percentile
ML-GBM,education,Some college,observed,0.015960103181500224,0.01083857772862259,0.02083309756017719,0.0025254781547531103,200,percentile
ML-GBM,education,Some college,expected,0.01641087617997588,0.015333265764614029,0.017488550045450562,0.0005697501467373812,200,percentile
ML-GBM,education,Some college,OE,0.9725320577931313,0.6635692075769327,1.2832932583614396,0.1518486220818975,200,percentile
ML-GBM,education,Some college,cal_intercept,-0.03858638973668566,-0.4323843795394099,0.2637193135615679,0.17398386834227142,200,percentile
ML-GBM,education,Some college,cal_slope,0.6390827966518509,0.39959943113422614,0.8429212883323267,0.10508289662088535,200,percentile
ML-GBM,education,Some college,AUC,0.72983582605208,0.6411430845943217,0.8123122333535201,0.04313060381096529,200,percentile
ML-GBM,education,Some college,brier,0.01589901161806418,0.011085219357519552,0.020779773927518973,0.0023842677755014337,200,percentile
ML-GBM,education,Some college,scaled_brier,-0.012329109594057197,-0.04292205604235426,0.011123118405580718,0.015081051943457498,200,percentile
ML-GBM,education,Some college,pct_flagged_7.5,0.037389899979631325,0.03131932847258641,0.04308381601971714,0.0031849182359808504,200,percentile
ML-GBM,education,Some college,TPR_7.5,0.15844247025336766,0.08106612514252685,0.2400057574718099,0.041725457171013204,200,percentile
ML-GBM,education,Some college,FPR_7.5,0.036165182286429,0.02896656289233516,0.042389292707728995,0.0035010724338739815,200,percentile
ML-GBM,education,Some college,pct_flagged_20,0.005811183557229927,0.0034258637415018915,0.007835781151940701,0.0011244407393636163,200,percentile
ML-GBM,education,Some college,TPR_20,0.03699953621070899,0.0,0.06708245535702126,0.01806193275506342,200,percentile
ML-GBM,education,Some college,FPR_20,0.0055043214819835,0.002736781080754047,0.008066131875776705,0.0013016915166833103,200,percentile
ML-GBM,education,Some college,rel_OE,0.9949782274352698,0.7328237588576921,1.2784022385379477,0.13860495567627704,200,percentile
ML-GBM,sex,GAP(max-min),OE,0.09148987719875012,0.0,0.1782549157846072,0.08689117681727763,200,basic
ML-GBM,sex,GAP(max-min),AUC,0.018248742174648114,0.0,0.03242773067619287,0.020397597151158936,200,basic
ML-GBM,sex,GAP(max-min),cal_slope,0.016009363231069274,0.0,0.027885555728857713,0.05543381415373491,200,basic
ML-GBM,sex,GAP(max-min),TPR_7.5,0.005275291602388932,0.0,0.008476803224089807,0.031492045240850176,200,basic
ML-GBM,sex,GAP(max-min),FPR_7.5,0.01714919315684981,0.00988682149276248,0.024097180905829775,0.003793483857213701,200,basic
ML-GBM,sex,GAP(max-min),pct_flagged_7.5,0.019158725409168124,0.012733630378726404,0.025343982937026832,0.003521088092446931,200,basic
ML-GBM,sex,GAP(max/min),OE,1.0986801902267858,1.0,1.1925598641756354,0.10271376241044647,200,basic
ML-GBM,race,GAP(max-min),OE,0.19165628961484982,0.0,0.30670067430349657,0.2059420494560622,200,basic
ML-GBM,race,GAP(max-min),AUC,0.09352599308355436,0.0,0.15901711678542677,0.042402727948261096,200,basic
ML-GBM,race,GAP(max-min),cal_slope,0.26845140268281087,0.005668365753069393,0.44191360810205504,0.12072516099894197,200,basic
ML-GBM,race,GAP(max-min),TPR_7.5,0.27969917506726794,0.198424127792952,0.5010695633869459,0.0840269541572021,200,basic
ML-GBM,race,GAP(max-min),FPR_7.5,0.031012569928687853,0.018924292626824983,0.045461436269540634,0.006948487104834185,200,basic
ML-GBM,race,GAP(max-min),pct_flagged_7.5,0.035315030329221196,0.024066079160829833,0.047373825082992156,0.006398059174979961,200,basic
ML-GBM,race,GAP(max/min),OE,1.2010533163968335,1.0,1.3197911249388523,0.2533675598682448,200,basic
ML-GBM,age_group,GAP(max-min),OE,0.080836122215453,0.0,0.059048043884319834,0.15437690601975085,200,basic
ML-GBM,age_group,GAP(max-min),AUC,0.05110958214025085,0.0,0.07296695478271369,0.04663220963933741,200,basic
ML-GBM,age_group,GAP(max-min),cal_slope,0.18698576745574114,0.0,0.22832473870718423,0.17046223738828534,200,basic
ML-GBM,age_group,GAP(max-min),TPR_7.5,0.4590171000876876,0.28255457343004386,0.5600379110387383,0.07430483614488263,200,basic
ML-GBM,age_group,GAP(max-min),FPR_7.5,0.30002758705586574,0.2692042587009246,0.3282037197279741,0.01481502989803691,200,basic
ML-GBM,age_group,GAP(max-min),pct_flagged_7.5,0.31734481685473936,0.2923910186956991,0.3423954081366949,0.013288691121658532,200,basic
ML-GBM,age_group,GAP(max/min),OE,1.0868942692490997,1.0,1.050152743972707,0.23361382870846314,200,basic
ML-GBM,income,GAP(max-min),OE,0.5471123409590068,0.25342251457494125,0.7902681509636844,0.13995151170352887,200,basic
ML-GBM,income,GAP(max-min),AUC,0.09718745426613684,0.008589817843979969,0.1537152251722711,0.038342005482407404,200,basic
ML-GBM,income,GAP(max-min),cal_slope,0.3158679556227595,0.022604239992023545,0.5351110480283142,0.12191107601876548,200,basic
ML-GBM,income,GAP(max-min),TPR_7.5,0.24209659931310373,0.11121143266780514,0.3992024236583076,0.07469330409161015,200,basic
ML-GBM,income,GAP(max-min),FPR_7.5,0.04954079610906319,0.034675715940355414,0.061929978304413415,0.007042612773252581,200,basic
ML-GBM,income,GAP(max-min),pct_flagged_7.5,0.05207305530414511,0.040968860549434466,0.06191703719042262,0.005688373054886329,200,basic
ML-GBM,income,GAP(max/min),OE,1.7178929523132003,1.0246957843094622,2.0915833911134754,0.28476692812902377,200,basic
ML-GBM,education,GAP(max-min),OE,0.29402002732814914,0.0,0.42720826819640895,0.15041346995297158,200,basic
ML-GBM,education,GAP(max-min),AUC,0.10086747116990613,0.0,0.15644104418737,0.045327173269719204,200,basic
ML-GBM,education,GAP(max-min),cal_slope,0.3874869914475748,0.022051630566401692,0.5722446167915288,0.14415934594063806,200,basic
ML-GBM,education,GAP(max-min),TPR_7.5,0.3040458420140373,0.14087993546822797,0.4163999899963824,0.07120774891349434,200,basic
ML-GBM,education,GAP(max-min),FPR_7.5,0.055022871172159725,0.04185066527890759,0.06728883227515171,0.0064530000514678625,200,basic
ML-GBM,education,GAP(max-min),pct_flagged_7.5,0.05672763023325508,0.04472474422846823,0.06830469976020531,0.006344408974819078,200,basic
ML-GBM,education,GAP(max/min),OE,1.3526596095450873,1.0,1.535505508622784,0.2884962901191276,200,basic
